	.text
	.syntax unified
	.eabi_attribute	67, "2.09"	@ Tag_conformance
	.cpu	cortex-m23
	.eabi_attribute	6, 16	@ Tag_CPU_arch
	.eabi_attribute	7, 77	@ Tag_CPU_arch_profile
	.eabi_attribute	8, 0	@ Tag_ARM_ISA_use
	.eabi_attribute	9, 3	@ Tag_THUMB_ISA_use
	.eabi_attribute	34, 0	@ Tag_CPU_unaligned_access
	.eabi_attribute	17, 1	@ Tag_ABI_PCS_GOT_use
	.eabi_attribute	20, 2	@ Tag_ABI_FP_denormal
	.eabi_attribute	21, 0	@ Tag_ABI_FP_exceptions
	.eabi_attribute	23, 1	@ Tag_ABI_FP_number_model
	.eabi_attribute	24, 1	@ Tag_ABI_align_needed
	.eabi_attribute	25, 1	@ Tag_ABI_align_preserved
	.eabi_attribute	38, 1	@ Tag_ABI_FP_16bit_format
	.eabi_attribute	18, 4	@ Tag_ABI_PCS_wchar_t
	.eabi_attribute	26, 2	@ Tag_ABI_enum_size
	.eabi_attribute	14, 0	@ Tag_ABI_PCS_R9_use
	.file	"clk.c"
	.file	1 "C:\\Users\\LogoslabMiniPC" "AppData\\Local\\Keil_v5\\ARM\\ARMCLANG\\bin\\..\\include\\stdint.h"
	.file	2 "C:\\Users\\LogoslabMiniPC\\GitHub_Box_Windows\\logoslab\\M2354\\Old_M2354_BSP_300004\\SampleCode\\TrustZone\\Borhan-E-Voting-System\\Secure\\KEIL" "../../Library_BSP/Device/Nuvoton/M2354/Include\\clk_reg.h"
	.file	3 "C:\\Users\\LogoslabMiniPC\\GitHub_Box_Windows\\logoslab\\M2354\\Old_M2354_BSP_300004\\SampleCode\\TrustZone\\Borhan-E-Voting-System\\Secure\\KEIL" "../../Library_BSP/CMSIS/Include\\core_armv8mbl.h"
	.file	4 "C:\\Users\\LogoslabMiniPC\\GitHub_Box_Windows\\logoslab\\M2354\\Old_M2354_BSP_300004\\SampleCode\\TrustZone\\Borhan-E-Voting-System\\Secure\\KEIL" "../../Library_BSP/Device/Nuvoton/M2354/Include\\rtc_reg.h"
	.file	5 "C:\\Users\\LogoslabMiniPC\\GitHub_Box_Windows\\logoslab\\M2354\\Old_M2354_BSP_300004\\SampleCode\\TrustZone\\Borhan-E-Voting-System\\Secure\\KEIL" "../../Library_BSP/Device/Nuvoton/M2354/Include\\sys_reg.h"
	.file	6 "C:\\Users\\LogoslabMiniPC\\GitHub_Box_Windows\\logoslab\\M2354\\Old_M2354_BSP_300004\\SampleCode\\TrustZone\\Borhan-E-Voting-System\\Secure\\KEIL" "../../Library_BSP/Device/Nuvoton/M2354/Include\\fmc_reg.h"
	.file	7 "C:\\Users\\LogoslabMiniPC\\GitHub_Box_Windows\\logoslab\\M2354\\Old_M2354_BSP_300004\\SampleCode\\TrustZone\\Borhan-E-Voting-System\\Secure\\KEIL" "../../Library_BSP/Device/Nuvoton/M2354/Include\\M2354.h"
	.section	.text.CLK_DisableCKO,"ax",%progbits
	.hidden	CLK_DisableCKO                  @ -- Begin function CLK_DisableCKO
	.globl	CLK_DisableCKO
	.p2align	2
	.type	CLK_DisableCKO,%function
	.code	16                              @ @CLK_DisableCKO
	.thumb_func
CLK_DisableCKO:
.Lfunc_begin0:
	.file	8 "C:\\Users\\LogoslabMiniPC\\GitHub_Box_Windows\\logoslab\\M2354\\Old_M2354_BSP_300004\\SampleCode\\TrustZone\\Borhan-E-Voting-System\\Secure\\KEIL" "../../Library_BSP/StdDriver/src/clk.c"
	.loc	8 30 0                          @ ../../Library_BSP/StdDriver/src/clk.c:30:0
	.fnstart
	.cfi_sections .debug_frame
	.cfi_startproc
@ %bb.0:
	ldr	r1, __arm_cp.0_0
.Ltmp0:
	.loc	8 32 18 prologue_end            @ ../../Library_BSP/StdDriver/src/clk.c:32:18
	ldr	r0, [r1]
	movs	r2, #64
	bics	r0, r2
	str	r0, [r1]
	.loc	8 33 1                          @ ../../Library_BSP/StdDriver/src/clk.c:33:1
	bx	lr
.Ltmp1:
	.p2align	2
@ %bb.1:
	.loc	8 0 1 is_stmt 0                 @ ../../Library_BSP/StdDriver/src/clk.c:0:1
__arm_cp.0_0:
	.long	1073742344                      @ 0x40000208
.Lcpi_end0:
	.size	__arm_cp.0_0, .Lcpi_end0-__arm_cp.0_0
.Lfunc_end0:
	.size	CLK_DisableCKO, .Lfunc_end0-CLK_DisableCKO
	.cfi_endproc
	.cantunwind
	.fnend
                                        @ -- End function
	.section	.text.CLK_EnableCKO,"ax",%progbits
	.hidden	CLK_EnableCKO                   @ -- Begin function CLK_EnableCKO
	.globl	CLK_EnableCKO
	.p2align	2
	.type	CLK_EnableCKO,%function
	.code	16                              @ @CLK_EnableCKO
	.thumb_func
CLK_EnableCKO:
.Lfunc_begin1:
	.loc	8 55 0 is_stmt 1                @ ../../Library_BSP/StdDriver/src/clk.c:55:0
	.fnstart
	.cfi_startproc
@ %bb.0:
	.pad	#12
	sub	sp, #12
	.cfi_def_cfa_offset 12
	str	r0, [sp, #8]
	str	r1, [sp, #4]
	str	r2, [sp]
.Ltmp2:
	.loc	8 57 45 prologue_end            @ ../../Library_BSP/StdDriver/src/clk.c:57:45
	ldr	r0, [sp, #4]
	.loc	8 57 58 is_stmt 0               @ ../../Library_BSP/StdDriver/src/clk.c:57:58
	ldr	r1, [sp]
	.loc	8 57 73                         @ ../../Library_BSP/StdDriver/src/clk.c:57:73
	lsls	r1, r1, #5
	.loc	8 57 43                         @ ../../Library_BSP/StdDriver/src/clk.c:57:43
	orrs	r0, r1
	movs	r1, #16
	.loc	8 57 55                         @ ../../Library_BSP/StdDriver/src/clk.c:57:55
	orrs	r0, r1
	ldr	r1, __arm_cp.1_0
	.loc	8 57 18                         @ ../../Library_BSP/StdDriver/src/clk.c:57:18
	str	r0, [r1]
	ldr	r1, __arm_cp.1_1
	.loc	8 60 18 is_stmt 1               @ ../../Library_BSP/StdDriver/src/clk.c:60:18
	ldr	r0, [r1]
	movs	r2, #64
	orrs	r0, r2
	str	r0, [r1]
	ldr	r1, __arm_cp.1_2
	.loc	8 63 26                         @ ../../Library_BSP/StdDriver/src/clk.c:63:26
	ldr	r0, [r1]
	movs	r2, #3
	lsls	r2, r2, #28
	.loc	8 63 34 is_stmt 0               @ ../../Library_BSP/StdDriver/src/clk.c:63:34
	bics	r0, r2
	.loc	8 63 67                         @ ../../Library_BSP/StdDriver/src/clk.c:63:67
	ldr	r2, [sp, #8]
	.loc	8 63 64                         @ ../../Library_BSP/StdDriver/src/clk.c:63:64
	orrs	r0, r2
	.loc	8 63 18                         @ ../../Library_BSP/StdDriver/src/clk.c:63:18
	str	r0, [r1]
	.loc	8 65 1 epilogue_begin is_stmt 1 @ ../../Library_BSP/StdDriver/src/clk.c:65:1
	add	sp, #12
	bx	lr
.Ltmp3:
	.p2align	2
@ %bb.1:
	.loc	8 0 1 is_stmt 0                 @ ../../Library_BSP/StdDriver/src/clk.c:0:1
__arm_cp.1_0:
	.long	1073742432                      @ 0x40000260
.Lcpi_end1:
	.size	__arm_cp.1_0, .Lcpi_end1-__arm_cp.1_0
__arm_cp.1_1:
	.long	1073742344                      @ 0x40000208
.Lcpi_end2:
	.size	__arm_cp.1_1, .Lcpi_end2-__arm_cp.1_1
__arm_cp.1_2:
	.long	1073742356                      @ 0x40000214
.Lcpi_end3:
	.size	__arm_cp.1_2, .Lcpi_end3-__arm_cp.1_2
.Lfunc_end1:
	.size	CLK_EnableCKO, .Lfunc_end1-CLK_EnableCKO
	.cfi_endproc
	.cantunwind
	.fnend
                                        @ -- End function
	.section	.text.CLK_PowerDown,"ax",%progbits
	.hidden	CLK_PowerDown                   @ -- Begin function CLK_PowerDown
	.globl	CLK_PowerDown
	.p2align	2
	.type	CLK_PowerDown,%function
	.code	16                              @ @CLK_PowerDown
	.thumb_func
CLK_PowerDown:
.Lfunc_begin2:
	.loc	8 75 0 is_stmt 1                @ ../../Library_BSP/StdDriver/src/clk.c:75:0
	.fnstart
	.cfi_startproc
@ %bb.0:
	.pad	#4
	sub	sp, #4
	.cfi_def_cfa_offset 4
	movs	r0, #0
.Ltmp4:
	.loc	8 77 23 prologue_end            @ ../../Library_BSP/StdDriver/src/clk.c:77:23
	str	r0, [sp]
	ldr	r1, __arm_cp.2_0
	.loc	8 80 14                         @ ../../Library_BSP/StdDriver/src/clk.c:80:14
	ldr	r0, [r1]
	movs	r2, #4
	orrs	r0, r2
	str	r0, [r1]
	ldr	r1, __arm_cp.2_1
	.loc	8 83 17                         @ ../../Library_BSP/StdDriver/src/clk.c:83:17
	ldr	r0, [r1]
	movs	r2, #128
	orrs	r0, r2
	str	r0, [r1]
	ldr	r1, __arm_cp.2_2
	.loc	8 86 34                         @ ../../Library_BSP/StdDriver/src/clk.c:86:34
	ldr	r0, [r1]
	movs	r2, #2
	.loc	8 86 39 is_stmt 0               @ ../../Library_BSP/StdDriver/src/clk.c:86:39
	ands	r0, r2
	.loc	8 86 23                         @ ../../Library_BSP/StdDriver/src/clk.c:86:23
	str	r0, [sp]
	.loc	8 89 19 is_stmt 1               @ ../../Library_BSP/StdDriver/src/clk.c:89:19
	ldr	r0, [r1]
	bics	r0, r2
	str	r0, [r1]
	.loc	8 92 5                          @ ../../Library_BSP/StdDriver/src/clk.c:92:5
	wfi
.Ltmp5:
	.loc	8 95 8                          @ ../../Library_BSP/StdDriver/src/clk.c:95:8
	ldr	r0, [sp]
.Ltmp6:
	.loc	8 95 8 is_stmt 0                @ ../../Library_BSP/StdDriver/src/clk.c:95:8
	cbz	r0, .LBB2_2
	b	.LBB2_1
.LBB2_1:
	.loc	8 0 8                           @ ../../Library_BSP/StdDriver/src/clk.c:0:8
	ldr	r1, __arm_cp.2_2
.Ltmp7:
	.loc	8 95 41                         @ ../../Library_BSP/StdDriver/src/clk.c:95:41
	ldr	r0, [r1]
	movs	r2, #2
	orrs	r0, r2
	str	r0, [r1]
	.loc	8 95 27                         @ ../../Library_BSP/StdDriver/src/clk.c:95:27
	b	.LBB2_2
.Ltmp8:
.LBB2_2:
	.loc	8 96 1 epilogue_begin is_stmt 1 @ ../../Library_BSP/StdDriver/src/clk.c:96:1
	add	sp, #4
	bx	lr
.Ltmp9:
	.p2align	2
@ %bb.3:
	.loc	8 0 1 is_stmt 0                 @ ../../Library_BSP/StdDriver/src/clk.c:0:1
__arm_cp.2_0:
	.long	3758157072                      @ 0xe000ed10
.Lcpi_end4:
	.size	__arm_cp.2_0, .Lcpi_end4-__arm_cp.2_0
__arm_cp.2_1:
	.long	1073742336                      @ 0x40000200
.Lcpi_end5:
	.size	__arm_cp.2_1, .Lcpi_end5-__arm_cp.2_1
__arm_cp.2_2:
	.long	3758153744                      @ 0xe000e010
.Lcpi_end6:
	.size	__arm_cp.2_2, .Lcpi_end6-__arm_cp.2_2
.Lfunc_end2:
	.size	CLK_PowerDown, .Lfunc_end2-CLK_PowerDown
	.cfi_endproc
	.cantunwind
	.fnend
                                        @ -- End function
	.section	.text.CLK_Idle,"ax",%progbits
	.hidden	CLK_Idle                        @ -- Begin function CLK_Idle
	.globl	CLK_Idle
	.p2align	2
	.type	CLK_Idle,%function
	.code	16                              @ @CLK_Idle
	.thumb_func
CLK_Idle:
.Lfunc_begin3:
	.loc	8 107 0 is_stmt 1               @ ../../Library_BSP/StdDriver/src/clk.c:107:0
	.fnstart
	.cfi_startproc
@ %bb.0:
	ldr	r1, __arm_cp.3_0
.Ltmp10:
	.loc	8 109 14 prologue_end           @ ../../Library_BSP/StdDriver/src/clk.c:109:14
	ldr	r0, [r1]
	movs	r2, #4
	bics	r0, r2
	str	r0, [r1]
	ldr	r1, __arm_cp.3_1
	.loc	8 112 17                        @ ../../Library_BSP/StdDriver/src/clk.c:112:17
	ldr	r0, [r1]
	movs	r2, #128
	bics	r0, r2
	str	r0, [r1]
	.loc	8 115 5                         @ ../../Library_BSP/StdDriver/src/clk.c:115:5
	wfi
	.loc	8 116 1                         @ ../../Library_BSP/StdDriver/src/clk.c:116:1
	bx	lr
.Ltmp11:
	.p2align	2
@ %bb.1:
	.loc	8 0 1 is_stmt 0                 @ ../../Library_BSP/StdDriver/src/clk.c:0:1
__arm_cp.3_0:
	.long	3758157072                      @ 0xe000ed10
.Lcpi_end7:
	.size	__arm_cp.3_0, .Lcpi_end7-__arm_cp.3_0
__arm_cp.3_1:
	.long	1073742336                      @ 0x40000200
.Lcpi_end8:
	.size	__arm_cp.3_1, .Lcpi_end8-__arm_cp.3_1
.Lfunc_end3:
	.size	CLK_Idle, .Lfunc_end3-CLK_Idle
	.cfi_endproc
	.cantunwind
	.fnend
                                        @ -- End function
	.section	.text.CLK_GetHXTFreq,"ax",%progbits
	.hidden	CLK_GetHXTFreq                  @ -- Begin function CLK_GetHXTFreq
	.weak	CLK_GetHXTFreq
	.p2align	2
	.type	CLK_GetHXTFreq,%function
	.code	16                              @ @CLK_GetHXTFreq
	.thumb_func
	.weak	__acle_se_CLK_GetHXTFreq
	.type	__acle_se_CLK_GetHXTFreq,%function
__acle_se_CLK_GetHXTFreq:
CLK_GetHXTFreq:
.Lfunc_begin4:
	.loc	8 127 0 is_stmt 1               @ ../../Library_BSP/StdDriver/src/clk.c:127:0
	.fnstart
	.cfi_startproc
@ %bb.0:
	.pad	#8
	sub	sp, #8
	.cfi_def_cfa_offset 8
	movs	r0, #0
.Ltmp12:
	.loc	8 128 14 prologue_end           @ ../../Library_BSP/StdDriver/src/clk.c:128:14
	str	r0, [sp, #4]
	ldr	r0, __arm_cp.4_0
	.loc	8 129 30                        @ ../../Library_BSP/StdDriver/src/clk.c:129:30
	ldr	r0, [r0]
	movs	r1, #1
	.loc	8 129 37 is_stmt 0              @ ../../Library_BSP/StdDriver/src/clk.c:129:37
	ands	r0, r1
	.loc	8 129 14                        @ ../../Library_BSP/StdDriver/src/clk.c:129:14
	str	r0, [sp]
.Ltmp13:
	.loc	8 131 8 is_stmt 1               @ ../../Library_BSP/StdDriver/src/clk.c:131:8
	ldr	r0, [sp]
.Ltmp14:
	.loc	8 131 8 is_stmt 0               @ ../../Library_BSP/StdDriver/src/clk.c:131:8
	cbz	r0, .LBB4_2
	b	.LBB4_1
.LBB4_1:
	.loc	8 0 8                           @ ../../Library_BSP/StdDriver/src/clk.c:0:8
	ldr	r0, __arm_cp.4_1
.Ltmp15:
	.loc	8 133 17 is_stmt 1              @ ../../Library_BSP/StdDriver/src/clk.c:133:17
	str	r0, [sp, #4]
	.loc	8 134 5                         @ ../../Library_BSP/StdDriver/src/clk.c:134:5
	b	.LBB4_3
.Ltmp16:
.LBB4_2:
	.loc	8 0 5 is_stmt 0                 @ ../../Library_BSP/StdDriver/src/clk.c:0:5
	movs	r0, #0
.Ltmp17:
	.loc	8 137 17 is_stmt 1              @ ../../Library_BSP/StdDriver/src/clk.c:137:17
	str	r0, [sp, #4]
	b	.LBB4_3
.Ltmp18:
.LBB4_3:
	.loc	8 140 12                        @ ../../Library_BSP/StdDriver/src/clk.c:140:12
	ldr	r0, [sp, #4]
	.loc	8 140 5 epilogue_begin is_stmt 0 @ ../../Library_BSP/StdDriver/src/clk.c:140:5
	add	sp, #8
	mov	r1, lr
	mov	r2, lr
	mov	r3, lr
	mov	r12, lr
	msr	apsr, lr
	bxns	lr
.Ltmp19:
	.p2align	2
@ %bb.4:
	.loc	8 0 5                           @ ../../Library_BSP/StdDriver/src/clk.c:0:5
__arm_cp.4_0:
	.long	1073742336                      @ 0x40000200
.Lcpi_end9:
	.size	__arm_cp.4_0, .Lcpi_end9-__arm_cp.4_0
__arm_cp.4_1:
	.long	12000000                        @ 0xb71b00
.Lcpi_end10:
	.size	__arm_cp.4_1, .Lcpi_end10-__arm_cp.4_1
.Lfunc_end4:
	.size	CLK_GetHXTFreq, .Lfunc_end4-CLK_GetHXTFreq
	.cfi_endproc
	.fnend
                                        @ -- End function
	.section	.text.CLK_GetLXTFreq,"ax",%progbits
	.hidden	CLK_GetLXTFreq                  @ -- Begin function CLK_GetLXTFreq
	.weak	CLK_GetLXTFreq
	.p2align	2
	.type	CLK_GetLXTFreq,%function
	.code	16                              @ @CLK_GetLXTFreq
	.thumb_func
	.weak	__acle_se_CLK_GetLXTFreq
	.type	__acle_se_CLK_GetLXTFreq,%function
__acle_se_CLK_GetLXTFreq:
CLK_GetLXTFreq:
.Lfunc_begin5:
	.loc	8 152 0 is_stmt 1               @ ../../Library_BSP/StdDriver/src/clk.c:152:0
	.fnstart
	.cfi_startproc
@ %bb.0:
	.pad	#8
	sub	sp, #8
	.cfi_def_cfa_offset 8
	movs	r0, #0
.Ltmp20:
	.loc	8 153 14 prologue_end           @ ../../Library_BSP/StdDriver/src/clk.c:153:14
	str	r0, [sp, #4]
	ldr	r0, __arm_cp.5_0
	.loc	8 154 30                        @ ../../Library_BSP/StdDriver/src/clk.c:154:30
	ldr	r0, [r0]
	movs	r1, #2
	.loc	8 154 37 is_stmt 0              @ ../../Library_BSP/StdDriver/src/clk.c:154:37
	ands	r0, r1
	.loc	8 154 14                        @ ../../Library_BSP/StdDriver/src/clk.c:154:14
	str	r0, [sp]
.Ltmp21:
	.loc	8 156 8 is_stmt 1               @ ../../Library_BSP/StdDriver/src/clk.c:156:8
	ldr	r0, [sp]
.Ltmp22:
	.loc	8 156 8 is_stmt 0               @ ../../Library_BSP/StdDriver/src/clk.c:156:8
	cbz	r0, .LBB5_2
	b	.LBB5_1
.LBB5_1:
	.loc	8 0 8                           @ ../../Library_BSP/StdDriver/src/clk.c:0:8
	movw	r0, #32768
.Ltmp23:
	.loc	8 158 17 is_stmt 1              @ ../../Library_BSP/StdDriver/src/clk.c:158:17
	str	r0, [sp, #4]
	.loc	8 159 5                         @ ../../Library_BSP/StdDriver/src/clk.c:159:5
	b	.LBB5_3
.Ltmp24:
.LBB5_2:
	.loc	8 0 5 is_stmt 0                 @ ../../Library_BSP/StdDriver/src/clk.c:0:5
	movs	r0, #0
.Ltmp25:
	.loc	8 162 17 is_stmt 1              @ ../../Library_BSP/StdDriver/src/clk.c:162:17
	str	r0, [sp, #4]
	b	.LBB5_3
.Ltmp26:
.LBB5_3:
	.loc	8 165 12                        @ ../../Library_BSP/StdDriver/src/clk.c:165:12
	ldr	r0, [sp, #4]
	.loc	8 165 5 epilogue_begin is_stmt 0 @ ../../Library_BSP/StdDriver/src/clk.c:165:5
	add	sp, #8
	mov	r1, lr
	mov	r2, lr
	mov	r3, lr
	mov	r12, lr
	msr	apsr, lr
	bxns	lr
.Ltmp27:
	.p2align	2
@ %bb.4:
	.loc	8 0 5                           @ ../../Library_BSP/StdDriver/src/clk.c:0:5
__arm_cp.5_0:
	.long	1073742336                      @ 0x40000200
.Lcpi_end11:
	.size	__arm_cp.5_0, .Lcpi_end11-__arm_cp.5_0
.Lfunc_end5:
	.size	CLK_GetLXTFreq, .Lfunc_end5-CLK_GetLXTFreq
	.cfi_endproc
	.fnend
                                        @ -- End function
	.section	.text.CLK_GetHCLKFreq,"ax",%progbits
	.hidden	CLK_GetHCLKFreq                 @ -- Begin function CLK_GetHCLKFreq
	.weak	CLK_GetHCLKFreq
	.p2align	2
	.type	CLK_GetHCLKFreq,%function
	.code	16                              @ @CLK_GetHCLKFreq
	.thumb_func
	.weak	__acle_se_CLK_GetHCLKFreq
	.type	__acle_se_CLK_GetHCLKFreq,%function
__acle_se_CLK_GetHCLKFreq:
CLK_GetHCLKFreq:
.Lfunc_begin6:
	.loc	8 177 0 is_stmt 1               @ ../../Library_BSP/StdDriver/src/clk.c:177:0
	.fnstart
	.cfi_startproc
@ %bb.0:
	.save	{r7, lr}
	push	{r7, lr}
	.cfi_def_cfa_offset 8
	.cfi_offset lr, -4
	.cfi_offset r7, -8
.Ltmp28:
	.loc	8 178 5 prologue_end            @ ../../Library_BSP/StdDriver/src/clk.c:178:5
	bl	SystemCoreClockUpdate
	.loc	8 179 12                        @ ../../Library_BSP/StdDriver/src/clk.c:179:12
	ldr	r0, __arm_cp.6_0
	ldr	r0, [r0]
	.loc	8 179 5 epilogue_begin is_stmt 0 @ ../../Library_BSP/StdDriver/src/clk.c:179:5
	pop	{r7}
	pop	{r1}
	mov	lr, r1
	mov	r1, lr
	mov	r2, lr
	mov	r3, lr
	mov	r12, lr
	msr	apsr, lr
	bxns	lr
.Ltmp29:
	.p2align	2
@ %bb.1:
	.loc	8 0 5                           @ ../../Library_BSP/StdDriver/src/clk.c:0:5
__arm_cp.6_0:
	.long	SystemCoreClock
.Lcpi_end12:
	.size	__arm_cp.6_0, .Lcpi_end12-__arm_cp.6_0
.Lfunc_end6:
	.size	CLK_GetHCLKFreq, .Lfunc_end6-CLK_GetHCLKFreq
	.cfi_endproc
	.fnend
                                        @ -- End function
	.section	.text.CLK_GetPCLK0Freq,"ax",%progbits
	.hidden	CLK_GetPCLK0Freq                @ -- Begin function CLK_GetPCLK0Freq
	.weak	CLK_GetPCLK0Freq
	.p2align	2
	.type	CLK_GetPCLK0Freq,%function
	.code	16                              @ @CLK_GetPCLK0Freq
	.thumb_func
	.weak	__acle_se_CLK_GetPCLK0Freq
	.type	__acle_se_CLK_GetPCLK0Freq,%function
__acle_se_CLK_GetPCLK0Freq:
CLK_GetPCLK0Freq:
.Lfunc_begin7:
	.loc	8 191 0 is_stmt 1               @ ../../Library_BSP/StdDriver/src/clk.c:191:0
	.fnstart
	.cfi_startproc
@ %bb.0:
	.save	{r7, lr}
	push	{r7, lr}
	.cfi_def_cfa_offset 8
	.cfi_offset lr, -4
	.cfi_offset r7, -8
.Ltmp30:
	.loc	8 192 5 prologue_end            @ ../../Library_BSP/StdDriver/src/clk.c:192:5
	bl	SystemCoreClockUpdate
	.loc	8 193 13                        @ ../../Library_BSP/StdDriver/src/clk.c:193:13
	ldr	r0, __arm_cp.7_0
	ldr	r0, [r0]
	.loc	8 193 5 epilogue_begin is_stmt 0 @ ../../Library_BSP/StdDriver/src/clk.c:193:5
	pop	{r7}
	pop	{r1}
	mov	lr, r1
	mov	r1, lr
	mov	r2, lr
	mov	r3, lr
	mov	r12, lr
	msr	apsr, lr
	bxns	lr
.Ltmp31:
	.p2align	2
@ %bb.1:
	.loc	8 0 5                           @ ../../Library_BSP/StdDriver/src/clk.c:0:5
__arm_cp.7_0:
	.long	SystemCoreClock
.Lcpi_end13:
	.size	__arm_cp.7_0, .Lcpi_end13-__arm_cp.7_0
.Lfunc_end7:
	.size	CLK_GetPCLK0Freq, .Lfunc_end7-CLK_GetPCLK0Freq
	.cfi_endproc
	.fnend
                                        @ -- End function
	.section	.text.CLK_GetPCLK1Freq,"ax",%progbits
	.hidden	CLK_GetPCLK1Freq                @ -- Begin function CLK_GetPCLK1Freq
	.weak	CLK_GetPCLK1Freq
	.p2align	2
	.type	CLK_GetPCLK1Freq,%function
	.code	16                              @ @CLK_GetPCLK1Freq
	.thumb_func
	.weak	__acle_se_CLK_GetPCLK1Freq
	.type	__acle_se_CLK_GetPCLK1Freq,%function
__acle_se_CLK_GetPCLK1Freq:
CLK_GetPCLK1Freq:
.Lfunc_begin8:
	.loc	8 205 0 is_stmt 1               @ ../../Library_BSP/StdDriver/src/clk.c:205:0
	.fnstart
	.cfi_startproc
@ %bb.0:
	.save	{r7, lr}
	push	{r7, lr}
	.cfi_def_cfa_offset 8
	.cfi_offset lr, -4
	.cfi_offset r7, -8
.Ltmp32:
	.loc	8 206 5 prologue_end            @ ../../Library_BSP/StdDriver/src/clk.c:206:5
	bl	SystemCoreClockUpdate
	.loc	8 207 13                        @ ../../Library_BSP/StdDriver/src/clk.c:207:13
	ldr	r0, __arm_cp.8_0
	ldr	r0, [r0]
	.loc	8 207 5 epilogue_begin is_stmt 0 @ ../../Library_BSP/StdDriver/src/clk.c:207:5
	pop	{r7}
	pop	{r1}
	mov	lr, r1
	mov	r1, lr
	mov	r2, lr
	mov	r3, lr
	mov	r12, lr
	msr	apsr, lr
	bxns	lr
.Ltmp33:
	.p2align	2
@ %bb.1:
	.loc	8 0 5                           @ ../../Library_BSP/StdDriver/src/clk.c:0:5
__arm_cp.8_0:
	.long	SystemCoreClock
.Lcpi_end14:
	.size	__arm_cp.8_0, .Lcpi_end14-__arm_cp.8_0
.Lfunc_end8:
	.size	CLK_GetPCLK1Freq, .Lfunc_end8-CLK_GetPCLK1Freq
	.cfi_endproc
	.fnend
                                        @ -- End function
	.section	.text.CLK_GetCPUFreq,"ax",%progbits
	.hidden	CLK_GetCPUFreq                  @ -- Begin function CLK_GetCPUFreq
	.weak	CLK_GetCPUFreq
	.p2align	2
	.type	CLK_GetCPUFreq,%function
	.code	16                              @ @CLK_GetCPUFreq
	.thumb_func
	.weak	__acle_se_CLK_GetCPUFreq
	.type	__acle_se_CLK_GetCPUFreq,%function
__acle_se_CLK_GetCPUFreq:
CLK_GetCPUFreq:
.Lfunc_begin9:
	.loc	8 219 0 is_stmt 1               @ ../../Library_BSP/StdDriver/src/clk.c:219:0
	.fnstart
	.cfi_startproc
@ %bb.0:
	.save	{r4, r5, r7, lr}
	push	{r4, r5, r7, lr}
	.cfi_def_cfa_offset 16
	.cfi_offset lr, -4
	.cfi_offset r7, -8
	.cfi_offset r5, -12
	.cfi_offset r4, -16
	.pad	#72
	sub	sp, #72
	.cfi_def_cfa_offset 88
.Ltmp34:
	.loc	8 221 14 prologue_end           @ ../../Library_BSP/StdDriver/src/clk.c:221:14
	ldr	r1, __arm_cp.9_0
	add	r0, sp, #28
	ldm	r1!, {r2, r3, r4, r5}
	stm	r0!, {r2, r3, r4, r5}
	ldm	r1!, {r2, r3, r4, r5}
	stm	r0!, {r2, r3, r4, r5}
	ldr	r0, __arm_cp.9_1
	.loc	8 223 13                        @ ../../Library_BSP/StdDriver/src/clk.c:223:13
	str	r0, [sp, #4]
	ldr	r0, __arm_cp.9_2
	.loc	8 224 32                        @ ../../Library_BSP/StdDriver/src/clk.c:224:32
	ldr	r0, [r0]
	movs	r1, #2
	.loc	8 224 40 is_stmt 0              @ ../../Library_BSP/StdDriver/src/clk.c:224:40
	ands	r0, r1
	.loc	8 224 14                        @ ../../Library_BSP/StdDriver/src/clk.c:224:14
	str	r0, [sp]
	ldr	r0, __arm_cp.9_3
	.loc	8 227 22 is_stmt 1              @ ../../Library_BSP/StdDriver/src/clk.c:227:22
	ldr	r0, [r0]
	.loc	8 227 15 is_stmt 0              @ ../../Library_BSP/StdDriver/src/clk.c:227:15
	str	r0, [sp, #24]
	add	r0, sp, #24
	.loc	8 229 8 is_stmt 1               @ ../../Library_BSP/StdDriver/src/clk.c:229:8
	ldrb	r0, [r0, #2]
	lsls	r0, r0, #31
	cbz	r0, .LBB9_2
	b	.LBB9_1
.LBB9_1:
.Ltmp35:
	.loc	8 231 18                        @ ../../Library_BSP/StdDriver/src/clk.c:231:18
	ldr	r1, __arm_cp.9_6
	movs	r0, #0
	str	r0, [r1]
	.loc	8 232 5                         @ ../../Library_BSP/StdDriver/src/clk.c:232:5
	b	.LBB9_9
.Ltmp36:
.LBB9_2:
	.loc	8 0 5 is_stmt 0                 @ ../../Library_BSP/StdDriver/src/clk.c:0:5
	add	r0, sp, #24
.Ltmp37:
	.loc	8 237 12 is_stmt 1              @ ../../Library_BSP/StdDriver/src/clk.c:237:12
	ldrb	r0, [r0, #2]
	lsls	r0, r0, #28
	cmp	r0, #0
	bpl	.LBB9_4
	b	.LBB9_3
.LBB9_3:
	.loc	8 0 12 is_stmt 0                @ ../../Library_BSP/StdDriver/src/clk.c:0:12
	ldr	r0, __arm_cp.9_4
.Ltmp38:
	.loc	8 239 20 is_stmt 1              @ ../../Library_BSP/StdDriver/src/clk.c:239:20
	str	r0, [sp, #20]
	.loc	8 240 9                         @ ../../Library_BSP/StdDriver/src/clk.c:240:9
	b	.LBB9_5
.Ltmp39:
.LBB9_4:
	.loc	8 0 9 is_stmt 0                 @ ../../Library_BSP/StdDriver/src/clk.c:0:9
	ldr	r0, __arm_cp.9_4
.Ltmp40:
	.loc	8 243 20 is_stmt 1              @ ../../Library_BSP/StdDriver/src/clk.c:243:20
	str	r0, [sp, #20]
	b	.LBB9_5
.Ltmp41:
.LBB9_5:
	.loc	8 0 20 is_stmt 0                @ ../../Library_BSP/StdDriver/src/clk.c:0:20
	add	r0, sp, #24
	.loc	8 247 12 is_stmt 1              @ ../../Library_BSP/StdDriver/src/clk.c:247:12
	ldrb	r0, [r0, #2]
	lsls	r0, r0, #30
	cmp	r0, #0
	bpl	.LBB9_7
	b	.LBB9_6
.LBB9_6:
.Ltmp42:
	.loc	8 249 24                        @ ../../Library_BSP/StdDriver/src/clk.c:249:24
	ldr	r0, [sp, #20]
	.loc	8 249 22 is_stmt 0              @ ../../Library_BSP/StdDriver/src/clk.c:249:22
	ldr	r1, __arm_cp.9_6
	str	r0, [r1]
	.loc	8 250 9 is_stmt 1               @ ../../Library_BSP/StdDriver/src/clk.c:250:9
	b	.LBB9_8
.Ltmp43:
.LBB9_7:
	.loc	8 0 9 is_stmt 0                 @ ../../Library_BSP/StdDriver/src/clk.c:0:9
	add	r0, sp, #24
.Ltmp44:
	.loc	8 254 32 is_stmt 1              @ ../../Library_BSP/StdDriver/src/clk.c:254:32
	ldrh	r0, [r0]
	.loc	8 254 67 is_stmt 0              @ ../../Library_BSP/StdDriver/src/clk.c:254:67
	lsrs	r1, r0, #14
	add	r0, sp, #4
	.loc	8 254 21                        @ ../../Library_BSP/StdDriver/src/clk.c:254:21
	adds	r0, r0, r1
	ldrb	r0, [r0]
	.loc	8 254 19                        @ ../../Library_BSP/StdDriver/src/clk.c:254:19
	str	r0, [sp, #8]
	.loc	8 255 23 is_stmt 1              @ ../../Library_BSP/StdDriver/src/clk.c:255:23
	ldr	r0, [sp, #24]
	ldr	r1, __arm_cp.9_5
	.loc	8 255 33 is_stmt 0              @ ../../Library_BSP/StdDriver/src/clk.c:255:33
	ands	r0, r1
	.loc	8 255 82                        @ ../../Library_BSP/StdDriver/src/clk.c:255:82
	adds	r0, r0, #2
	.loc	8 255 19                        @ ../../Library_BSP/StdDriver/src/clk.c:255:19
	str	r0, [sp, #16]
	.loc	8 256 23 is_stmt 1              @ ../../Library_BSP/StdDriver/src/clk.c:256:23
	ldr	r0, [sp, #24]
	movw	r1, #15872
	.loc	8 256 33 is_stmt 0              @ ../../Library_BSP/StdDriver/src/clk.c:256:33
	ands	r0, r1
	.loc	8 256 57                        @ ../../Library_BSP/StdDriver/src/clk.c:256:57
	lsrs	r0, r0, #9
	.loc	8 256 82                        @ ../../Library_BSP/StdDriver/src/clk.c:256:82
	adds	r0, r0, #1
	.loc	8 256 19                        @ ../../Library_BSP/StdDriver/src/clk.c:256:19
	str	r0, [sp, #12]
	.loc	8 259 27 is_stmt 1              @ ../../Library_BSP/StdDriver/src/clk.c:259:27
	ldr	r0, [sp, #20]
	.loc	8 259 34 is_stmt 0              @ ../../Library_BSP/StdDriver/src/clk.c:259:34
	lsrs	r0, r0, #2
	.loc	8 259 43                        @ ../../Library_BSP/StdDriver/src/clk.c:259:43
	ldr	r1, [sp, #16]
	.loc	8 259 40                        @ ../../Library_BSP/StdDriver/src/clk.c:259:40
	muls	r0, r1, r0
	lsls	r0, r0, #1
	.loc	8 259 59                        @ ../../Library_BSP/StdDriver/src/clk.c:259:59
	ldr	r2, [sp, #12]
	.loc	8 259 67                        @ ../../Library_BSP/StdDriver/src/clk.c:259:67
	ldr	r1, [sp, #8]
	.loc	8 259 65                        @ ../../Library_BSP/StdDriver/src/clk.c:259:65
	muls	r1, r2, r1
	.loc	8 259 56                        @ ../../Library_BSP/StdDriver/src/clk.c:259:56
	udiv	r0, r0, r1
	.loc	8 259 74                        @ ../../Library_BSP/StdDriver/src/clk.c:259:74
	lsls	r0, r0, #2
	.loc	8 259 22                        @ ../../Library_BSP/StdDriver/src/clk.c:259:22
	ldr	r1, __arm_cp.9_6
	str	r0, [r1]
	b	.LBB9_8
.Ltmp45:
.LBB9_8:
	.loc	8 0 22                          @ ../../Library_BSP/StdDriver/src/clk.c:0:22
	b	.LBB9_9
.LBB9_9:
	ldr	r0, __arm_cp.9_7
	.loc	8 264 23 is_stmt 1              @ ../../Library_BSP/StdDriver/src/clk.c:264:23
	ldr	r0, [r0]
	movs	r1, #7
	.loc	8 264 31 is_stmt 0              @ ../../Library_BSP/StdDriver/src/clk.c:264:31
	ands	r0, r1
	.loc	8 264 16                        @ ../../Library_BSP/StdDriver/src/clk.c:264:16
	str	r0, [sp, #64]
.Ltmp46:
	.loc	8 266 8 is_stmt 1               @ ../../Library_BSP/StdDriver/src/clk.c:266:8
	ldr	r0, [sp, #64]
.Ltmp47:
	.loc	8 266 8 is_stmt 0               @ ../../Library_BSP/StdDriver/src/clk.c:266:8
	cmp	r0, #1
	bne	.LBB9_18
	b	.LBB9_10
.LBB9_10:
.Ltmp48:
	.loc	8 269 12 is_stmt 1              @ ../../Library_BSP/StdDriver/src/clk.c:269:12
	ldr	r0, [sp]
.Ltmp49:
	.loc	8 269 12 is_stmt 0              @ ../../Library_BSP/StdDriver/src/clk.c:269:12
	cbnz	r0, .LBB9_12
	b	.LBB9_11
.LBB9_11:
	.loc	8 0 12                          @ ../../Library_BSP/StdDriver/src/clk.c:0:12
	ldr	r1, __arm_cp.9_2
.Ltmp50:
	.loc	8 271 26 is_stmt 1              @ ../../Library_BSP/StdDriver/src/clk.c:271:26
	ldr	r0, [r1]
	movs	r2, #2
	orrs	r0, r2
	str	r0, [r1]
	.loc	8 272 9                         @ ../../Library_BSP/StdDriver/src/clk.c:272:9
	b	.LBB9_12
.Ltmp51:
.LBB9_12:
	.loc	8 0 9 is_stmt 0                 @ ../../Library_BSP/StdDriver/src/clk.c:0:9
	ldr	r0, __arm_cp.9_8
.Ltmp52:
	.loc	8 274 17 is_stmt 1              @ ../../Library_BSP/StdDriver/src/clk.c:274:17
	ldr	r0, [r0]
.Ltmp53:
	.loc	8 274 12 is_stmt 0              @ ../../Library_BSP/StdDriver/src/clk.c:274:12
	lsls	r0, r0, #25
	cmp	r0, #0
	bpl	.LBB9_14
	b	.LBB9_13
.LBB9_13:
	.loc	8 0 12                          @ ../../Library_BSP/StdDriver/src/clk.c:0:12
	movw	r0, #32000
.Ltmp54:
	.loc	8 276 21 is_stmt 1              @ ../../Library_BSP/StdDriver/src/clk.c:276:21
	str	r0, [sp, #68]
	.loc	8 277 9                         @ ../../Library_BSP/StdDriver/src/clk.c:277:9
	b	.LBB9_15
.Ltmp55:
.LBB9_14:
	.loc	8 0 9 is_stmt 0                 @ ../../Library_BSP/StdDriver/src/clk.c:0:9
	movw	r0, #32768
.Ltmp56:
	.loc	8 280 21 is_stmt 1              @ ../../Library_BSP/StdDriver/src/clk.c:280:21
	str	r0, [sp, #68]
	b	.LBB9_15
.Ltmp57:
.LBB9_15:
	.loc	8 283 12                        @ ../../Library_BSP/StdDriver/src/clk.c:283:12
	ldr	r0, [sp]
.Ltmp58:
	.loc	8 283 12 is_stmt 0              @ ../../Library_BSP/StdDriver/src/clk.c:283:12
	cbnz	r0, .LBB9_17
	b	.LBB9_16
.LBB9_16:
	.loc	8 0 12                          @ ../../Library_BSP/StdDriver/src/clk.c:0:12
	ldr	r1, __arm_cp.9_2
.Ltmp59:
	.loc	8 285 26 is_stmt 1              @ ../../Library_BSP/StdDriver/src/clk.c:285:26
	ldr	r0, [r1]
	movs	r2, #2
	bics	r0, r2
	str	r0, [r1]
	.loc	8 286 9                         @ ../../Library_BSP/StdDriver/src/clk.c:286:9
	b	.LBB9_17
.Ltmp60:
.LBB9_17:
	.loc	8 288 5                         @ ../../Library_BSP/StdDriver/src/clk.c:288:5
	b	.LBB9_22
.Ltmp61:
.LBB9_18:
	.loc	8 289 13                        @ ../../Library_BSP/StdDriver/src/clk.c:289:13
	ldr	r0, [sp, #64]
.Ltmp62:
	.loc	8 289 13 is_stmt 0              @ ../../Library_BSP/StdDriver/src/clk.c:289:13
	cmp	r0, #2
	bne	.LBB9_20
	b	.LBB9_19
.LBB9_19:
.Ltmp63:
	.loc	8 291 19 is_stmt 1              @ ../../Library_BSP/StdDriver/src/clk.c:291:19
	ldr	r0, __arm_cp.9_6
	ldr	r0, [r0]
	.loc	8 291 17 is_stmt 0              @ ../../Library_BSP/StdDriver/src/clk.c:291:17
	str	r0, [sp, #68]
	.loc	8 292 5 is_stmt 1               @ ../../Library_BSP/StdDriver/src/clk.c:292:5
	b	.LBB9_21
.Ltmp64:
.LBB9_20:
	.loc	8 295 30                        @ ../../Library_BSP/StdDriver/src/clk.c:295:30
	ldr	r0, [sp, #64]
	.loc	8 295 19 is_stmt 0              @ ../../Library_BSP/StdDriver/src/clk.c:295:19
	lsls	r1, r0, #2
	add	r0, sp, #28
	ldr	r0, [r0, r1]
	.loc	8 295 17                        @ ../../Library_BSP/StdDriver/src/clk.c:295:17
	str	r0, [sp, #68]
	b	.LBB9_21
.Ltmp65:
.LBB9_21:
	.loc	8 0 17                          @ ../../Library_BSP/StdDriver/src/clk.c:0:17
	b	.LBB9_22
.LBB9_22:
	ldr	r0, __arm_cp.9_9
	.loc	8 299 24 is_stmt 1              @ ../../Library_BSP/StdDriver/src/clk.c:299:24
	ldr	r0, [r0]
	movs	r1, #15
	.loc	8 299 32 is_stmt 0              @ ../../Library_BSP/StdDriver/src/clk.c:299:32
	ands	r0, r1
	.loc	8 299 59                        @ ../../Library_BSP/StdDriver/src/clk.c:299:59
	adds	r0, r0, #1
	.loc	8 299 16                        @ ../../Library_BSP/StdDriver/src/clk.c:299:16
	str	r0, [sp, #60]
	.loc	8 302 23 is_stmt 1              @ ../../Library_BSP/StdDriver/src/clk.c:302:23
	ldr	r0, [sp, #68]
	.loc	8 302 33 is_stmt 0              @ ../../Library_BSP/StdDriver/src/clk.c:302:33
	ldr	r1, [sp, #60]
	.loc	8 302 31                        @ ../../Library_BSP/StdDriver/src/clk.c:302:31
	udiv	r1, r0, r1
	.loc	8 302 21                        @ ../../Library_BSP/StdDriver/src/clk.c:302:21
	ldr	r0, __arm_cp.9_10
	str	r1, [r0]
	.loc	8 305 20 is_stmt 1              @ ../../Library_BSP/StdDriver/src/clk.c:305:20
	ldr	r1, [r0]
	ldr	r2, __arm_cp.9_11
	.loc	8 305 36 is_stmt 0              @ ../../Library_BSP/StdDriver/src/clk.c:305:36
	adds	r1, r1, r2
	ldr	r2, __arm_cp.9_12
	.loc	8 305 48                        @ ../../Library_BSP/StdDriver/src/clk.c:305:48
	udiv	r1, r1, r2
	.loc	8 305 17                        @ ../../Library_BSP/StdDriver/src/clk.c:305:17
	ldr	r2, __arm_cp.9_13
	str	r1, [r2]
	.loc	8 307 12 is_stmt 1              @ ../../Library_BSP/StdDriver/src/clk.c:307:12
	ldr	r0, [r0]
	.loc	8 307 5 epilogue_begin is_stmt 0 @ ../../Library_BSP/StdDriver/src/clk.c:307:5
	add	sp, #72
	pop	{r4, r5, r7}
	pop	{r1}
	mov	lr, r1
	mov	r1, lr
	mov	r2, lr
	mov	r3, lr
	mov	r12, lr
	msr	apsr, lr
	bxns	lr
.Ltmp66:
	.p2align	2
@ %bb.23:
	.loc	8 0 5                           @ ../../Library_BSP/StdDriver/src/clk.c:0:5
__arm_cp.9_0:
	.long	.L__const.CLK_GetCPUFreq.au32ClkTbl
.Lcpi_end15:
	.size	__arm_cp.9_0, .Lcpi_end15-__arm_cp.9_0
__arm_cp.9_1:
	.long	67240449                        @ 0x4020201
.Lcpi_end16:
	.size	__arm_cp.9_1, .Lcpi_end16-__arm_cp.9_1
__arm_cp.9_2:
	.long	1073742344                      @ 0x40000208
.Lcpi_end17:
	.size	__arm_cp.9_2, .Lcpi_end17-__arm_cp.9_2
__arm_cp.9_3:
	.long	1073742400                      @ 0x40000240
.Lcpi_end18:
	.size	__arm_cp.9_3, .Lcpi_end18-__arm_cp.9_3
__arm_cp.9_4:
	.long	12000000                        @ 0xb71b00
.Lcpi_end19:
	.size	__arm_cp.9_4, .Lcpi_end19-__arm_cp.9_4
__arm_cp.9_5:
	.long	511                             @ 0x1ff
.Lcpi_end20:
	.size	__arm_cp.9_5, .Lcpi_end20-__arm_cp.9_5
__arm_cp.9_6:
	.long	PllClock
.Lcpi_end21:
	.size	__arm_cp.9_6, .Lcpi_end21-__arm_cp.9_6
__arm_cp.9_7:
	.long	1073742352                      @ 0x40000210
.Lcpi_end22:
	.size	__arm_cp.9_7, .Lcpi_end22-__arm_cp.9_7
__arm_cp.9_8:
	.long	1074008320                      @ 0x40041100
.Lcpi_end23:
	.size	__arm_cp.9_8, .Lcpi_end23-__arm_cp.9_8
__arm_cp.9_9:
	.long	1073742368                      @ 0x40000220
.Lcpi_end24:
	.size	__arm_cp.9_9, .Lcpi_end24-__arm_cp.9_9
__arm_cp.9_10:
	.long	SystemCoreClock
.Lcpi_end25:
	.size	__arm_cp.9_10, .Lcpi_end25-__arm_cp.9_10
__arm_cp.9_11:
	.long	500000                          @ 0x7a120
.Lcpi_end26:
	.size	__arm_cp.9_11, .Lcpi_end26-__arm_cp.9_11
__arm_cp.9_12:
	.long	1000000                         @ 0xf4240
.Lcpi_end27:
	.size	__arm_cp.9_12, .Lcpi_end27-__arm_cp.9_12
__arm_cp.9_13:
	.long	CyclesPerUs
.Lcpi_end28:
	.size	__arm_cp.9_13, .Lcpi_end28-__arm_cp.9_13
.Lfunc_end9:
	.size	CLK_GetCPUFreq, .Lfunc_end9-CLK_GetCPUFreq
	.cfi_endproc
	.fnend
                                        @ -- End function
	.section	.text.CLK_SetCoreClock,"ax",%progbits
	.hidden	CLK_SetCoreClock                @ -- Begin function CLK_SetCoreClock
	.globl	CLK_SetCoreClock
	.p2align	2
	.type	CLK_SetCoreClock,%function
	.code	16                              @ @CLK_SetCoreClock
	.thumb_func
CLK_SetCoreClock:
.Lfunc_begin10:
	.loc	8 320 0 is_stmt 1               @ ../../Library_BSP/StdDriver/src/clk.c:320:0
	.fnstart
	.cfi_startproc
@ %bb.0:
	.save	{r7, lr}
	push	{r7, lr}
	.cfi_def_cfa_offset 8
	.cfi_offset lr, -4
	.cfi_offset r7, -8
	.pad	#8
	sub	sp, #8
	.cfi_def_cfa_offset 16
	str	r0, [sp, #4]
	ldr	r0, __arm_cp.10_0
.Ltmp67:
	.loc	8 324 23 prologue_end           @ ../../Library_BSP/StdDriver/src/clk.c:324:23
	ldr	r0, [r0]
	movs	r1, #16
	.loc	8 324 30 is_stmt 0              @ ../../Library_BSP/StdDriver/src/clk.c:324:30
	ands	r0, r1
	.loc	8 324 16                        @ ../../Library_BSP/StdDriver/src/clk.c:324:16
	str	r0, [sp]
.Ltmp68:
	.loc	8 327 8 is_stmt 1               @ ../../Library_BSP/StdDriver/src/clk.c:327:8
	ldr	r0, [sp, #4]
	ldr	r1, __arm_cp.10_1
.Ltmp69:
	.loc	8 327 8 is_stmt 0               @ ../../Library_BSP/StdDriver/src/clk.c:327:8
	cmp	r0, r1
	blo	.LBB10_2
	b	.LBB10_1
.LBB10_1:
	.loc	8 0 8                           @ ../../Library_BSP/StdDriver/src/clk.c:0:8
	ldr	r0, __arm_cp.10_4
.Ltmp70:
	.loc	8 329 17 is_stmt 1              @ ../../Library_BSP/StdDriver/src/clk.c:329:17
	str	r0, [sp, #4]
	.loc	8 330 5                         @ ../../Library_BSP/StdDriver/src/clk.c:330:5
	b	.LBB10_5
.Ltmp71:
.LBB10_2:
	.loc	8 331 13                        @ ../../Library_BSP/StdDriver/src/clk.c:331:13
	ldr	r0, [sp, #4]
	ldr	r1, __arm_cp.10_2
.Ltmp72:
	.loc	8 331 13 is_stmt 0              @ ../../Library_BSP/StdDriver/src/clk.c:331:13
	cmp	r0, r1
	bhi	.LBB10_4
	b	.LBB10_3
.LBB10_3:
	.loc	8 0 13                          @ ../../Library_BSP/StdDriver/src/clk.c:0:13
	ldr	r0, __arm_cp.10_3
.Ltmp73:
	.loc	8 333 17 is_stmt 1              @ ../../Library_BSP/StdDriver/src/clk.c:333:17
	str	r0, [sp, #4]
	.loc	8 334 5                         @ ../../Library_BSP/StdDriver/src/clk.c:334:5
	b	.LBB10_4
.Ltmp74:
.LBB10_4:
	.loc	8 0 5 is_stmt 0                 @ ../../Library_BSP/StdDriver/src/clk.c:0:5
	b	.LBB10_5
.LBB10_5:
	ldr	r1, __arm_cp.10_5
	.loc	8 337 17 is_stmt 1              @ ../../Library_BSP/StdDriver/src/clk.c:337:17
	ldr	r0, [r1]
	movs	r2, #4
	orrs	r0, r2
	str	r0, [r1]
	movs	r0, #16
	.loc	8 338 5                         @ ../../Library_BSP/StdDriver/src/clk.c:338:5
	bl	CLK_WaitClockReady
	ldr	r1, __arm_cp.10_6
	.loc	8 339 18                        @ ../../Library_BSP/StdDriver/src/clk.c:339:18
	ldr	r0, [r1]
	movs	r2, #7
	orrs	r0, r2
	str	r0, [r1]
	ldr	r1, __arm_cp.10_7
	.loc	8 340 18                        @ ../../Library_BSP/StdDriver/src/clk.c:340:18
	ldr	r0, [r1]
	movs	r2, #15
	bics	r0, r2
	str	r0, [r1]
	ldr	r0, __arm_cp.10_0
.Ltmp75:
	.loc	8 343 13                        @ ../../Library_BSP/StdDriver/src/clk.c:343:13
	ldr	r0, [r0]
.Ltmp76:
	.loc	8 343 8 is_stmt 0               @ ../../Library_BSP/StdDriver/src/clk.c:343:8
	lsls	r0, r0, #31
	cbz	r0, .LBB10_7
	b	.LBB10_6
.LBB10_6:
.Ltmp77:
	.loc	8 345 56 is_stmt 1              @ ../../Library_BSP/StdDriver/src/clk.c:345:56
	ldr	r1, [sp, #4]
	movs	r0, #0
	.loc	8 345 19 is_stmt 0              @ ../../Library_BSP/StdDriver/src/clk.c:345:19
	bl	CLK_EnablePLL
	.loc	8 345 17                        @ ../../Library_BSP/StdDriver/src/clk.c:345:17
	str	r0, [sp, #4]
	.loc	8 346 5 is_stmt 1               @ ../../Library_BSP/StdDriver/src/clk.c:346:5
	b	.LBB10_8
.Ltmp78:
.LBB10_7:
	.loc	8 350 57                        @ ../../Library_BSP/StdDriver/src/clk.c:350:57
	ldr	r1, [sp, #4]
	movs	r0, #1
	lsls	r0, r0, #19
	.loc	8 350 19 is_stmt 0              @ ../../Library_BSP/StdDriver/src/clk.c:350:19
	bl	CLK_EnablePLL
	.loc	8 350 17                        @ ../../Library_BSP/StdDriver/src/clk.c:350:17
	str	r0, [sp, #4]
	ldr	r0, __arm_cp.10_0
	.loc	8 353 27 is_stmt 1              @ ../../Library_BSP/StdDriver/src/clk.c:353:27
	ldr	r0, [r0]
	movs	r1, #16
	.loc	8 353 34 is_stmt 0              @ ../../Library_BSP/StdDriver/src/clk.c:353:34
	ands	r0, r1
	.loc	8 353 20                        @ ../../Library_BSP/StdDriver/src/clk.c:353:20
	str	r0, [sp]
	b	.LBB10_8
.Ltmp79:
.LBB10_8:
	.loc	8 0 20                          @ ../../Library_BSP/StdDriver/src/clk.c:0:20
	movs	r0, #2
	movs	r1, #0
	.loc	8 360 5 is_stmt 1               @ ../../Library_BSP/StdDriver/src/clk.c:360:5
	bl	CLK_SetHCLK
.Ltmp80:
	.loc	8 363 8                         @ ../../Library_BSP/StdDriver/src/clk.c:363:8
	ldr	r0, [sp]
.Ltmp81:
	.loc	8 363 8 is_stmt 0               @ ../../Library_BSP/StdDriver/src/clk.c:363:8
	cbnz	r0, .LBB10_10
	b	.LBB10_9
.LBB10_9:
	.loc	8 0 8                           @ ../../Library_BSP/StdDriver/src/clk.c:0:8
	ldr	r1, __arm_cp.10_5
.Ltmp82:
	.loc	8 365 21 is_stmt 1              @ ../../Library_BSP/StdDriver/src/clk.c:365:21
	ldr	r0, [r1]
	movs	r2, #4
	bics	r0, r2
	str	r0, [r1]
	.loc	8 366 5                         @ ../../Library_BSP/StdDriver/src/clk.c:366:5
	b	.LBB10_10
.Ltmp83:
.LBB10_10:
	.loc	8 369 12                        @ ../../Library_BSP/StdDriver/src/clk.c:369:12
	ldr	r0, [sp, #4]
	.loc	8 369 5 epilogue_begin is_stmt 0 @ ../../Library_BSP/StdDriver/src/clk.c:369:5
	add	sp, #8
	pop	{r7, pc}
.Ltmp84:
	.p2align	2
@ %bb.11:
	.loc	8 0 5                           @ ../../Library_BSP/StdDriver/src/clk.c:0:5
__arm_cp.10_0:
	.long	1073742416                      @ 0x40000250
.Lcpi_end29:
	.size	__arm_cp.10_0, .Lcpi_end29-__arm_cp.10_0
__arm_cp.10_1:
	.long	96000001                        @ 0x5b8d801
.Lcpi_end30:
	.size	__arm_cp.10_1, .Lcpi_end30-__arm_cp.10_1
__arm_cp.10_2:
	.long	23999999                        @ 0x16e35ff
.Lcpi_end31:
	.size	__arm_cp.10_2, .Lcpi_end31-__arm_cp.10_2
__arm_cp.10_3:
	.long	24000000                        @ 0x16e3600
.Lcpi_end32:
	.size	__arm_cp.10_3, .Lcpi_end32-__arm_cp.10_3
__arm_cp.10_4:
	.long	96000000                        @ 0x5b8d800
.Lcpi_end33:
	.size	__arm_cp.10_4, .Lcpi_end33-__arm_cp.10_4
__arm_cp.10_5:
	.long	1073742336                      @ 0x40000200
.Lcpi_end34:
	.size	__arm_cp.10_5, .Lcpi_end34-__arm_cp.10_5
__arm_cp.10_6:
	.long	1073742352                      @ 0x40000210
.Lcpi_end35:
	.size	__arm_cp.10_6, .Lcpi_end35-__arm_cp.10_6
__arm_cp.10_7:
	.long	1073742368                      @ 0x40000220
.Lcpi_end36:
	.size	__arm_cp.10_7, .Lcpi_end36-__arm_cp.10_7
.Lfunc_end10:
	.size	CLK_SetCoreClock, .Lfunc_end10-CLK_SetCoreClock
	.cfi_endproc
	.fnend
                                        @ -- End function
	.section	.text.CLK_WaitClockReady,"ax",%progbits
	.hidden	CLK_WaitClockReady              @ -- Begin function CLK_WaitClockReady
	.globl	CLK_WaitClockReady
	.p2align	2
	.type	CLK_WaitClockReady,%function
	.code	16                              @ @CLK_WaitClockReady
	.thumb_func
CLK_WaitClockReady:
.Lfunc_begin11:
	.loc	8 1042 0 is_stmt 1              @ ../../Library_BSP/StdDriver/src/clk.c:1042:0
	.fnstart
	.cfi_startproc
@ %bb.0:
	.pad	#12
	sub	sp, #12
	.cfi_def_cfa_offset 12
	str	r0, [sp, #8]
.Ltmp85:
	.loc	8 1043 30 prologue_end          @ ../../Library_BSP/StdDriver/src/clk.c:1043:30
	ldr	r0, __arm_cp.11_0
	ldr	r0, [r0]
	.loc	8 1043 45 is_stmt 0             @ ../../Library_BSP/StdDriver/src/clk.c:1043:45
	lsrs	r0, r0, #1
	.loc	8 1043 14                       @ ../../Library_BSP/StdDriver/src/clk.c:1043:14
	str	r0, [sp, #4]
	movs	r0, #1
	.loc	8 1044 14 is_stmt 1             @ ../../Library_BSP/StdDriver/src/clk.c:1044:14
	str	r0, [sp]
	.loc	8 1046 5                        @ ../../Library_BSP/StdDriver/src/clk.c:1046:5
	b	.LBB11_1
.LBB11_1:                               @ =>This Inner Loop Header: Depth=1
	.loc	8 0 5 is_stmt 0                 @ ../../Library_BSP/StdDriver/src/clk.c:0:5
	ldr	r0, __arm_cp.11_1
	.loc	8 1046 17                       @ ../../Library_BSP/StdDriver/src/clk.c:1046:17
	ldr	r0, [r0]
	.loc	8 1046 26                       @ ../../Library_BSP/StdDriver/src/clk.c:1046:26
	ldr	r1, [sp, #8]
	.loc	8 1046 24                       @ ../../Library_BSP/StdDriver/src/clk.c:1046:24
	ands	r0, r1
	.loc	8 1046 5                        @ ../../Library_BSP/StdDriver/src/clk.c:1046:5
	cmp	r0, r1
	beq	.LBB11_5
	b	.LBB11_2
.LBB11_2:                               @   in Loop: Header=BB11_1 Depth=1
.Ltmp86:
	.loc	8 1048 12 is_stmt 1             @ ../../Library_BSP/StdDriver/src/clk.c:1048:12
	ldr	r0, [sp, #4]
	subs	r0, r0, #1
	str	r0, [sp, #4]
.Ltmp87:
	.loc	8 1048 12 is_stmt 0             @ ../../Library_BSP/StdDriver/src/clk.c:1048:12
	cbnz	r0, .LBB11_4
	b	.LBB11_3
.LBB11_3:
	.loc	8 0 12                          @ ../../Library_BSP/StdDriver/src/clk.c:0:12
	movs	r0, #0
.Ltmp88:
	.loc	8 1050 20 is_stmt 1             @ ../../Library_BSP/StdDriver/src/clk.c:1050:20
	str	r0, [sp]
	.loc	8 1051 13                       @ ../../Library_BSP/StdDriver/src/clk.c:1051:13
	b	.LBB11_5
.Ltmp89:
.LBB11_4:                               @   in Loop: Header=BB11_1 Depth=1
	.loc	8 1046 5                        @ ../../Library_BSP/StdDriver/src/clk.c:1046:5
	b	.LBB11_1
.LBB11_5:
	.loc	8 1055 12                       @ ../../Library_BSP/StdDriver/src/clk.c:1055:12
	ldr	r0, [sp]
	.loc	8 1055 5 epilogue_begin is_stmt 0 @ ../../Library_BSP/StdDriver/src/clk.c:1055:5
	add	sp, #12
	bx	lr
.Ltmp90:
	.p2align	2
@ %bb.6:
	.loc	8 0 5                           @ ../../Library_BSP/StdDriver/src/clk.c:0:5
__arm_cp.11_0:
	.long	SystemCoreClock
.Lcpi_end37:
	.size	__arm_cp.11_0, .Lcpi_end37-__arm_cp.11_0
__arm_cp.11_1:
	.long	1073742416                      @ 0x40000250
.Lcpi_end38:
	.size	__arm_cp.11_1, .Lcpi_end38-__arm_cp.11_1
.Lfunc_end11:
	.size	CLK_WaitClockReady, .Lfunc_end11-CLK_WaitClockReady
	.cfi_endproc
	.cantunwind
	.fnend
                                        @ -- End function
	.section	.text.CLK_EnablePLL,"ax",%progbits
	.hidden	CLK_EnablePLL                   @ -- Begin function CLK_EnablePLL
	.globl	CLK_EnablePLL
	.p2align	2
	.type	CLK_EnablePLL,%function
	.code	16                              @ @CLK_EnablePLL
	.thumb_func
CLK_EnablePLL:
.Lfunc_begin12:
	.loc	8 897 0 is_stmt 1               @ ../../Library_BSP/StdDriver/src/clk.c:897:0
	.fnstart
	.cfi_startproc
@ %bb.0:
	.save	{r7, lr}
	push	{r7, lr}
	.cfi_def_cfa_offset 8
	.cfi_offset lr, -4
	.cfi_offset r7, -8
	.pad	#56
	sub	sp, #56
	.cfi_def_cfa_offset 64
	str	r0, [sp, #52]
	str	r1, [sp, #48]
	ldr	r1, __arm_cp.12_0
.Ltmp91:
	.loc	8 902 17 prologue_end           @ ../../Library_BSP/StdDriver/src/clk.c:902:17
	ldr	r0, [r1]
	movs	r2, #1
	lsls	r2, r2, #16
	orrs	r0, r2
	str	r0, [r1]
.Ltmp92:
	.loc	8 905 8                         @ ../../Library_BSP/StdDriver/src/clk.c:905:8
	ldr	r0, [sp, #52]
.Ltmp93:
	.loc	8 905 8 is_stmt 0               @ ../../Library_BSP/StdDriver/src/clk.c:905:8
	cbnz	r0, .LBB12_2
	b	.LBB12_1
.LBB12_1:
	.loc	8 0 8                           @ ../../Library_BSP/StdDriver/src/clk.c:0:8
	ldr	r2, __arm_cp.12_1
.Ltmp94:
	.loc	8 908 21 is_stmt 1              @ ../../Library_BSP/StdDriver/src/clk.c:908:21
	ldr	r1, [r2]
	movs	r0, #1
	orrs	r1, r0
	str	r1, [r2]
	.loc	8 911 9                         @ ../../Library_BSP/StdDriver/src/clk.c:911:9
	bl	CLK_WaitClockReady
	ldr	r0, __arm_cp.12_2
	.loc	8 914 22                        @ ../../Library_BSP/StdDriver/src/clk.c:914:22
	str	r0, [sp, #44]
	.loc	8 915 5                         @ ../../Library_BSP/StdDriver/src/clk.c:915:5
	b	.LBB12_3
.Ltmp95:
.LBB12_2:
	.loc	8 0 5 is_stmt 0                 @ ../../Library_BSP/StdDriver/src/clk.c:0:5
	ldr	r1, __arm_cp.12_1
.Ltmp96:
	.loc	8 921 21 is_stmt 1              @ ../../Library_BSP/StdDriver/src/clk.c:921:21
	ldr	r0, [r1]
	movs	r2, #4
	orrs	r0, r2
	str	r0, [r1]
	movs	r0, #16
	.loc	8 924 9                         @ ../../Library_BSP/StdDriver/src/clk.c:924:9
	bl	CLK_WaitClockReady
	ldr	r0, __arm_cp.12_2
	.loc	8 927 22                        @ ../../Library_BSP/StdDriver/src/clk.c:927:22
	str	r0, [sp, #44]
	b	.LBB12_3
.Ltmp97:
.LBB12_3:
	.loc	8 932 9                         @ ../../Library_BSP/StdDriver/src/clk.c:932:9
	ldr	r0, [sp, #48]
	ldr	r1, __arm_cp.12_3
	.loc	8 932 36 is_stmt 0              @ ../../Library_BSP/StdDriver/src/clk.c:932:36
	cmp	r0, r1
	bls	.LBB12_4
	b	.LBB12_35
.LBB12_4:
	.loc	8 932 40                        @ ../../Library_BSP/StdDriver/src/clk.c:932:40
	ldr	r0, [sp, #48]
	ldr	r1, __arm_cp.12_4
.Ltmp98:
	.loc	8 932 8                         @ ../../Library_BSP/StdDriver/src/clk.c:932:8
	cmp	r0, r1
	bhs	.LBB12_5
	b	.LBB12_35
.LBB12_5:
.Ltmp99:
	.loc	8 936 13 is_stmt 1              @ ../../Library_BSP/StdDriver/src/clk.c:936:13
	ldr	r0, [sp, #48]
	ldr	r1, __arm_cp.12_7
	.loc	8 936 38 is_stmt 0              @ ../../Library_BSP/StdDriver/src/clk.c:936:38
	cmp	r0, r1
	bhi	.LBB12_8
	b	.LBB12_6
.LBB12_6:
	.loc	8 936 42                        @ ../../Library_BSP/StdDriver/src/clk.c:936:42
	ldr	r0, [sp, #48]
	ldr	r1, __arm_cp.12_4
.Ltmp100:
	.loc	8 936 12                        @ ../../Library_BSP/StdDriver/src/clk.c:936:12
	cmp	r0, r1
	blo	.LBB12_8
	b	.LBB12_7
.LBB12_7:
	.loc	8 0 12                          @ ../../Library_BSP/StdDriver/src/clk.c:0:12
	movs	r0, #3
.Ltmp101:
	.loc	8 938 19 is_stmt 1              @ ../../Library_BSP/StdDriver/src/clk.c:938:19
	str	r0, [sp, #32]
	.loc	8 939 26                        @ ../../Library_BSP/StdDriver/src/clk.c:939:26
	ldr	r0, [sp, #48]
	.loc	8 939 37 is_stmt 0              @ ../../Library_BSP/StdDriver/src/clk.c:939:37
	lsls	r0, r0, #2
	.loc	8 939 24                        @ ../../Library_BSP/StdDriver/src/clk.c:939:24
	str	r0, [sp, #48]
	.loc	8 940 9 is_stmt 1               @ ../../Library_BSP/StdDriver/src/clk.c:940:9
	b	.LBB12_13
.Ltmp102:
.LBB12_8:
	.loc	8 941 18                        @ ../../Library_BSP/StdDriver/src/clk.c:941:18
	ldr	r0, [sp, #48]
	ldr	r1, __arm_cp.12_8
	.loc	8 941 43 is_stmt 0              @ ../../Library_BSP/StdDriver/src/clk.c:941:43
	cmp	r0, r1
	bhi	.LBB12_11
	b	.LBB12_9
.LBB12_9:
	.loc	8 941 47                        @ ../../Library_BSP/StdDriver/src/clk.c:941:47
	ldr	r0, [sp, #48]
	ldr	r1, __arm_cp.12_6
.Ltmp103:
	.loc	8 941 17                        @ ../../Library_BSP/StdDriver/src/clk.c:941:17
	cmp	r0, r1
	blo	.LBB12_11
	b	.LBB12_10
.LBB12_10:
	.loc	8 0 17                          @ ../../Library_BSP/StdDriver/src/clk.c:0:17
	movs	r0, #1
.Ltmp104:
	.loc	8 943 19 is_stmt 1              @ ../../Library_BSP/StdDriver/src/clk.c:943:19
	str	r0, [sp, #32]
	.loc	8 944 26                        @ ../../Library_BSP/StdDriver/src/clk.c:944:26
	ldr	r0, [sp, #48]
	.loc	8 944 37 is_stmt 0              @ ../../Library_BSP/StdDriver/src/clk.c:944:37
	lsls	r0, r0, #1
	.loc	8 944 24                        @ ../../Library_BSP/StdDriver/src/clk.c:944:24
	str	r0, [sp, #48]
	.loc	8 945 9 is_stmt 1               @ ../../Library_BSP/StdDriver/src/clk.c:945:9
	b	.LBB12_12
.Ltmp105:
.LBB12_11:
	.loc	8 0 9 is_stmt 0                 @ ../../Library_BSP/StdDriver/src/clk.c:0:9
	movs	r0, #0
.Ltmp106:
	.loc	8 948 19 is_stmt 1              @ ../../Library_BSP/StdDriver/src/clk.c:948:19
	str	r0, [sp, #32]
	b	.LBB12_12
.Ltmp107:
.LBB12_12:
	.loc	8 0 19 is_stmt 0                @ ../../Library_BSP/StdDriver/src/clk.c:0:19
	b	.LBB12_13
.LBB12_13:
	movs	r0, #3
	.loc	8 952 15 is_stmt 1              @ ../../Library_BSP/StdDriver/src/clk.c:952:15
	str	r0, [sp, #40]
	movs	r0, #0
	mvns	r1, r0
	.loc	8 955 16                        @ ../../Library_BSP/StdDriver/src/clk.c:955:16
	str	r1, [sp, #12]
	.loc	8 956 18                        @ ../../Library_BSP/StdDriver/src/clk.c:956:18
	str	r0, [sp, #4]
	.loc	8 957 18                        @ ../../Library_BSP/StdDriver/src/clk.c:957:18
	str	r0, [sp, #8]
	.loc	8 959 9                         @ ../../Library_BSP/StdDriver/src/clk.c:959:9
	b	.LBB12_14
.LBB12_14:                              @ =>This Loop Header: Depth=1
                                        @     Child Loop BB12_18 Depth 2
.Ltmp108:
	.loc	8 959 15 is_stmt 0              @ ../../Library_BSP/StdDriver/src/clk.c:959:15
	ldr	r0, [sp, #40]
.Ltmp109:
	.loc	8 959 9                         @ ../../Library_BSP/StdDriver/src/clk.c:959:9
	cmp	r0, #32
	bhi	.LBB12_34
	b	.LBB12_15
.LBB12_15:                              @   in Loop: Header=BB12_14 Depth=1
.Ltmp110:
	.loc	8 961 22 is_stmt 1              @ ../../Library_BSP/StdDriver/src/clk.c:961:22
	ldr	r0, [sp, #44]
	.loc	8 961 37 is_stmt 0              @ ../../Library_BSP/StdDriver/src/clk.c:961:37
	ldr	r1, [sp, #40]
	.loc	8 961 35                        @ ../../Library_BSP/StdDriver/src/clk.c:961:35
	udiv	r0, r0, r1
	.loc	8 961 20                        @ ../../Library_BSP/StdDriver/src/clk.c:961:20
	str	r0, [sp, #24]
.Ltmp111:
	.loc	8 962 17 is_stmt 1              @ ../../Library_BSP/StdDriver/src/clk.c:962:17
	ldr	r0, [sp, #24]
	ldr	r1, __arm_cp.12_9
	.loc	8 962 38 is_stmt 0              @ ../../Library_BSP/StdDriver/src/clk.c:962:38
	cmp	r0, r1
	blo	.LBB12_32
	b	.LBB12_16
.LBB12_16:                              @   in Loop: Header=BB12_14 Depth=1
	.loc	8 962 42                        @ ../../Library_BSP/StdDriver/src/clk.c:962:42
	ldr	r0, [sp, #24]
	ldr	r1, __arm_cp.12_10
.Ltmp112:
	.loc	8 962 16                        @ ../../Library_BSP/StdDriver/src/clk.c:962:16
	cmp	r0, r1
	bhi	.LBB12_32
	b	.LBB12_17
.LBB12_17:                              @   in Loop: Header=BB12_14 Depth=1
	.loc	8 0 16                          @ ../../Library_BSP/StdDriver/src/clk.c:0:16
	movs	r0, #2
.Ltmp113:
	.loc	8 964 27 is_stmt 1              @ ../../Library_BSP/StdDriver/src/clk.c:964:27
	str	r0, [sp, #36]
	.loc	8 964 21 is_stmt 0              @ ../../Library_BSP/StdDriver/src/clk.c:964:21
	b	.LBB12_18
.LBB12_18:                              @   Parent Loop BB12_14 Depth=1
                                        @ =>  This Inner Loop Header: Depth=2
.Ltmp114:
	.loc	8 964 34                        @ ../../Library_BSP/StdDriver/src/clk.c:964:34
	ldr	r0, [sp, #36]
	ldr	r1, __arm_cp.12_11
.Ltmp115:
	.loc	8 964 17                        @ ../../Library_BSP/StdDriver/src/clk.c:964:17
	cmp	r0, r1
	bhi	.LBB12_31
	b	.LBB12_19
.LBB12_19:                              @   in Loop: Header=BB12_18 Depth=2
.Ltmp116:
	.loc	8 966 32 is_stmt 1              @ ../../Library_BSP/StdDriver/src/clk.c:966:32
	ldr	r1, [sp, #24]
	.loc	8 966 41 is_stmt 0              @ ../../Library_BSP/StdDriver/src/clk.c:966:41
	ldr	r0, [sp, #36]
	.loc	8 966 39                        @ ../../Library_BSP/StdDriver/src/clk.c:966:39
	muls	r0, r1, r0
	.loc	8 966 48                        @ ../../Library_BSP/StdDriver/src/clk.c:966:48
	lsls	r0, r0, #1
	.loc	8 966 29                        @ ../../Library_BSP/StdDriver/src/clk.c:966:29
	str	r0, [sp, #20]
.Ltmp117:
	.loc	8 967 25 is_stmt 1              @ ../../Library_BSP/StdDriver/src/clk.c:967:25
	ldr	r0, [sp, #20]
	ldr	r1, __arm_cp.12_12
	.loc	8 967 48 is_stmt 0              @ ../../Library_BSP/StdDriver/src/clk.c:967:48
	cmp	r0, r1
	blo	.LBB12_29
	b	.LBB12_20
.LBB12_20:                              @   in Loop: Header=BB12_18 Depth=2
	.loc	8 967 52                        @ ../../Library_BSP/StdDriver/src/clk.c:967:52
	ldr	r0, [sp, #20]
	ldr	r1, __arm_cp.12_3
.Ltmp118:
	.loc	8 967 24                        @ ../../Library_BSP/StdDriver/src/clk.c:967:24
	cmp	r0, r1
	bhi	.LBB12_29
	b	.LBB12_21
.LBB12_21:                              @   in Loop: Header=BB12_18 Depth=2
.Ltmp119:
	.loc	8 969 36 is_stmt 1              @ ../../Library_BSP/StdDriver/src/clk.c:969:36
	ldr	r0, [sp, #20]
	.loc	8 969 46 is_stmt 0              @ ../../Library_BSP/StdDriver/src/clk.c:969:46
	ldr	r1, [sp, #48]
	.loc	8 969 35                        @ ../../Library_BSP/StdDriver/src/clk.c:969:35
	cmp	r0, r1
	bls	.LBB12_23
	b	.LBB12_22
.LBB12_22:                              @   in Loop: Header=BB12_18 Depth=2
	.loc	8 969 60                        @ ../../Library_BSP/StdDriver/src/clk.c:969:60
	ldr	r0, [sp, #20]
	.loc	8 969 70                        @ ../../Library_BSP/StdDriver/src/clk.c:969:70
	ldr	r1, [sp, #48]
	.loc	8 969 68                        @ ../../Library_BSP/StdDriver/src/clk.c:969:68
	subs	r0, r0, r1
	.loc	8 969 35                        @ ../../Library_BSP/StdDriver/src/clk.c:969:35
	str	r0, [sp]                        @ 4-byte Spill
	b	.LBB12_24
.LBB12_23:                              @   in Loop: Header=BB12_18 Depth=2
	.loc	8 969 83                        @ ../../Library_BSP/StdDriver/src/clk.c:969:83
	ldr	r0, [sp, #48]
	.loc	8 969 96                        @ ../../Library_BSP/StdDriver/src/clk.c:969:96
	ldr	r1, [sp, #20]
	.loc	8 969 94                        @ ../../Library_BSP/StdDriver/src/clk.c:969:94
	subs	r0, r0, r1
	.loc	8 969 35                        @ ../../Library_BSP/StdDriver/src/clk.c:969:35
	str	r0, [sp]                        @ 4-byte Spill
	b	.LBB12_24
.LBB12_24:                              @   in Loop: Header=BB12_18 Depth=2
	ldr	r0, [sp]                        @ 4-byte Reload
	.loc	8 969 33                        @ ../../Library_BSP/StdDriver/src/clk.c:969:33
	str	r0, [sp, #16]
.Ltmp120:
	.loc	8 970 28 is_stmt 1              @ ../../Library_BSP/StdDriver/src/clk.c:970:28
	ldr	r0, [sp, #16]
	.loc	8 970 38 is_stmt 0              @ ../../Library_BSP/StdDriver/src/clk.c:970:38
	ldr	r1, [sp, #12]
.Ltmp121:
	.loc	8 970 28                        @ ../../Library_BSP/StdDriver/src/clk.c:970:28
	cmp	r0, r1
	bhs	.LBB12_28
	b	.LBB12_25
.LBB12_25:                              @   in Loop: Header=BB12_18 Depth=2
.Ltmp122:
	.loc	8 972 38 is_stmt 1              @ ../../Library_BSP/StdDriver/src/clk.c:972:38
	ldr	r0, [sp, #16]
	.loc	8 972 36 is_stmt 0              @ ../../Library_BSP/StdDriver/src/clk.c:972:36
	str	r0, [sp, #12]
	.loc	8 973 40 is_stmt 1              @ ../../Library_BSP/StdDriver/src/clk.c:973:40
	ldr	r0, [sp, #40]
	.loc	8 973 38 is_stmt 0              @ ../../Library_BSP/StdDriver/src/clk.c:973:38
	str	r0, [sp, #4]
	.loc	8 974 40 is_stmt 1              @ ../../Library_BSP/StdDriver/src/clk.c:974:40
	ldr	r0, [sp, #36]
	.loc	8 974 38 is_stmt 0              @ ../../Library_BSP/StdDriver/src/clk.c:974:38
	str	r0, [sp, #8]
.Ltmp123:
	.loc	8 977 32 is_stmt 1              @ ../../Library_BSP/StdDriver/src/clk.c:977:32
	ldr	r0, [sp, #12]
.Ltmp124:
	.loc	8 977 32 is_stmt 0              @ ../../Library_BSP/StdDriver/src/clk.c:977:32
	cbnz	r0, .LBB12_27
	b	.LBB12_26
.LBB12_26:                              @   in Loop: Header=BB12_14 Depth=1
.Ltmp125:
	.loc	8 979 33 is_stmt 1              @ ../../Library_BSP/StdDriver/src/clk.c:979:33
	b	.LBB12_31
.Ltmp126:
.LBB12_27:                              @   in Loop: Header=BB12_18 Depth=2
	.loc	8 981 25                        @ ../../Library_BSP/StdDriver/src/clk.c:981:25
	b	.LBB12_28
.Ltmp127:
.LBB12_28:                              @   in Loop: Header=BB12_18 Depth=2
	.loc	8 982 21                        @ ../../Library_BSP/StdDriver/src/clk.c:982:21
	b	.LBB12_29
.Ltmp128:
.LBB12_29:                              @   in Loop: Header=BB12_18 Depth=2
	.loc	8 983 17                        @ ../../Library_BSP/StdDriver/src/clk.c:983:17
	b	.LBB12_30
.Ltmp129:
.LBB12_30:                              @   in Loop: Header=BB12_18 Depth=2
	.loc	8 964 55                        @ ../../Library_BSP/StdDriver/src/clk.c:964:55
	ldr	r0, [sp, #36]
	adds	r0, r0, #1
	str	r0, [sp, #36]
	.loc	8 964 17 is_stmt 0              @ ../../Library_BSP/StdDriver/src/clk.c:964:17
	b	.LBB12_18
.Ltmp130:
.LBB12_31:                              @   in Loop: Header=BB12_14 Depth=1
	.loc	8 984 13 is_stmt 1              @ ../../Library_BSP/StdDriver/src/clk.c:984:13
	b	.LBB12_32
.Ltmp131:
.LBB12_32:                              @   in Loop: Header=BB12_14 Depth=1
	.loc	8 985 9                         @ ../../Library_BSP/StdDriver/src/clk.c:985:9
	b	.LBB12_33
.Ltmp132:
.LBB12_33:                              @   in Loop: Header=BB12_14 Depth=1
	.loc	8 959 35                        @ ../../Library_BSP/StdDriver/src/clk.c:959:35
	ldr	r0, [sp, #40]
	adds	r0, r0, #1
	str	r0, [sp, #40]
	.loc	8 959 9 is_stmt 0               @ ../../Library_BSP/StdDriver/src/clk.c:959:9
	b	.LBB12_14
.Ltmp133:
.LBB12_34:
	.loc	8 988 23 is_stmt 1              @ ../../Library_BSP/StdDriver/src/clk.c:988:23
	ldr	r0, [sp, #52]
	.loc	8 989 24                        @ ../../Library_BSP/StdDriver/src/clk.c:989:24
	ldr	r1, [sp, #32]
	.loc	8 989 30 is_stmt 0              @ ../../Library_BSP/StdDriver/src/clk.c:989:30
	lsls	r1, r1, #14
	.loc	8 988 36 is_stmt 1              @ ../../Library_BSP/StdDriver/src/clk.c:988:36
	orrs	r0, r1
	.loc	8 990 25                        @ ../../Library_BSP/StdDriver/src/clk.c:990:25
	ldr	r1, [sp, #4]
	.loc	8 990 34 is_stmt 0              @ ../../Library_BSP/StdDriver/src/clk.c:990:34
	lsls	r1, r1, #9
	.loc	8 990 41                        @ ../../Library_BSP/StdDriver/src/clk.c:990:41
	movw	r2, #512
	subs	r1, r1, r2
	.loc	8 989 56 is_stmt 1              @ ../../Library_BSP/StdDriver/src/clk.c:989:56
	orrs	r0, r1
	.loc	8 991 25                        @ ../../Library_BSP/StdDriver/src/clk.c:991:25
	ldr	r1, [sp, #8]
	.loc	8 991 34 is_stmt 0              @ ../../Library_BSP/StdDriver/src/clk.c:991:34
	subs	r1, r1, #2
	.loc	8 990 66 is_stmt 1              @ ../../Library_BSP/StdDriver/src/clk.c:990:66
	orrs	r0, r1
	ldr	r1, __arm_cp.12_0
	.loc	8 988 21                        @ ../../Library_BSP/StdDriver/src/clk.c:988:21
	str	r0, [r1]
	.loc	8 994 21                        @ ../../Library_BSP/StdDriver/src/clk.c:994:21
	ldr	r0, [sp, #44]
	.loc	8 994 38 is_stmt 0              @ ../../Library_BSP/StdDriver/src/clk.c:994:38
	ldr	r1, [sp, #32]
	.loc	8 994 44                        @ ../../Library_BSP/StdDriver/src/clk.c:994:44
	adds	r2, r1, #1
	.loc	8 994 53                        @ ../../Library_BSP/StdDriver/src/clk.c:994:53
	ldr	r1, [sp, #4]
	.loc	8 994 51                        @ ../../Library_BSP/StdDriver/src/clk.c:994:51
	muls	r1, r2, r1
	.loc	8 994 34                        @ ../../Library_BSP/StdDriver/src/clk.c:994:34
	udiv	r0, r0, r1
	.loc	8 994 66                        @ ../../Library_BSP/StdDriver/src/clk.c:994:66
	ldr	r1, [sp, #8]
	.loc	8 994 63                        @ ../../Library_BSP/StdDriver/src/clk.c:994:63
	muls	r0, r1, r0
	lsls	r0, r0, #1
	.loc	8 994 19                        @ ../../Library_BSP/StdDriver/src/clk.c:994:19
	str	r0, [sp, #28]
	.loc	8 996 5 is_stmt 1               @ ../../Library_BSP/StdDriver/src/clk.c:996:5
	b	.LBB12_36
.Ltmp134:
.LBB12_35:
	.loc	8 1000 23                       @ ../../Library_BSP/StdDriver/src/clk.c:1000:23
	ldr	r0, [sp, #52]
	ldr	r1, __arm_cp.12_5
	.loc	8 1000 36 is_stmt 0             @ ../../Library_BSP/StdDriver/src/clk.c:1000:36
	orrs	r0, r1
	ldr	r1, __arm_cp.12_0
	.loc	8 1000 21                       @ ../../Library_BSP/StdDriver/src/clk.c:1000:21
	str	r0, [r1]
	ldr	r0, __arm_cp.12_6
	.loc	8 1003 19 is_stmt 1             @ ../../Library_BSP/StdDriver/src/clk.c:1003:19
	str	r0, [sp, #28]
	b	.LBB12_36
.Ltmp135:
.LBB12_36:
	.loc	8 0 19 is_stmt 0                @ ../../Library_BSP/StdDriver/src/clk.c:0:19
	movs	r0, #4
	.loc	8 1007 5 is_stmt 1              @ ../../Library_BSP/StdDriver/src/clk.c:1007:5
	bl	CLK_WaitClockReady
	.loc	8 1010 12                       @ ../../Library_BSP/StdDriver/src/clk.c:1010:12
	ldr	r0, [sp, #28]
	.loc	8 1010 5 epilogue_begin is_stmt 0 @ ../../Library_BSP/StdDriver/src/clk.c:1010:5
	add	sp, #56
	pop	{r7, pc}
.Ltmp136:
	.p2align	2
@ %bb.37:
	.loc	8 0 5                           @ ../../Library_BSP/StdDriver/src/clk.c:0:5
__arm_cp.12_0:
	.long	1073742400                      @ 0x40000240
.Lcpi_end39:
	.size	__arm_cp.12_0, .Lcpi_end39-__arm_cp.12_0
__arm_cp.12_1:
	.long	1073742336                      @ 0x40000200
.Lcpi_end40:
	.size	__arm_cp.12_1, .Lcpi_end40-__arm_cp.12_1
__arm_cp.12_2:
	.long	12000000                        @ 0xb71b00
.Lcpi_end41:
	.size	__arm_cp.12_2, .Lcpi_end41-__arm_cp.12_2
__arm_cp.12_3:
	.long	200000000                       @ 0xbebc200
.Lcpi_end42:
	.size	__arm_cp.12_3, .Lcpi_end42-__arm_cp.12_3
__arm_cp.12_4:
	.long	24000000                        @ 0x16e3600
.Lcpi_end43:
	.size	__arm_cp.12_4, .Lcpi_end43-__arm_cp.12_4
__arm_cp.12_5:
	.long	49678                           @ 0xc20e
.Lcpi_end44:
	.size	__arm_cp.12_5, .Lcpi_end44-__arm_cp.12_5
__arm_cp.12_6:
	.long	48000000                        @ 0x2dc6c00
.Lcpi_end45:
	.size	__arm_cp.12_6, .Lcpi_end45-__arm_cp.12_6
__arm_cp.12_7:
	.long	47999999                        @ 0x2dc6bff
.Lcpi_end46:
	.size	__arm_cp.12_7, .Lcpi_end46-__arm_cp.12_7
__arm_cp.12_8:
	.long	95999999                        @ 0x5b8d7ff
.Lcpi_end47:
	.size	__arm_cp.12_8, .Lcpi_end47-__arm_cp.12_8
__arm_cp.12_9:
	.long	2000000                         @ 0x1e8480
.Lcpi_end48:
	.size	__arm_cp.12_9, .Lcpi_end48-__arm_cp.12_9
__arm_cp.12_10:
	.long	8000000                         @ 0x7a1200
.Lcpi_end49:
	.size	__arm_cp.12_10, .Lcpi_end49-__arm_cp.12_10
__arm_cp.12_11:
	.long	513                             @ 0x201
.Lcpi_end50:
	.size	__arm_cp.12_11, .Lcpi_end50-__arm_cp.12_11
__arm_cp.12_12:
	.long	96000000                        @ 0x5b8d800
.Lcpi_end51:
	.size	__arm_cp.12_12, .Lcpi_end51-__arm_cp.12_12
.Lfunc_end12:
	.size	CLK_EnablePLL, .Lfunc_end12-CLK_EnablePLL
	.cfi_endproc
	.fnend
                                        @ -- End function
	.section	.text.CLK_SetHCLK,"ax",%progbits
	.hidden	CLK_SetHCLK                     @ -- Begin function CLK_SetHCLK
	.globl	CLK_SetHCLK
	.p2align	2
	.type	CLK_SetHCLK,%function
	.code	16                              @ @CLK_SetHCLK
	.thumb_func
CLK_SetHCLK:
.Lfunc_begin13:
	.loc	8 391 0 is_stmt 1               @ ../../Library_BSP/StdDriver/src/clk.c:391:0
	.fnstart
	.cfi_startproc
@ %bb.0:
	.save	{r7, lr}
	push	{r7, lr}
	.cfi_def_cfa_offset 8
	.cfi_offset lr, -4
	.cfi_offset r7, -8
	.pad	#16
	sub	sp, #16
	.cfi_def_cfa_offset 24
	str	r0, [sp, #12]
	str	r1, [sp, #8]
	ldr	r0, __arm_cp.13_0
.Ltmp137:
	.loc	8 395 23 prologue_end           @ ../../Library_BSP/StdDriver/src/clk.c:395:23
	ldr	r1, [r0]
	movs	r0, #16
	.loc	8 395 30 is_stmt 0              @ ../../Library_BSP/StdDriver/src/clk.c:395:30
	ands	r1, r0
	.loc	8 395 16                        @ ../../Library_BSP/StdDriver/src/clk.c:395:16
	str	r1, [sp, #4]
	ldr	r2, __arm_cp.13_1
	.loc	8 398 17 is_stmt 1              @ ../../Library_BSP/StdDriver/src/clk.c:398:17
	ldr	r1, [r2]
	movs	r3, #4
	orrs	r1, r3
	str	r1, [r2]
	.loc	8 399 5                         @ ../../Library_BSP/StdDriver/src/clk.c:399:5
	bl	CLK_WaitClockReady
	ldr	r1, __arm_cp.13_2
	.loc	8 400 18                        @ ../../Library_BSP/StdDriver/src/clk.c:400:18
	ldr	r0, [r1]
	movs	r2, #7
	orrs	r0, r2
	str	r0, [r1]
	.loc	8 403 21                        @ ../../Library_BSP/StdDriver/src/clk.c:403:21
	ldr	r0, __arm_cp.13_3
	ldr	r0, [r0]
	.loc	8 403 19 is_stmt 0              @ ../../Library_BSP/StdDriver/src/clk.c:403:19
	str	r0, [sp]
	.loc	8 404 5 is_stmt 1               @ ../../Library_BSP/StdDriver/src/clk.c:404:5
	b	.LBB13_1
.LBB13_1:                               @ =>This Inner Loop Header: Depth=1
	.loc	8 0 5 is_stmt 0                 @ ../../Library_BSP/StdDriver/src/clk.c:0:5
	ldr	r0, __arm_cp.13_4
	.loc	8 404 16                        @ ../../Library_BSP/StdDriver/src/clk.c:404:16
	ldr	r0, [r0]
	.loc	8 404 5                         @ ../../Library_BSP/StdDriver/src/clk.c:404:5
	lsls	r0, r0, #24
	cmp	r0, #0
	bpl	.LBB13_5
	b	.LBB13_2
.LBB13_2:                               @   in Loop: Header=BB13_1 Depth=1
.Ltmp138:
	.loc	8 405 12 is_stmt 1              @ ../../Library_BSP/StdDriver/src/clk.c:405:12
	ldr	r0, [sp]
	subs	r0, r0, #1
	str	r0, [sp]
.Ltmp139:
	.loc	8 405 12 is_stmt 0              @ ../../Library_BSP/StdDriver/src/clk.c:405:12
	cbnz	r0, .LBB13_4
	b	.LBB13_3
.LBB13_3:
.Ltmp140:
	.loc	8 405 34                        @ ../../Library_BSP/StdDriver/src/clk.c:405:34
	b	.LBB13_5
.Ltmp141:
.LBB13_4:                               @   in Loop: Header=BB13_1 Depth=1
	.loc	8 404 5 is_stmt 1               @ ../../Library_BSP/StdDriver/src/clk.c:404:5
	b	.LBB13_1
.LBB13_5:
	.loc	8 0 5 is_stmt 0                 @ ../../Library_BSP/StdDriver/src/clk.c:0:5
	ldr	r1, __arm_cp.13_4
	.loc	8 406 24 is_stmt 1              @ ../../Library_BSP/StdDriver/src/clk.c:406:24
	ldr	r0, [r1]
	movs	r2, #3
	.loc	8 406 30 is_stmt 0              @ ../../Library_BSP/StdDriver/src/clk.c:406:30
	bics	r0, r2
	.loc	8 406 16                        @ ../../Library_BSP/StdDriver/src/clk.c:406:16
	str	r0, [r1]
	.loc	8 407 21 is_stmt 1              @ ../../Library_BSP/StdDriver/src/clk.c:407:21
	ldr	r0, __arm_cp.13_3
	ldr	r0, [r0]
	.loc	8 407 19 is_stmt 0              @ ../../Library_BSP/StdDriver/src/clk.c:407:19
	str	r0, [sp]
	.loc	8 408 5 is_stmt 1               @ ../../Library_BSP/StdDriver/src/clk.c:408:5
	b	.LBB13_6
.LBB13_6:                               @ =>This Inner Loop Header: Depth=1
	.loc	8 0 5 is_stmt 0                 @ ../../Library_BSP/StdDriver/src/clk.c:0:5
	ldr	r0, __arm_cp.13_5
	.loc	8 408 16                        @ ../../Library_BSP/StdDriver/src/clk.c:408:16
	ldr	r0, [r0]
	.loc	8 408 5                         @ ../../Library_BSP/StdDriver/src/clk.c:408:5
	lsls	r0, r0, #31
	cbz	r0, .LBB13_10
	b	.LBB13_7
.LBB13_7:                               @   in Loop: Header=BB13_6 Depth=1
.Ltmp142:
	.loc	8 409 12 is_stmt 1              @ ../../Library_BSP/StdDriver/src/clk.c:409:12
	ldr	r0, [sp]
	subs	r0, r0, #1
	str	r0, [sp]
.Ltmp143:
	.loc	8 409 12 is_stmt 0              @ ../../Library_BSP/StdDriver/src/clk.c:409:12
	cbnz	r0, .LBB13_9
	b	.LBB13_8
.LBB13_8:
.Ltmp144:
	.loc	8 409 34                        @ ../../Library_BSP/StdDriver/src/clk.c:409:34
	b	.LBB13_10
.Ltmp145:
.LBB13_9:                               @   in Loop: Header=BB13_6 Depth=1
	.loc	8 408 5 is_stmt 1               @ ../../Library_BSP/StdDriver/src/clk.c:408:5
	b	.LBB13_6
.LBB13_10:
	.loc	8 0 5 is_stmt 0                 @ ../../Library_BSP/StdDriver/src/clk.c:0:5
	ldr	r1, __arm_cp.13_6
	.loc	8 412 25 is_stmt 1              @ ../../Library_BSP/StdDriver/src/clk.c:412:25
	ldr	r0, [r1]
	movs	r2, #4
	.loc	8 412 32 is_stmt 0              @ ../../Library_BSP/StdDriver/src/clk.c:412:32
	orrs	r0, r2
	movs	r2, #11
	.loc	8 412 59                        @ ../../Library_BSP/StdDriver/src/clk.c:412:59
	bics	r0, r2
	.loc	8 412 17                        @ ../../Library_BSP/StdDriver/src/clk.c:412:17
	str	r0, [r1]
	ldr	r1, __arm_cp.13_7
	.loc	8 415 26 is_stmt 1              @ ../../Library_BSP/StdDriver/src/clk.c:415:26
	ldr	r0, [r1]
	movs	r2, #15
	.loc	8 415 34 is_stmt 0              @ ../../Library_BSP/StdDriver/src/clk.c:415:34
	bics	r0, r2
	.loc	8 415 66                        @ ../../Library_BSP/StdDriver/src/clk.c:415:66
	ldr	r2, [sp, #8]
	.loc	8 415 64                        @ ../../Library_BSP/StdDriver/src/clk.c:415:64
	orrs	r0, r2
	.loc	8 415 18                        @ ../../Library_BSP/StdDriver/src/clk.c:415:18
	str	r0, [r1]
	ldr	r1, __arm_cp.13_2
	.loc	8 418 26 is_stmt 1              @ ../../Library_BSP/StdDriver/src/clk.c:418:26
	ldr	r0, [r1]
	movs	r2, #7
	.loc	8 418 34 is_stmt 0              @ ../../Library_BSP/StdDriver/src/clk.c:418:34
	bics	r0, r2
	.loc	8 418 66                        @ ../../Library_BSP/StdDriver/src/clk.c:418:66
	ldr	r2, [sp, #12]
	.loc	8 418 64                        @ ../../Library_BSP/StdDriver/src/clk.c:418:64
	orrs	r0, r2
	.loc	8 418 18                        @ ../../Library_BSP/StdDriver/src/clk.c:418:18
	str	r0, [r1]
	.loc	8 421 5 is_stmt 1               @ ../../Library_BSP/StdDriver/src/clk.c:421:5
	bl	SystemCoreClockUpdate
	.loc	8 424 21                        @ ../../Library_BSP/StdDriver/src/clk.c:424:21
	ldr	r0, __arm_cp.13_3
	ldr	r0, [r0]
	.loc	8 424 19 is_stmt 0              @ ../../Library_BSP/StdDriver/src/clk.c:424:19
	str	r0, [sp]
	.loc	8 425 5 is_stmt 1               @ ../../Library_BSP/StdDriver/src/clk.c:425:5
	b	.LBB13_11
.LBB13_11:                              @ =>This Inner Loop Header: Depth=1
	.loc	8 0 5 is_stmt 0                 @ ../../Library_BSP/StdDriver/src/clk.c:0:5
	ldr	r0, __arm_cp.13_4
	.loc	8 425 16                        @ ../../Library_BSP/StdDriver/src/clk.c:425:16
	ldr	r0, [r0]
	.loc	8 425 5                         @ ../../Library_BSP/StdDriver/src/clk.c:425:5
	lsls	r0, r0, #24
	cmp	r0, #0
	bpl	.LBB13_15
	b	.LBB13_12
.LBB13_12:                              @   in Loop: Header=BB13_11 Depth=1
.Ltmp146:
	.loc	8 426 12 is_stmt 1              @ ../../Library_BSP/StdDriver/src/clk.c:426:12
	ldr	r0, [sp]
	subs	r0, r0, #1
	str	r0, [sp]
.Ltmp147:
	.loc	8 426 12 is_stmt 0              @ ../../Library_BSP/StdDriver/src/clk.c:426:12
	cbnz	r0, .LBB13_14
	b	.LBB13_13
.LBB13_13:
.Ltmp148:
	.loc	8 426 34                        @ ../../Library_BSP/StdDriver/src/clk.c:426:34
	b	.LBB13_15
.Ltmp149:
.LBB13_14:                              @   in Loop: Header=BB13_11 Depth=1
	.loc	8 425 5 is_stmt 1               @ ../../Library_BSP/StdDriver/src/clk.c:425:5
	b	.LBB13_11
.LBB13_15:
.Ltmp150:
	.loc	8 427 9                         @ ../../Library_BSP/StdDriver/src/clk.c:427:9
	ldr	r0, __arm_cp.13_3
	ldr	r0, [r0]
	ldr	r1, __arm_cp.13_8
	.loc	8 427 39 is_stmt 0              @ ../../Library_BSP/StdDriver/src/clk.c:427:39
	cmp	r0, r1
	blo	.LBB13_18
	b	.LBB13_16
.LBB13_16:
	.loc	8 427 42                        @ ../../Library_BSP/StdDriver/src/clk.c:427:42
	ldr	r0, __arm_cp.13_3
	ldr	r0, [r0]
	ldr	r1, __arm_cp.13_9
.Ltmp151:
	.loc	8 427 8                         @ ../../Library_BSP/StdDriver/src/clk.c:427:8
	cmp	r0, r1
	bhi	.LBB13_18
	b	.LBB13_17
.LBB13_17:
	.loc	8 0 8                           @ ../../Library_BSP/StdDriver/src/clk.c:0:8
	ldr	r1, __arm_cp.13_4
.Ltmp152:
	.loc	8 429 28 is_stmt 1              @ ../../Library_BSP/StdDriver/src/clk.c:429:28
	ldr	r0, [r1]
	movs	r2, #1
	.loc	8 429 34 is_stmt 0              @ ../../Library_BSP/StdDriver/src/clk.c:429:34
	orrs	r0, r2
	movs	r2, #2
	.loc	8 429 60                        @ ../../Library_BSP/StdDriver/src/clk.c:429:60
	bics	r0, r2
	.loc	8 429 20                        @ ../../Library_BSP/StdDriver/src/clk.c:429:20
	str	r0, [r1]
	.loc	8 430 5 is_stmt 1               @ ../../Library_BSP/StdDriver/src/clk.c:430:5
	b	.LBB13_22
.Ltmp153:
.LBB13_18:
	.loc	8 431 14                        @ ../../Library_BSP/StdDriver/src/clk.c:431:14
	ldr	r0, __arm_cp.13_3
	ldr	r0, [r0]
	ldr	r1, __arm_cp.13_10
	.loc	8 431 43 is_stmt 0              @ ../../Library_BSP/StdDriver/src/clk.c:431:43
	cmp	r0, r1
	blo	.LBB13_21
	b	.LBB13_19
.LBB13_19:
	.loc	8 431 46                        @ ../../Library_BSP/StdDriver/src/clk.c:431:46
	ldr	r0, __arm_cp.13_3
	ldr	r0, [r0]
	ldr	r1, __arm_cp.13_11
.Ltmp154:
	.loc	8 431 13                        @ ../../Library_BSP/StdDriver/src/clk.c:431:13
	cmp	r0, r1
	bhi	.LBB13_21
	b	.LBB13_20
.LBB13_20:
	.loc	8 0 13                          @ ../../Library_BSP/StdDriver/src/clk.c:0:13
	ldr	r1, __arm_cp.13_4
.Ltmp155:
	.loc	8 433 28 is_stmt 1              @ ../../Library_BSP/StdDriver/src/clk.c:433:28
	ldr	r0, [r1]
	movs	r2, #2
	.loc	8 433 34 is_stmt 0              @ ../../Library_BSP/StdDriver/src/clk.c:433:34
	orrs	r0, r2
	movs	r2, #1
	.loc	8 433 60                        @ ../../Library_BSP/StdDriver/src/clk.c:433:60
	bics	r0, r2
	.loc	8 433 20                        @ ../../Library_BSP/StdDriver/src/clk.c:433:20
	str	r0, [r1]
	.loc	8 434 5 is_stmt 1               @ ../../Library_BSP/StdDriver/src/clk.c:434:5
	b	.LBB13_21
.Ltmp156:
.LBB13_21:
	.loc	8 0 5 is_stmt 0                 @ ../../Library_BSP/StdDriver/src/clk.c:0:5
	b	.LBB13_22
.LBB13_22:
.Ltmp157:
	.loc	8 435 8 is_stmt 1               @ ../../Library_BSP/StdDriver/src/clk.c:435:8
	ldr	r0, __arm_cp.13_3
	ldr	r0, [r0]
	ldr	r1, __arm_cp.13_12
.Ltmp158:
	.loc	8 435 8 is_stmt 0               @ ../../Library_BSP/StdDriver/src/clk.c:435:8
	cmp	r0, r1
	bhi	.LBB13_24
	b	.LBB13_23
.LBB13_23:
	.loc	8 0 8                           @ ../../Library_BSP/StdDriver/src/clk.c:0:8
	ldr	r1, __arm_cp.13_4
.Ltmp159:
	.loc	8 437 28 is_stmt 1              @ ../../Library_BSP/StdDriver/src/clk.c:437:28
	ldr	r0, [r1]
	movs	r2, #3
	.loc	8 437 60 is_stmt 0              @ ../../Library_BSP/StdDriver/src/clk.c:437:60
	orrs	r0, r2
	.loc	8 437 20                        @ ../../Library_BSP/StdDriver/src/clk.c:437:20
	str	r0, [r1]
	.loc	8 438 5 is_stmt 1               @ ../../Library_BSP/StdDriver/src/clk.c:438:5
	b	.LBB13_24
.Ltmp160:
.LBB13_24:
	.loc	8 439 21                        @ ../../Library_BSP/StdDriver/src/clk.c:439:21
	ldr	r0, __arm_cp.13_3
	ldr	r0, [r0]
	.loc	8 439 19 is_stmt 0              @ ../../Library_BSP/StdDriver/src/clk.c:439:19
	str	r0, [sp]
	.loc	8 440 5 is_stmt 1               @ ../../Library_BSP/StdDriver/src/clk.c:440:5
	b	.LBB13_25
.LBB13_25:                              @ =>This Inner Loop Header: Depth=1
	.loc	8 0 5 is_stmt 0                 @ ../../Library_BSP/StdDriver/src/clk.c:0:5
	ldr	r0, __arm_cp.13_5
	.loc	8 440 16                        @ ../../Library_BSP/StdDriver/src/clk.c:440:16
	ldr	r0, [r0]
	.loc	8 440 5                         @ ../../Library_BSP/StdDriver/src/clk.c:440:5
	lsls	r0, r0, #31
	cbz	r0, .LBB13_29
	b	.LBB13_26
.LBB13_26:                              @   in Loop: Header=BB13_25 Depth=1
.Ltmp161:
	.loc	8 441 12 is_stmt 1              @ ../../Library_BSP/StdDriver/src/clk.c:441:12
	ldr	r0, [sp]
	subs	r0, r0, #1
	str	r0, [sp]
.Ltmp162:
	.loc	8 441 12 is_stmt 0              @ ../../Library_BSP/StdDriver/src/clk.c:441:12
	cbnz	r0, .LBB13_28
	b	.LBB13_27
.LBB13_27:
.Ltmp163:
	.loc	8 441 34                        @ ../../Library_BSP/StdDriver/src/clk.c:441:34
	b	.LBB13_29
.Ltmp164:
.LBB13_28:                              @   in Loop: Header=BB13_25 Depth=1
	.loc	8 440 5 is_stmt 1               @ ../../Library_BSP/StdDriver/src/clk.c:440:5
	b	.LBB13_25
.LBB13_29:
.Ltmp165:
	.loc	8 444 9                         @ ../../Library_BSP/StdDriver/src/clk.c:444:9
	ldr	r0, __arm_cp.13_3
	ldr	r0, [r0]
	ldr	r1, __arm_cp.13_13
	.loc	8 444 40 is_stmt 0              @ ../../Library_BSP/StdDriver/src/clk.c:444:40
	cmp	r0, r1
	blo	.LBB13_32
	b	.LBB13_30
.LBB13_30:
	.loc	8 444 43                        @ ../../Library_BSP/StdDriver/src/clk.c:444:43
	ldr	r0, __arm_cp.13_3
	ldr	r0, [r0]
	ldr	r1, __arm_cp.13_14
.Ltmp166:
	.loc	8 444 8                         @ ../../Library_BSP/StdDriver/src/clk.c:444:8
	cmp	r0, r1
	bhi	.LBB13_32
	b	.LBB13_31
.LBB13_31:
	.loc	8 0 8                           @ ../../Library_BSP/StdDriver/src/clk.c:0:8
	ldr	r1, __arm_cp.13_6
.Ltmp167:
	.loc	8 446 29 is_stmt 1              @ ../../Library_BSP/StdDriver/src/clk.c:446:29
	ldr	r0, [r1]
	movs	r2, #3
	.loc	8 446 36 is_stmt 0              @ ../../Library_BSP/StdDriver/src/clk.c:446:36
	orrs	r0, r2
	movs	r2, #12
	.loc	8 446 63                        @ ../../Library_BSP/StdDriver/src/clk.c:446:63
	bics	r0, r2
	.loc	8 446 21                        @ ../../Library_BSP/StdDriver/src/clk.c:446:21
	str	r0, [r1]
	.loc	8 447 5 is_stmt 1               @ ../../Library_BSP/StdDriver/src/clk.c:447:5
	b	.LBB13_36
.Ltmp168:
.LBB13_32:
	.loc	8 448 14                        @ ../../Library_BSP/StdDriver/src/clk.c:448:14
	ldr	r0, __arm_cp.13_3
	ldr	r0, [r0]
	ldr	r1, __arm_cp.13_15
	.loc	8 448 45 is_stmt 0              @ ../../Library_BSP/StdDriver/src/clk.c:448:45
	cmp	r0, r1
	blo	.LBB13_35
	b	.LBB13_33
.LBB13_33:
	.loc	8 448 48                        @ ../../Library_BSP/StdDriver/src/clk.c:448:48
	ldr	r0, __arm_cp.13_3
	ldr	r0, [r0]
	ldr	r1, __arm_cp.13_16
.Ltmp169:
	.loc	8 448 13                        @ ../../Library_BSP/StdDriver/src/clk.c:448:13
	cmp	r0, r1
	bhi	.LBB13_35
	b	.LBB13_34
.LBB13_34:
	.loc	8 0 13                          @ ../../Library_BSP/StdDriver/src/clk.c:0:13
	ldr	r1, __arm_cp.13_6
.Ltmp170:
	.loc	8 450 29 is_stmt 1              @ ../../Library_BSP/StdDriver/src/clk.c:450:29
	ldr	r0, [r1]
	movs	r2, #2
	.loc	8 450 36 is_stmt 0              @ ../../Library_BSP/StdDriver/src/clk.c:450:36
	orrs	r0, r2
	movs	r2, #13
	.loc	8 450 63                        @ ../../Library_BSP/StdDriver/src/clk.c:450:63
	bics	r0, r2
	.loc	8 450 21                        @ ../../Library_BSP/StdDriver/src/clk.c:450:21
	str	r0, [r1]
	.loc	8 451 5 is_stmt 1               @ ../../Library_BSP/StdDriver/src/clk.c:451:5
	b	.LBB13_35
.Ltmp171:
.LBB13_35:
	.loc	8 0 5 is_stmt 0                 @ ../../Library_BSP/StdDriver/src/clk.c:0:5
	b	.LBB13_36
.LBB13_36:
.Ltmp172:
	.loc	8 452 8 is_stmt 1               @ ../../Library_BSP/StdDriver/src/clk.c:452:8
	ldr	r0, __arm_cp.13_3
	ldr	r0, [r0]
	ldr	r1, __arm_cp.13_17
.Ltmp173:
	.loc	8 452 8 is_stmt 0               @ ../../Library_BSP/StdDriver/src/clk.c:452:8
	cmp	r0, r1
	bhi	.LBB13_38
	b	.LBB13_37
.LBB13_37:
	.loc	8 0 8                           @ ../../Library_BSP/StdDriver/src/clk.c:0:8
	ldr	r1, __arm_cp.13_6
.Ltmp174:
	.loc	8 454 29 is_stmt 1              @ ../../Library_BSP/StdDriver/src/clk.c:454:29
	ldr	r0, [r1]
	movs	r2, #1
	.loc	8 454 36 is_stmt 0              @ ../../Library_BSP/StdDriver/src/clk.c:454:36
	orrs	r0, r2
	movs	r2, #14
	.loc	8 454 63                        @ ../../Library_BSP/StdDriver/src/clk.c:454:63
	bics	r0, r2
	.loc	8 454 21                        @ ../../Library_BSP/StdDriver/src/clk.c:454:21
	str	r0, [r1]
	.loc	8 455 5 is_stmt 1               @ ../../Library_BSP/StdDriver/src/clk.c:455:5
	b	.LBB13_38
.Ltmp175:
.LBB13_38:
	.loc	8 458 8                         @ ../../Library_BSP/StdDriver/src/clk.c:458:8
	ldr	r0, [sp, #4]
.Ltmp176:
	.loc	8 458 8 is_stmt 0               @ ../../Library_BSP/StdDriver/src/clk.c:458:8
	cbnz	r0, .LBB13_40
	b	.LBB13_39
.LBB13_39:
	.loc	8 0 8                           @ ../../Library_BSP/StdDriver/src/clk.c:0:8
	ldr	r1, __arm_cp.13_1
.Ltmp177:
	.loc	8 460 21 is_stmt 1              @ ../../Library_BSP/StdDriver/src/clk.c:460:21
	ldr	r0, [r1]
	movs	r2, #4
	bics	r0, r2
	str	r0, [r1]
	.loc	8 461 5                         @ ../../Library_BSP/StdDriver/src/clk.c:461:5
	b	.LBB13_40
.Ltmp178:
.LBB13_40:
	.loc	8 462 1 epilogue_begin          @ ../../Library_BSP/StdDriver/src/clk.c:462:1
	add	sp, #16
	pop	{r7, pc}
.Ltmp179:
	.p2align	2
@ %bb.41:
	.loc	8 0 1 is_stmt 0                 @ ../../Library_BSP/StdDriver/src/clk.c:0:1
__arm_cp.13_0:
	.long	1073742416                      @ 0x40000250
.Lcpi_end52:
	.size	__arm_cp.13_0, .Lcpi_end52-__arm_cp.13_0
__arm_cp.13_1:
	.long	1073742336                      @ 0x40000200
.Lcpi_end53:
	.size	__arm_cp.13_1, .Lcpi_end53-__arm_cp.13_1
__arm_cp.13_2:
	.long	1073742352                      @ 0x40000210
.Lcpi_end54:
	.size	__arm_cp.13_2, .Lcpi_end54-__arm_cp.13_2
__arm_cp.13_3:
	.long	SystemCoreClock
.Lcpi_end55:
	.size	__arm_cp.13_3, .Lcpi_end55-__arm_cp.13_3
__arm_cp.13_4:
	.long	1073742328                      @ 0x400001f8
.Lcpi_end56:
	.size	__arm_cp.13_4, .Lcpi_end56-__arm_cp.13_4
__arm_cp.13_5:
	.long	1073742332                      @ 0x400001fc
.Lcpi_end57:
	.size	__arm_cp.13_5, .Lcpi_end57-__arm_cp.13_5
__arm_cp.13_6:
	.long	1073791052                      @ 0x4000c04c
.Lcpi_end58:
	.size	__arm_cp.13_6, .Lcpi_end58-__arm_cp.13_6
__arm_cp.13_7:
	.long	1073742368                      @ 0x40000220
.Lcpi_end59:
	.size	__arm_cp.13_7, .Lcpi_end59-__arm_cp.13_7
__arm_cp.13_8:
	.long	48000001                        @ 0x2dc6c01
.Lcpi_end60:
	.size	__arm_cp.13_8, .Lcpi_end60-__arm_cp.13_8
__arm_cp.13_9:
	.long	84000000                        @ 0x501bd00
.Lcpi_end61:
	.size	__arm_cp.13_9, .Lcpi_end61-__arm_cp.13_9
__arm_cp.13_10:
	.long	4000001                         @ 0x3d0901
.Lcpi_end62:
	.size	__arm_cp.13_10, .Lcpi_end62-__arm_cp.13_10
__arm_cp.13_11:
	.long	48000000                        @ 0x2dc6c00
.Lcpi_end63:
	.size	__arm_cp.13_11, .Lcpi_end63-__arm_cp.13_11
__arm_cp.13_12:
	.long	4000000                         @ 0x3d0900
.Lcpi_end64:
	.size	__arm_cp.13_12, .Lcpi_end64-__arm_cp.13_12
__arm_cp.13_13:
	.long	50000000                        @ 0x2faf080
.Lcpi_end65:
	.size	__arm_cp.13_13, .Lcpi_end65-__arm_cp.13_13
__arm_cp.13_14:
	.long	74999999                        @ 0x47868bf
.Lcpi_end66:
	.size	__arm_cp.13_14, .Lcpi_end66-__arm_cp.13_14
__arm_cp.13_15:
	.long	25000000                        @ 0x17d7840
.Lcpi_end67:
	.size	__arm_cp.13_15, .Lcpi_end67-__arm_cp.13_15
__arm_cp.13_16:
	.long	49999999                        @ 0x2faf07f
.Lcpi_end68:
	.size	__arm_cp.13_16, .Lcpi_end68-__arm_cp.13_16
__arm_cp.13_17:
	.long	24999999                        @ 0x17d783f
.Lcpi_end69:
	.size	__arm_cp.13_17, .Lcpi_end69-__arm_cp.13_17
.Lfunc_end13:
	.size	CLK_SetHCLK, .Lfunc_end13-CLK_SetHCLK
	.cfi_endproc
	.fnend
                                        @ -- End function
	.section	.text.CLK_SetModuleClock,"ax",%progbits
	.hidden	CLK_SetModuleClock              @ -- Begin function CLK_SetModuleClock
	.globl	CLK_SetModuleClock
	.p2align	2
	.type	CLK_SetModuleClock,%function
	.code	16                              @ @CLK_SetModuleClock
	.thumb_func
CLK_SetModuleClock:
.Lfunc_begin14:
	.loc	8 610 0 is_stmt 1               @ ../../Library_BSP/StdDriver/src/clk.c:610:0
	.fnstart
	.cfi_startproc
@ %bb.0:
	.pad	#56
	sub	sp, #56
	.cfi_def_cfa_offset 56
	str	r0, [sp, #52]
	str	r1, [sp, #48]
	str	r2, [sp, #44]
	movs	r0, #0
.Ltmp180:
	.loc	8 611 14 prologue_end           @ ../../Library_BSP/StdDriver/src/clk.c:611:14
	str	r0, [sp, #40]
	.loc	8 611 28 is_stmt 0              @ ../../Library_BSP/StdDriver/src/clk.c:611:28
	str	r0, [sp, #36]
	movs	r1, #12
	.loc	8 612 14 is_stmt 1              @ ../../Library_BSP/StdDriver/src/clk.c:612:14
	str	r1, [sp, #32]
	movs	r2, #8
	str	r2, [sp, #28]
	movs	r1, #4
	str	r1, [sp, #24]
	str	r0, [sp, #20]
	movs	r3, #16
	.loc	8 613 14                        @ ../../Library_BSP/StdDriver/src/clk.c:613:14
	str	r3, [sp, #16]
	str	r2, [sp, #12]
	str	r1, [sp, #8]
	str	r0, [sp, #4]
	ldr	r0, __arm_cp.14_0
	.loc	8 614 32                        @ ../../Library_BSP/StdDriver/src/clk.c:614:32
	ldr	r0, [r0]
	movs	r1, #2
	.loc	8 614 40 is_stmt 0              @ ../../Library_BSP/StdDriver/src/clk.c:614:40
	ands	r0, r1
	.loc	8 614 14                        @ ../../Library_BSP/StdDriver/src/clk.c:614:14
	str	r0, [sp]
.Ltmp181:
	.loc	8 616 8 is_stmt 1               @ ../../Library_BSP/StdDriver/src/clk.c:616:8
	ldr	r0, [sp, #52]
	ldr	r1, __arm_cp.14_1
.Ltmp182:
	.loc	8 616 8 is_stmt 0               @ ../../Library_BSP/StdDriver/src/clk.c:616:8
	cmp	r0, r1
	bne	.LBB14_6
	b	.LBB14_1
.LBB14_1:
.Ltmp183:
	.loc	8 618 12 is_stmt 1              @ ../../Library_BSP/StdDriver/src/clk.c:618:12
	ldr	r0, [sp]
.Ltmp184:
	.loc	8 618 12 is_stmt 0              @ ../../Library_BSP/StdDriver/src/clk.c:618:12
	cbnz	r0, .LBB14_3
	b	.LBB14_2
.LBB14_2:
	.loc	8 0 12                          @ ../../Library_BSP/StdDriver/src/clk.c:0:12
	ldr	r1, __arm_cp.14_0
.Ltmp185:
	.loc	8 620 26 is_stmt 1              @ ../../Library_BSP/StdDriver/src/clk.c:620:26
	ldr	r0, [r1]
	movs	r2, #2
	orrs	r0, r2
	str	r0, [r1]
	.loc	8 621 9                         @ ../../Library_BSP/StdDriver/src/clk.c:621:9
	b	.LBB14_3
.Ltmp186:
.LBB14_3:
	.loc	8 0 9 is_stmt 0                 @ ../../Library_BSP/StdDriver/src/clk.c:0:9
	ldr	r1, __arm_cp.14_4
	.loc	8 624 29 is_stmt 1              @ ../../Library_BSP/StdDriver/src/clk.c:624:29
	ldr	r0, [r1]
	movs	r2, #128
	.loc	8 624 36 is_stmt 0              @ ../../Library_BSP/StdDriver/src/clk.c:624:36
	bics	r0, r2
	.loc	8 624 69                        @ ../../Library_BSP/StdDriver/src/clk.c:624:69
	ldr	r2, [sp, #48]
	.loc	8 624 66                        @ ../../Library_BSP/StdDriver/src/clk.c:624:66
	orrs	r0, r2
	.loc	8 624 21                        @ ../../Library_BSP/StdDriver/src/clk.c:624:21
	str	r0, [r1]
.Ltmp187:
	.loc	8 626 12 is_stmt 1              @ ../../Library_BSP/StdDriver/src/clk.c:626:12
	ldr	r0, [sp]
.Ltmp188:
	.loc	8 626 12 is_stmt 0              @ ../../Library_BSP/StdDriver/src/clk.c:626:12
	cbnz	r0, .LBB14_5
	b	.LBB14_4
.LBB14_4:
	.loc	8 0 12                          @ ../../Library_BSP/StdDriver/src/clk.c:0:12
	ldr	r1, __arm_cp.14_0
.Ltmp189:
	.loc	8 628 26 is_stmt 1              @ ../../Library_BSP/StdDriver/src/clk.c:628:26
	ldr	r0, [r1]
	movs	r2, #2
	bics	r0, r2
	str	r0, [r1]
	.loc	8 629 9                         @ ../../Library_BSP/StdDriver/src/clk.c:629:9
	b	.LBB14_5
.Ltmp190:
.LBB14_5:
	.loc	8 631 5                         @ ../../Library_BSP/StdDriver/src/clk.c:631:5
	b	.LBB14_11
.Ltmp191:
.LBB14_6:
	.loc	8 634 12                        @ ../../Library_BSP/StdDriver/src/clk.c:634:12
	ldr	r0, [sp, #52]
	lsrs	r0, r0, #10
.Ltmp192:
	.loc	8 634 12 is_stmt 0              @ ../../Library_BSP/StdDriver/src/clk.c:634:12
	lsls	r0, r0, #24
	cbz	r0, .LBB14_8
	b	.LBB14_7
.LBB14_7:
	.loc	8 0 12                          @ ../../Library_BSP/StdDriver/src/clk.c:0:12
	add	r0, sp, #52
.Ltmp193:
	.loc	8 637 60 is_stmt 1              @ ../../Library_BSP/StdDriver/src/clk.c:637:60
	ldrh	r1, [r0, #2]
	movs	r0, #12
	.loc	8 637 49 is_stmt 0              @ ../../Library_BSP/StdDriver/src/clk.c:637:49
	ands	r1, r0
	add	r0, sp, #4
	ldr	r0, [r0, r1]
	ldr	r1, __arm_cp.14_2
	.loc	8 637 46                        @ ../../Library_BSP/StdDriver/src/clk.c:637:46
	adds	r0, r0, r1
	.loc	8 637 20                        @ ../../Library_BSP/StdDriver/src/clk.c:637:20
	str	r0, [sp, #36]
	.loc	8 639 28 is_stmt 1              @ ../../Library_BSP/StdDriver/src/clk.c:639:28
	ldr	r0, [sp, #36]
	ldr	r0, [r0]
	.loc	8 639 45 is_stmt 0              @ ../../Library_BSP/StdDriver/src/clk.c:639:45
	ldr	r2, [sp, #52]
	lsrs	r1, r2, #10
	uxtb	r1, r1
	.loc	8 639 80                        @ ../../Library_BSP/StdDriver/src/clk.c:639:80
	lsls	r2, r2, #22
	lsrs	r2, r2, #27
	.loc	8 639 77                        @ ../../Library_BSP/StdDriver/src/clk.c:639:77
	lsls	r1, r2
	.loc	8 639 40                        @ ../../Library_BSP/StdDriver/src/clk.c:639:40
	bics	r0, r1
	.loc	8 639 117                       @ ../../Library_BSP/StdDriver/src/clk.c:639:117
	ldr	r1, [sp, #44]
	.loc	8 639 115                       @ ../../Library_BSP/StdDriver/src/clk.c:639:115
	orrs	r0, r1
	.loc	8 639 13                        @ ../../Library_BSP/StdDriver/src/clk.c:639:13
	ldr	r1, [sp, #36]
	.loc	8 639 25                        @ ../../Library_BSP/StdDriver/src/clk.c:639:25
	str	r0, [r1]
	.loc	8 640 9 is_stmt 1               @ ../../Library_BSP/StdDriver/src/clk.c:640:9
	b	.LBB14_8
.Ltmp194:
.LBB14_8:
	.loc	8 642 12                        @ ../../Library_BSP/StdDriver/src/clk.c:642:12
	ldr	r0, [sp, #52]
	lsls	r0, r0, #4
	lsrs	r0, r0, #29
.Ltmp195:
	.loc	8 642 12 is_stmt 0              @ ../../Library_BSP/StdDriver/src/clk.c:642:12
	cbz	r0, .LBB14_10
	b	.LBB14_9
.LBB14_9:
.Ltmp196:
	.loc	8 645 60 is_stmt 1              @ ../../Library_BSP/StdDriver/src/clk.c:645:60
	ldr	r0, [sp, #52]
	.loc	8 645 49 is_stmt 0              @ ../../Library_BSP/StdDriver/src/clk.c:645:49
	lsrs	r1, r0, #26
	movs	r0, #12
	ands	r1, r0
	add	r0, sp, #20
	ldr	r0, [r0, r1]
	ldr	r1, __arm_cp.14_3
	.loc	8 645 46                        @ ../../Library_BSP/StdDriver/src/clk.c:645:46
	adds	r0, r0, r1
	.loc	8 645 20                        @ ../../Library_BSP/StdDriver/src/clk.c:645:20
	str	r0, [sp, #40]
	.loc	8 647 28 is_stmt 1              @ ../../Library_BSP/StdDriver/src/clk.c:647:28
	ldr	r0, [sp, #40]
	ldr	r0, [r0]
	.loc	8 647 45 is_stmt 0              @ ../../Library_BSP/StdDriver/src/clk.c:647:45
	ldr	r2, [sp, #52]
	lsls	r1, r2, #4
	lsrs	r1, r1, #29
	.loc	8 647 80                        @ ../../Library_BSP/StdDriver/src/clk.c:647:80
	lsls	r2, r2, #7
	lsrs	r2, r2, #27
	.loc	8 647 77                        @ ../../Library_BSP/StdDriver/src/clk.c:647:77
	lsls	r1, r2
	.loc	8 647 40                        @ ../../Library_BSP/StdDriver/src/clk.c:647:40
	bics	r0, r1
	.loc	8 647 117                       @ ../../Library_BSP/StdDriver/src/clk.c:647:117
	ldr	r1, [sp, #48]
	.loc	8 647 115                       @ ../../Library_BSP/StdDriver/src/clk.c:647:115
	orrs	r0, r1
	.loc	8 647 13                        @ ../../Library_BSP/StdDriver/src/clk.c:647:13
	ldr	r1, [sp, #40]
	.loc	8 647 25                        @ ../../Library_BSP/StdDriver/src/clk.c:647:25
	str	r0, [r1]
	.loc	8 648 9 is_stmt 1               @ ../../Library_BSP/StdDriver/src/clk.c:648:9
	b	.LBB14_10
.Ltmp197:
.LBB14_10:
	.loc	8 0 9 is_stmt 0                 @ ../../Library_BSP/StdDriver/src/clk.c:0:9
	b	.LBB14_11
.LBB14_11:
	.loc	8 650 1 epilogue_begin is_stmt 1 @ ../../Library_BSP/StdDriver/src/clk.c:650:1
	add	sp, #56
	bx	lr
.Ltmp198:
	.p2align	2
@ %bb.12:
	.loc	8 0 1 is_stmt 0                 @ ../../Library_BSP/StdDriver/src/clk.c:0:1
__arm_cp.14_0:
	.long	1073742344                      @ 0x40000208
.Lcpi_end70:
	.size	__arm_cp.14_0, .Lcpi_end70-__arm_cp.14_0
__arm_cp.14_1:
	.long	1073741825                      @ 0x40000001
.Lcpi_end71:
	.size	__arm_cp.14_1, .Lcpi_end71-__arm_cp.14_1
__arm_cp.14_2:
	.long	1073742368                      @ 0x40000220
.Lcpi_end72:
	.size	__arm_cp.14_2, .Lcpi_end72-__arm_cp.14_2
__arm_cp.14_3:
	.long	1073742352                      @ 0x40000210
.Lcpi_end73:
	.size	__arm_cp.14_3, .Lcpi_end73-__arm_cp.14_3
__arm_cp.14_4:
	.long	1074008320                      @ 0x40041100
.Lcpi_end74:
	.size	__arm_cp.14_4, .Lcpi_end74-__arm_cp.14_4
.Lfunc_end14:
	.size	CLK_SetModuleClock, .Lfunc_end14-CLK_SetModuleClock
	.cfi_endproc
	.cantunwind
	.fnend
                                        @ -- End function
	.section	.text.CLK_SetSysTickClockSrc,"ax",%progbits
	.hidden	CLK_SetSysTickClockSrc          @ -- Begin function CLK_SetSysTickClockSrc
	.globl	CLK_SetSysTickClockSrc
	.p2align	2
	.type	CLK_SetSysTickClockSrc,%function
	.code	16                              @ @CLK_SetSysTickClockSrc
	.thumb_func
CLK_SetSysTickClockSrc:
.Lfunc_begin15:
	.loc	8 665 0 is_stmt 1               @ ../../Library_BSP/StdDriver/src/clk.c:665:0
	.fnstart
	.cfi_startproc
@ %bb.0:
	.pad	#4
	sub	sp, #4
	.cfi_def_cfa_offset 4
	str	r0, [sp]
	ldr	r1, __arm_cp.15_0
.Ltmp199:
	.loc	8 666 26 prologue_end           @ ../../Library_BSP/StdDriver/src/clk.c:666:26
	ldr	r0, [r1]
	movs	r2, #56
	.loc	8 666 34 is_stmt 0              @ ../../Library_BSP/StdDriver/src/clk.c:666:34
	bics	r0, r2
	.loc	8 666 65                        @ ../../Library_BSP/StdDriver/src/clk.c:666:65
	ldr	r2, [sp]
	.loc	8 666 63                        @ ../../Library_BSP/StdDriver/src/clk.c:666:63
	orrs	r0, r2
	.loc	8 666 18                        @ ../../Library_BSP/StdDriver/src/clk.c:666:18
	str	r0, [r1]
	.loc	8 667 1 epilogue_begin is_stmt 1 @ ../../Library_BSP/StdDriver/src/clk.c:667:1
	add	sp, #4
	bx	lr
.Ltmp200:
	.p2align	2
@ %bb.1:
	.loc	8 0 1 is_stmt 0                 @ ../../Library_BSP/StdDriver/src/clk.c:0:1
__arm_cp.15_0:
	.long	1073742352                      @ 0x40000210
.Lcpi_end75:
	.size	__arm_cp.15_0, .Lcpi_end75-__arm_cp.15_0
.Lfunc_end15:
	.size	CLK_SetSysTickClockSrc, .Lfunc_end15-CLK_SetSysTickClockSrc
	.cfi_endproc
	.cantunwind
	.fnend
                                        @ -- End function
	.section	.text.CLK_EnableXtalRC,"ax",%progbits
	.hidden	CLK_EnableXtalRC                @ -- Begin function CLK_EnableXtalRC
	.globl	CLK_EnableXtalRC
	.p2align	2
	.type	CLK_EnableXtalRC,%function
	.code	16                              @ @CLK_EnableXtalRC
	.thumb_func
CLK_EnableXtalRC:
.Lfunc_begin16:
	.loc	8 684 0 is_stmt 1               @ ../../Library_BSP/StdDriver/src/clk.c:684:0
	.fnstart
	.cfi_startproc
@ %bb.0:
	.pad	#4
	sub	sp, #4
	.cfi_def_cfa_offset 4
	str	r0, [sp]
.Ltmp201:
	.loc	8 685 20 prologue_end           @ ../../Library_BSP/StdDriver/src/clk.c:685:20
	ldr	r2, [sp]
	ldr	r1, __arm_cp.16_0
	.loc	8 685 17 is_stmt 0              @ ../../Library_BSP/StdDriver/src/clk.c:685:17
	ldr	r0, [r1]
	orrs	r0, r2
	str	r0, [r1]
	.loc	8 686 1 epilogue_begin is_stmt 1 @ ../../Library_BSP/StdDriver/src/clk.c:686:1
	add	sp, #4
	bx	lr
.Ltmp202:
	.p2align	2
@ %bb.1:
	.loc	8 0 1 is_stmt 0                 @ ../../Library_BSP/StdDriver/src/clk.c:0:1
__arm_cp.16_0:
	.long	1073742336                      @ 0x40000200
.Lcpi_end76:
	.size	__arm_cp.16_0, .Lcpi_end76-__arm_cp.16_0
.Lfunc_end16:
	.size	CLK_EnableXtalRC, .Lfunc_end16-CLK_EnableXtalRC
	.cfi_endproc
	.cantunwind
	.fnend
                                        @ -- End function
	.section	.text.CLK_DisableXtalRC,"ax",%progbits
	.hidden	CLK_DisableXtalRC               @ -- Begin function CLK_DisableXtalRC
	.globl	CLK_DisableXtalRC
	.p2align	2
	.type	CLK_DisableXtalRC,%function
	.code	16                              @ @CLK_DisableXtalRC
	.thumb_func
CLK_DisableXtalRC:
.Lfunc_begin17:
	.loc	8 703 0 is_stmt 1               @ ../../Library_BSP/StdDriver/src/clk.c:703:0
	.fnstart
	.cfi_startproc
@ %bb.0:
	.pad	#4
	sub	sp, #4
	.cfi_def_cfa_offset 4
	str	r0, [sp]
.Ltmp203:
	.loc	8 704 21 prologue_end           @ ../../Library_BSP/StdDriver/src/clk.c:704:21
	ldr	r2, [sp]
	ldr	r1, __arm_cp.17_0
	.loc	8 704 17 is_stmt 0              @ ../../Library_BSP/StdDriver/src/clk.c:704:17
	ldr	r0, [r1]
	bics	r0, r2
	str	r0, [r1]
	.loc	8 705 1 epilogue_begin is_stmt 1 @ ../../Library_BSP/StdDriver/src/clk.c:705:1
	add	sp, #4
	bx	lr
.Ltmp204:
	.p2align	2
@ %bb.1:
	.loc	8 0 1 is_stmt 0                 @ ../../Library_BSP/StdDriver/src/clk.c:0:1
__arm_cp.17_0:
	.long	1073742336                      @ 0x40000200
.Lcpi_end77:
	.size	__arm_cp.17_0, .Lcpi_end77-__arm_cp.17_0
.Lfunc_end17:
	.size	CLK_DisableXtalRC, .Lfunc_end17-CLK_DisableXtalRC
	.cfi_endproc
	.cantunwind
	.fnend
                                        @ -- End function
	.section	.text.CLK_EnableModuleClock,"ax",%progbits
	.hidden	CLK_EnableModuleClock           @ -- Begin function CLK_EnableModuleClock
	.globl	CLK_EnableModuleClock
	.p2align	2
	.type	CLK_EnableModuleClock,%function
	.code	16                              @ @CLK_EnableModuleClock
	.thumb_func
CLK_EnableModuleClock:
.Lfunc_begin18:
	.loc	8 786 0 is_stmt 1               @ ../../Library_BSP/StdDriver/src/clk.c:786:0
	.fnstart
	.cfi_startproc
@ %bb.0:
	.pad	#12
	sub	sp, #12
	.cfi_def_cfa_offset 12
	str	r0, [sp, #8]
	movs	r0, #0
.Ltmp205:
	.loc	8 787 14 prologue_end           @ ../../Library_BSP/StdDriver/src/clk.c:787:14
	str	r0, [sp, #4]
	.loc	8 787 31 is_stmt 0              @ ../../Library_BSP/StdDriver/src/clk.c:787:31
	str	r0, [sp]
	.loc	8 789 25 is_stmt 1              @ ../../Library_BSP/StdDriver/src/clk.c:789:25
	ldr	r1, [sp, #8]
	movs	r0, #31
	ands	r1, r0
	movs	r0, #1
	.loc	8 789 22 is_stmt 0              @ ../../Library_BSP/StdDriver/src/clk.c:789:22
	lsls	r0, r1
	.loc	8 789 15                        @ ../../Library_BSP/StdDriver/src/clk.c:789:15
	str	r0, [sp, #4]
	ldr	r0, __arm_cp.18_0
	.loc	8 790 16 is_stmt 1              @ ../../Library_BSP/StdDriver/src/clk.c:790:16
	str	r0, [sp]
	.loc	8 791 21                        @ ../../Library_BSP/StdDriver/src/clk.c:791:21
	ldr	r0, [sp, #8]
	.loc	8 791 49 is_stmt 0              @ ../../Library_BSP/StdDriver/src/clk.c:791:49
	lsrs	r0, r0, #30
	lsls	r1, r0, #2
	.loc	8 791 16                        @ ../../Library_BSP/StdDriver/src/clk.c:791:16
	ldr	r0, [sp]
	adds	r0, r0, r1
	str	r0, [sp]
	.loc	8 793 41 is_stmt 1              @ ../../Library_BSP/StdDriver/src/clk.c:793:41
	ldr	r2, [sp, #4]
	.loc	8 793 27 is_stmt 0              @ ../../Library_BSP/StdDriver/src/clk.c:793:27
	ldr	r1, [sp]
	.loc	8 793 38                        @ ../../Library_BSP/StdDriver/src/clk.c:793:38
	ldr	r0, [r1]
	orrs	r0, r2
	str	r0, [r1]
	.loc	8 794 1 epilogue_begin is_stmt 1 @ ../../Library_BSP/StdDriver/src/clk.c:794:1
	add	sp, #12
	bx	lr
.Ltmp206:
	.p2align	2
@ %bb.1:
	.loc	8 0 1 is_stmt 0                 @ ../../Library_BSP/StdDriver/src/clk.c:0:1
__arm_cp.18_0:
	.long	1073742340                      @ 0x40000204
.Lcpi_end78:
	.size	__arm_cp.18_0, .Lcpi_end78-__arm_cp.18_0
.Lfunc_end18:
	.size	CLK_EnableModuleClock, .Lfunc_end18-CLK_EnableModuleClock
	.cfi_endproc
	.cantunwind
	.fnend
                                        @ -- End function
	.section	.text.CLK_DisableModuleClock,"ax",%progbits
	.hidden	CLK_DisableModuleClock          @ -- Begin function CLK_DisableModuleClock
	.globl	CLK_DisableModuleClock
	.p2align	2
	.type	CLK_DisableModuleClock,%function
	.code	16                              @ @CLK_DisableModuleClock
	.thumb_func
CLK_DisableModuleClock:
.Lfunc_begin19:
	.loc	8 875 0 is_stmt 1               @ ../../Library_BSP/StdDriver/src/clk.c:875:0
	.fnstart
	.cfi_startproc
@ %bb.0:
	.pad	#12
	sub	sp, #12
	.cfi_def_cfa_offset 12
	str	r0, [sp, #8]
	movs	r0, #0
.Ltmp207:
	.loc	8 876 14 prologue_end           @ ../../Library_BSP/StdDriver/src/clk.c:876:14
	str	r0, [sp, #4]
	.loc	8 876 31 is_stmt 0              @ ../../Library_BSP/StdDriver/src/clk.c:876:31
	str	r0, [sp]
	.loc	8 878 26 is_stmt 1              @ ../../Library_BSP/StdDriver/src/clk.c:878:26
	ldr	r1, [sp, #8]
	movs	r0, #31
	ands	r1, r0
	movs	r0, #1
	.loc	8 878 23 is_stmt 0              @ ../../Library_BSP/StdDriver/src/clk.c:878:23
	lsls	r0, r1
	.loc	8 878 17                        @ ../../Library_BSP/StdDriver/src/clk.c:878:17
	mvns	r0, r0
	.loc	8 878 15                        @ ../../Library_BSP/StdDriver/src/clk.c:878:15
	str	r0, [sp, #4]
	ldr	r0, __arm_cp.19_0
	.loc	8 879 16 is_stmt 1              @ ../../Library_BSP/StdDriver/src/clk.c:879:16
	str	r0, [sp]
	.loc	8 880 21                        @ ../../Library_BSP/StdDriver/src/clk.c:880:21
	ldr	r0, [sp, #8]
	.loc	8 880 49 is_stmt 0              @ ../../Library_BSP/StdDriver/src/clk.c:880:49
	lsrs	r0, r0, #30
	lsls	r1, r0, #2
	.loc	8 880 16                        @ ../../Library_BSP/StdDriver/src/clk.c:880:16
	ldr	r0, [sp]
	adds	r0, r0, r1
	str	r0, [sp]
	.loc	8 882 32 is_stmt 1              @ ../../Library_BSP/StdDriver/src/clk.c:882:32
	ldr	r2, [sp, #4]
	.loc	8 882 18 is_stmt 0              @ ../../Library_BSP/StdDriver/src/clk.c:882:18
	ldr	r1, [sp]
	.loc	8 882 29                        @ ../../Library_BSP/StdDriver/src/clk.c:882:29
	ldr	r0, [r1]
	ands	r0, r2
	str	r0, [r1]
	.loc	8 883 1 epilogue_begin is_stmt 1 @ ../../Library_BSP/StdDriver/src/clk.c:883:1
	add	sp, #12
	bx	lr
.Ltmp208:
	.p2align	2
@ %bb.1:
	.loc	8 0 1 is_stmt 0                 @ ../../Library_BSP/StdDriver/src/clk.c:0:1
__arm_cp.19_0:
	.long	1073742340                      @ 0x40000204
.Lcpi_end79:
	.size	__arm_cp.19_0, .Lcpi_end79-__arm_cp.19_0
.Lfunc_end19:
	.size	CLK_DisableModuleClock, .Lfunc_end19-CLK_DisableModuleClock
	.cfi_endproc
	.cantunwind
	.fnend
                                        @ -- End function
	.section	.text.CLK_DisablePLL,"ax",%progbits
	.hidden	CLK_DisablePLL                  @ -- Begin function CLK_DisablePLL
	.globl	CLK_DisablePLL
	.p2align	2
	.type	CLK_DisablePLL,%function
	.code	16                              @ @CLK_DisablePLL
	.thumb_func
CLK_DisablePLL:
.Lfunc_begin20:
	.loc	8 1021 0 is_stmt 1              @ ../../Library_BSP/StdDriver/src/clk.c:1021:0
	.fnstart
	.cfi_startproc
@ %bb.0:
	ldr	r1, __arm_cp.20_0
.Ltmp209:
	.loc	8 1022 17 prologue_end          @ ../../Library_BSP/StdDriver/src/clk.c:1022:17
	ldr	r0, [r1]
	movs	r2, #1
	lsls	r2, r2, #16
	orrs	r0, r2
	str	r0, [r1]
	.loc	8 1023 1                        @ ../../Library_BSP/StdDriver/src/clk.c:1023:1
	bx	lr
.Ltmp210:
	.p2align	2
@ %bb.1:
	.loc	8 0 1 is_stmt 0                 @ ../../Library_BSP/StdDriver/src/clk.c:0:1
__arm_cp.20_0:
	.long	1073742400                      @ 0x40000240
.Lcpi_end80:
	.size	__arm_cp.20_0, .Lcpi_end80-__arm_cp.20_0
.Lfunc_end20:
	.size	CLK_DisablePLL, .Lfunc_end20-CLK_DisablePLL
	.cfi_endproc
	.cantunwind
	.fnend
                                        @ -- End function
	.section	.text.CLK_EnableSysTick,"ax",%progbits
	.hidden	CLK_EnableSysTick               @ -- Begin function CLK_EnableSysTick
	.globl	CLK_EnableSysTick
	.p2align	2
	.type	CLK_EnableSysTick,%function
	.code	16                              @ @CLK_EnableSysTick
	.thumb_func
CLK_EnableSysTick:
.Lfunc_begin21:
	.loc	8 1073 0 is_stmt 1              @ ../../Library_BSP/StdDriver/src/clk.c:1073:0
	.fnstart
	.cfi_startproc
@ %bb.0:
	.pad	#8
	sub	sp, #8
	.cfi_def_cfa_offset 8
	str	r0, [sp, #4]
	str	r1, [sp]
	ldr	r1, __arm_cp.21_0
	movs	r0, #0
.Ltmp211:
	.loc	8 1075 19 prologue_end          @ ../../Library_BSP/StdDriver/src/clk.c:1075:19
	str	r0, [r1]
.Ltmp212:
	.loc	8 1078 9                        @ ../../Library_BSP/StdDriver/src/clk.c:1078:9
	ldr	r0, [sp, #4]
.Ltmp213:
	.loc	8 1078 9 is_stmt 0              @ ../../Library_BSP/StdDriver/src/clk.c:1078:9
	cmp	r0, #4
	bne	.LBB21_2
	b	.LBB21_1
.LBB21_1:
	.loc	8 0 9                           @ ../../Library_BSP/StdDriver/src/clk.c:0:9
	ldr	r1, __arm_cp.21_1
.Ltmp214:
	.loc	8 1081 21 is_stmt 1             @ ../../Library_BSP/StdDriver/src/clk.c:1081:21
	ldr	r0, [r1]
	movs	r2, #16
	bics	r0, r2
	str	r0, [r1]
	ldr	r1, __arm_cp.21_0
	.loc	8 1084 23                       @ ../../Library_BSP/StdDriver/src/clk.c:1084:23
	ldr	r0, [r1]
	movs	r2, #4
	orrs	r0, r2
	str	r0, [r1]
	.loc	8 1085 5                        @ ../../Library_BSP/StdDriver/src/clk.c:1085:5
	b	.LBB21_3
.Ltmp215:
.LBB21_2:
	.loc	8 0 5 is_stmt 0                 @ ../../Library_BSP/StdDriver/src/clk.c:0:5
	ldr	r1, __arm_cp.21_1
.Ltmp216:
	.loc	8 1089 21 is_stmt 1             @ ../../Library_BSP/StdDriver/src/clk.c:1089:21
	ldr	r0, [r1]
	movs	r2, #16
	orrs	r0, r2
	str	r0, [r1]
	ldr	r1, __arm_cp.21_2
	.loc	8 1092 30                       @ ../../Library_BSP/StdDriver/src/clk.c:1092:30
	ldr	r0, [r1]
	movs	r2, #56
	.loc	8 1092 38 is_stmt 0             @ ../../Library_BSP/StdDriver/src/clk.c:1092:38
	bics	r0, r2
	.loc	8 1092 69                       @ ../../Library_BSP/StdDriver/src/clk.c:1092:69
	ldr	r2, [sp, #4]
	.loc	8 1092 67                       @ ../../Library_BSP/StdDriver/src/clk.c:1092:67
	orrs	r0, r2
	.loc	8 1092 22                       @ ../../Library_BSP/StdDriver/src/clk.c:1092:22
	str	r0, [r1]
	ldr	r1, __arm_cp.21_0
	.loc	8 1095 23 is_stmt 1             @ ../../Library_BSP/StdDriver/src/clk.c:1095:23
	ldr	r0, [r1]
	movs	r2, #4
	bics	r0, r2
	str	r0, [r1]
	b	.LBB21_3
.Ltmp217:
.LBB21_3:
	.loc	8 1099 21                       @ ../../Library_BSP/StdDriver/src/clk.c:1099:21
	ldr	r0, [sp]
	ldr	r1, __arm_cp.21_3
	.loc	8 1099 19 is_stmt 0             @ ../../Library_BSP/StdDriver/src/clk.c:1099:19
	str	r0, [r1]
	ldr	r1, __arm_cp.21_4
	movs	r0, #0
	.loc	8 1102 18 is_stmt 1             @ ../../Library_BSP/StdDriver/src/clk.c:1102:18
	str	r0, [r1]
	ldr	r1, __arm_cp.21_0
	.loc	8 1105 19                       @ ../../Library_BSP/StdDriver/src/clk.c:1105:19
	ldr	r0, [r1]
	movs	r2, #3
	orrs	r0, r2
	str	r0, [r1]
	.loc	8 1106 1 epilogue_begin         @ ../../Library_BSP/StdDriver/src/clk.c:1106:1
	add	sp, #8
	bx	lr
.Ltmp218:
	.p2align	2
@ %bb.4:
	.loc	8 0 1 is_stmt 0                 @ ../../Library_BSP/StdDriver/src/clk.c:0:1
__arm_cp.21_0:
	.long	3758153744                      @ 0xe000e010
.Lcpi_end81:
	.size	__arm_cp.21_0, .Lcpi_end81-__arm_cp.21_0
__arm_cp.21_1:
	.long	1073742340                      @ 0x40000204
.Lcpi_end82:
	.size	__arm_cp.21_1, .Lcpi_end82-__arm_cp.21_1
__arm_cp.21_2:
	.long	1073742352                      @ 0x40000210
.Lcpi_end83:
	.size	__arm_cp.21_2, .Lcpi_end83-__arm_cp.21_2
__arm_cp.21_3:
	.long	3758153748                      @ 0xe000e014
.Lcpi_end84:
	.size	__arm_cp.21_3, .Lcpi_end84-__arm_cp.21_3
__arm_cp.21_4:
	.long	3758153752                      @ 0xe000e018
.Lcpi_end85:
	.size	__arm_cp.21_4, .Lcpi_end85-__arm_cp.21_4
.Lfunc_end21:
	.size	CLK_EnableSysTick, .Lfunc_end21-CLK_EnableSysTick
	.cfi_endproc
	.cantunwind
	.fnend
                                        @ -- End function
	.section	.text.CLK_DisableSysTick,"ax",%progbits
	.hidden	CLK_DisableSysTick              @ -- Begin function CLK_DisableSysTick
	.globl	CLK_DisableSysTick
	.p2align	2
	.type	CLK_DisableSysTick,%function
	.code	16                              @ @CLK_DisableSysTick
	.thumb_func
CLK_DisableSysTick:
.Lfunc_begin22:
	.loc	8 1115 0 is_stmt 1              @ ../../Library_BSP/StdDriver/src/clk.c:1115:0
	.fnstart
	.cfi_startproc
@ %bb.0:
	ldr	r1, __arm_cp.22_0
	movs	r0, #0
.Ltmp219:
	.loc	8 1117 19 prologue_end          @ ../../Library_BSP/StdDriver/src/clk.c:1117:19
	str	r0, [r1]
	.loc	8 1118 1                        @ ../../Library_BSP/StdDriver/src/clk.c:1118:1
	bx	lr
.Ltmp220:
	.p2align	2
@ %bb.1:
	.loc	8 0 1 is_stmt 0                 @ ../../Library_BSP/StdDriver/src/clk.c:0:1
__arm_cp.22_0:
	.long	3758153744                      @ 0xe000e010
.Lcpi_end86:
	.size	__arm_cp.22_0, .Lcpi_end86-__arm_cp.22_0
.Lfunc_end22:
	.size	CLK_DisableSysTick, .Lfunc_end22-CLK_DisableSysTick
	.cfi_endproc
	.cantunwind
	.fnend
                                        @ -- End function
	.section	.text.CLK_SetPowerDownMode,"ax",%progbits
	.hidden	CLK_SetPowerDownMode            @ -- Begin function CLK_SetPowerDownMode
	.globl	CLK_SetPowerDownMode
	.p2align	2
	.type	CLK_SetPowerDownMode,%function
	.code	16                              @ @CLK_SetPowerDownMode
	.thumb_func
CLK_SetPowerDownMode:
.Lfunc_begin23:
	.loc	8 1134 0 is_stmt 1              @ ../../Library_BSP/StdDriver/src/clk.c:1134:0
	.fnstart
	.cfi_startproc
@ %bb.0:
	.pad	#8
	sub	sp, #8
	.cfi_def_cfa_offset 8
	str	r0, [sp, #4]
.Ltmp221:
	.loc	8 1135 5 prologue_end           @ ../../Library_BSP/StdDriver/src/clk.c:1135:5
	b	.LBB23_1
.LBB23_1:
.Ltmp222:
	.loc	8 1135 5 is_stmt 0              @ ../../Library_BSP/StdDriver/src/clk.c:1135:5
	ldr	r0, __arm_cp.23_0
	ldr	r0, [r0]
	str	r0, [sp]
	b	.LBB23_2
.LBB23_2:                               @ =>This Inner Loop Header: Depth=1
	.loc	8 0 5                           @ ../../Library_BSP/StdDriver/src/clk.c:0:5
	ldr	r0, __arm_cp.23_1
	.loc	8 1135 5                        @ ../../Library_BSP/StdDriver/src/clk.c:1135:5
	ldr	r0, [r0]
	lsls	r0, r0, #24
	cmp	r0, #0
	bpl	.LBB23_6
	b	.LBB23_3
.LBB23_3:                               @   in Loop: Header=BB23_2 Depth=1
.Ltmp223:
	.loc	8 1135 5                        @ ../../Library_BSP/StdDriver/src/clk.c:1135:5
	ldr	r0, [sp]
	subs	r0, r0, #1
	str	r0, [sp]
.Ltmp224:
	.loc	8 1135 5                        @ ../../Library_BSP/StdDriver/src/clk.c:1135:5
	cbnz	r0, .LBB23_5
	b	.LBB23_4
.LBB23_4:
.Ltmp225:
	.loc	8 1135 5                        @ ../../Library_BSP/StdDriver/src/clk.c:1135:5
	b	.LBB23_6
.Ltmp226:
.LBB23_5:                               @   in Loop: Header=BB23_2 Depth=1
	.loc	8 1135 5                        @ ../../Library_BSP/StdDriver/src/clk.c:1135:5
	b	.LBB23_2
.LBB23_6:
	b	.LBB23_7
.Ltmp227:
.LBB23_7:
	.loc	8 0 5                           @ ../../Library_BSP/StdDriver/src/clk.c:0:5
	ldr	r1, __arm_cp.23_1
	.loc	8 1136 25 is_stmt 1             @ ../../Library_BSP/StdDriver/src/clk.c:1136:25
	ldr	r0, [r1]
	movs	r2, #7
	.loc	8 1136 32 is_stmt 0             @ ../../Library_BSP/StdDriver/src/clk.c:1136:32
	bics	r0, r2
	.loc	8 1136 63                       @ ../../Library_BSP/StdDriver/src/clk.c:1136:63
	ldr	r2, [sp, #4]
	.loc	8 1136 60                       @ ../../Library_BSP/StdDriver/src/clk.c:1136:60
	orrs	r0, r2
	.loc	8 1136 17                       @ ../../Library_BSP/StdDriver/src/clk.c:1136:17
	str	r0, [r1]
	.loc	8 1137 1 epilogue_begin is_stmt 1 @ ../../Library_BSP/StdDriver/src/clk.c:1137:1
	add	sp, #8
	bx	lr
.Ltmp228:
	.p2align	2
@ %bb.8:
	.loc	8 0 1 is_stmt 0                 @ ../../Library_BSP/StdDriver/src/clk.c:0:1
__arm_cp.23_0:
	.long	SystemCoreClock
.Lcpi_end87:
	.size	__arm_cp.23_0, .Lcpi_end87-__arm_cp.23_0
__arm_cp.23_1:
	.long	1073742480                      @ 0x40000290
.Lcpi_end88:
	.size	__arm_cp.23_1, .Lcpi_end88-__arm_cp.23_1
.Lfunc_end23:
	.size	CLK_SetPowerDownMode, .Lfunc_end23-CLK_SetPowerDownMode
	.cfi_endproc
	.cantunwind
	.fnend
                                        @ -- End function
	.section	.text.CLK_EnableDPDWKPin,"ax",%progbits
	.hidden	CLK_EnableDPDWKPin              @ -- Begin function CLK_EnableDPDWKPin
	.globl	CLK_EnableDPDWKPin
	.p2align	2
	.type	CLK_EnableDPDWKPin,%function
	.code	16                              @ @CLK_EnableDPDWKPin
	.thumb_func
CLK_EnableDPDWKPin:
.Lfunc_begin24:
	.loc	8 1163 0 is_stmt 1              @ ../../Library_BSP/StdDriver/src/clk.c:1163:0
	.fnstart
	.cfi_startproc
@ %bb.0:
	.pad	#24
	sub	sp, #24
	.cfi_def_cfa_offset 24
	str	r0, [sp, #20]
.Ltmp229:
	.loc	8 1167 17 prologue_end          @ ../../Library_BSP/StdDriver/src/clk.c:1167:17
	ldr	r0, [sp, #20]
	movs	r1, #3
	lsls	r2, r1, #24
	.loc	8 1167 33 is_stmt 0             @ ../../Library_BSP/StdDriver/src/clk.c:1167:33
	ands	r0, r2
	.loc	8 1167 13                       @ ../../Library_BSP/StdDriver/src/clk.c:1167:13
	str	r0, [sp, #16]
	.loc	8 1168 17 is_stmt 1             @ ../../Library_BSP/StdDriver/src/clk.c:1168:17
	ldr	r0, [sp, #20]
	lsls	r2, r1, #26
	.loc	8 1168 33 is_stmt 0             @ ../../Library_BSP/StdDriver/src/clk.c:1168:33
	ands	r0, r2
	.loc	8 1168 13                       @ ../../Library_BSP/StdDriver/src/clk.c:1168:13
	str	r0, [sp, #12]
	.loc	8 1169 17 is_stmt 1             @ ../../Library_BSP/StdDriver/src/clk.c:1169:17
	ldr	r0, [sp, #20]
	lsls	r2, r1, #28
	.loc	8 1169 33 is_stmt 0             @ ../../Library_BSP/StdDriver/src/clk.c:1169:33
	ands	r0, r2
	.loc	8 1169 13                       @ ../../Library_BSP/StdDriver/src/clk.c:1169:13
	str	r0, [sp, #8]
	.loc	8 1170 17 is_stmt 1             @ ../../Library_BSP/StdDriver/src/clk.c:1170:17
	ldr	r0, [sp, #20]
	lsls	r1, r1, #30
	.loc	8 1170 33 is_stmt 0             @ ../../Library_BSP/StdDriver/src/clk.c:1170:33
	ands	r0, r1
	.loc	8 1170 13                       @ ../../Library_BSP/StdDriver/src/clk.c:1170:13
	str	r0, [sp, #4]
	.loc	8 1173 5 is_stmt 1              @ ../../Library_BSP/StdDriver/src/clk.c:1173:5
	b	.LBB24_1
.LBB24_1:
.Ltmp230:
	.loc	8 1173 5 is_stmt 0              @ ../../Library_BSP/StdDriver/src/clk.c:1173:5
	ldr	r0, __arm_cp.24_0
	ldr	r0, [r0]
	str	r0, [sp]
	b	.LBB24_2
.LBB24_2:                               @ =>This Inner Loop Header: Depth=1
	.loc	8 0 5                           @ ../../Library_BSP/StdDriver/src/clk.c:0:5
	ldr	r0, __arm_cp.24_1
	.loc	8 1173 5                        @ ../../Library_BSP/StdDriver/src/clk.c:1173:5
	ldr	r0, [r0]
	lsls	r0, r0, #24
	cmp	r0, #0
	bpl	.LBB24_6
	b	.LBB24_3
.LBB24_3:                               @   in Loop: Header=BB24_2 Depth=1
.Ltmp231:
	.loc	8 1173 5                        @ ../../Library_BSP/StdDriver/src/clk.c:1173:5
	ldr	r0, [sp]
	subs	r0, r0, #1
	str	r0, [sp]
.Ltmp232:
	.loc	8 1173 5                        @ ../../Library_BSP/StdDriver/src/clk.c:1173:5
	cbnz	r0, .LBB24_5
	b	.LBB24_4
.LBB24_4:
.Ltmp233:
	.loc	8 1173 5                        @ ../../Library_BSP/StdDriver/src/clk.c:1173:5
	b	.LBB24_6
.Ltmp234:
.LBB24_5:                               @   in Loop: Header=BB24_2 Depth=1
	.loc	8 1173 5                        @ ../../Library_BSP/StdDriver/src/clk.c:1173:5
	b	.LBB24_2
.LBB24_6:
	b	.LBB24_7
.Ltmp235:
.LBB24_7:
	.loc	8 1174 8 is_stmt 1              @ ../../Library_BSP/StdDriver/src/clk.c:1174:8
	ldr	r0, [sp, #16]
.Ltmp236:
	.loc	8 1174 8 is_stmt 0              @ ../../Library_BSP/StdDriver/src/clk.c:1174:8
	cbz	r0, .LBB24_9
	b	.LBB24_8
.LBB24_8:
	.loc	8 0 8                           @ ../../Library_BSP/StdDriver/src/clk.c:0:8
	ldr	r1, __arm_cp.24_1
.Ltmp237:
	.loc	8 1176 29 is_stmt 1             @ ../../Library_BSP/StdDriver/src/clk.c:1176:29
	ldr	r0, [r1]
	movs	r2, #3
	lsls	r2, r2, #24
	.loc	8 1176 36 is_stmt 0             @ ../../Library_BSP/StdDriver/src/clk.c:1176:36
	bics	r0, r2
	.loc	8 1176 68                       @ ../../Library_BSP/StdDriver/src/clk.c:1176:68
	ldr	r2, [sp, #20]
	.loc	8 1176 66                       @ ../../Library_BSP/StdDriver/src/clk.c:1176:66
	orrs	r0, r2
	.loc	8 1176 21                       @ ../../Library_BSP/StdDriver/src/clk.c:1176:21
	str	r0, [r1]
	.loc	8 1177 5 is_stmt 1              @ ../../Library_BSP/StdDriver/src/clk.c:1177:5
	b	.LBB24_19
.Ltmp238:
.LBB24_9:
	.loc	8 1178 13                       @ ../../Library_BSP/StdDriver/src/clk.c:1178:13
	ldr	r0, [sp, #12]
.Ltmp239:
	.loc	8 1178 13 is_stmt 0             @ ../../Library_BSP/StdDriver/src/clk.c:1178:13
	cbz	r0, .LBB24_11
	b	.LBB24_10
.LBB24_10:
	.loc	8 0 13                          @ ../../Library_BSP/StdDriver/src/clk.c:0:13
	ldr	r1, __arm_cp.24_1
.Ltmp240:
	.loc	8 1180 29 is_stmt 1             @ ../../Library_BSP/StdDriver/src/clk.c:1180:29
	ldr	r0, [r1]
	movs	r2, #3
	lsls	r2, r2, #26
	.loc	8 1180 36 is_stmt 0             @ ../../Library_BSP/StdDriver/src/clk.c:1180:36
	bics	r0, r2
	.loc	8 1180 68                       @ ../../Library_BSP/StdDriver/src/clk.c:1180:68
	ldr	r2, [sp, #20]
	.loc	8 1180 66                       @ ../../Library_BSP/StdDriver/src/clk.c:1180:66
	orrs	r0, r2
	.loc	8 1180 21                       @ ../../Library_BSP/StdDriver/src/clk.c:1180:21
	str	r0, [r1]
	.loc	8 1181 5 is_stmt 1              @ ../../Library_BSP/StdDriver/src/clk.c:1181:5
	b	.LBB24_18
.Ltmp241:
.LBB24_11:
	.loc	8 1182 13                       @ ../../Library_BSP/StdDriver/src/clk.c:1182:13
	ldr	r0, [sp, #8]
.Ltmp242:
	.loc	8 1182 13 is_stmt 0             @ ../../Library_BSP/StdDriver/src/clk.c:1182:13
	cbz	r0, .LBB24_13
	b	.LBB24_12
.LBB24_12:
	.loc	8 0 13                          @ ../../Library_BSP/StdDriver/src/clk.c:0:13
	ldr	r1, __arm_cp.24_1
.Ltmp243:
	.loc	8 1184 29 is_stmt 1             @ ../../Library_BSP/StdDriver/src/clk.c:1184:29
	ldr	r0, [r1]
	movs	r2, #3
	lsls	r2, r2, #28
	.loc	8 1184 36 is_stmt 0             @ ../../Library_BSP/StdDriver/src/clk.c:1184:36
	bics	r0, r2
	.loc	8 1184 68                       @ ../../Library_BSP/StdDriver/src/clk.c:1184:68
	ldr	r2, [sp, #20]
	.loc	8 1184 66                       @ ../../Library_BSP/StdDriver/src/clk.c:1184:66
	orrs	r0, r2
	.loc	8 1184 21                       @ ../../Library_BSP/StdDriver/src/clk.c:1184:21
	str	r0, [r1]
	.loc	8 1185 5 is_stmt 1              @ ../../Library_BSP/StdDriver/src/clk.c:1185:5
	b	.LBB24_17
.Ltmp244:
.LBB24_13:
	.loc	8 1186 13                       @ ../../Library_BSP/StdDriver/src/clk.c:1186:13
	ldr	r0, [sp, #4]
.Ltmp245:
	.loc	8 1186 13 is_stmt 0             @ ../../Library_BSP/StdDriver/src/clk.c:1186:13
	cbz	r0, .LBB24_15
	b	.LBB24_14
.LBB24_14:
	.loc	8 0 13                          @ ../../Library_BSP/StdDriver/src/clk.c:0:13
	ldr	r1, __arm_cp.24_1
.Ltmp246:
	.loc	8 1188 29 is_stmt 1             @ ../../Library_BSP/StdDriver/src/clk.c:1188:29
	ldr	r0, [r1]
	movs	r2, #3
	lsls	r2, r2, #30
	.loc	8 1188 36 is_stmt 0             @ ../../Library_BSP/StdDriver/src/clk.c:1188:36
	bics	r0, r2
	.loc	8 1188 68                       @ ../../Library_BSP/StdDriver/src/clk.c:1188:68
	ldr	r2, [sp, #20]
	.loc	8 1188 66                       @ ../../Library_BSP/StdDriver/src/clk.c:1188:66
	orrs	r0, r2
	.loc	8 1188 21                       @ ../../Library_BSP/StdDriver/src/clk.c:1188:21
	str	r0, [r1]
	.loc	8 1189 5 is_stmt 1              @ ../../Library_BSP/StdDriver/src/clk.c:1189:5
	b	.LBB24_16
.Ltmp247:
.LBB24_15:
	.loc	8 0 5 is_stmt 0                 @ ../../Library_BSP/StdDriver/src/clk.c:0:5
	ldr	r1, __arm_cp.24_1
.Ltmp248:
	.loc	8 1192 29 is_stmt 1             @ ../../Library_BSP/StdDriver/src/clk.c:1192:29
	ldr	r0, [r1]
	movs	r2, #3
	lsls	r2, r2, #16
	.loc	8 1192 36 is_stmt 0             @ ../../Library_BSP/StdDriver/src/clk.c:1192:36
	bics	r0, r2
	.loc	8 1192 67                       @ ../../Library_BSP/StdDriver/src/clk.c:1192:67
	ldr	r2, [sp, #20]
	.loc	8 1192 65                       @ ../../Library_BSP/StdDriver/src/clk.c:1192:65
	orrs	r0, r2
	.loc	8 1192 21                       @ ../../Library_BSP/StdDriver/src/clk.c:1192:21
	str	r0, [r1]
	b	.LBB24_16
.Ltmp249:
.LBB24_16:
	.loc	8 0 21                          @ ../../Library_BSP/StdDriver/src/clk.c:0:21
	b	.LBB24_17
.LBB24_17:
	b	.LBB24_18
.LBB24_18:
	b	.LBB24_19
.LBB24_19:
	.loc	8 1194 1 epilogue_begin is_stmt 1 @ ../../Library_BSP/StdDriver/src/clk.c:1194:1
	add	sp, #24
	bx	lr
.Ltmp250:
	.p2align	2
@ %bb.20:
	.loc	8 0 1 is_stmt 0                 @ ../../Library_BSP/StdDriver/src/clk.c:0:1
__arm_cp.24_0:
	.long	SystemCoreClock
.Lcpi_end89:
	.size	__arm_cp.24_0, .Lcpi_end89-__arm_cp.24_0
__arm_cp.24_1:
	.long	1073742480                      @ 0x40000290
.Lcpi_end90:
	.size	__arm_cp.24_1, .Lcpi_end90-__arm_cp.24_1
.Lfunc_end24:
	.size	CLK_EnableDPDWKPin, .Lfunc_end24-CLK_EnableDPDWKPin
	.cfi_endproc
	.cantunwind
	.fnend
                                        @ -- End function
	.section	.text.CLK_GetPMUWKSrc,"ax",%progbits
	.hidden	CLK_GetPMUWKSrc                 @ -- Begin function CLK_GetPMUWKSrc
	.globl	CLK_GetPMUWKSrc
	.p2align	2
	.type	CLK_GetPMUWKSrc,%function
	.code	16                              @ @CLK_GetPMUWKSrc
	.thumb_func
CLK_GetPMUWKSrc:
.Lfunc_begin25:
	.loc	8 1204 0 is_stmt 1              @ ../../Library_BSP/StdDriver/src/clk.c:1204:0
	.fnstart
	.cfi_startproc
@ %bb.0:
	ldr	r0, __arm_cp.25_0
.Ltmp251:
	.loc	8 1205 18 prologue_end          @ ../../Library_BSP/StdDriver/src/clk.c:1205:18
	ldr	r0, [r0]
	.loc	8 1205 5 is_stmt 0              @ ../../Library_BSP/StdDriver/src/clk.c:1205:5
	bx	lr
.Ltmp252:
	.p2align	2
@ %bb.1:
	.loc	8 0 5                           @ ../../Library_BSP/StdDriver/src/clk.c:0:5
__arm_cp.25_0:
	.long	1073742484                      @ 0x40000294
.Lcpi_end91:
	.size	__arm_cp.25_0, .Lcpi_end91-__arm_cp.25_0
.Lfunc_end25:
	.size	CLK_GetPMUWKSrc, .Lfunc_end25-CLK_GetPMUWKSrc
	.cfi_endproc
	.cantunwind
	.fnend
                                        @ -- End function
	.section	.text.CLK_EnableSPDWKPin,"ax",%progbits
	.hidden	CLK_EnableSPDWKPin              @ -- Begin function CLK_EnableSPDWKPin
	.globl	CLK_EnableSPDWKPin
	.p2align	2
	.type	CLK_EnableSPDWKPin,%function
	.code	16                              @ @CLK_EnableSPDWKPin
	.thumb_func
CLK_EnableSPDWKPin:
.Lfunc_begin26:
	.loc	8 1223 0 is_stmt 1              @ ../../Library_BSP/StdDriver/src/clk.c:1223:0
	.fnstart
	.cfi_startproc
@ %bb.0:
	.pad	#24
	sub	sp, #24
	.cfi_def_cfa_offset 24
	str	r0, [sp, #20]
	str	r1, [sp, #16]
	str	r2, [sp, #12]
	str	r3, [sp, #8]
	movs	r0, #0
.Ltmp253:
	.loc	8 1224 14 prologue_end          @ ../../Library_BSP/StdDriver/src/clk.c:1224:14
	str	r0, [sp, #4]
	.loc	8 1225 14                       @ ../../Library_BSP/StdDriver/src/clk.c:1225:14
	str	r0, [sp]
	ldr	r0, __arm_cp.26_0
	.loc	8 1228 16                       @ ../../Library_BSP/StdDriver/src/clk.c:1228:16
	str	r0, [sp, #4]
	.loc	8 1229 28                       @ ../../Library_BSP/StdDriver/src/clk.c:1229:28
	ldr	r0, [sp, #20]
	.loc	8 1229 26 is_stmt 0             @ ../../Library_BSP/StdDriver/src/clk.c:1229:26
	lsls	r1, r0, #2
	.loc	8 1229 16                       @ ../../Library_BSP/StdDriver/src/clk.c:1229:16
	ldr	r0, [sp, #4]
	adds	r0, r0, r1
	str	r0, [sp, #4]
	.loc	8 1231 17 is_stmt 1             @ ../../Library_BSP/StdDriver/src/clk.c:1231:17
	ldr	r0, [sp, #4]
	ldr	r0, [r0]
	.loc	8 1231 15 is_stmt 0             @ ../../Library_BSP/StdDriver/src/clk.c:1231:15
	str	r0, [sp]
	.loc	8 1232 18 is_stmt 1             @ ../../Library_BSP/StdDriver/src/clk.c:1232:18
	ldr	r0, [sp]
	movw	r1, #503
	.loc	8 1232 28 is_stmt 0             @ ../../Library_BSP/StdDriver/src/clk.c:1232:28
	bics	r0, r1
	.loc	8 1233 18 is_stmt 1             @ ../../Library_BSP/StdDriver/src/clk.c:1233:18
	ldr	r1, [sp, #16]
	.loc	8 1233 25 is_stmt 0             @ ../../Library_BSP/StdDriver/src/clk.c:1233:25
	lsls	r1, r1, #4
	.loc	8 1232 158 is_stmt 1            @ ../../Library_BSP/StdDriver/src/clk.c:1232:158
	orrs	r0, r1
	.loc	8 1233 55                       @ ../../Library_BSP/StdDriver/src/clk.c:1233:55
	ldr	r1, [sp, #12]
	.loc	8 1233 53 is_stmt 0             @ ../../Library_BSP/StdDriver/src/clk.c:1233:53
	orrs	r0, r1
	.loc	8 1233 72                       @ ../../Library_BSP/StdDriver/src/clk.c:1233:72
	ldr	r1, [sp, #8]
	.loc	8 1233 70                       @ ../../Library_BSP/StdDriver/src/clk.c:1233:70
	orrs	r0, r1
	movs	r1, #1
	.loc	8 1233 86                       @ ../../Library_BSP/StdDriver/src/clk.c:1233:86
	orrs	r0, r1
	.loc	8 1232 15 is_stmt 1             @ ../../Library_BSP/StdDriver/src/clk.c:1232:15
	str	r0, [sp]
	.loc	8 1234 5                        @ ../../Library_BSP/StdDriver/src/clk.c:1234:5
	ldr	r0, [sp]
	ldr	r1, [sp, #4]
	str	r0, [r1]
	.loc	8 1235 1 epilogue_begin         @ ../../Library_BSP/StdDriver/src/clk.c:1235:1
	add	sp, #24
	bx	lr
.Ltmp254:
	.p2align	2
@ %bb.1:
	.loc	8 0 1 is_stmt 0                 @ ../../Library_BSP/StdDriver/src/clk.c:0:1
__arm_cp.26_0:
	.long	1073742496                      @ 0x400002a0
.Lcpi_end92:
	.size	__arm_cp.26_0, .Lcpi_end92-__arm_cp.26_0
.Lfunc_end26:
	.size	CLK_EnableSPDWKPin, .Lfunc_end26-CLK_EnableSPDWKPin
	.cfi_endproc
	.cantunwind
	.fnend
                                        @ -- End function
	.section	.text.CLK_GetPLLClockFreq,"ax",%progbits
	.hidden	CLK_GetPLLClockFreq             @ -- Begin function CLK_GetPLLClockFreq
	.weak	CLK_GetPLLClockFreq
	.p2align	2
	.type	CLK_GetPLLClockFreq,%function
	.code	16                              @ @CLK_GetPLLClockFreq
	.thumb_func
	.weak	__acle_se_CLK_GetPLLClockFreq
	.type	__acle_se_CLK_GetPLLClockFreq,%function
__acle_se_CLK_GetPLLClockFreq:
CLK_GetPLLClockFreq:
.Lfunc_begin27:
	.loc	8 1246 0 is_stmt 1              @ ../../Library_BSP/StdDriver/src/clk.c:1246:0
	.fnstart
	.cfi_startproc
@ %bb.0:
	.pad	#28
	sub	sp, #28
	.cfi_def_cfa_offset 28
	movs	r0, #0
.Ltmp255:
	.loc	8 1247 14 prologue_end          @ ../../Library_BSP/StdDriver/src/clk.c:1247:14
	str	r0, [sp, #24]
	ldr	r0, __arm_cp.27_0
	.loc	8 1249 13                       @ ../../Library_BSP/StdDriver/src/clk.c:1249:13
	str	r0, [sp]
	ldr	r0, __arm_cp.27_1
	.loc	8 1251 22                       @ ../../Library_BSP/StdDriver/src/clk.c:1251:22
	ldr	r0, [r0]
	.loc	8 1251 15 is_stmt 0             @ ../../Library_BSP/StdDriver/src/clk.c:1251:15
	str	r0, [sp, #20]
	add	r0, sp, #20
	.loc	8 1253 8 is_stmt 1              @ ../../Library_BSP/StdDriver/src/clk.c:1253:8
	ldrb	r0, [r0, #2]
	lsls	r0, r0, #31
	cbz	r0, .LBB27_2
	b	.LBB27_1
.LBB27_1:
	.loc	8 0 8 is_stmt 0                 @ ../../Library_BSP/StdDriver/src/clk.c:0:8
	movs	r0, #0
.Ltmp256:
	.loc	8 1255 20 is_stmt 1             @ ../../Library_BSP/StdDriver/src/clk.c:1255:20
	str	r0, [sp, #24]
	.loc	8 1256 5                        @ ../../Library_BSP/StdDriver/src/clk.c:1256:5
	b	.LBB27_9
.Ltmp257:
.LBB27_2:
	.loc	8 0 5 is_stmt 0                 @ ../../Library_BSP/StdDriver/src/clk.c:0:5
	add	r0, sp, #20
.Ltmp258:
	.loc	8 1260 12 is_stmt 1             @ ../../Library_BSP/StdDriver/src/clk.c:1260:12
	ldrb	r0, [r0, #2]
	lsls	r0, r0, #28
	cmp	r0, #0
	bpl	.LBB27_4
	b	.LBB27_3
.LBB27_3:
	.loc	8 0 12 is_stmt 0                @ ../../Library_BSP/StdDriver/src/clk.c:0:12
	ldr	r0, __arm_cp.27_2
.Ltmp259:
	.loc	8 1262 20 is_stmt 1             @ ../../Library_BSP/StdDriver/src/clk.c:1262:20
	str	r0, [sp, #16]
	.loc	8 1263 9                        @ ../../Library_BSP/StdDriver/src/clk.c:1263:9
	b	.LBB27_5
.Ltmp260:
.LBB27_4:
	.loc	8 0 9 is_stmt 0                 @ ../../Library_BSP/StdDriver/src/clk.c:0:9
	ldr	r0, __arm_cp.27_2
.Ltmp261:
	.loc	8 1266 20 is_stmt 1             @ ../../Library_BSP/StdDriver/src/clk.c:1266:20
	str	r0, [sp, #16]
	b	.LBB27_5
.Ltmp262:
.LBB27_5:
	.loc	8 0 20 is_stmt 0                @ ../../Library_BSP/StdDriver/src/clk.c:0:20
	add	r0, sp, #20
	.loc	8 1270 12 is_stmt 1             @ ../../Library_BSP/StdDriver/src/clk.c:1270:12
	ldrb	r0, [r0, #2]
	lsls	r0, r0, #30
	cmp	r0, #0
	bpl	.LBB27_7
	b	.LBB27_6
.LBB27_6:
.Ltmp263:
	.loc	8 1272 26                       @ ../../Library_BSP/StdDriver/src/clk.c:1272:26
	ldr	r0, [sp, #16]
	.loc	8 1272 24 is_stmt 0             @ ../../Library_BSP/StdDriver/src/clk.c:1272:24
	str	r0, [sp, #24]
	.loc	8 1273 9 is_stmt 1              @ ../../Library_BSP/StdDriver/src/clk.c:1273:9
	b	.LBB27_8
.Ltmp264:
.LBB27_7:
	.loc	8 0 9 is_stmt 0                 @ ../../Library_BSP/StdDriver/src/clk.c:0:9
	add	r0, sp, #20
.Ltmp265:
	.loc	8 1277 32 is_stmt 1             @ ../../Library_BSP/StdDriver/src/clk.c:1277:32
	ldrh	r0, [r0]
	.loc	8 1277 67 is_stmt 0             @ ../../Library_BSP/StdDriver/src/clk.c:1277:67
	lsrs	r1, r0, #14
	mov	r0, sp
	.loc	8 1277 21                       @ ../../Library_BSP/StdDriver/src/clk.c:1277:21
	adds	r0, r0, r1
	ldrb	r0, [r0]
	.loc	8 1277 19                       @ ../../Library_BSP/StdDriver/src/clk.c:1277:19
	str	r0, [sp, #4]
	.loc	8 1278 23 is_stmt 1             @ ../../Library_BSP/StdDriver/src/clk.c:1278:23
	ldr	r0, [sp, #20]
	ldr	r1, __arm_cp.27_3
	.loc	8 1278 33 is_stmt 0             @ ../../Library_BSP/StdDriver/src/clk.c:1278:33
	ands	r0, r1
	.loc	8 1278 82                       @ ../../Library_BSP/StdDriver/src/clk.c:1278:82
	adds	r0, r0, #2
	.loc	8 1278 19                       @ ../../Library_BSP/StdDriver/src/clk.c:1278:19
	str	r0, [sp, #12]
	.loc	8 1279 23 is_stmt 1             @ ../../Library_BSP/StdDriver/src/clk.c:1279:23
	ldr	r0, [sp, #20]
	movw	r1, #15872
	.loc	8 1279 33 is_stmt 0             @ ../../Library_BSP/StdDriver/src/clk.c:1279:33
	ands	r0, r1
	.loc	8 1279 57                       @ ../../Library_BSP/StdDriver/src/clk.c:1279:57
	lsrs	r0, r0, #9
	.loc	8 1279 82                       @ ../../Library_BSP/StdDriver/src/clk.c:1279:82
	adds	r0, r0, #1
	.loc	8 1279 19                       @ ../../Library_BSP/StdDriver/src/clk.c:1279:19
	str	r0, [sp, #8]
	.loc	8 1282 29 is_stmt 1             @ ../../Library_BSP/StdDriver/src/clk.c:1282:29
	ldr	r0, [sp, #16]
	.loc	8 1282 36 is_stmt 0             @ ../../Library_BSP/StdDriver/src/clk.c:1282:36
	lsrs	r0, r0, #2
	.loc	8 1282 45                       @ ../../Library_BSP/StdDriver/src/clk.c:1282:45
	ldr	r1, [sp, #12]
	.loc	8 1282 42                       @ ../../Library_BSP/StdDriver/src/clk.c:1282:42
	muls	r0, r1, r0
	lsls	r0, r0, #1
	.loc	8 1282 61                       @ ../../Library_BSP/StdDriver/src/clk.c:1282:61
	ldr	r2, [sp, #8]
	.loc	8 1282 69                       @ ../../Library_BSP/StdDriver/src/clk.c:1282:69
	ldr	r1, [sp, #4]
	.loc	8 1282 67                       @ ../../Library_BSP/StdDriver/src/clk.c:1282:67
	muls	r1, r2, r1
	.loc	8 1282 58                       @ ../../Library_BSP/StdDriver/src/clk.c:1282:58
	udiv	r0, r0, r1
	.loc	8 1282 76                       @ ../../Library_BSP/StdDriver/src/clk.c:1282:76
	lsls	r0, r0, #2
	.loc	8 1282 24                       @ ../../Library_BSP/StdDriver/src/clk.c:1282:24
	str	r0, [sp, #24]
	b	.LBB27_8
.Ltmp266:
.LBB27_8:
	.loc	8 0 24                          @ ../../Library_BSP/StdDriver/src/clk.c:0:24
	b	.LBB27_9
.LBB27_9:
	.loc	8 1286 12 is_stmt 1             @ ../../Library_BSP/StdDriver/src/clk.c:1286:12
	ldr	r0, [sp, #24]
	.loc	8 1286 5 epilogue_begin is_stmt 0 @ ../../Library_BSP/StdDriver/src/clk.c:1286:5
	add	sp, #28
	mov	r1, lr
	mov	r2, lr
	mov	r3, lr
	mov	r12, lr
	msr	apsr, lr
	bxns	lr
.Ltmp267:
	.p2align	2
@ %bb.10:
	.loc	8 0 5                           @ ../../Library_BSP/StdDriver/src/clk.c:0:5
__arm_cp.27_0:
	.long	67240449                        @ 0x4020201
.Lcpi_end93:
	.size	__arm_cp.27_0, .Lcpi_end93-__arm_cp.27_0
__arm_cp.27_1:
	.long	1073742400                      @ 0x40000240
.Lcpi_end94:
	.size	__arm_cp.27_1, .Lcpi_end94-__arm_cp.27_1
__arm_cp.27_2:
	.long	12000000                        @ 0xb71b00
.Lcpi_end95:
	.size	__arm_cp.27_2, .Lcpi_end95-__arm_cp.27_2
__arm_cp.27_3:
	.long	511                             @ 0x1ff
.Lcpi_end96:
	.size	__arm_cp.27_3, .Lcpi_end96-__arm_cp.27_3
.Lfunc_end27:
	.size	CLK_GetPLLClockFreq, .Lfunc_end27-CLK_GetPLLClockFreq
	.cfi_endproc
	.fnend
                                        @ -- End function
	.section	.text.CLK_GetModuleClockSource,"ax",%progbits
	.hidden	CLK_GetModuleClockSource        @ -- Begin function CLK_GetModuleClockSource
	.weak	CLK_GetModuleClockSource
	.p2align	2
	.type	CLK_GetModuleClockSource,%function
	.code	16                              @ @CLK_GetModuleClockSource
	.thumb_func
	.weak	__acle_se_CLK_GetModuleClockSource
	.type	__acle_se_CLK_GetModuleClockSource,%function
__acle_se_CLK_GetModuleClockSource:
CLK_GetModuleClockSource:
.Lfunc_begin28:
	.loc	8 1335 0 is_stmt 1              @ ../../Library_BSP/StdDriver/src/clk.c:1335:0
	.fnstart
	.cfi_startproc
@ %bb.0:
	.pad	#32
	sub	sp, #32
	.cfi_def_cfa_offset 32
	str	r0, [sp, #28]
	movs	r0, #0
.Ltmp268:
	.loc	8 1336 14 prologue_end          @ ../../Library_BSP/StdDriver/src/clk.c:1336:14
	str	r0, [sp, #24]
	.loc	8 1336 31 is_stmt 0             @ ../../Library_BSP/StdDriver/src/clk.c:1336:31
	str	r0, [sp, #20]
	movs	r1, #12
	.loc	8 1337 14 is_stmt 1             @ ../../Library_BSP/StdDriver/src/clk.c:1337:14
	str	r1, [sp, #16]
	movs	r1, #8
	str	r1, [sp, #12]
	movs	r1, #4
	str	r1, [sp, #8]
	str	r0, [sp, #4]
	ldr	r0, __arm_cp.28_0
	.loc	8 1338 32                       @ ../../Library_BSP/StdDriver/src/clk.c:1338:32
	ldr	r0, [r0]
	movs	r1, #2
	.loc	8 1338 40 is_stmt 0             @ ../../Library_BSP/StdDriver/src/clk.c:1338:40
	ands	r0, r1
	.loc	8 1338 14                       @ ../../Library_BSP/StdDriver/src/clk.c:1338:14
	str	r0, [sp]
.Ltmp269:
	.loc	8 1341 8 is_stmt 1              @ ../../Library_BSP/StdDriver/src/clk.c:1341:8
	ldr	r0, [sp, #28]
	ldr	r1, __arm_cp.28_1
.Ltmp270:
	.loc	8 1341 8 is_stmt 0              @ ../../Library_BSP/StdDriver/src/clk.c:1341:8
	cmp	r0, r1
	bne	.LBB28_6
	b	.LBB28_1
.LBB28_1:
.Ltmp271:
	.loc	8 1343 12 is_stmt 1             @ ../../Library_BSP/StdDriver/src/clk.c:1343:12
	ldr	r0, [sp]
.Ltmp272:
	.loc	8 1343 12 is_stmt 0             @ ../../Library_BSP/StdDriver/src/clk.c:1343:12
	cbnz	r0, .LBB28_3
	b	.LBB28_2
.LBB28_2:
	.loc	8 0 12                          @ ../../Library_BSP/StdDriver/src/clk.c:0:12
	ldr	r1, __arm_cp.28_0
.Ltmp273:
	.loc	8 1345 26 is_stmt 1             @ ../../Library_BSP/StdDriver/src/clk.c:1345:26
	ldr	r0, [r1]
	movs	r2, #2
	orrs	r0, r2
	str	r0, [r1]
	.loc	8 1346 9                        @ ../../Library_BSP/StdDriver/src/clk.c:1346:9
	b	.LBB28_3
.Ltmp274:
.LBB28_3:
	.loc	8 0 9 is_stmt 0                 @ ../../Library_BSP/StdDriver/src/clk.c:0:9
	ldr	r0, __arm_cp.28_8
	.loc	8 1348 28 is_stmt 1             @ ../../Library_BSP/StdDriver/src/clk.c:1348:28
	ldr	r0, [r0]
	.loc	8 1348 35 is_stmt 0             @ ../../Library_BSP/StdDriver/src/clk.c:1348:35
	uxtb	r0, r0
	.loc	8 1348 62                       @ ../../Library_BSP/StdDriver/src/clk.c:1348:62
	lsrs	r0, r0, #7
	.loc	8 1348 19                       @ ../../Library_BSP/StdDriver/src/clk.c:1348:19
	str	r0, [sp, #24]
.Ltmp275:
	.loc	8 1350 12 is_stmt 1             @ ../../Library_BSP/StdDriver/src/clk.c:1350:12
	ldr	r0, [sp]
.Ltmp276:
	.loc	8 1350 12 is_stmt 0             @ ../../Library_BSP/StdDriver/src/clk.c:1350:12
	cbnz	r0, .LBB28_5
	b	.LBB28_4
.LBB28_4:
	.loc	8 0 12                          @ ../../Library_BSP/StdDriver/src/clk.c:0:12
	ldr	r1, __arm_cp.28_0
.Ltmp277:
	.loc	8 1352 26 is_stmt 1             @ ../../Library_BSP/StdDriver/src/clk.c:1352:26
	ldr	r0, [r1]
	movs	r2, #2
	bics	r0, r2
	str	r0, [r1]
	.loc	8 1353 9                        @ ../../Library_BSP/StdDriver/src/clk.c:1353:9
	b	.LBB28_5
.Ltmp278:
.LBB28_5:
	.loc	8 1355 5                        @ ../../Library_BSP/StdDriver/src/clk.c:1355:5
	b	.LBB28_21
.Ltmp279:
.LBB28_6:
	.loc	8 1356 13                       @ ../../Library_BSP/StdDriver/src/clk.c:1356:13
	ldr	r0, [sp, #28]
	ldr	r1, __arm_cp.28_2
.Ltmp280:
	.loc	8 1356 13 is_stmt 0             @ ../../Library_BSP/StdDriver/src/clk.c:1356:13
	cmp	r0, r1
	bne	.LBB28_8
	b	.LBB28_7
.LBB28_7:
	.loc	8 0 13                          @ ../../Library_BSP/StdDriver/src/clk.c:0:13
	ldr	r0, __arm_cp.28_7
.Ltmp281:
	.loc	8 1358 28 is_stmt 1             @ ../../Library_BSP/StdDriver/src/clk.c:1358:28
	ldr	r0, [r0]
	movs	r1, #1
	.loc	8 1358 36 is_stmt 0             @ ../../Library_BSP/StdDriver/src/clk.c:1358:36
	ands	r0, r1
	.loc	8 1358 19                       @ ../../Library_BSP/StdDriver/src/clk.c:1358:19
	str	r0, [sp, #24]
	.loc	8 1359 5 is_stmt 1              @ ../../Library_BSP/StdDriver/src/clk.c:1359:5
	b	.LBB28_20
.Ltmp282:
.LBB28_8:
	.loc	8 1360 13                       @ ../../Library_BSP/StdDriver/src/clk.c:1360:13
	ldr	r0, [sp, #28]
	ldr	r1, __arm_cp.28_3
.Ltmp283:
	.loc	8 1360 13 is_stmt 0             @ ../../Library_BSP/StdDriver/src/clk.c:1360:13
	cmp	r0, r1
	bne	.LBB28_10
	b	.LBB28_9
.LBB28_9:
	.loc	8 0 13                          @ ../../Library_BSP/StdDriver/src/clk.c:0:13
	ldr	r0, __arm_cp.28_7
.Ltmp284:
	.loc	8 1362 28 is_stmt 1             @ ../../Library_BSP/StdDriver/src/clk.c:1362:28
	ldr	r0, [r0]
	movs	r1, #2
	.loc	8 1362 36 is_stmt 0             @ ../../Library_BSP/StdDriver/src/clk.c:1362:36
	ands	r0, r1
	.loc	8 1362 64                       @ ../../Library_BSP/StdDriver/src/clk.c:1362:64
	lsrs	r0, r0, #1
	.loc	8 1362 19                       @ ../../Library_BSP/StdDriver/src/clk.c:1362:19
	str	r0, [sp, #24]
	.loc	8 1363 5 is_stmt 1              @ ../../Library_BSP/StdDriver/src/clk.c:1363:5
	b	.LBB28_19
.Ltmp285:
.LBB28_10:
	.loc	8 1364 13                       @ ../../Library_BSP/StdDriver/src/clk.c:1364:13
	ldr	r0, [sp, #28]
	ldr	r1, __arm_cp.28_4
.Ltmp286:
	.loc	8 1364 13 is_stmt 0             @ ../../Library_BSP/StdDriver/src/clk.c:1364:13
	cmp	r0, r1
	bne	.LBB28_12
	b	.LBB28_11
.LBB28_11:
	.loc	8 0 13                          @ ../../Library_BSP/StdDriver/src/clk.c:0:13
	ldr	r0, __arm_cp.28_7
.Ltmp287:
	.loc	8 1366 28 is_stmt 1             @ ../../Library_BSP/StdDriver/src/clk.c:1366:28
	ldr	r0, [r0]
	movw	r1, #256
	.loc	8 1366 36 is_stmt 0             @ ../../Library_BSP/StdDriver/src/clk.c:1366:36
	ands	r0, r1
	.loc	8 1366 64                       @ ../../Library_BSP/StdDriver/src/clk.c:1366:64
	lsrs	r0, r0, #8
	.loc	8 1366 19                       @ ../../Library_BSP/StdDriver/src/clk.c:1366:19
	str	r0, [sp, #24]
	.loc	8 1367 5 is_stmt 1              @ ../../Library_BSP/StdDriver/src/clk.c:1367:5
	b	.LBB28_18
.Ltmp288:
.LBB28_12:
	.loc	8 1368 13                       @ ../../Library_BSP/StdDriver/src/clk.c:1368:13
	ldr	r0, [sp, #28]
	ldr	r1, __arm_cp.28_5
.Ltmp289:
	.loc	8 1368 13 is_stmt 0             @ ../../Library_BSP/StdDriver/src/clk.c:1368:13
	cmp	r0, r1
	bne	.LBB28_14
	b	.LBB28_13
.LBB28_13:
	.loc	8 0 13                          @ ../../Library_BSP/StdDriver/src/clk.c:0:13
	ldr	r0, __arm_cp.28_7
.Ltmp290:
	.loc	8 1370 28 is_stmt 1             @ ../../Library_BSP/StdDriver/src/clk.c:1370:28
	ldr	r0, [r0]
	movw	r1, #512
	.loc	8 1370 36 is_stmt 0             @ ../../Library_BSP/StdDriver/src/clk.c:1370:36
	ands	r0, r1
	.loc	8 1370 64                       @ ../../Library_BSP/StdDriver/src/clk.c:1370:64
	lsrs	r0, r0, #9
	.loc	8 1370 19                       @ ../../Library_BSP/StdDriver/src/clk.c:1370:19
	str	r0, [sp, #24]
	.loc	8 1371 5 is_stmt 1              @ ../../Library_BSP/StdDriver/src/clk.c:1371:5
	b	.LBB28_17
.Ltmp291:
.LBB28_14:
	.loc	8 1372 13                       @ ../../Library_BSP/StdDriver/src/clk.c:1372:13
	ldr	r0, [sp, #28]
	lsls	r0, r0, #4
	lsrs	r0, r0, #29
.Ltmp292:
	.loc	8 1372 13 is_stmt 0             @ ../../Library_BSP/StdDriver/src/clk.c:1372:13
	cbz	r0, .LBB28_16
	b	.LBB28_15
.LBB28_15:
.Ltmp293:
	.loc	8 1375 60 is_stmt 1             @ ../../Library_BSP/StdDriver/src/clk.c:1375:60
	ldr	r0, [sp, #28]
	.loc	8 1375 49 is_stmt 0             @ ../../Library_BSP/StdDriver/src/clk.c:1375:49
	lsrs	r1, r0, #26
	movs	r0, #12
	ands	r1, r0
	add	r0, sp, #4
	ldr	r0, [r0, r1]
	ldr	r1, __arm_cp.28_6
	.loc	8 1375 46                       @ ../../Library_BSP/StdDriver/src/clk.c:1375:46
	adds	r0, r0, r1
	.loc	8 1375 20                       @ ../../Library_BSP/StdDriver/src/clk.c:1375:20
	str	r0, [sp, #20]
	.loc	8 1378 23 is_stmt 1             @ ../../Library_BSP/StdDriver/src/clk.c:1378:23
	ldr	r0, [sp, #20]
	ldr	r0, [r0]
	.loc	8 1378 55 is_stmt 0             @ ../../Library_BSP/StdDriver/src/clk.c:1378:55
	ldr	r1, [sp, #28]
	lsls	r2, r1, #4
	lsrs	r2, r2, #29
	.loc	8 1378 90                       @ ../../Library_BSP/StdDriver/src/clk.c:1378:90
	lsls	r1, r1, #7
	lsrs	r1, r1, #27
	.loc	8 1378 87                       @ ../../Library_BSP/StdDriver/src/clk.c:1378:87
	lsls	r2, r1
	.loc	8 1378 52                       @ ../../Library_BSP/StdDriver/src/clk.c:1378:52
	ands	r0, r2
	.loc	8 1378 124                      @ ../../Library_BSP/StdDriver/src/clk.c:1378:124
	lsrs	r0, r1
	.loc	8 1378 19                       @ ../../Library_BSP/StdDriver/src/clk.c:1378:19
	str	r0, [sp, #24]
	.loc	8 1379 5 is_stmt 1              @ ../../Library_BSP/StdDriver/src/clk.c:1379:5
	b	.LBB28_16
.Ltmp294:
.LBB28_16:
	.loc	8 0 5 is_stmt 0                 @ ../../Library_BSP/StdDriver/src/clk.c:0:5
	b	.LBB28_17
.LBB28_17:
	b	.LBB28_18
.LBB28_18:
	b	.LBB28_19
.LBB28_19:
	b	.LBB28_20
.LBB28_20:
	b	.LBB28_21
.LBB28_21:
	.loc	8 1381 12 is_stmt 1             @ ../../Library_BSP/StdDriver/src/clk.c:1381:12
	ldr	r0, [sp, #24]
	.loc	8 1381 5 epilogue_begin is_stmt 0 @ ../../Library_BSP/StdDriver/src/clk.c:1381:5
	add	sp, #32
	mov	r1, lr
	mov	r2, lr
	mov	r3, lr
	mov	r12, lr
	msr	apsr, lr
	bxns	lr
.Ltmp295:
	.p2align	2
@ %bb.22:
	.loc	8 0 5                           @ ../../Library_BSP/StdDriver/src/clk.c:0:5
__arm_cp.28_0:
	.long	1073742344                      @ 0x40000208
.Lcpi_end97:
	.size	__arm_cp.28_0, .Lcpi_end97-__arm_cp.28_0
__arm_cp.28_1:
	.long	1073741825                      @ 0x40000001
.Lcpi_end98:
	.size	__arm_cp.28_1, .Lcpi_end98-__arm_cp.28_1
__arm_cp.28_2:
	.long	2147483664                      @ 0x80000010
.Lcpi_end99:
	.size	__arm_cp.28_2, .Lcpi_end99-__arm_cp.28_2
__arm_cp.28_3:
	.long	2147483665                      @ 0x80000011
.Lcpi_end100:
	.size	__arm_cp.28_3, .Lcpi_end100-__arm_cp.28_3
__arm_cp.28_4:
	.long	2147483666                      @ 0x80000012
.Lcpi_end101:
	.size	__arm_cp.28_4, .Lcpi_end101-__arm_cp.28_4
__arm_cp.28_5:
	.long	2147483667                      @ 0x80000013
.Lcpi_end102:
	.size	__arm_cp.28_5, .Lcpi_end102-__arm_cp.28_5
__arm_cp.28_6:
	.long	1073742352                      @ 0x40000210
.Lcpi_end103:
	.size	__arm_cp.28_6, .Lcpi_end103-__arm_cp.28_6
__arm_cp.28_7:
	.long	1073742360                      @ 0x40000218
.Lcpi_end104:
	.size	__arm_cp.28_7, .Lcpi_end104-__arm_cp.28_7
__arm_cp.28_8:
	.long	1074008320                      @ 0x40041100
.Lcpi_end105:
	.size	__arm_cp.28_8, .Lcpi_end105-__arm_cp.28_8
.Lfunc_end28:
	.size	CLK_GetModuleClockSource, .Lfunc_end28-CLK_GetModuleClockSource
	.cfi_endproc
	.fnend
                                        @ -- End function
	.section	.text.CLK_GetModuleClockDivider,"ax",%progbits
	.hidden	CLK_GetModuleClockDivider       @ -- Begin function CLK_GetModuleClockDivider
	.weak	CLK_GetModuleClockDivider
	.p2align	2
	.type	CLK_GetModuleClockDivider,%function
	.code	16                              @ @CLK_GetModuleClockDivider
	.thumb_func
	.weak	__acle_se_CLK_GetModuleClockDivider
	.type	__acle_se_CLK_GetModuleClockDivider,%function
__acle_se_CLK_GetModuleClockDivider:
CLK_GetModuleClockDivider:
.Lfunc_begin29:
	.loc	8 1407 0 is_stmt 1              @ ../../Library_BSP/StdDriver/src/clk.c:1407:0
	.fnstart
	.cfi_startproc
@ %bb.0:
	.pad	#28
	sub	sp, #28
	.cfi_def_cfa_offset 28
	str	r0, [sp, #24]
	movs	r0, #0
.Ltmp296:
	.loc	8 1408 14 prologue_end          @ ../../Library_BSP/StdDriver/src/clk.c:1408:14
	str	r0, [sp, #20]
	.loc	8 1408 31 is_stmt 0             @ ../../Library_BSP/StdDriver/src/clk.c:1408:31
	str	r0, [sp, #16]
	movs	r1, #16
	.loc	8 1409 14 is_stmt 1             @ ../../Library_BSP/StdDriver/src/clk.c:1409:14
	str	r1, [sp, #12]
	movs	r1, #8
	str	r1, [sp, #8]
	movs	r1, #4
	str	r1, [sp, #4]
	str	r0, [sp]
.Ltmp297:
	.loc	8 1411 8                        @ ../../Library_BSP/StdDriver/src/clk.c:1411:8
	ldr	r0, [sp, #24]
	lsrs	r0, r0, #10
.Ltmp298:
	.loc	8 1411 8 is_stmt 0              @ ../../Library_BSP/StdDriver/src/clk.c:1411:8
	lsls	r0, r0, #24
	cbz	r0, .LBB29_2
	b	.LBB29_1
.LBB29_1:
	.loc	8 0 8                           @ ../../Library_BSP/StdDriver/src/clk.c:0:8
	add	r0, sp, #24
.Ltmp299:
	.loc	8 1414 60 is_stmt 1             @ ../../Library_BSP/StdDriver/src/clk.c:1414:60
	ldrh	r1, [r0, #2]
	movs	r0, #12
	.loc	8 1414 49 is_stmt 0             @ ../../Library_BSP/StdDriver/src/clk.c:1414:49
	ands	r1, r0
	mov	r0, sp
	ldr	r0, [r0, r1]
	ldr	r1, __arm_cp.29_0
	.loc	8 1414 46                       @ ../../Library_BSP/StdDriver/src/clk.c:1414:46
	adds	r0, r0, r1
	.loc	8 1414 20                       @ ../../Library_BSP/StdDriver/src/clk.c:1414:20
	str	r0, [sp, #16]
	.loc	8 1416 23 is_stmt 1             @ ../../Library_BSP/StdDriver/src/clk.c:1416:23
	ldr	r0, [sp, #16]
	ldr	r0, [r0]
	.loc	8 1416 55 is_stmt 0             @ ../../Library_BSP/StdDriver/src/clk.c:1416:55
	ldr	r1, [sp, #24]
	lsrs	r2, r1, #10
	uxtb	r2, r2
	.loc	8 1416 90                       @ ../../Library_BSP/StdDriver/src/clk.c:1416:90
	lsls	r1, r1, #22
	lsrs	r1, r1, #27
	.loc	8 1416 87                       @ ../../Library_BSP/StdDriver/src/clk.c:1416:87
	lsls	r2, r1
	.loc	8 1416 52                       @ ../../Library_BSP/StdDriver/src/clk.c:1416:52
	ands	r0, r2
	.loc	8 1416 124                      @ ../../Library_BSP/StdDriver/src/clk.c:1416:124
	lsrs	r0, r1
	.loc	8 1416 19                       @ ../../Library_BSP/StdDriver/src/clk.c:1416:19
	str	r0, [sp, #20]
	.loc	8 1417 5 is_stmt 1              @ ../../Library_BSP/StdDriver/src/clk.c:1417:5
	b	.LBB29_2
.Ltmp300:
.LBB29_2:
	.loc	8 1419 12                       @ ../../Library_BSP/StdDriver/src/clk.c:1419:12
	ldr	r0, [sp, #20]
	.loc	8 1419 5 epilogue_begin is_stmt 0 @ ../../Library_BSP/StdDriver/src/clk.c:1419:5
	add	sp, #28
	mov	r1, lr
	mov	r2, lr
	mov	r3, lr
	mov	r12, lr
	msr	apsr, lr
	bxns	lr
.Ltmp301:
	.p2align	2
@ %bb.3:
	.loc	8 0 5                           @ ../../Library_BSP/StdDriver/src/clk.c:0:5
__arm_cp.29_0:
	.long	1073742368                      @ 0x40000220
.Lcpi_end106:
	.size	__arm_cp.29_0, .Lcpi_end106-__arm_cp.29_0
.Lfunc_end29:
	.size	CLK_GetModuleClockDivider, .Lfunc_end29-CLK_GetModuleClockDivider
	.cfi_endproc
	.fnend
                                        @ -- End function
	.type	.L__const.CLK_GetCPUFreq.au32ClkTbl,%object @ @__const.CLK_GetCPUFreq.au32ClkTbl
	.section	.rodata.cst32,"aM",%progbits,32
	.p2align	2, 0x0
.L__const.CLK_GetCPUFreq.au32ClkTbl:
	.long	12000000                        @ 0xb71b00
	.long	32768                           @ 0x8000
	.long	0                               @ 0x0
	.long	32000                           @ 0x7d00
	.long	0                               @ 0x0
	.long	48000000                        @ 0x2dc6c00
	.long	4000000                         @ 0x3d0900
	.long	12000000                        @ 0xb71b00
	.size	.L__const.CLK_GetCPUFreq.au32ClkTbl, 32

	.type	.L__const.CLK_GetCPUFreq.au8NoTbl,%object @ @__const.CLK_GetCPUFreq.au8NoTbl
	.section	.rodata.cst4,"aM",%progbits,4
.L__const.CLK_GetCPUFreq.au8NoTbl:
	.ascii	"\001\002\002\004"
	.size	.L__const.CLK_GetCPUFreq.au8NoTbl, 4

	.type	.L__const.CLK_SetModuleClock.au32SelTbl,%object @ @__const.CLK_SetModuleClock.au32SelTbl
	.section	.rodata.cst16,"aM",%progbits,16
	.p2align	2, 0x0
.L__const.CLK_SetModuleClock.au32SelTbl:
	.long	0                               @ 0x0
	.long	4                               @ 0x4
	.long	8                               @ 0x8
	.long	12                              @ 0xc
	.size	.L__const.CLK_SetModuleClock.au32SelTbl, 16

	.type	.L__const.CLK_SetModuleClock.au32DivTbl,%object @ @__const.CLK_SetModuleClock.au32DivTbl
	.p2align	2, 0x0
.L__const.CLK_SetModuleClock.au32DivTbl:
	.long	0                               @ 0x0
	.long	4                               @ 0x4
	.long	8                               @ 0x8
	.long	16                              @ 0x10
	.size	.L__const.CLK_SetModuleClock.au32DivTbl, 16

	.type	.L__const.CLK_GetPLLClockFreq.au8NoTbl,%object @ @__const.CLK_GetPLLClockFreq.au8NoTbl
	.section	.rodata.cst4,"aM",%progbits,4
.L__const.CLK_GetPLLClockFreq.au8NoTbl:
	.ascii	"\001\002\002\004"
	.size	.L__const.CLK_GetPLLClockFreq.au8NoTbl, 4

	.type	.L__const.CLK_GetModuleClockSource.au32SelTbl,%object @ @__const.CLK_GetModuleClockSource.au32SelTbl
	.section	.rodata.cst16,"aM",%progbits,16
	.p2align	2, 0x0
.L__const.CLK_GetModuleClockSource.au32SelTbl:
	.long	0                               @ 0x0
	.long	4                               @ 0x4
	.long	8                               @ 0x8
	.long	12                              @ 0xc
	.size	.L__const.CLK_GetModuleClockSource.au32SelTbl, 16

	.type	.L__const.CLK_GetModuleClockDivider.au32DivTbl,%object @ @__const.CLK_GetModuleClockDivider.au32DivTbl
	.p2align	2, 0x0
.L__const.CLK_GetModuleClockDivider.au32DivTbl:
	.long	0                               @ 0x0
	.long	4                               @ 0x4
	.long	8                               @ 0x8
	.long	16                              @ 0x10
	.size	.L__const.CLK_GetModuleClockDivider.au32DivTbl, 16

	.section	.debug_abbrev,"",%progbits
	.byte	1                               @ Abbreviation Code
	.byte	17                              @ DW_TAG_compile_unit
	.byte	1                               @ DW_CHILDREN_yes
	.byte	37                              @ DW_AT_producer
	.byte	14                              @ DW_FORM_strp
	.byte	19                              @ DW_AT_language
	.byte	5                               @ DW_FORM_data2
	.byte	3                               @ DW_AT_name
	.byte	14                              @ DW_FORM_strp
	.byte	16                              @ DW_AT_stmt_list
	.byte	23                              @ DW_FORM_sec_offset
	.byte	27                              @ DW_AT_comp_dir
	.byte	14                              @ DW_FORM_strp
	.byte	17                              @ DW_AT_low_pc
	.byte	1                               @ DW_FORM_addr
	.byte	85                              @ DW_AT_ranges
	.byte	23                              @ DW_FORM_sec_offset
	.byte	0                               @ EOM(1)
	.byte	0                               @ EOM(2)
	.byte	2                               @ Abbreviation Code
	.byte	15                              @ DW_TAG_pointer_type
	.byte	0                               @ DW_CHILDREN_no
	.byte	73                              @ DW_AT_type
	.byte	19                              @ DW_FORM_ref4
	.byte	0                               @ EOM(1)
	.byte	0                               @ EOM(2)
	.byte	3                               @ Abbreviation Code
	.byte	22                              @ DW_TAG_typedef
	.byte	0                               @ DW_CHILDREN_no
	.byte	73                              @ DW_AT_type
	.byte	19                              @ DW_FORM_ref4
	.byte	3                               @ DW_AT_name
	.byte	14                              @ DW_FORM_strp
	.byte	58                              @ DW_AT_decl_file
	.byte	11                              @ DW_FORM_data1
	.byte	59                              @ DW_AT_decl_line
	.byte	5                               @ DW_FORM_data2
	.byte	0                               @ EOM(1)
	.byte	0                               @ EOM(2)
	.byte	4                               @ Abbreviation Code
	.byte	19                              @ DW_TAG_structure_type
	.byte	1                               @ DW_CHILDREN_yes
	.byte	11                              @ DW_AT_byte_size
	.byte	11                              @ DW_FORM_data1
	.byte	58                              @ DW_AT_decl_file
	.byte	11                              @ DW_FORM_data1
	.byte	59                              @ DW_AT_decl_line
	.byte	11                              @ DW_FORM_data1
	.byte	0                               @ EOM(1)
	.byte	0                               @ EOM(2)
	.byte	5                               @ Abbreviation Code
	.byte	13                              @ DW_TAG_member
	.byte	0                               @ DW_CHILDREN_no
	.byte	3                               @ DW_AT_name
	.byte	14                              @ DW_FORM_strp
	.byte	73                              @ DW_AT_type
	.byte	19                              @ DW_FORM_ref4
	.byte	58                              @ DW_AT_decl_file
	.byte	11                              @ DW_FORM_data1
	.byte	59                              @ DW_AT_decl_line
	.byte	5                               @ DW_FORM_data2
	.byte	56                              @ DW_AT_data_member_location
	.byte	11                              @ DW_FORM_data1
	.byte	0                               @ EOM(1)
	.byte	0                               @ EOM(2)
	.byte	6                               @ Abbreviation Code
	.byte	53                              @ DW_TAG_volatile_type
	.byte	0                               @ DW_CHILDREN_no
	.byte	73                              @ DW_AT_type
	.byte	19                              @ DW_FORM_ref4
	.byte	0                               @ EOM(1)
	.byte	0                               @ EOM(2)
	.byte	7                               @ Abbreviation Code
	.byte	22                              @ DW_TAG_typedef
	.byte	0                               @ DW_CHILDREN_no
	.byte	73                              @ DW_AT_type
	.byte	19                              @ DW_FORM_ref4
	.byte	3                               @ DW_AT_name
	.byte	14                              @ DW_FORM_strp
	.byte	58                              @ DW_AT_decl_file
	.byte	11                              @ DW_FORM_data1
	.byte	59                              @ DW_AT_decl_line
	.byte	11                              @ DW_FORM_data1
	.byte	0                               @ EOM(1)
	.byte	0                               @ EOM(2)
	.byte	8                               @ Abbreviation Code
	.byte	36                              @ DW_TAG_base_type
	.byte	0                               @ DW_CHILDREN_no
	.byte	3                               @ DW_AT_name
	.byte	14                              @ DW_FORM_strp
	.byte	62                              @ DW_AT_encoding
	.byte	11                              @ DW_FORM_data1
	.byte	11                              @ DW_AT_byte_size
	.byte	11                              @ DW_FORM_data1
	.byte	0                               @ EOM(1)
	.byte	0                               @ EOM(2)
	.byte	9                               @ Abbreviation Code
	.byte	1                               @ DW_TAG_array_type
	.byte	1                               @ DW_CHILDREN_yes
	.byte	73                              @ DW_AT_type
	.byte	19                              @ DW_FORM_ref4
	.byte	0                               @ EOM(1)
	.byte	0                               @ EOM(2)
	.byte	10                              @ Abbreviation Code
	.byte	33                              @ DW_TAG_subrange_type
	.byte	0                               @ DW_CHILDREN_no
	.byte	73                              @ DW_AT_type
	.byte	19                              @ DW_FORM_ref4
	.byte	55                              @ DW_AT_count
	.byte	11                              @ DW_FORM_data1
	.byte	0                               @ EOM(1)
	.byte	0                               @ EOM(2)
	.byte	11                              @ Abbreviation Code
	.byte	38                              @ DW_TAG_const_type
	.byte	0                               @ DW_CHILDREN_no
	.byte	73                              @ DW_AT_type
	.byte	19                              @ DW_FORM_ref4
	.byte	0                               @ EOM(1)
	.byte	0                               @ EOM(2)
	.byte	12                              @ Abbreviation Code
	.byte	36                              @ DW_TAG_base_type
	.byte	0                               @ DW_CHILDREN_no
	.byte	3                               @ DW_AT_name
	.byte	14                              @ DW_FORM_strp
	.byte	11                              @ DW_AT_byte_size
	.byte	11                              @ DW_FORM_data1
	.byte	62                              @ DW_AT_encoding
	.byte	11                              @ DW_FORM_data1
	.byte	0                               @ EOM(1)
	.byte	0                               @ EOM(2)
	.byte	13                              @ Abbreviation Code
	.byte	19                              @ DW_TAG_structure_type
	.byte	1                               @ DW_CHILDREN_yes
	.byte	11                              @ DW_AT_byte_size
	.byte	11                              @ DW_FORM_data1
	.byte	58                              @ DW_AT_decl_file
	.byte	11                              @ DW_FORM_data1
	.byte	59                              @ DW_AT_decl_line
	.byte	5                               @ DW_FORM_data2
	.byte	0                               @ EOM(1)
	.byte	0                               @ EOM(2)
	.byte	14                              @ Abbreviation Code
	.byte	19                              @ DW_TAG_structure_type
	.byte	1                               @ DW_CHILDREN_yes
	.byte	11                              @ DW_AT_byte_size
	.byte	5                               @ DW_FORM_data2
	.byte	58                              @ DW_AT_decl_file
	.byte	11                              @ DW_FORM_data1
	.byte	59                              @ DW_AT_decl_line
	.byte	11                              @ DW_FORM_data1
	.byte	0                               @ EOM(1)
	.byte	0                               @ EOM(2)
	.byte	15                              @ Abbreviation Code
	.byte	13                              @ DW_TAG_member
	.byte	0                               @ DW_CHILDREN_no
	.byte	3                               @ DW_AT_name
	.byte	14                              @ DW_FORM_strp
	.byte	73                              @ DW_AT_type
	.byte	19                              @ DW_FORM_ref4
	.byte	58                              @ DW_AT_decl_file
	.byte	11                              @ DW_FORM_data1
	.byte	59                              @ DW_AT_decl_line
	.byte	5                               @ DW_FORM_data2
	.byte	56                              @ DW_AT_data_member_location
	.byte	5                               @ DW_FORM_data2
	.byte	0                               @ EOM(1)
	.byte	0                               @ EOM(2)
	.byte	16                              @ Abbreviation Code
	.byte	46                              @ DW_TAG_subprogram
	.byte	0                               @ DW_CHILDREN_no
	.byte	17                              @ DW_AT_low_pc
	.byte	1                               @ DW_FORM_addr
	.byte	18                              @ DW_AT_high_pc
	.byte	6                               @ DW_FORM_data4
	.byte	64                              @ DW_AT_frame_base
	.byte	24                              @ DW_FORM_exprloc
	.byte	3                               @ DW_AT_name
	.byte	14                              @ DW_FORM_strp
	.byte	58                              @ DW_AT_decl_file
	.byte	11                              @ DW_FORM_data1
	.byte	59                              @ DW_AT_decl_line
	.byte	11                              @ DW_FORM_data1
	.byte	39                              @ DW_AT_prototyped
	.byte	25                              @ DW_FORM_flag_present
	.byte	63                              @ DW_AT_external
	.byte	25                              @ DW_FORM_flag_present
	.byte	0                               @ EOM(1)
	.byte	0                               @ EOM(2)
	.byte	17                              @ Abbreviation Code
	.byte	46                              @ DW_TAG_subprogram
	.byte	1                               @ DW_CHILDREN_yes
	.byte	17                              @ DW_AT_low_pc
	.byte	1                               @ DW_FORM_addr
	.byte	18                              @ DW_AT_high_pc
	.byte	6                               @ DW_FORM_data4
	.byte	64                              @ DW_AT_frame_base
	.byte	24                              @ DW_FORM_exprloc
	.byte	3                               @ DW_AT_name
	.byte	14                              @ DW_FORM_strp
	.byte	58                              @ DW_AT_decl_file
	.byte	11                              @ DW_FORM_data1
	.byte	59                              @ DW_AT_decl_line
	.byte	11                              @ DW_FORM_data1
	.byte	39                              @ DW_AT_prototyped
	.byte	25                              @ DW_FORM_flag_present
	.byte	63                              @ DW_AT_external
	.byte	25                              @ DW_FORM_flag_present
	.byte	0                               @ EOM(1)
	.byte	0                               @ EOM(2)
	.byte	18                              @ Abbreviation Code
	.byte	5                               @ DW_TAG_formal_parameter
	.byte	0                               @ DW_CHILDREN_no
	.byte	2                               @ DW_AT_location
	.byte	24                              @ DW_FORM_exprloc
	.byte	3                               @ DW_AT_name
	.byte	14                              @ DW_FORM_strp
	.byte	58                              @ DW_AT_decl_file
	.byte	11                              @ DW_FORM_data1
	.byte	59                              @ DW_AT_decl_line
	.byte	11                              @ DW_FORM_data1
	.byte	73                              @ DW_AT_type
	.byte	19                              @ DW_FORM_ref4
	.byte	0                               @ EOM(1)
	.byte	0                               @ EOM(2)
	.byte	19                              @ Abbreviation Code
	.byte	52                              @ DW_TAG_variable
	.byte	0                               @ DW_CHILDREN_no
	.byte	2                               @ DW_AT_location
	.byte	24                              @ DW_FORM_exprloc
	.byte	3                               @ DW_AT_name
	.byte	14                              @ DW_FORM_strp
	.byte	58                              @ DW_AT_decl_file
	.byte	11                              @ DW_FORM_data1
	.byte	59                              @ DW_AT_decl_line
	.byte	11                              @ DW_FORM_data1
	.byte	73                              @ DW_AT_type
	.byte	19                              @ DW_FORM_ref4
	.byte	0                               @ EOM(1)
	.byte	0                               @ EOM(2)
	.byte	20                              @ Abbreviation Code
	.byte	46                              @ DW_TAG_subprogram
	.byte	1                               @ DW_CHILDREN_yes
	.byte	17                              @ DW_AT_low_pc
	.byte	1                               @ DW_FORM_addr
	.byte	18                              @ DW_AT_high_pc
	.byte	6                               @ DW_FORM_data4
	.byte	64                              @ DW_AT_frame_base
	.byte	24                              @ DW_FORM_exprloc
	.byte	3                               @ DW_AT_name
	.byte	14                              @ DW_FORM_strp
	.byte	58                              @ DW_AT_decl_file
	.byte	11                              @ DW_FORM_data1
	.byte	59                              @ DW_AT_decl_line
	.byte	11                              @ DW_FORM_data1
	.byte	39                              @ DW_AT_prototyped
	.byte	25                              @ DW_FORM_flag_present
	.byte	73                              @ DW_AT_type
	.byte	19                              @ DW_FORM_ref4
	.byte	63                              @ DW_AT_external
	.byte	25                              @ DW_FORM_flag_present
	.byte	0                               @ EOM(1)
	.byte	0                               @ EOM(2)
	.byte	21                              @ Abbreviation Code
	.byte	46                              @ DW_TAG_subprogram
	.byte	0                               @ DW_CHILDREN_no
	.byte	17                              @ DW_AT_low_pc
	.byte	1                               @ DW_FORM_addr
	.byte	18                              @ DW_AT_high_pc
	.byte	6                               @ DW_FORM_data4
	.byte	64                              @ DW_AT_frame_base
	.byte	24                              @ DW_FORM_exprloc
	.byte	3                               @ DW_AT_name
	.byte	14                              @ DW_FORM_strp
	.byte	58                              @ DW_AT_decl_file
	.byte	11                              @ DW_FORM_data1
	.byte	59                              @ DW_AT_decl_line
	.byte	11                              @ DW_FORM_data1
	.byte	39                              @ DW_AT_prototyped
	.byte	25                              @ DW_FORM_flag_present
	.byte	73                              @ DW_AT_type
	.byte	19                              @ DW_FORM_ref4
	.byte	63                              @ DW_AT_external
	.byte	25                              @ DW_FORM_flag_present
	.byte	0                               @ EOM(1)
	.byte	0                               @ EOM(2)
	.byte	22                              @ Abbreviation Code
	.byte	46                              @ DW_TAG_subprogram
	.byte	1                               @ DW_CHILDREN_yes
	.byte	17                              @ DW_AT_low_pc
	.byte	1                               @ DW_FORM_addr
	.byte	18                              @ DW_AT_high_pc
	.byte	6                               @ DW_FORM_data4
	.byte	64                              @ DW_AT_frame_base
	.byte	24                              @ DW_FORM_exprloc
	.byte	3                               @ DW_AT_name
	.byte	14                              @ DW_FORM_strp
	.byte	58                              @ DW_AT_decl_file
	.byte	11                              @ DW_FORM_data1
	.byte	59                              @ DW_AT_decl_line
	.byte	5                               @ DW_FORM_data2
	.byte	39                              @ DW_AT_prototyped
	.byte	25                              @ DW_FORM_flag_present
	.byte	73                              @ DW_AT_type
	.byte	19                              @ DW_FORM_ref4
	.byte	63                              @ DW_AT_external
	.byte	25                              @ DW_FORM_flag_present
	.byte	0                               @ EOM(1)
	.byte	0                               @ EOM(2)
	.byte	23                              @ Abbreviation Code
	.byte	5                               @ DW_TAG_formal_parameter
	.byte	0                               @ DW_CHILDREN_no
	.byte	2                               @ DW_AT_location
	.byte	24                              @ DW_FORM_exprloc
	.byte	3                               @ DW_AT_name
	.byte	14                              @ DW_FORM_strp
	.byte	58                              @ DW_AT_decl_file
	.byte	11                              @ DW_FORM_data1
	.byte	59                              @ DW_AT_decl_line
	.byte	5                               @ DW_FORM_data2
	.byte	73                              @ DW_AT_type
	.byte	19                              @ DW_FORM_ref4
	.byte	0                               @ EOM(1)
	.byte	0                               @ EOM(2)
	.byte	24                              @ Abbreviation Code
	.byte	52                              @ DW_TAG_variable
	.byte	0                               @ DW_CHILDREN_no
	.byte	2                               @ DW_AT_location
	.byte	24                              @ DW_FORM_exprloc
	.byte	3                               @ DW_AT_name
	.byte	14                              @ DW_FORM_strp
	.byte	58                              @ DW_AT_decl_file
	.byte	11                              @ DW_FORM_data1
	.byte	59                              @ DW_AT_decl_line
	.byte	5                               @ DW_FORM_data2
	.byte	73                              @ DW_AT_type
	.byte	19                              @ DW_FORM_ref4
	.byte	0                               @ EOM(1)
	.byte	0                               @ EOM(2)
	.byte	25                              @ Abbreviation Code
	.byte	46                              @ DW_TAG_subprogram
	.byte	1                               @ DW_CHILDREN_yes
	.byte	17                              @ DW_AT_low_pc
	.byte	1                               @ DW_FORM_addr
	.byte	18                              @ DW_AT_high_pc
	.byte	6                               @ DW_FORM_data4
	.byte	64                              @ DW_AT_frame_base
	.byte	24                              @ DW_FORM_exprloc
	.byte	3                               @ DW_AT_name
	.byte	14                              @ DW_FORM_strp
	.byte	58                              @ DW_AT_decl_file
	.byte	11                              @ DW_FORM_data1
	.byte	59                              @ DW_AT_decl_line
	.byte	5                               @ DW_FORM_data2
	.byte	39                              @ DW_AT_prototyped
	.byte	25                              @ DW_FORM_flag_present
	.byte	63                              @ DW_AT_external
	.byte	25                              @ DW_FORM_flag_present
	.byte	0                               @ EOM(1)
	.byte	0                               @ EOM(2)
	.byte	26                              @ Abbreviation Code
	.byte	46                              @ DW_TAG_subprogram
	.byte	0                               @ DW_CHILDREN_no
	.byte	17                              @ DW_AT_low_pc
	.byte	1                               @ DW_FORM_addr
	.byte	18                              @ DW_AT_high_pc
	.byte	6                               @ DW_FORM_data4
	.byte	64                              @ DW_AT_frame_base
	.byte	24                              @ DW_FORM_exprloc
	.byte	3                               @ DW_AT_name
	.byte	14                              @ DW_FORM_strp
	.byte	58                              @ DW_AT_decl_file
	.byte	11                              @ DW_FORM_data1
	.byte	59                              @ DW_AT_decl_line
	.byte	5                               @ DW_FORM_data2
	.byte	39                              @ DW_AT_prototyped
	.byte	25                              @ DW_FORM_flag_present
	.byte	63                              @ DW_AT_external
	.byte	25                              @ DW_FORM_flag_present
	.byte	0                               @ EOM(1)
	.byte	0                               @ EOM(2)
	.byte	27                              @ Abbreviation Code
	.byte	11                              @ DW_TAG_lexical_block
	.byte	1                               @ DW_CHILDREN_yes
	.byte	17                              @ DW_AT_low_pc
	.byte	1                               @ DW_FORM_addr
	.byte	18                              @ DW_AT_high_pc
	.byte	6                               @ DW_FORM_data4
	.byte	0                               @ EOM(1)
	.byte	0                               @ EOM(2)
	.byte	28                              @ Abbreviation Code
	.byte	46                              @ DW_TAG_subprogram
	.byte	0                               @ DW_CHILDREN_no
	.byte	17                              @ DW_AT_low_pc
	.byte	1                               @ DW_FORM_addr
	.byte	18                              @ DW_AT_high_pc
	.byte	6                               @ DW_FORM_data4
	.byte	64                              @ DW_AT_frame_base
	.byte	24                              @ DW_FORM_exprloc
	.byte	3                               @ DW_AT_name
	.byte	14                              @ DW_FORM_strp
	.byte	58                              @ DW_AT_decl_file
	.byte	11                              @ DW_FORM_data1
	.byte	59                              @ DW_AT_decl_line
	.byte	5                               @ DW_FORM_data2
	.byte	39                              @ DW_AT_prototyped
	.byte	25                              @ DW_FORM_flag_present
	.byte	73                              @ DW_AT_type
	.byte	19                              @ DW_FORM_ref4
	.byte	63                              @ DW_AT_external
	.byte	25                              @ DW_FORM_flag_present
	.byte	0                               @ EOM(1)
	.byte	0                               @ EOM(2)
	.byte	0                               @ EOM(3)
	.section	.debug_info,"",%progbits
.Lcu_begin0:
	.long	.Ldebug_info_end0-.Ldebug_info_start0 @ Length of Unit
.Ldebug_info_start0:
	.short	4                               @ DWARF version number
	.long	.debug_abbrev                   @ Offset Into Abbrev. Section
	.byte	4                               @ Address Size (in bytes)
	.byte	1                               @ Abbrev [1] 0xb:0x1281 DW_TAG_compile_unit
	.long	.Linfo_string0                  @ DW_AT_producer
	.short	29                              @ DW_AT_language
	.long	.Linfo_string1                  @ DW_AT_name
	.long	.Lline_table_start0             @ DW_AT_stmt_list
	.long	.Linfo_string2                  @ DW_AT_comp_dir
	.long	0                               @ DW_AT_low_pc
	.long	.Ldebug_ranges0                 @ DW_AT_ranges
	.byte	2                               @ Abbrev [2] 0x26:0x5 DW_TAG_pointer_type
	.long	43                              @ DW_AT_type
	.byte	3                               @ Abbrev [3] 0x2b:0xc DW_TAG_typedef
	.long	55                              @ DW_AT_type
	.long	.Linfo_string41                 @ DW_AT_name
	.byte	2                               @ DW_AT_decl_file
	.short	1139                            @ DW_AT_decl_line
	.byte	4                               @ Abbrev [4] 0x37:0x1cc DW_TAG_structure_type
	.byte	184                             @ DW_AT_byte_size
	.byte	2                               @ DW_AT_decl_file
	.byte	26                              @ DW_AT_decl_line
	.byte	5                               @ Abbrev [5] 0x3b:0xd DW_TAG_member
	.long	.Linfo_string3                  @ DW_AT_name
	.long	515                             @ DW_AT_type
	.byte	2                               @ DW_AT_decl_file
	.short	1103                            @ DW_AT_decl_line
	.byte	0                               @ DW_AT_data_member_location
	.byte	5                               @ Abbrev [5] 0x48:0xd DW_TAG_member
	.long	.Linfo_string6                  @ DW_AT_name
	.long	515                             @ DW_AT_type
	.byte	2                               @ DW_AT_decl_file
	.short	1104                            @ DW_AT_decl_line
	.byte	4                               @ DW_AT_data_member_location
	.byte	5                               @ Abbrev [5] 0x55:0xd DW_TAG_member
	.long	.Linfo_string7                  @ DW_AT_name
	.long	515                             @ DW_AT_type
	.byte	2                               @ DW_AT_decl_file
	.short	1105                            @ DW_AT_decl_line
	.byte	8                               @ DW_AT_data_member_location
	.byte	5                               @ Abbrev [5] 0x62:0xd DW_TAG_member
	.long	.Linfo_string8                  @ DW_AT_name
	.long	515                             @ DW_AT_type
	.byte	2                               @ DW_AT_decl_file
	.short	1106                            @ DW_AT_decl_line
	.byte	12                              @ DW_AT_data_member_location
	.byte	5                               @ Abbrev [5] 0x6f:0xd DW_TAG_member
	.long	.Linfo_string9                  @ DW_AT_name
	.long	515                             @ DW_AT_type
	.byte	2                               @ DW_AT_decl_file
	.short	1107                            @ DW_AT_decl_line
	.byte	16                              @ DW_AT_data_member_location
	.byte	5                               @ Abbrev [5] 0x7c:0xd DW_TAG_member
	.long	.Linfo_string10                 @ DW_AT_name
	.long	515                             @ DW_AT_type
	.byte	2                               @ DW_AT_decl_file
	.short	1108                            @ DW_AT_decl_line
	.byte	20                              @ DW_AT_data_member_location
	.byte	5                               @ Abbrev [5] 0x89:0xd DW_TAG_member
	.long	.Linfo_string11                 @ DW_AT_name
	.long	515                             @ DW_AT_type
	.byte	2                               @ DW_AT_decl_file
	.short	1109                            @ DW_AT_decl_line
	.byte	24                              @ DW_AT_data_member_location
	.byte	5                               @ Abbrev [5] 0x96:0xd DW_TAG_member
	.long	.Linfo_string12                 @ DW_AT_name
	.long	515                             @ DW_AT_type
	.byte	2                               @ DW_AT_decl_file
	.short	1110                            @ DW_AT_decl_line
	.byte	28                              @ DW_AT_data_member_location
	.byte	5                               @ Abbrev [5] 0xa3:0xd DW_TAG_member
	.long	.Linfo_string13                 @ DW_AT_name
	.long	515                             @ DW_AT_type
	.byte	2                               @ DW_AT_decl_file
	.short	1111                            @ DW_AT_decl_line
	.byte	32                              @ DW_AT_data_member_location
	.byte	5                               @ Abbrev [5] 0xb0:0xd DW_TAG_member
	.long	.Linfo_string14                 @ DW_AT_name
	.long	515                             @ DW_AT_type
	.byte	2                               @ DW_AT_decl_file
	.short	1112                            @ DW_AT_decl_line
	.byte	36                              @ DW_AT_data_member_location
	.byte	5                               @ Abbrev [5] 0xbd:0xd DW_TAG_member
	.long	.Linfo_string15                 @ DW_AT_name
	.long	538                             @ DW_AT_type
	.byte	2                               @ DW_AT_decl_file
	.short	1113                            @ DW_AT_decl_line
	.byte	40                              @ DW_AT_data_member_location
	.byte	5                               @ Abbrev [5] 0xca:0xd DW_TAG_member
	.long	.Linfo_string17                 @ DW_AT_name
	.long	515                             @ DW_AT_type
	.byte	2                               @ DW_AT_decl_file
	.short	1114                            @ DW_AT_decl_line
	.byte	48                              @ DW_AT_data_member_location
	.byte	5                               @ Abbrev [5] 0xd7:0xd DW_TAG_member
	.long	.Linfo_string18                 @ DW_AT_name
	.long	562                             @ DW_AT_type
	.byte	2                               @ DW_AT_decl_file
	.short	1115                            @ DW_AT_decl_line
	.byte	52                              @ DW_AT_data_member_location
	.byte	5                               @ Abbrev [5] 0xe4:0xd DW_TAG_member
	.long	.Linfo_string19                 @ DW_AT_name
	.long	538                             @ DW_AT_type
	.byte	2                               @ DW_AT_decl_file
	.short	1116                            @ DW_AT_decl_line
	.byte	56                              @ DW_AT_data_member_location
	.byte	5                               @ Abbrev [5] 0xf1:0xd DW_TAG_member
	.long	.Linfo_string20                 @ DW_AT_name
	.long	515                             @ DW_AT_type
	.byte	2                               @ DW_AT_decl_file
	.short	1117                            @ DW_AT_decl_line
	.byte	64                              @ DW_AT_data_member_location
	.byte	5                               @ Abbrev [5] 0xfe:0xd DW_TAG_member
	.long	.Linfo_string21                 @ DW_AT_name
	.long	574                             @ DW_AT_type
	.byte	2                               @ DW_AT_decl_file
	.short	1118                            @ DW_AT_decl_line
	.byte	68                              @ DW_AT_data_member_location
	.byte	5                               @ Abbrev [5] 0x10b:0xd DW_TAG_member
	.long	.Linfo_string22                 @ DW_AT_name
	.long	550                             @ DW_AT_type
	.byte	2                               @ DW_AT_decl_file
	.short	1119                            @ DW_AT_decl_line
	.byte	80                              @ DW_AT_data_member_location
	.byte	5                               @ Abbrev [5] 0x118:0xd DW_TAG_member
	.long	.Linfo_string23                 @ DW_AT_name
	.long	574                             @ DW_AT_type
	.byte	2                               @ DW_AT_decl_file
	.short	1120                            @ DW_AT_decl_line
	.byte	84                              @ DW_AT_data_member_location
	.byte	5                               @ Abbrev [5] 0x125:0xd DW_TAG_member
	.long	.Linfo_string24                 @ DW_AT_name
	.long	515                             @ DW_AT_type
	.byte	2                               @ DW_AT_decl_file
	.short	1121                            @ DW_AT_decl_line
	.byte	96                              @ DW_AT_data_member_location
	.byte	5                               @ Abbrev [5] 0x132:0xd DW_TAG_member
	.long	.Linfo_string25                 @ DW_AT_name
	.long	574                             @ DW_AT_type
	.byte	2                               @ DW_AT_decl_file
	.short	1122                            @ DW_AT_decl_line
	.byte	100                             @ DW_AT_data_member_location
	.byte	5                               @ Abbrev [5] 0x13f:0xd DW_TAG_member
	.long	.Linfo_string26                 @ DW_AT_name
	.long	515                             @ DW_AT_type
	.byte	2                               @ DW_AT_decl_file
	.short	1123                            @ DW_AT_decl_line
	.byte	112                             @ DW_AT_data_member_location
	.byte	5                               @ Abbrev [5] 0x14c:0xd DW_TAG_member
	.long	.Linfo_string27                 @ DW_AT_name
	.long	515                             @ DW_AT_type
	.byte	2                               @ DW_AT_decl_file
	.short	1124                            @ DW_AT_decl_line
	.byte	116                             @ DW_AT_data_member_location
	.byte	5                               @ Abbrev [5] 0x159:0xd DW_TAG_member
	.long	.Linfo_string28                 @ DW_AT_name
	.long	515                             @ DW_AT_type
	.byte	2                               @ DW_AT_decl_file
	.short	1125                            @ DW_AT_decl_line
	.byte	120                             @ DW_AT_data_member_location
	.byte	5                               @ Abbrev [5] 0x166:0xd DW_TAG_member
	.long	.Linfo_string29                 @ DW_AT_name
	.long	515                             @ DW_AT_type
	.byte	2                               @ DW_AT_decl_file
	.short	1126                            @ DW_AT_decl_line
	.byte	124                             @ DW_AT_data_member_location
	.byte	5                               @ Abbrev [5] 0x173:0xd DW_TAG_member
	.long	.Linfo_string30                 @ DW_AT_name
	.long	586                             @ DW_AT_type
	.byte	2                               @ DW_AT_decl_file
	.short	1127                            @ DW_AT_decl_line
	.byte	128                             @ DW_AT_data_member_location
	.byte	5                               @ Abbrev [5] 0x180:0xd DW_TAG_member
	.long	.Linfo_string31                 @ DW_AT_name
	.long	515                             @ DW_AT_type
	.byte	2                               @ DW_AT_decl_file
	.short	1128                            @ DW_AT_decl_line
	.byte	144                             @ DW_AT_data_member_location
	.byte	5                               @ Abbrev [5] 0x18d:0xd DW_TAG_member
	.long	.Linfo_string32                 @ DW_AT_name
	.long	515                             @ DW_AT_type
	.byte	2                               @ DW_AT_decl_file
	.short	1129                            @ DW_AT_decl_line
	.byte	148                             @ DW_AT_data_member_location
	.byte	5                               @ Abbrev [5] 0x19a:0xd DW_TAG_member
	.long	.Linfo_string33                 @ DW_AT_name
	.long	562                             @ DW_AT_type
	.byte	2                               @ DW_AT_decl_file
	.short	1130                            @ DW_AT_decl_line
	.byte	152                             @ DW_AT_data_member_location
	.byte	5                               @ Abbrev [5] 0x1a7:0xd DW_TAG_member
	.long	.Linfo_string34                 @ DW_AT_name
	.long	515                             @ DW_AT_type
	.byte	2                               @ DW_AT_decl_file
	.short	1131                            @ DW_AT_decl_line
	.byte	156                             @ DW_AT_data_member_location
	.byte	5                               @ Abbrev [5] 0x1b4:0xd DW_TAG_member
	.long	.Linfo_string35                 @ DW_AT_name
	.long	515                             @ DW_AT_type
	.byte	2                               @ DW_AT_decl_file
	.short	1132                            @ DW_AT_decl_line
	.byte	160                             @ DW_AT_data_member_location
	.byte	5                               @ Abbrev [5] 0x1c1:0xd DW_TAG_member
	.long	.Linfo_string36                 @ DW_AT_name
	.long	515                             @ DW_AT_type
	.byte	2                               @ DW_AT_decl_file
	.short	1133                            @ DW_AT_decl_line
	.byte	164                             @ DW_AT_data_member_location
	.byte	5                               @ Abbrev [5] 0x1ce:0xd DW_TAG_member
	.long	.Linfo_string37                 @ DW_AT_name
	.long	515                             @ DW_AT_type
	.byte	2                               @ DW_AT_decl_file
	.short	1134                            @ DW_AT_decl_line
	.byte	168                             @ DW_AT_data_member_location
	.byte	5                               @ Abbrev [5] 0x1db:0xd DW_TAG_member
	.long	.Linfo_string38                 @ DW_AT_name
	.long	515                             @ DW_AT_type
	.byte	2                               @ DW_AT_decl_file
	.short	1135                            @ DW_AT_decl_line
	.byte	172                             @ DW_AT_data_member_location
	.byte	5                               @ Abbrev [5] 0x1e8:0xd DW_TAG_member
	.long	.Linfo_string39                 @ DW_AT_name
	.long	515                             @ DW_AT_type
	.byte	2                               @ DW_AT_decl_file
	.short	1136                            @ DW_AT_decl_line
	.byte	176                             @ DW_AT_data_member_location
	.byte	5                               @ Abbrev [5] 0x1f5:0xd DW_TAG_member
	.long	.Linfo_string40                 @ DW_AT_name
	.long	515                             @ DW_AT_type
	.byte	2                               @ DW_AT_decl_file
	.short	1137                            @ DW_AT_decl_line
	.byte	180                             @ DW_AT_data_member_location
	.byte	0                               @ End Of Children Mark
	.byte	6                               @ Abbrev [6] 0x203:0x5 DW_TAG_volatile_type
	.long	520                             @ DW_AT_type
	.byte	7                               @ Abbrev [7] 0x208:0xb DW_TAG_typedef
	.long	531                             @ DW_AT_type
	.long	.Linfo_string5                  @ DW_AT_name
	.byte	1                               @ DW_AT_decl_file
	.byte	64                              @ DW_AT_decl_line
	.byte	8                               @ Abbrev [8] 0x213:0x7 DW_TAG_base_type
	.long	.Linfo_string4                  @ DW_AT_name
	.byte	7                               @ DW_AT_encoding
	.byte	4                               @ DW_AT_byte_size
	.byte	9                               @ Abbrev [9] 0x21a:0xc DW_TAG_array_type
	.long	550                             @ DW_AT_type
	.byte	10                              @ Abbrev [10] 0x21f:0x6 DW_TAG_subrange_type
	.long	555                             @ DW_AT_type
	.byte	2                               @ DW_AT_count
	.byte	0                               @ End Of Children Mark
	.byte	11                              @ Abbrev [11] 0x226:0x5 DW_TAG_const_type
	.long	515                             @ DW_AT_type
	.byte	12                              @ Abbrev [12] 0x22b:0x7 DW_TAG_base_type
	.long	.Linfo_string16                 @ DW_AT_name
	.byte	8                               @ DW_AT_byte_size
	.byte	7                               @ DW_AT_encoding
	.byte	9                               @ Abbrev [9] 0x232:0xc DW_TAG_array_type
	.long	550                             @ DW_AT_type
	.byte	10                              @ Abbrev [10] 0x237:0x6 DW_TAG_subrange_type
	.long	555                             @ DW_AT_type
	.byte	1                               @ DW_AT_count
	.byte	0                               @ End Of Children Mark
	.byte	9                               @ Abbrev [9] 0x23e:0xc DW_TAG_array_type
	.long	550                             @ DW_AT_type
	.byte	10                              @ Abbrev [10] 0x243:0x6 DW_TAG_subrange_type
	.long	555                             @ DW_AT_type
	.byte	3                               @ DW_AT_count
	.byte	0                               @ End Of Children Mark
	.byte	9                               @ Abbrev [9] 0x24a:0xc DW_TAG_array_type
	.long	550                             @ DW_AT_type
	.byte	10                              @ Abbrev [10] 0x24f:0x6 DW_TAG_subrange_type
	.long	555                             @ DW_AT_type
	.byte	4                               @ DW_AT_count
	.byte	0                               @ End Of Children Mark
	.byte	2                               @ Abbrev [2] 0x256:0x5 DW_TAG_pointer_type
	.long	603                             @ DW_AT_type
	.byte	3                               @ Abbrev [3] 0x25b:0xc DW_TAG_typedef
	.long	615                             @ DW_AT_type
	.long	.Linfo_string51                 @ DW_AT_name
	.byte	3                               @ DW_AT_decl_file
	.short	396                             @ DW_AT_decl_line
	.byte	13                              @ Abbrev [13] 0x267:0x7b DW_TAG_structure_type
	.byte	40                              @ DW_AT_byte_size
	.byte	3                               @ DW_AT_decl_file
	.short	381                             @ DW_AT_decl_line
	.byte	5                               @ Abbrev [5] 0x26c:0xd DW_TAG_member
	.long	.Linfo_string42                 @ DW_AT_name
	.long	550                             @ DW_AT_type
	.byte	3                               @ DW_AT_decl_file
	.short	383                             @ DW_AT_decl_line
	.byte	0                               @ DW_AT_data_member_location
	.byte	5                               @ Abbrev [5] 0x279:0xd DW_TAG_member
	.long	.Linfo_string43                 @ DW_AT_name
	.long	515                             @ DW_AT_type
	.byte	3                               @ DW_AT_decl_file
	.short	384                             @ DW_AT_decl_line
	.byte	4                               @ DW_AT_data_member_location
	.byte	5                               @ Abbrev [5] 0x286:0xd DW_TAG_member
	.long	.Linfo_string44                 @ DW_AT_name
	.long	515                             @ DW_AT_type
	.byte	3                               @ DW_AT_decl_file
	.short	386                             @ DW_AT_decl_line
	.byte	8                               @ DW_AT_data_member_location
	.byte	5                               @ Abbrev [5] 0x293:0xd DW_TAG_member
	.long	.Linfo_string45                 @ DW_AT_name
	.long	515                             @ DW_AT_type
	.byte	3                               @ DW_AT_decl_file
	.short	390                             @ DW_AT_decl_line
	.byte	12                              @ DW_AT_data_member_location
	.byte	5                               @ Abbrev [5] 0x2a0:0xd DW_TAG_member
	.long	.Linfo_string46                 @ DW_AT_name
	.long	515                             @ DW_AT_type
	.byte	3                               @ DW_AT_decl_file
	.short	391                             @ DW_AT_decl_line
	.byte	16                              @ DW_AT_data_member_location
	.byte	5                               @ Abbrev [5] 0x2ad:0xd DW_TAG_member
	.long	.Linfo_string47                 @ DW_AT_name
	.long	515                             @ DW_AT_type
	.byte	3                               @ DW_AT_decl_file
	.short	392                             @ DW_AT_decl_line
	.byte	20                              @ DW_AT_data_member_location
	.byte	5                               @ Abbrev [5] 0x2ba:0xd DW_TAG_member
	.long	.Linfo_string48                 @ DW_AT_name
	.long	520                             @ DW_AT_type
	.byte	3                               @ DW_AT_decl_file
	.short	393                             @ DW_AT_decl_line
	.byte	24                              @ DW_AT_data_member_location
	.byte	5                               @ Abbrev [5] 0x2c7:0xd DW_TAG_member
	.long	.Linfo_string49                 @ DW_AT_name
	.long	738                             @ DW_AT_type
	.byte	3                               @ DW_AT_decl_file
	.short	394                             @ DW_AT_decl_line
	.byte	28                              @ DW_AT_data_member_location
	.byte	5                               @ Abbrev [5] 0x2d4:0xd DW_TAG_member
	.long	.Linfo_string50                 @ DW_AT_name
	.long	515                             @ DW_AT_type
	.byte	3                               @ DW_AT_decl_file
	.short	395                             @ DW_AT_decl_line
	.byte	36                              @ DW_AT_data_member_location
	.byte	0                               @ End Of Children Mark
	.byte	9                               @ Abbrev [9] 0x2e2:0xc DW_TAG_array_type
	.long	515                             @ DW_AT_type
	.byte	10                              @ Abbrev [10] 0x2e7:0x6 DW_TAG_subrange_type
	.long	555                             @ DW_AT_type
	.byte	2                               @ DW_AT_count
	.byte	0                               @ End Of Children Mark
	.byte	2                               @ Abbrev [2] 0x2ee:0x5 DW_TAG_pointer_type
	.long	755                             @ DW_AT_type
	.byte	3                               @ Abbrev [3] 0x2f3:0xc DW_TAG_typedef
	.long	767                             @ DW_AT_type
	.long	.Linfo_string56                 @ DW_AT_name
	.byte	3                               @ DW_AT_decl_file
	.short	561                             @ DW_AT_decl_line
	.byte	13                              @ Abbrev [13] 0x2ff:0x3a DW_TAG_structure_type
	.byte	16                              @ DW_AT_byte_size
	.byte	3                               @ DW_AT_decl_file
	.short	555                             @ DW_AT_decl_line
	.byte	5                               @ Abbrev [5] 0x304:0xd DW_TAG_member
	.long	.Linfo_string52                 @ DW_AT_name
	.long	515                             @ DW_AT_type
	.byte	3                               @ DW_AT_decl_file
	.short	557                             @ DW_AT_decl_line
	.byte	0                               @ DW_AT_data_member_location
	.byte	5                               @ Abbrev [5] 0x311:0xd DW_TAG_member
	.long	.Linfo_string53                 @ DW_AT_name
	.long	515                             @ DW_AT_type
	.byte	3                               @ DW_AT_decl_file
	.short	558                             @ DW_AT_decl_line
	.byte	4                               @ DW_AT_data_member_location
	.byte	5                               @ Abbrev [5] 0x31e:0xd DW_TAG_member
	.long	.Linfo_string54                 @ DW_AT_name
	.long	515                             @ DW_AT_type
	.byte	3                               @ DW_AT_decl_file
	.short	559                             @ DW_AT_decl_line
	.byte	8                               @ DW_AT_data_member_location
	.byte	5                               @ Abbrev [5] 0x32b:0xd DW_TAG_member
	.long	.Linfo_string55                 @ DW_AT_name
	.long	550                             @ DW_AT_type
	.byte	3                               @ DW_AT_decl_file
	.short	560                             @ DW_AT_decl_line
	.byte	12                              @ DW_AT_data_member_location
	.byte	0                               @ End Of Children Mark
	.byte	2                               @ Abbrev [2] 0x339:0x5 DW_TAG_pointer_type
	.long	830                             @ DW_AT_type
	.byte	3                               @ Abbrev [3] 0x33e:0xc DW_TAG_typedef
	.long	842                             @ DW_AT_type
	.long	.Linfo_string83                 @ DW_AT_name
	.byte	4                               @ DW_AT_decl_file
	.short	767                             @ DW_AT_decl_line
	.byte	14                              @ Abbrev [14] 0x34a:0x1de DW_TAG_structure_type
	.short	500                             @ DW_AT_byte_size
	.byte	4                               @ DW_AT_decl_file
	.byte	25                              @ DW_AT_decl_line
	.byte	5                               @ Abbrev [5] 0x34f:0xd DW_TAG_member
	.long	.Linfo_string57                 @ DW_AT_name
	.long	515                             @ DW_AT_type
	.byte	4                               @ DW_AT_decl_file
	.short	731                             @ DW_AT_decl_line
	.byte	0                               @ DW_AT_data_member_location
	.byte	5                               @ Abbrev [5] 0x35c:0xd DW_TAG_member
	.long	.Linfo_string15                 @ DW_AT_name
	.long	562                             @ DW_AT_type
	.byte	4                               @ DW_AT_decl_file
	.short	732                             @ DW_AT_decl_line
	.byte	4                               @ DW_AT_data_member_location
	.byte	5                               @ Abbrev [5] 0x369:0xd DW_TAG_member
	.long	.Linfo_string58                 @ DW_AT_name
	.long	515                             @ DW_AT_type
	.byte	4                               @ DW_AT_decl_file
	.short	733                             @ DW_AT_decl_line
	.byte	8                               @ DW_AT_data_member_location
	.byte	5                               @ Abbrev [5] 0x376:0xd DW_TAG_member
	.long	.Linfo_string59                 @ DW_AT_name
	.long	515                             @ DW_AT_type
	.byte	4                               @ DW_AT_decl_file
	.short	734                             @ DW_AT_decl_line
	.byte	12                              @ DW_AT_data_member_location
	.byte	5                               @ Abbrev [5] 0x383:0xd DW_TAG_member
	.long	.Linfo_string60                 @ DW_AT_name
	.long	515                             @ DW_AT_type
	.byte	4                               @ DW_AT_decl_file
	.short	735                             @ DW_AT_decl_line
	.byte	16                              @ DW_AT_data_member_location
	.byte	5                               @ Abbrev [5] 0x390:0xd DW_TAG_member
	.long	.Linfo_string61                 @ DW_AT_name
	.long	515                             @ DW_AT_type
	.byte	4                               @ DW_AT_decl_file
	.short	736                             @ DW_AT_decl_line
	.byte	20                              @ DW_AT_data_member_location
	.byte	5                               @ Abbrev [5] 0x39d:0xd DW_TAG_member
	.long	.Linfo_string62                 @ DW_AT_name
	.long	515                             @ DW_AT_type
	.byte	4                               @ DW_AT_decl_file
	.short	737                             @ DW_AT_decl_line
	.byte	24                              @ DW_AT_data_member_location
	.byte	5                               @ Abbrev [5] 0x3aa:0xd DW_TAG_member
	.long	.Linfo_string63                 @ DW_AT_name
	.long	515                             @ DW_AT_type
	.byte	4                               @ DW_AT_decl_file
	.short	738                             @ DW_AT_decl_line
	.byte	28                              @ DW_AT_data_member_location
	.byte	5                               @ Abbrev [5] 0x3b7:0xd DW_TAG_member
	.long	.Linfo_string64                 @ DW_AT_name
	.long	515                             @ DW_AT_type
	.byte	4                               @ DW_AT_decl_file
	.short	739                             @ DW_AT_decl_line
	.byte	32                              @ DW_AT_data_member_location
	.byte	5                               @ Abbrev [5] 0x3c4:0xd DW_TAG_member
	.long	.Linfo_string65                 @ DW_AT_name
	.long	550                             @ DW_AT_type
	.byte	4                               @ DW_AT_decl_file
	.short	740                             @ DW_AT_decl_line
	.byte	36                              @ DW_AT_data_member_location
	.byte	5                               @ Abbrev [5] 0x3d1:0xd DW_TAG_member
	.long	.Linfo_string66                 @ DW_AT_name
	.long	515                             @ DW_AT_type
	.byte	4                               @ DW_AT_decl_file
	.short	741                             @ DW_AT_decl_line
	.byte	40                              @ DW_AT_data_member_location
	.byte	5                               @ Abbrev [5] 0x3de:0xd DW_TAG_member
	.long	.Linfo_string67                 @ DW_AT_name
	.long	515                             @ DW_AT_type
	.byte	4                               @ DW_AT_decl_file
	.short	742                             @ DW_AT_decl_line
	.byte	44                              @ DW_AT_data_member_location
	.byte	5                               @ Abbrev [5] 0x3eb:0xd DW_TAG_member
	.long	.Linfo_string68                 @ DW_AT_name
	.long	515                             @ DW_AT_type
	.byte	4                               @ DW_AT_decl_file
	.short	743                             @ DW_AT_decl_line
	.byte	48                              @ DW_AT_data_member_location
	.byte	5                               @ Abbrev [5] 0x3f8:0xd DW_TAG_member
	.long	.Linfo_string69                 @ DW_AT_name
	.long	515                             @ DW_AT_type
	.byte	4                               @ DW_AT_decl_file
	.short	744                             @ DW_AT_decl_line
	.byte	52                              @ DW_AT_data_member_location
	.byte	5                               @ Abbrev [5] 0x405:0xd DW_TAG_member
	.long	.Linfo_string70                 @ DW_AT_name
	.long	515                             @ DW_AT_type
	.byte	4                               @ DW_AT_decl_file
	.short	745                             @ DW_AT_decl_line
	.byte	56                              @ DW_AT_data_member_location
	.byte	5                               @ Abbrev [5] 0x412:0xd DW_TAG_member
	.long	.Linfo_string71                 @ DW_AT_name
	.long	515                             @ DW_AT_type
	.byte	4                               @ DW_AT_decl_file
	.short	746                             @ DW_AT_decl_line
	.byte	60                              @ DW_AT_data_member_location
	.byte	5                               @ Abbrev [5] 0x41f:0xd DW_TAG_member
	.long	.Linfo_string72                 @ DW_AT_name
	.long	1320                            @ DW_AT_type
	.byte	4                               @ DW_AT_decl_file
	.short	747                             @ DW_AT_decl_line
	.byte	64                              @ DW_AT_data_member_location
	.byte	5                               @ Abbrev [5] 0x42c:0xd DW_TAG_member
	.long	.Linfo_string19                 @ DW_AT_name
	.long	1332                            @ DW_AT_type
	.byte	4                               @ DW_AT_decl_file
	.short	748                             @ DW_AT_decl_line
	.byte	144                             @ DW_AT_data_member_location
	.byte	15                              @ Abbrev [15] 0x439:0xe DW_TAG_member
	.long	.Linfo_string73                 @ DW_AT_name
	.long	515                             @ DW_AT_type
	.byte	4                               @ DW_AT_decl_file
	.short	749                             @ DW_AT_decl_line
	.short	256                             @ DW_AT_data_member_location
	.byte	15                              @ Abbrev [15] 0x447:0xe DW_TAG_member
	.long	.Linfo_string74                 @ DW_AT_name
	.long	515                             @ DW_AT_type
	.byte	4                               @ DW_AT_decl_file
	.short	750                             @ DW_AT_decl_line
	.short	260                             @ DW_AT_data_member_location
	.byte	15                              @ Abbrev [15] 0x455:0xe DW_TAG_member
	.long	.Linfo_string75                 @ DW_AT_name
	.long	515                             @ DW_AT_type
	.byte	4                               @ DW_AT_decl_file
	.short	751                             @ DW_AT_decl_line
	.short	264                             @ DW_AT_data_member_location
	.byte	15                              @ Abbrev [15] 0x463:0xe DW_TAG_member
	.long	.Linfo_string21                 @ DW_AT_name
	.long	562                             @ DW_AT_type
	.byte	4                               @ DW_AT_decl_file
	.short	752                             @ DW_AT_decl_line
	.short	268                             @ DW_AT_data_member_location
	.byte	15                              @ Abbrev [15] 0x471:0xe DW_TAG_member
	.long	.Linfo_string76                 @ DW_AT_name
	.long	515                             @ DW_AT_type
	.byte	4                               @ DW_AT_decl_file
	.short	753                             @ DW_AT_decl_line
	.short	272                             @ DW_AT_data_member_location
	.byte	15                              @ Abbrev [15] 0x47f:0xe DW_TAG_member
	.long	.Linfo_string23                 @ DW_AT_name
	.long	574                             @ DW_AT_type
	.byte	4                               @ DW_AT_decl_file
	.short	754                             @ DW_AT_decl_line
	.short	276                             @ DW_AT_data_member_location
	.byte	15                              @ Abbrev [15] 0x48d:0xe DW_TAG_member
	.long	.Linfo_string77                 @ DW_AT_name
	.long	515                             @ DW_AT_type
	.byte	4                               @ DW_AT_decl_file
	.short	755                             @ DW_AT_decl_line
	.short	288                             @ DW_AT_data_member_location
	.byte	15                              @ Abbrev [15] 0x49b:0xe DW_TAG_member
	.long	.Linfo_string25                 @ DW_AT_name
	.long	562                             @ DW_AT_type
	.byte	4                               @ DW_AT_decl_file
	.short	756                             @ DW_AT_decl_line
	.short	292                             @ DW_AT_data_member_location
	.byte	15                              @ Abbrev [15] 0x4a9:0xe DW_TAG_member
	.long	.Linfo_string78                 @ DW_AT_name
	.long	515                             @ DW_AT_type
	.byte	4                               @ DW_AT_decl_file
	.short	757                             @ DW_AT_decl_line
	.short	296                             @ DW_AT_data_member_location
	.byte	15                              @ Abbrev [15] 0x4b7:0xe DW_TAG_member
	.long	.Linfo_string30                 @ DW_AT_name
	.long	562                             @ DW_AT_type
	.byte	4                               @ DW_AT_decl_file
	.short	758                             @ DW_AT_decl_line
	.short	300                             @ DW_AT_data_member_location
	.byte	15                              @ Abbrev [15] 0x4c5:0xe DW_TAG_member
	.long	.Linfo_string79                 @ DW_AT_name
	.long	550                             @ DW_AT_type
	.byte	4                               @ DW_AT_decl_file
	.short	759                             @ DW_AT_decl_line
	.short	304                             @ DW_AT_data_member_location
	.byte	15                              @ Abbrev [15] 0x4d3:0xe DW_TAG_member
	.long	.Linfo_string80                 @ DW_AT_name
	.long	550                             @ DW_AT_type
	.byte	4                               @ DW_AT_decl_file
	.short	760                             @ DW_AT_decl_line
	.short	308                             @ DW_AT_data_member_location
	.byte	15                              @ Abbrev [15] 0x4e1:0xe DW_TAG_member
	.long	.Linfo_string33                 @ DW_AT_name
	.long	538                             @ DW_AT_type
	.byte	4                               @ DW_AT_decl_file
	.short	761                             @ DW_AT_decl_line
	.short	312                             @ DW_AT_data_member_location
	.byte	15                              @ Abbrev [15] 0x4ef:0xe DW_TAG_member
	.long	.Linfo_string26                 @ DW_AT_name
	.long	515                             @ DW_AT_type
	.byte	4                               @ DW_AT_decl_file
	.short	762                             @ DW_AT_decl_line
	.short	320                             @ DW_AT_data_member_location
	.byte	15                              @ Abbrev [15] 0x4fd:0xe DW_TAG_member
	.long	.Linfo_string81                 @ DW_AT_name
	.long	515                             @ DW_AT_type
	.byte	4                               @ DW_AT_decl_file
	.short	763                             @ DW_AT_decl_line
	.short	324                             @ DW_AT_data_member_location
	.byte	15                              @ Abbrev [15] 0x50b:0xe DW_TAG_member
	.long	.Linfo_string18                 @ DW_AT_name
	.long	1344                            @ DW_AT_type
	.byte	4                               @ DW_AT_decl_file
	.short	764                             @ DW_AT_decl_line
	.short	328                             @ DW_AT_data_member_location
	.byte	15                              @ Abbrev [15] 0x519:0xe DW_TAG_member
	.long	.Linfo_string82                 @ DW_AT_name
	.long	515                             @ DW_AT_type
	.byte	4                               @ DW_AT_decl_file
	.short	765                             @ DW_AT_decl_line
	.short	496                             @ DW_AT_data_member_location
	.byte	0                               @ End Of Children Mark
	.byte	9                               @ Abbrev [9] 0x528:0xc DW_TAG_array_type
	.long	515                             @ DW_AT_type
	.byte	10                              @ Abbrev [10] 0x52d:0x6 DW_TAG_subrange_type
	.long	555                             @ DW_AT_type
	.byte	20                              @ DW_AT_count
	.byte	0                               @ End Of Children Mark
	.byte	9                               @ Abbrev [9] 0x534:0xc DW_TAG_array_type
	.long	550                             @ DW_AT_type
	.byte	10                              @ Abbrev [10] 0x539:0x6 DW_TAG_subrange_type
	.long	555                             @ DW_AT_type
	.byte	28                              @ DW_AT_count
	.byte	0                               @ End Of Children Mark
	.byte	9                               @ Abbrev [9] 0x540:0xc DW_TAG_array_type
	.long	550                             @ DW_AT_type
	.byte	10                              @ Abbrev [10] 0x545:0x6 DW_TAG_subrange_type
	.long	555                             @ DW_AT_type
	.byte	42                              @ DW_AT_count
	.byte	0                               @ End Of Children Mark
	.byte	2                               @ Abbrev [2] 0x54c:0x5 DW_TAG_pointer_type
	.long	1361                            @ DW_AT_type
	.byte	3                               @ Abbrev [3] 0x551:0xc DW_TAG_typedef
	.long	1373                            @ DW_AT_type
	.long	.Linfo_string142                @ DW_AT_name
	.byte	5                               @ DW_AT_decl_file
	.short	1247                            @ DW_AT_decl_line
	.byte	14                              @ Abbrev [14] 0x55d:0x360 DW_TAG_structure_type
	.short	1028                            @ DW_AT_byte_size
	.byte	5                               @ DW_AT_decl_file
	.byte	25                              @ DW_AT_decl_line
	.byte	5                               @ Abbrev [5] 0x562:0xd DW_TAG_member
	.long	.Linfo_string84                 @ DW_AT_name
	.long	550                             @ DW_AT_type
	.byte	5                               @ DW_AT_decl_file
	.short	1180                            @ DW_AT_decl_line
	.byte	0                               @ DW_AT_data_member_location
	.byte	5                               @ Abbrev [5] 0x56f:0xd DW_TAG_member
	.long	.Linfo_string85                 @ DW_AT_name
	.long	515                             @ DW_AT_type
	.byte	5                               @ DW_AT_decl_file
	.short	1181                            @ DW_AT_decl_line
	.byte	4                               @ DW_AT_data_member_location
	.byte	5                               @ Abbrev [5] 0x57c:0xd DW_TAG_member
	.long	.Linfo_string86                 @ DW_AT_name
	.long	515                             @ DW_AT_type
	.byte	5                               @ DW_AT_decl_file
	.short	1182                            @ DW_AT_decl_line
	.byte	8                               @ DW_AT_data_member_location
	.byte	5                               @ Abbrev [5] 0x589:0xd DW_TAG_member
	.long	.Linfo_string87                 @ DW_AT_name
	.long	515                             @ DW_AT_type
	.byte	5                               @ DW_AT_decl_file
	.short	1183                            @ DW_AT_decl_line
	.byte	12                              @ DW_AT_data_member_location
	.byte	5                               @ Abbrev [5] 0x596:0xd DW_TAG_member
	.long	.Linfo_string88                 @ DW_AT_name
	.long	515                             @ DW_AT_type
	.byte	5                               @ DW_AT_decl_file
	.short	1184                            @ DW_AT_decl_line
	.byte	16                              @ DW_AT_data_member_location
	.byte	5                               @ Abbrev [5] 0x5a3:0xd DW_TAG_member
	.long	.Linfo_string15                 @ DW_AT_name
	.long	562                             @ DW_AT_type
	.byte	5                               @ DW_AT_decl_file
	.short	1185                            @ DW_AT_decl_line
	.byte	20                              @ DW_AT_data_member_location
	.byte	5                               @ Abbrev [5] 0x5b0:0xd DW_TAG_member
	.long	.Linfo_string89                 @ DW_AT_name
	.long	515                             @ DW_AT_type
	.byte	5                               @ DW_AT_decl_file
	.short	1186                            @ DW_AT_decl_line
	.byte	24                              @ DW_AT_data_member_location
	.byte	5                               @ Abbrev [5] 0x5bd:0xd DW_TAG_member
	.long	.Linfo_string90                 @ DW_AT_name
	.long	515                             @ DW_AT_type
	.byte	5                               @ DW_AT_decl_file
	.short	1187                            @ DW_AT_decl_line
	.byte	28                              @ DW_AT_data_member_location
	.byte	5                               @ Abbrev [5] 0x5ca:0xd DW_TAG_member
	.long	.Linfo_string19                 @ DW_AT_name
	.long	562                             @ DW_AT_type
	.byte	5                               @ DW_AT_decl_file
	.short	1188                            @ DW_AT_decl_line
	.byte	32                              @ DW_AT_data_member_location
	.byte	5                               @ Abbrev [5] 0x5d7:0xd DW_TAG_member
	.long	.Linfo_string91                 @ DW_AT_name
	.long	515                             @ DW_AT_type
	.byte	5                               @ DW_AT_decl_file
	.short	1189                            @ DW_AT_decl_line
	.byte	36                              @ DW_AT_data_member_location
	.byte	5                               @ Abbrev [5] 0x5e4:0xd DW_TAG_member
	.long	.Linfo_string92                 @ DW_AT_name
	.long	515                             @ DW_AT_type
	.byte	5                               @ DW_AT_decl_file
	.short	1190                            @ DW_AT_decl_line
	.byte	40                              @ DW_AT_data_member_location
	.byte	5                               @ Abbrev [5] 0x5f1:0xd DW_TAG_member
	.long	.Linfo_string93                 @ DW_AT_name
	.long	515                             @ DW_AT_type
	.byte	5                               @ DW_AT_decl_file
	.short	1191                            @ DW_AT_decl_line
	.byte	44                              @ DW_AT_data_member_location
	.byte	5                               @ Abbrev [5] 0x5fe:0xd DW_TAG_member
	.long	.Linfo_string94                 @ DW_AT_name
	.long	515                             @ DW_AT_type
	.byte	5                               @ DW_AT_decl_file
	.short	1192                            @ DW_AT_decl_line
	.byte	48                              @ DW_AT_data_member_location
	.byte	5                               @ Abbrev [5] 0x60b:0xd DW_TAG_member
	.long	.Linfo_string95                 @ DW_AT_name
	.long	515                             @ DW_AT_type
	.byte	5                               @ DW_AT_decl_file
	.short	1193                            @ DW_AT_decl_line
	.byte	52                              @ DW_AT_data_member_location
	.byte	5                               @ Abbrev [5] 0x618:0xd DW_TAG_member
	.long	.Linfo_string96                 @ DW_AT_name
	.long	515                             @ DW_AT_type
	.byte	5                               @ DW_AT_decl_file
	.short	1194                            @ DW_AT_decl_line
	.byte	56                              @ DW_AT_data_member_location
	.byte	5                               @ Abbrev [5] 0x625:0xd DW_TAG_member
	.long	.Linfo_string97                 @ DW_AT_name
	.long	515                             @ DW_AT_type
	.byte	5                               @ DW_AT_decl_file
	.short	1195                            @ DW_AT_decl_line
	.byte	60                              @ DW_AT_data_member_location
	.byte	5                               @ Abbrev [5] 0x632:0xd DW_TAG_member
	.long	.Linfo_string98                 @ DW_AT_name
	.long	515                             @ DW_AT_type
	.byte	5                               @ DW_AT_decl_file
	.short	1196                            @ DW_AT_decl_line
	.byte	64                              @ DW_AT_data_member_location
	.byte	5                               @ Abbrev [5] 0x63f:0xd DW_TAG_member
	.long	.Linfo_string99                 @ DW_AT_name
	.long	515                             @ DW_AT_type
	.byte	5                               @ DW_AT_decl_file
	.short	1197                            @ DW_AT_decl_line
	.byte	68                              @ DW_AT_data_member_location
	.byte	5                               @ Abbrev [5] 0x64c:0xd DW_TAG_member
	.long	.Linfo_string100                @ DW_AT_name
	.long	515                             @ DW_AT_type
	.byte	5                               @ DW_AT_decl_file
	.short	1198                            @ DW_AT_decl_line
	.byte	72                              @ DW_AT_data_member_location
	.byte	5                               @ Abbrev [5] 0x659:0xd DW_TAG_member
	.long	.Linfo_string101                @ DW_AT_name
	.long	515                             @ DW_AT_type
	.byte	5                               @ DW_AT_decl_file
	.short	1199                            @ DW_AT_decl_line
	.byte	76                              @ DW_AT_data_member_location
	.byte	5                               @ Abbrev [5] 0x666:0xd DW_TAG_member
	.long	.Linfo_string102                @ DW_AT_name
	.long	515                             @ DW_AT_type
	.byte	5                               @ DW_AT_decl_file
	.short	1200                            @ DW_AT_decl_line
	.byte	80                              @ DW_AT_data_member_location
	.byte	5                               @ Abbrev [5] 0x673:0xd DW_TAG_member
	.long	.Linfo_string103                @ DW_AT_name
	.long	515                             @ DW_AT_type
	.byte	5                               @ DW_AT_decl_file
	.short	1201                            @ DW_AT_decl_line
	.byte	84                              @ DW_AT_data_member_location
	.byte	5                               @ Abbrev [5] 0x680:0xd DW_TAG_member
	.long	.Linfo_string104                @ DW_AT_name
	.long	515                             @ DW_AT_type
	.byte	5                               @ DW_AT_decl_file
	.short	1202                            @ DW_AT_decl_line
	.byte	88                              @ DW_AT_data_member_location
	.byte	5                               @ Abbrev [5] 0x68d:0xd DW_TAG_member
	.long	.Linfo_string105                @ DW_AT_name
	.long	515                             @ DW_AT_type
	.byte	5                               @ DW_AT_decl_file
	.short	1203                            @ DW_AT_decl_line
	.byte	92                              @ DW_AT_data_member_location
	.byte	5                               @ Abbrev [5] 0x69a:0xd DW_TAG_member
	.long	.Linfo_string106                @ DW_AT_name
	.long	515                             @ DW_AT_type
	.byte	5                               @ DW_AT_decl_file
	.short	1204                            @ DW_AT_decl_line
	.byte	96                              @ DW_AT_data_member_location
	.byte	5                               @ Abbrev [5] 0x6a7:0xd DW_TAG_member
	.long	.Linfo_string107                @ DW_AT_name
	.long	515                             @ DW_AT_type
	.byte	5                               @ DW_AT_decl_file
	.short	1205                            @ DW_AT_decl_line
	.byte	100                             @ DW_AT_data_member_location
	.byte	5                               @ Abbrev [5] 0x6b4:0xd DW_TAG_member
	.long	.Linfo_string108                @ DW_AT_name
	.long	515                             @ DW_AT_type
	.byte	5                               @ DW_AT_decl_file
	.short	1206                            @ DW_AT_decl_line
	.byte	104                             @ DW_AT_data_member_location
	.byte	5                               @ Abbrev [5] 0x6c1:0xd DW_TAG_member
	.long	.Linfo_string109                @ DW_AT_name
	.long	515                             @ DW_AT_type
	.byte	5                               @ DW_AT_decl_file
	.short	1207                            @ DW_AT_decl_line
	.byte	108                             @ DW_AT_data_member_location
	.byte	5                               @ Abbrev [5] 0x6ce:0xd DW_TAG_member
	.long	.Linfo_string21                 @ DW_AT_name
	.long	586                             @ DW_AT_type
	.byte	5                               @ DW_AT_decl_file
	.short	1208                            @ DW_AT_decl_line
	.byte	112                             @ DW_AT_data_member_location
	.byte	5                               @ Abbrev [5] 0x6db:0xd DW_TAG_member
	.long	.Linfo_string110                @ DW_AT_name
	.long	515                             @ DW_AT_type
	.byte	5                               @ DW_AT_decl_file
	.short	1209                            @ DW_AT_decl_line
	.byte	128                             @ DW_AT_data_member_location
	.byte	5                               @ Abbrev [5] 0x6e8:0xd DW_TAG_member
	.long	.Linfo_string111                @ DW_AT_name
	.long	515                             @ DW_AT_type
	.byte	5                               @ DW_AT_decl_file
	.short	1210                            @ DW_AT_decl_line
	.byte	132                             @ DW_AT_data_member_location
	.byte	5                               @ Abbrev [5] 0x6f5:0xd DW_TAG_member
	.long	.Linfo_string112                @ DW_AT_name
	.long	515                             @ DW_AT_type
	.byte	5                               @ DW_AT_decl_file
	.short	1211                            @ DW_AT_decl_line
	.byte	136                             @ DW_AT_data_member_location
	.byte	5                               @ Abbrev [5] 0x702:0xd DW_TAG_member
	.long	.Linfo_string113                @ DW_AT_name
	.long	515                             @ DW_AT_type
	.byte	5                               @ DW_AT_decl_file
	.short	1212                            @ DW_AT_decl_line
	.byte	140                             @ DW_AT_data_member_location
	.byte	5                               @ Abbrev [5] 0x70f:0xd DW_TAG_member
	.long	.Linfo_string114                @ DW_AT_name
	.long	515                             @ DW_AT_type
	.byte	5                               @ DW_AT_decl_file
	.short	1213                            @ DW_AT_decl_line
	.byte	144                             @ DW_AT_data_member_location
	.byte	5                               @ Abbrev [5] 0x71c:0xd DW_TAG_member
	.long	.Linfo_string115                @ DW_AT_name
	.long	515                             @ DW_AT_type
	.byte	5                               @ DW_AT_decl_file
	.short	1214                            @ DW_AT_decl_line
	.byte	148                             @ DW_AT_data_member_location
	.byte	5                               @ Abbrev [5] 0x729:0xd DW_TAG_member
	.long	.Linfo_string116                @ DW_AT_name
	.long	515                             @ DW_AT_type
	.byte	5                               @ DW_AT_decl_file
	.short	1215                            @ DW_AT_decl_line
	.byte	152                             @ DW_AT_data_member_location
	.byte	5                               @ Abbrev [5] 0x736:0xd DW_TAG_member
	.long	.Linfo_string117                @ DW_AT_name
	.long	515                             @ DW_AT_type
	.byte	5                               @ DW_AT_decl_file
	.short	1216                            @ DW_AT_decl_line
	.byte	156                             @ DW_AT_data_member_location
	.byte	5                               @ Abbrev [5] 0x743:0xd DW_TAG_member
	.long	.Linfo_string118                @ DW_AT_name
	.long	515                             @ DW_AT_type
	.byte	5                               @ DW_AT_decl_file
	.short	1217                            @ DW_AT_decl_line
	.byte	160                             @ DW_AT_data_member_location
	.byte	5                               @ Abbrev [5] 0x750:0xd DW_TAG_member
	.long	.Linfo_string23                 @ DW_AT_name
	.long	2237                            @ DW_AT_type
	.byte	5                               @ DW_AT_decl_file
	.short	1218                            @ DW_AT_decl_line
	.byte	164                             @ DW_AT_data_member_location
	.byte	5                               @ Abbrev [5] 0x75d:0xd DW_TAG_member
	.long	.Linfo_string119                @ DW_AT_name
	.long	515                             @ DW_AT_type
	.byte	5                               @ DW_AT_decl_file
	.short	1219                            @ DW_AT_decl_line
	.byte	192                             @ DW_AT_data_member_location
	.byte	5                               @ Abbrev [5] 0x76a:0xd DW_TAG_member
	.long	.Linfo_string120                @ DW_AT_name
	.long	550                             @ DW_AT_type
	.byte	5                               @ DW_AT_decl_file
	.short	1220                            @ DW_AT_decl_line
	.byte	196                             @ DW_AT_data_member_location
	.byte	5                               @ Abbrev [5] 0x777:0xd DW_TAG_member
	.long	.Linfo_string121                @ DW_AT_name
	.long	550                             @ DW_AT_type
	.byte	5                               @ DW_AT_decl_file
	.short	1221                            @ DW_AT_decl_line
	.byte	200                             @ DW_AT_data_member_location
	.byte	5                               @ Abbrev [5] 0x784:0xd DW_TAG_member
	.long	.Linfo_string25                 @ DW_AT_name
	.long	2249                            @ DW_AT_type
	.byte	5                               @ DW_AT_decl_file
	.short	1222                            @ DW_AT_decl_line
	.byte	204                             @ DW_AT_data_member_location
	.byte	5                               @ Abbrev [5] 0x791:0xd DW_TAG_member
	.long	.Linfo_string122                @ DW_AT_name
	.long	515                             @ DW_AT_type
	.byte	5                               @ DW_AT_decl_file
	.short	1223                            @ DW_AT_decl_line
	.byte	220                             @ DW_AT_data_member_location
	.byte	5                               @ Abbrev [5] 0x79e:0xd DW_TAG_member
	.long	.Linfo_string123                @ DW_AT_name
	.long	515                             @ DW_AT_type
	.byte	5                               @ DW_AT_decl_file
	.short	1224                            @ DW_AT_decl_line
	.byte	224                             @ DW_AT_data_member_location
	.byte	5                               @ Abbrev [5] 0x7ab:0xd DW_TAG_member
	.long	.Linfo_string124                @ DW_AT_name
	.long	515                             @ DW_AT_type
	.byte	5                               @ DW_AT_decl_file
	.short	1225                            @ DW_AT_decl_line
	.byte	228                             @ DW_AT_data_member_location
	.byte	5                               @ Abbrev [5] 0x7b8:0xd DW_TAG_member
	.long	.Linfo_string125                @ DW_AT_name
	.long	515                             @ DW_AT_type
	.byte	5                               @ DW_AT_decl_file
	.short	1226                            @ DW_AT_decl_line
	.byte	232                             @ DW_AT_data_member_location
	.byte	5                               @ Abbrev [5] 0x7c5:0xd DW_TAG_member
	.long	.Linfo_string126                @ DW_AT_name
	.long	515                             @ DW_AT_type
	.byte	5                               @ DW_AT_decl_file
	.short	1227                            @ DW_AT_decl_line
	.byte	236                             @ DW_AT_data_member_location
	.byte	5                               @ Abbrev [5] 0x7d2:0xd DW_TAG_member
	.long	.Linfo_string127                @ DW_AT_name
	.long	515                             @ DW_AT_type
	.byte	5                               @ DW_AT_decl_file
	.short	1228                            @ DW_AT_decl_line
	.byte	240                             @ DW_AT_data_member_location
	.byte	5                               @ Abbrev [5] 0x7df:0xd DW_TAG_member
	.long	.Linfo_string128                @ DW_AT_name
	.long	515                             @ DW_AT_type
	.byte	5                               @ DW_AT_decl_file
	.short	1229                            @ DW_AT_decl_line
	.byte	244                             @ DW_AT_data_member_location
	.byte	5                               @ Abbrev [5] 0x7ec:0xd DW_TAG_member
	.long	.Linfo_string129                @ DW_AT_name
	.long	515                             @ DW_AT_type
	.byte	5                               @ DW_AT_decl_file
	.short	1230                            @ DW_AT_decl_line
	.byte	248                             @ DW_AT_data_member_location
	.byte	5                               @ Abbrev [5] 0x7f9:0xd DW_TAG_member
	.long	.Linfo_string33                 @ DW_AT_name
	.long	562                             @ DW_AT_type
	.byte	5                               @ DW_AT_decl_file
	.short	1231                            @ DW_AT_decl_line
	.byte	252                             @ DW_AT_data_member_location
	.byte	15                              @ Abbrev [15] 0x806:0xe DW_TAG_member
	.long	.Linfo_string130                @ DW_AT_name
	.long	515                             @ DW_AT_type
	.byte	5                               @ DW_AT_decl_file
	.short	1232                            @ DW_AT_decl_line
	.short	256                             @ DW_AT_data_member_location
	.byte	15                              @ Abbrev [15] 0x814:0xe DW_TAG_member
	.long	.Linfo_string18                 @ DW_AT_name
	.long	2261                            @ DW_AT_type
	.byte	5                               @ DW_AT_decl_file
	.short	1233                            @ DW_AT_decl_line
	.short	260                             @ DW_AT_data_member_location
	.byte	15                              @ Abbrev [15] 0x822:0xe DW_TAG_member
	.long	.Linfo_string131                @ DW_AT_name
	.long	515                             @ DW_AT_type
	.byte	5                               @ DW_AT_decl_file
	.short	1234                            @ DW_AT_decl_line
	.short	472                             @ DW_AT_data_member_location
	.byte	15                              @ Abbrev [15] 0x830:0xe DW_TAG_member
	.long	.Linfo_string132                @ DW_AT_name
	.long	515                             @ DW_AT_type
	.byte	5                               @ DW_AT_decl_file
	.short	1235                            @ DW_AT_decl_line
	.short	476                             @ DW_AT_data_member_location
	.byte	15                              @ Abbrev [15] 0x83e:0xe DW_TAG_member
	.long	.Linfo_string133                @ DW_AT_name
	.long	515                             @ DW_AT_type
	.byte	5                               @ DW_AT_decl_file
	.short	1236                            @ DW_AT_decl_line
	.short	480                             @ DW_AT_data_member_location
	.byte	15                              @ Abbrev [15] 0x84c:0xe DW_TAG_member
	.long	.Linfo_string134                @ DW_AT_name
	.long	538                             @ DW_AT_type
	.byte	5                               @ DW_AT_decl_file
	.short	1237                            @ DW_AT_decl_line
	.short	484                             @ DW_AT_data_member_location
	.byte	15                              @ Abbrev [15] 0x85a:0xe DW_TAG_member
	.long	.Linfo_string135                @ DW_AT_name
	.long	515                             @ DW_AT_type
	.byte	5                               @ DW_AT_decl_file
	.short	1238                            @ DW_AT_decl_line
	.short	492                             @ DW_AT_data_member_location
	.byte	15                              @ Abbrev [15] 0x868:0xe DW_TAG_member
	.long	.Linfo_string136                @ DW_AT_name
	.long	562                             @ DW_AT_type
	.byte	5                               @ DW_AT_decl_file
	.short	1239                            @ DW_AT_decl_line
	.short	496                             @ DW_AT_data_member_location
	.byte	15                              @ Abbrev [15] 0x876:0xe DW_TAG_member
	.long	.Linfo_string137                @ DW_AT_name
	.long	515                             @ DW_AT_type
	.byte	5                               @ DW_AT_decl_file
	.short	1240                            @ DW_AT_decl_line
	.short	500                             @ DW_AT_data_member_location
	.byte	15                              @ Abbrev [15] 0x884:0xe DW_TAG_member
	.long	.Linfo_string138                @ DW_AT_name
	.long	515                             @ DW_AT_type
	.byte	5                               @ DW_AT_decl_file
	.short	1241                            @ DW_AT_decl_line
	.short	504                             @ DW_AT_data_member_location
	.byte	15                              @ Abbrev [15] 0x892:0xe DW_TAG_member
	.long	.Linfo_string139                @ DW_AT_name
	.long	515                             @ DW_AT_type
	.byte	5                               @ DW_AT_decl_file
	.short	1242                            @ DW_AT_decl_line
	.short	508                             @ DW_AT_data_member_location
	.byte	15                              @ Abbrev [15] 0x8a0:0xe DW_TAG_member
	.long	.Linfo_string140                @ DW_AT_name
	.long	2273                            @ DW_AT_type
	.byte	5                               @ DW_AT_decl_file
	.short	1243                            @ DW_AT_decl_line
	.short	512                             @ DW_AT_data_member_location
	.byte	15                              @ Abbrev [15] 0x8ae:0xe DW_TAG_member
	.long	.Linfo_string141                @ DW_AT_name
	.long	515                             @ DW_AT_type
	.byte	5                               @ DW_AT_decl_file
	.short	1244                            @ DW_AT_decl_line
	.short	1024                            @ DW_AT_data_member_location
	.byte	0                               @ End Of Children Mark
	.byte	9                               @ Abbrev [9] 0x8bd:0xc DW_TAG_array_type
	.long	550                             @ DW_AT_type
	.byte	10                              @ Abbrev [10] 0x8c2:0x6 DW_TAG_subrange_type
	.long	555                             @ DW_AT_type
	.byte	7                               @ DW_AT_count
	.byte	0                               @ End Of Children Mark
	.byte	9                               @ Abbrev [9] 0x8c9:0xc DW_TAG_array_type
	.long	515                             @ DW_AT_type
	.byte	10                              @ Abbrev [10] 0x8ce:0x6 DW_TAG_subrange_type
	.long	555                             @ DW_AT_type
	.byte	4                               @ DW_AT_count
	.byte	0                               @ End Of Children Mark
	.byte	9                               @ Abbrev [9] 0x8d5:0xc DW_TAG_array_type
	.long	550                             @ DW_AT_type
	.byte	10                              @ Abbrev [10] 0x8da:0x6 DW_TAG_subrange_type
	.long	555                             @ DW_AT_type
	.byte	53                              @ DW_AT_count
	.byte	0                               @ End Of Children Mark
	.byte	9                               @ Abbrev [9] 0x8e1:0xc DW_TAG_array_type
	.long	550                             @ DW_AT_type
	.byte	10                              @ Abbrev [10] 0x8e6:0x6 DW_TAG_subrange_type
	.long	555                             @ DW_AT_type
	.byte	128                             @ DW_AT_count
	.byte	0                               @ End Of Children Mark
	.byte	2                               @ Abbrev [2] 0x8ed:0x5 DW_TAG_pointer_type
	.long	2290                            @ DW_AT_type
	.byte	3                               @ Abbrev [3] 0x8f2:0xc DW_TAG_typedef
	.long	2302                            @ DW_AT_type
	.long	.Linfo_string164                @ DW_AT_name
	.byte	6                               @ DW_AT_decl_file
	.short	403                             @ DW_AT_decl_line
	.byte	14                              @ Abbrev [14] 0x8fe:0x176 DW_TAG_structure_type
	.short	272                             @ DW_AT_byte_size
	.byte	6                               @ DW_AT_decl_file
	.byte	26                              @ DW_AT_decl_line
	.byte	5                               @ Abbrev [5] 0x903:0xd DW_TAG_member
	.long	.Linfo_string143                @ DW_AT_name
	.long	515                             @ DW_AT_type
	.byte	6                               @ DW_AT_decl_file
	.short	374                             @ DW_AT_decl_line
	.byte	0                               @ DW_AT_data_member_location
	.byte	5                               @ Abbrev [5] 0x910:0xd DW_TAG_member
	.long	.Linfo_string144                @ DW_AT_name
	.long	515                             @ DW_AT_type
	.byte	6                               @ DW_AT_decl_file
	.short	375                             @ DW_AT_decl_line
	.byte	4                               @ DW_AT_data_member_location
	.byte	5                               @ Abbrev [5] 0x91d:0xd DW_TAG_member
	.long	.Linfo_string145                @ DW_AT_name
	.long	515                             @ DW_AT_type
	.byte	6                               @ DW_AT_decl_file
	.short	376                             @ DW_AT_decl_line
	.byte	8                               @ DW_AT_data_member_location
	.byte	5                               @ Abbrev [5] 0x92a:0xd DW_TAG_member
	.long	.Linfo_string146                @ DW_AT_name
	.long	515                             @ DW_AT_type
	.byte	6                               @ DW_AT_decl_file
	.short	377                             @ DW_AT_decl_line
	.byte	12                              @ DW_AT_data_member_location
	.byte	5                               @ Abbrev [5] 0x937:0xd DW_TAG_member
	.long	.Linfo_string147                @ DW_AT_name
	.long	515                             @ DW_AT_type
	.byte	6                               @ DW_AT_decl_file
	.short	378                             @ DW_AT_decl_line
	.byte	16                              @ DW_AT_data_member_location
	.byte	5                               @ Abbrev [5] 0x944:0xd DW_TAG_member
	.long	.Linfo_string15                 @ DW_AT_name
	.long	2676                            @ DW_AT_type
	.byte	6                               @ DW_AT_decl_file
	.short	379                             @ DW_AT_decl_line
	.byte	20                              @ DW_AT_data_member_location
	.byte	5                               @ Abbrev [5] 0x951:0xd DW_TAG_member
	.long	.Linfo_string148                @ DW_AT_name
	.long	515                             @ DW_AT_type
	.byte	6                               @ DW_AT_decl_file
	.short	380                             @ DW_AT_decl_line
	.byte	64                              @ DW_AT_data_member_location
	.byte	5                               @ Abbrev [5] 0x95e:0xd DW_TAG_member
	.long	.Linfo_string19                 @ DW_AT_name
	.long	538                             @ DW_AT_type
	.byte	6                               @ DW_AT_decl_file
	.short	381                             @ DW_AT_decl_line
	.byte	68                              @ DW_AT_data_member_location
	.byte	5                               @ Abbrev [5] 0x96b:0xd DW_TAG_member
	.long	.Linfo_string149                @ DW_AT_name
	.long	515                             @ DW_AT_type
	.byte	6                               @ DW_AT_decl_file
	.short	382                             @ DW_AT_decl_line
	.byte	76                              @ DW_AT_data_member_location
	.byte	5                               @ Abbrev [5] 0x978:0xd DW_TAG_member
	.long	.Linfo_string21                 @ DW_AT_name
	.long	2688                            @ DW_AT_type
	.byte	6                               @ DW_AT_decl_file
	.short	383                             @ DW_AT_decl_line
	.byte	80                              @ DW_AT_data_member_location
	.byte	5                               @ Abbrev [5] 0x985:0xd DW_TAG_member
	.long	.Linfo_string150                @ DW_AT_name
	.long	515                             @ DW_AT_type
	.byte	6                               @ DW_AT_decl_file
	.short	384                             @ DW_AT_decl_line
	.byte	128                             @ DW_AT_data_member_location
	.byte	5                               @ Abbrev [5] 0x992:0xd DW_TAG_member
	.long	.Linfo_string151                @ DW_AT_name
	.long	515                             @ DW_AT_type
	.byte	6                               @ DW_AT_decl_file
	.short	385                             @ DW_AT_decl_line
	.byte	132                             @ DW_AT_data_member_location
	.byte	5                               @ Abbrev [5] 0x99f:0xd DW_TAG_member
	.long	.Linfo_string152                @ DW_AT_name
	.long	515                             @ DW_AT_type
	.byte	6                               @ DW_AT_decl_file
	.short	386                             @ DW_AT_decl_line
	.byte	136                             @ DW_AT_data_member_location
	.byte	5                               @ Abbrev [5] 0x9ac:0xd DW_TAG_member
	.long	.Linfo_string153                @ DW_AT_name
	.long	515                             @ DW_AT_type
	.byte	6                               @ DW_AT_decl_file
	.short	387                             @ DW_AT_decl_line
	.byte	140                             @ DW_AT_data_member_location
	.byte	5                               @ Abbrev [5] 0x9b9:0xd DW_TAG_member
	.long	.Linfo_string23                 @ DW_AT_name
	.long	2688                            @ DW_AT_type
	.byte	6                               @ DW_AT_decl_file
	.short	388                             @ DW_AT_decl_line
	.byte	144                             @ DW_AT_data_member_location
	.byte	5                               @ Abbrev [5] 0x9c6:0xd DW_TAG_member
	.long	.Linfo_string154                @ DW_AT_name
	.long	550                             @ DW_AT_type
	.byte	6                               @ DW_AT_decl_file
	.short	389                             @ DW_AT_decl_line
	.byte	192                             @ DW_AT_data_member_location
	.byte	5                               @ Abbrev [5] 0x9d3:0xd DW_TAG_member
	.long	.Linfo_string155                @ DW_AT_name
	.long	550                             @ DW_AT_type
	.byte	6                               @ DW_AT_decl_file
	.short	390                             @ DW_AT_decl_line
	.byte	196                             @ DW_AT_data_member_location
	.byte	5                               @ Abbrev [5] 0x9e0:0xd DW_TAG_member
	.long	.Linfo_string25                 @ DW_AT_name
	.long	538                             @ DW_AT_type
	.byte	6                               @ DW_AT_decl_file
	.short	391                             @ DW_AT_decl_line
	.byte	200                             @ DW_AT_data_member_location
	.byte	5                               @ Abbrev [5] 0x9ed:0xd DW_TAG_member
	.long	.Linfo_string156                @ DW_AT_name
	.long	550                             @ DW_AT_type
	.byte	6                               @ DW_AT_decl_file
	.short	392                             @ DW_AT_decl_line
	.byte	208                             @ DW_AT_data_member_location
	.byte	5                               @ Abbrev [5] 0x9fa:0xd DW_TAG_member
	.long	.Linfo_string157                @ DW_AT_name
	.long	550                             @ DW_AT_type
	.byte	6                               @ DW_AT_decl_file
	.short	393                             @ DW_AT_decl_line
	.byte	212                             @ DW_AT_data_member_location
	.byte	5                               @ Abbrev [5] 0xa07:0xd DW_TAG_member
	.long	.Linfo_string158                @ DW_AT_name
	.long	550                             @ DW_AT_type
	.byte	6                               @ DW_AT_decl_file
	.short	394                             @ DW_AT_decl_line
	.byte	216                             @ DW_AT_data_member_location
	.byte	5                               @ Abbrev [5] 0xa14:0xd DW_TAG_member
	.long	.Linfo_string159                @ DW_AT_name
	.long	550                             @ DW_AT_type
	.byte	6                               @ DW_AT_decl_file
	.short	395                             @ DW_AT_decl_line
	.byte	220                             @ DW_AT_data_member_location
	.byte	5                               @ Abbrev [5] 0xa21:0xd DW_TAG_member
	.long	.Linfo_string160                @ DW_AT_name
	.long	550                             @ DW_AT_type
	.byte	6                               @ DW_AT_decl_file
	.short	396                             @ DW_AT_decl_line
	.byte	224                             @ DW_AT_data_member_location
	.byte	5                               @ Abbrev [5] 0xa2e:0xd DW_TAG_member
	.long	.Linfo_string30                 @ DW_AT_name
	.long	2237                            @ DW_AT_type
	.byte	6                               @ DW_AT_decl_file
	.short	397                             @ DW_AT_decl_line
	.byte	228                             @ DW_AT_data_member_location
	.byte	15                              @ Abbrev [15] 0xa3b:0xe DW_TAG_member
	.long	.Linfo_string161                @ DW_AT_name
	.long	515                             @ DW_AT_type
	.byte	6                               @ DW_AT_decl_file
	.short	398                             @ DW_AT_decl_line
	.short	256                             @ DW_AT_data_member_location
	.byte	15                              @ Abbrev [15] 0xa49:0xe DW_TAG_member
	.long	.Linfo_string33                 @ DW_AT_name
	.long	550                             @ DW_AT_type
	.byte	6                               @ DW_AT_decl_file
	.short	399                             @ DW_AT_decl_line
	.short	260                             @ DW_AT_data_member_location
	.byte	15                              @ Abbrev [15] 0xa57:0xe DW_TAG_member
	.long	.Linfo_string162                @ DW_AT_name
	.long	515                             @ DW_AT_type
	.byte	6                               @ DW_AT_decl_file
	.short	400                             @ DW_AT_decl_line
	.short	264                             @ DW_AT_data_member_location
	.byte	15                              @ Abbrev [15] 0xa65:0xe DW_TAG_member
	.long	.Linfo_string163                @ DW_AT_name
	.long	515                             @ DW_AT_type
	.byte	6                               @ DW_AT_decl_file
	.short	401                             @ DW_AT_decl_line
	.short	268                             @ DW_AT_data_member_location
	.byte	0                               @ End Of Children Mark
	.byte	9                               @ Abbrev [9] 0xa74:0xc DW_TAG_array_type
	.long	550                             @ DW_AT_type
	.byte	10                              @ Abbrev [10] 0xa79:0x6 DW_TAG_subrange_type
	.long	555                             @ DW_AT_type
	.byte	11                              @ DW_AT_count
	.byte	0                               @ End Of Children Mark
	.byte	9                               @ Abbrev [9] 0xa80:0xc DW_TAG_array_type
	.long	550                             @ DW_AT_type
	.byte	10                              @ Abbrev [10] 0xa85:0x6 DW_TAG_subrange_type
	.long	555                             @ DW_AT_type
	.byte	12                              @ DW_AT_count
	.byte	0                               @ End Of Children Mark
	.byte	2                               @ Abbrev [2] 0xa8c:0x5 DW_TAG_pointer_type
	.long	2705                            @ DW_AT_type
	.byte	7                               @ Abbrev [7] 0xa91:0xb DW_TAG_typedef
	.long	2716                            @ DW_AT_type
	.long	.Linfo_string165                @ DW_AT_name
	.byte	7                               @ DW_AT_decl_file
	.byte	32                              @ DW_AT_decl_line
	.byte	6                               @ Abbrev [6] 0xa9c:0x5 DW_TAG_volatile_type
	.long	531                             @ DW_AT_type
	.byte	2                               @ Abbrev [2] 0xaa1:0x5 DW_TAG_pointer_type
	.long	515                             @ DW_AT_type
	.byte	2                               @ Abbrev [2] 0xaa6:0x5 DW_TAG_pointer_type
	.long	520                             @ DW_AT_type
	.byte	2                               @ Abbrev [2] 0xaab:0x5 DW_TAG_pointer_type
	.long	2716                            @ DW_AT_type
	.byte	16                              @ Abbrev [16] 0xab0:0x11 DW_TAG_subprogram
	.long	.Lfunc_begin0                   @ DW_AT_low_pc
	.long	.Lfunc_end0-.Lfunc_begin0       @ DW_AT_high_pc
	.byte	1                               @ DW_AT_frame_base
	.byte	93
	.long	.Linfo_string166                @ DW_AT_name
	.byte	8                               @ DW_AT_decl_file
	.byte	29                              @ DW_AT_decl_line
                                        @ DW_AT_prototyped
                                        @ DW_AT_external
	.byte	17                              @ Abbrev [17] 0xac1:0x3c DW_TAG_subprogram
	.long	.Lfunc_begin1                   @ DW_AT_low_pc
	.long	.Lfunc_end1-.Lfunc_begin1       @ DW_AT_high_pc
	.byte	1                               @ DW_AT_frame_base
	.byte	93
	.long	.Linfo_string167                @ DW_AT_name
	.byte	8                               @ DW_AT_decl_file
	.byte	54                              @ DW_AT_decl_line
                                        @ DW_AT_prototyped
                                        @ DW_AT_external
	.byte	18                              @ Abbrev [18] 0xad2:0xe DW_TAG_formal_parameter
	.byte	2                               @ DW_AT_location
	.byte	145
	.byte	8
	.long	.Linfo_string196                @ DW_AT_name
	.byte	8                               @ DW_AT_decl_file
	.byte	54                              @ DW_AT_decl_line
	.long	520                             @ DW_AT_type
	.byte	18                              @ Abbrev [18] 0xae0:0xe DW_TAG_formal_parameter
	.byte	2                               @ DW_AT_location
	.byte	145
	.byte	4
	.long	.Linfo_string197                @ DW_AT_name
	.byte	8                               @ DW_AT_decl_file
	.byte	54                              @ DW_AT_decl_line
	.long	520                             @ DW_AT_type
	.byte	18                              @ Abbrev [18] 0xaee:0xe DW_TAG_formal_parameter
	.byte	2                               @ DW_AT_location
	.byte	145
	.byte	0
	.long	.Linfo_string198                @ DW_AT_name
	.byte	8                               @ DW_AT_decl_file
	.byte	54                              @ DW_AT_decl_line
	.long	520                             @ DW_AT_type
	.byte	0                               @ End Of Children Mark
	.byte	17                              @ Abbrev [17] 0xafd:0x20 DW_TAG_subprogram
	.long	.Lfunc_begin2                   @ DW_AT_low_pc
	.long	.Lfunc_end2-.Lfunc_begin2       @ DW_AT_high_pc
	.byte	1                               @ DW_AT_frame_base
	.byte	93
	.long	.Linfo_string168                @ DW_AT_name
	.byte	8                               @ DW_AT_decl_file
	.byte	74                              @ DW_AT_decl_line
                                        @ DW_AT_prototyped
                                        @ DW_AT_external
	.byte	19                              @ Abbrev [19] 0xb0e:0xe DW_TAG_variable
	.byte	2                               @ DW_AT_location
	.byte	145
	.byte	0
	.long	.Linfo_string199                @ DW_AT_name
	.byte	8                               @ DW_AT_decl_file
	.byte	77                              @ DW_AT_decl_line
	.long	515                             @ DW_AT_type
	.byte	0                               @ End Of Children Mark
	.byte	16                              @ Abbrev [16] 0xb1d:0x11 DW_TAG_subprogram
	.long	.Lfunc_begin3                   @ DW_AT_low_pc
	.long	.Lfunc_end3-.Lfunc_begin3       @ DW_AT_high_pc
	.byte	1                               @ DW_AT_frame_base
	.byte	93
	.long	.Linfo_string169                @ DW_AT_name
	.byte	8                               @ DW_AT_decl_file
	.byte	106                             @ DW_AT_decl_line
                                        @ DW_AT_prototyped
                                        @ DW_AT_external
	.byte	20                              @ Abbrev [20] 0xb2e:0x32 DW_TAG_subprogram
	.long	.Lfunc_begin4                   @ DW_AT_low_pc
	.long	.Lfunc_end4-.Lfunc_begin4       @ DW_AT_high_pc
	.byte	1                               @ DW_AT_frame_base
	.byte	93
	.long	.Linfo_string170                @ DW_AT_name
	.byte	8                               @ DW_AT_decl_file
	.byte	126                             @ DW_AT_decl_line
                                        @ DW_AT_prototyped
	.long	520                             @ DW_AT_type
                                        @ DW_AT_external
	.byte	19                              @ Abbrev [19] 0xb43:0xe DW_TAG_variable
	.byte	2                               @ DW_AT_location
	.byte	145
	.byte	4
	.long	.Linfo_string200                @ DW_AT_name
	.byte	8                               @ DW_AT_decl_file
	.byte	128                             @ DW_AT_decl_line
	.long	520                             @ DW_AT_type
	.byte	19                              @ Abbrev [19] 0xb51:0xe DW_TAG_variable
	.byte	2                               @ DW_AT_location
	.byte	145
	.byte	0
	.long	.Linfo_string201                @ DW_AT_name
	.byte	8                               @ DW_AT_decl_file
	.byte	129                             @ DW_AT_decl_line
	.long	520                             @ DW_AT_type
	.byte	0                               @ End Of Children Mark
	.byte	20                              @ Abbrev [20] 0xb60:0x32 DW_TAG_subprogram
	.long	.Lfunc_begin5                   @ DW_AT_low_pc
	.long	.Lfunc_end5-.Lfunc_begin5       @ DW_AT_high_pc
	.byte	1                               @ DW_AT_frame_base
	.byte	93
	.long	.Linfo_string171                @ DW_AT_name
	.byte	8                               @ DW_AT_decl_file
	.byte	151                             @ DW_AT_decl_line
                                        @ DW_AT_prototyped
	.long	520                             @ DW_AT_type
                                        @ DW_AT_external
	.byte	19                              @ Abbrev [19] 0xb75:0xe DW_TAG_variable
	.byte	2                               @ DW_AT_location
	.byte	145
	.byte	4
	.long	.Linfo_string200                @ DW_AT_name
	.byte	8                               @ DW_AT_decl_file
	.byte	153                             @ DW_AT_decl_line
	.long	520                             @ DW_AT_type
	.byte	19                              @ Abbrev [19] 0xb83:0xe DW_TAG_variable
	.byte	2                               @ DW_AT_location
	.byte	145
	.byte	0
	.long	.Linfo_string202                @ DW_AT_name
	.byte	8                               @ DW_AT_decl_file
	.byte	154                             @ DW_AT_decl_line
	.long	520                             @ DW_AT_type
	.byte	0                               @ End Of Children Mark
	.byte	21                              @ Abbrev [21] 0xb92:0x15 DW_TAG_subprogram
	.long	.Lfunc_begin6                   @ DW_AT_low_pc
	.long	.Lfunc_end6-.Lfunc_begin6       @ DW_AT_high_pc
	.byte	1                               @ DW_AT_frame_base
	.byte	93
	.long	.Linfo_string172                @ DW_AT_name
	.byte	8                               @ DW_AT_decl_file
	.byte	176                             @ DW_AT_decl_line
                                        @ DW_AT_prototyped
	.long	520                             @ DW_AT_type
                                        @ DW_AT_external
	.byte	21                              @ Abbrev [21] 0xba7:0x15 DW_TAG_subprogram
	.long	.Lfunc_begin7                   @ DW_AT_low_pc
	.long	.Lfunc_end7-.Lfunc_begin7       @ DW_AT_high_pc
	.byte	1                               @ DW_AT_frame_base
	.byte	93
	.long	.Linfo_string173                @ DW_AT_name
	.byte	8                               @ DW_AT_decl_file
	.byte	190                             @ DW_AT_decl_line
                                        @ DW_AT_prototyped
	.long	520                             @ DW_AT_type
                                        @ DW_AT_external
	.byte	21                              @ Abbrev [21] 0xbbc:0x15 DW_TAG_subprogram
	.long	.Lfunc_begin8                   @ DW_AT_low_pc
	.long	.Lfunc_end8-.Lfunc_begin8       @ DW_AT_high_pc
	.byte	1                               @ DW_AT_frame_base
	.byte	93
	.long	.Linfo_string174                @ DW_AT_name
	.byte	8                               @ DW_AT_decl_file
	.byte	204                             @ DW_AT_decl_line
                                        @ DW_AT_prototyped
	.long	520                             @ DW_AT_type
                                        @ DW_AT_external
	.byte	20                              @ Abbrev [20] 0xbd1:0xb2 DW_TAG_subprogram
	.long	.Lfunc_begin9                   @ DW_AT_low_pc
	.long	.Lfunc_end9-.Lfunc_begin9       @ DW_AT_high_pc
	.byte	1                               @ DW_AT_frame_base
	.byte	93
	.long	.Linfo_string175                @ DW_AT_name
	.byte	8                               @ DW_AT_decl_file
	.byte	218                             @ DW_AT_decl_line
                                        @ DW_AT_prototyped
	.long	520                             @ DW_AT_type
                                        @ DW_AT_external
	.byte	19                              @ Abbrev [19] 0xbe6:0xf DW_TAG_variable
	.byte	3                               @ DW_AT_location
	.byte	145
	.asciz	"\304"
	.long	.Linfo_string200                @ DW_AT_name
	.byte	8                               @ DW_AT_decl_file
	.byte	220                             @ DW_AT_decl_line
	.long	520                             @ DW_AT_type
	.byte	19                              @ Abbrev [19] 0xbf5:0xf DW_TAG_variable
	.byte	3                               @ DW_AT_location
	.byte	145
	.asciz	"\300"
	.long	.Linfo_string203                @ DW_AT_name
	.byte	8                               @ DW_AT_decl_file
	.byte	220                             @ DW_AT_decl_line
	.long	520                             @ DW_AT_type
	.byte	19                              @ Abbrev [19] 0xc04:0xe DW_TAG_variable
	.byte	2                               @ DW_AT_location
	.byte	145
	.byte	60
	.long	.Linfo_string204                @ DW_AT_name
	.byte	8                               @ DW_AT_decl_file
	.byte	220                             @ DW_AT_decl_line
	.long	520                             @ DW_AT_type
	.byte	19                              @ Abbrev [19] 0xc12:0xe DW_TAG_variable
	.byte	2                               @ DW_AT_location
	.byte	145
	.byte	28
	.long	.Linfo_string205                @ DW_AT_name
	.byte	8                               @ DW_AT_decl_file
	.byte	221                             @ DW_AT_decl_line
	.long	4693                            @ DW_AT_type
	.byte	19                              @ Abbrev [19] 0xc20:0xe DW_TAG_variable
	.byte	2                               @ DW_AT_location
	.byte	145
	.byte	24
	.long	.Linfo_string206                @ DW_AT_name
	.byte	8                               @ DW_AT_decl_file
	.byte	222                             @ DW_AT_decl_line
	.long	520                             @ DW_AT_type
	.byte	19                              @ Abbrev [19] 0xc2e:0xe DW_TAG_variable
	.byte	2                               @ DW_AT_location
	.byte	145
	.byte	20
	.long	.Linfo_string207                @ DW_AT_name
	.byte	8                               @ DW_AT_decl_file
	.byte	222                             @ DW_AT_decl_line
	.long	520                             @ DW_AT_type
	.byte	19                              @ Abbrev [19] 0xc3c:0xe DW_TAG_variable
	.byte	2                               @ DW_AT_location
	.byte	145
	.byte	16
	.long	.Linfo_string208                @ DW_AT_name
	.byte	8                               @ DW_AT_decl_file
	.byte	222                             @ DW_AT_decl_line
	.long	520                             @ DW_AT_type
	.byte	19                              @ Abbrev [19] 0xc4a:0xe DW_TAG_variable
	.byte	2                               @ DW_AT_location
	.byte	145
	.byte	12
	.long	.Linfo_string209                @ DW_AT_name
	.byte	8                               @ DW_AT_decl_file
	.byte	222                             @ DW_AT_decl_line
	.long	520                             @ DW_AT_type
	.byte	19                              @ Abbrev [19] 0xc58:0xe DW_TAG_variable
	.byte	2                               @ DW_AT_location
	.byte	145
	.byte	8
	.long	.Linfo_string210                @ DW_AT_name
	.byte	8                               @ DW_AT_decl_file
	.byte	222                             @ DW_AT_decl_line
	.long	520                             @ DW_AT_type
	.byte	19                              @ Abbrev [19] 0xc66:0xe DW_TAG_variable
	.byte	2                               @ DW_AT_location
	.byte	145
	.byte	4
	.long	.Linfo_string211                @ DW_AT_name
	.byte	8                               @ DW_AT_decl_file
	.byte	223                             @ DW_AT_decl_line
	.long	4705                            @ DW_AT_type
	.byte	19                              @ Abbrev [19] 0xc74:0xe DW_TAG_variable
	.byte	2                               @ DW_AT_location
	.byte	145
	.byte	0
	.long	.Linfo_string214                @ DW_AT_name
	.byte	8                               @ DW_AT_decl_file
	.byte	224                             @ DW_AT_decl_line
	.long	520                             @ DW_AT_type
	.byte	0                               @ End Of Children Mark
	.byte	22                              @ Abbrev [22] 0xc83:0x35 DW_TAG_subprogram
	.long	.Lfunc_begin10                  @ DW_AT_low_pc
	.long	.Lfunc_end10-.Lfunc_begin10     @ DW_AT_high_pc
	.byte	1                               @ DW_AT_frame_base
	.byte	93
	.long	.Linfo_string176                @ DW_AT_name
	.byte	8                               @ DW_AT_decl_file
	.short	319                             @ DW_AT_decl_line
                                        @ DW_AT_prototyped
	.long	520                             @ DW_AT_type
                                        @ DW_AT_external
	.byte	23                              @ Abbrev [23] 0xc99:0xf DW_TAG_formal_parameter
	.byte	2                               @ DW_AT_location
	.byte	145
	.byte	4
	.long	.Linfo_string215                @ DW_AT_name
	.byte	8                               @ DW_AT_decl_file
	.short	319                             @ DW_AT_decl_line
	.long	520                             @ DW_AT_type
	.byte	24                              @ Abbrev [24] 0xca8:0xf DW_TAG_variable
	.byte	2                               @ DW_AT_location
	.byte	145
	.byte	0
	.long	.Linfo_string216                @ DW_AT_name
	.byte	8                               @ DW_AT_decl_file
	.short	321                             @ DW_AT_decl_line
	.long	520                             @ DW_AT_type
	.byte	0                               @ End Of Children Mark
	.byte	22                              @ Abbrev [22] 0xcb8:0x44 DW_TAG_subprogram
	.long	.Lfunc_begin11                  @ DW_AT_low_pc
	.long	.Lfunc_end11-.Lfunc_begin11     @ DW_AT_high_pc
	.byte	1                               @ DW_AT_frame_base
	.byte	93
	.long	.Linfo_string177                @ DW_AT_name
	.byte	8                               @ DW_AT_decl_file
	.short	1041                            @ DW_AT_decl_line
                                        @ DW_AT_prototyped
	.long	520                             @ DW_AT_type
                                        @ DW_AT_external
	.byte	23                              @ Abbrev [23] 0xcce:0xf DW_TAG_formal_parameter
	.byte	2                               @ DW_AT_location
	.byte	145
	.byte	8
	.long	.Linfo_string217                @ DW_AT_name
	.byte	8                               @ DW_AT_decl_file
	.short	1041                            @ DW_AT_decl_line
	.long	520                             @ DW_AT_type
	.byte	24                              @ Abbrev [24] 0xcdd:0xf DW_TAG_variable
	.byte	2                               @ DW_AT_location
	.byte	145
	.byte	4
	.long	.Linfo_string218                @ DW_AT_name
	.byte	8                               @ DW_AT_decl_file
	.short	1043                            @ DW_AT_decl_line
	.long	520                             @ DW_AT_type
	.byte	24                              @ Abbrev [24] 0xcec:0xf DW_TAG_variable
	.byte	2                               @ DW_AT_location
	.byte	145
	.byte	0
	.long	.Linfo_string219                @ DW_AT_name
	.byte	8                               @ DW_AT_decl_file
	.short	1044                            @ DW_AT_decl_line
	.long	520                             @ DW_AT_type
	.byte	0                               @ End Of Children Mark
	.byte	22                              @ Abbrev [22] 0xcfc:0xda DW_TAG_subprogram
	.long	.Lfunc_begin12                  @ DW_AT_low_pc
	.long	.Lfunc_end12-.Lfunc_begin12     @ DW_AT_high_pc
	.byte	1                               @ DW_AT_frame_base
	.byte	93
	.long	.Linfo_string178                @ DW_AT_name
	.byte	8                               @ DW_AT_decl_file
	.short	896                             @ DW_AT_decl_line
                                        @ DW_AT_prototyped
	.long	520                             @ DW_AT_type
                                        @ DW_AT_external
	.byte	23                              @ Abbrev [23] 0xd12:0xf DW_TAG_formal_parameter
	.byte	2                               @ DW_AT_location
	.byte	145
	.byte	52
	.long	.Linfo_string220                @ DW_AT_name
	.byte	8                               @ DW_AT_decl_file
	.short	896                             @ DW_AT_decl_line
	.long	520                             @ DW_AT_type
	.byte	23                              @ Abbrev [23] 0xd21:0xf DW_TAG_formal_parameter
	.byte	2                               @ DW_AT_location
	.byte	145
	.byte	48
	.long	.Linfo_string221                @ DW_AT_name
	.byte	8                               @ DW_AT_decl_file
	.short	896                             @ DW_AT_decl_line
	.long	520                             @ DW_AT_type
	.byte	24                              @ Abbrev [24] 0xd30:0xf DW_TAG_variable
	.byte	2                               @ DW_AT_location
	.byte	145
	.byte	44
	.long	.Linfo_string222                @ DW_AT_name
	.byte	8                               @ DW_AT_decl_file
	.short	898                             @ DW_AT_decl_line
	.long	520                             @ DW_AT_type
	.byte	24                              @ Abbrev [24] 0xd3f:0xf DW_TAG_variable
	.byte	2                               @ DW_AT_location
	.byte	145
	.byte	40
	.long	.Linfo_string209                @ DW_AT_name
	.byte	8                               @ DW_AT_decl_file
	.short	898                             @ DW_AT_decl_line
	.long	520                             @ DW_AT_type
	.byte	24                              @ Abbrev [24] 0xd4e:0xf DW_TAG_variable
	.byte	2                               @ DW_AT_location
	.byte	145
	.byte	36
	.long	.Linfo_string208                @ DW_AT_name
	.byte	8                               @ DW_AT_decl_file
	.short	898                             @ DW_AT_decl_line
	.long	520                             @ DW_AT_type
	.byte	24                              @ Abbrev [24] 0xd5d:0xf DW_TAG_variable
	.byte	2                               @ DW_AT_location
	.byte	145
	.byte	32
	.long	.Linfo_string210                @ DW_AT_name
	.byte	8                               @ DW_AT_decl_file
	.short	898                             @ DW_AT_decl_line
	.long	520                             @ DW_AT_type
	.byte	24                              @ Abbrev [24] 0xd6c:0xf DW_TAG_variable
	.byte	2                               @ DW_AT_location
	.byte	145
	.byte	28
	.long	.Linfo_string223                @ DW_AT_name
	.byte	8                               @ DW_AT_decl_file
	.short	898                             @ DW_AT_decl_line
	.long	520                             @ DW_AT_type
	.byte	24                              @ Abbrev [24] 0xd7b:0xf DW_TAG_variable
	.byte	2                               @ DW_AT_location
	.byte	145
	.byte	24
	.long	.Linfo_string224                @ DW_AT_name
	.byte	8                               @ DW_AT_decl_file
	.short	899                             @ DW_AT_decl_line
	.long	520                             @ DW_AT_type
	.byte	24                              @ Abbrev [24] 0xd8a:0xf DW_TAG_variable
	.byte	2                               @ DW_AT_location
	.byte	145
	.byte	20
	.long	.Linfo_string225                @ DW_AT_name
	.byte	8                               @ DW_AT_decl_file
	.short	899                             @ DW_AT_decl_line
	.long	520                             @ DW_AT_type
	.byte	24                              @ Abbrev [24] 0xd99:0xf DW_TAG_variable
	.byte	2                               @ DW_AT_location
	.byte	145
	.byte	16
	.long	.Linfo_string226                @ DW_AT_name
	.byte	8                               @ DW_AT_decl_file
	.short	899                             @ DW_AT_decl_line
	.long	520                             @ DW_AT_type
	.byte	24                              @ Abbrev [24] 0xda8:0xf DW_TAG_variable
	.byte	2                               @ DW_AT_location
	.byte	145
	.byte	12
	.long	.Linfo_string227                @ DW_AT_name
	.byte	8                               @ DW_AT_decl_file
	.short	899                             @ DW_AT_decl_line
	.long	520                             @ DW_AT_type
	.byte	24                              @ Abbrev [24] 0xdb7:0xf DW_TAG_variable
	.byte	2                               @ DW_AT_location
	.byte	145
	.byte	8
	.long	.Linfo_string228                @ DW_AT_name
	.byte	8                               @ DW_AT_decl_file
	.short	899                             @ DW_AT_decl_line
	.long	520                             @ DW_AT_type
	.byte	24                              @ Abbrev [24] 0xdc6:0xf DW_TAG_variable
	.byte	2                               @ DW_AT_location
	.byte	145
	.byte	4
	.long	.Linfo_string229                @ DW_AT_name
	.byte	8                               @ DW_AT_decl_file
	.short	899                             @ DW_AT_decl_line
	.long	520                             @ DW_AT_type
	.byte	0                               @ End Of Children Mark
	.byte	25                              @ Abbrev [25] 0xdd6:0x4f DW_TAG_subprogram
	.long	.Lfunc_begin13                  @ DW_AT_low_pc
	.long	.Lfunc_end13-.Lfunc_begin13     @ DW_AT_high_pc
	.byte	1                               @ DW_AT_frame_base
	.byte	93
	.long	.Linfo_string179                @ DW_AT_name
	.byte	8                               @ DW_AT_decl_file
	.short	390                             @ DW_AT_decl_line
                                        @ DW_AT_prototyped
                                        @ DW_AT_external
	.byte	23                              @ Abbrev [23] 0xde8:0xf DW_TAG_formal_parameter
	.byte	2                               @ DW_AT_location
	.byte	145
	.byte	12
	.long	.Linfo_string196                @ DW_AT_name
	.byte	8                               @ DW_AT_decl_file
	.short	390                             @ DW_AT_decl_line
	.long	520                             @ DW_AT_type
	.byte	23                              @ Abbrev [23] 0xdf7:0xf DW_TAG_formal_parameter
	.byte	2                               @ DW_AT_location
	.byte	145
	.byte	8
	.long	.Linfo_string197                @ DW_AT_name
	.byte	8                               @ DW_AT_decl_file
	.short	390                             @ DW_AT_decl_line
	.long	520                             @ DW_AT_type
	.byte	24                              @ Abbrev [24] 0xe06:0xf DW_TAG_variable
	.byte	2                               @ DW_AT_location
	.byte	145
	.byte	4
	.long	.Linfo_string216                @ DW_AT_name
	.byte	8                               @ DW_AT_decl_file
	.short	392                             @ DW_AT_decl_line
	.long	520                             @ DW_AT_type
	.byte	24                              @ Abbrev [24] 0xe15:0xf DW_TAG_variable
	.byte	2                               @ DW_AT_location
	.byte	145
	.byte	0
	.long	.Linfo_string218                @ DW_AT_name
	.byte	8                               @ DW_AT_decl_file
	.short	392                             @ DW_AT_decl_line
	.long	520                             @ DW_AT_type
	.byte	0                               @ End Of Children Mark
	.byte	25                              @ Abbrev [25] 0xe25:0x8b DW_TAG_subprogram
	.long	.Lfunc_begin14                  @ DW_AT_low_pc
	.long	.Lfunc_end14-.Lfunc_begin14     @ DW_AT_high_pc
	.byte	1                               @ DW_AT_frame_base
	.byte	93
	.long	.Linfo_string180                @ DW_AT_name
	.byte	8                               @ DW_AT_decl_file
	.short	609                             @ DW_AT_decl_line
                                        @ DW_AT_prototyped
                                        @ DW_AT_external
	.byte	23                              @ Abbrev [23] 0xe37:0xf DW_TAG_formal_parameter
	.byte	2                               @ DW_AT_location
	.byte	145
	.byte	52
	.long	.Linfo_string230                @ DW_AT_name
	.byte	8                               @ DW_AT_decl_file
	.short	609                             @ DW_AT_decl_line
	.long	520                             @ DW_AT_type
	.byte	23                              @ Abbrev [23] 0xe46:0xf DW_TAG_formal_parameter
	.byte	2                               @ DW_AT_location
	.byte	145
	.byte	48
	.long	.Linfo_string196                @ DW_AT_name
	.byte	8                               @ DW_AT_decl_file
	.short	609                             @ DW_AT_decl_line
	.long	520                             @ DW_AT_type
	.byte	23                              @ Abbrev [23] 0xe55:0xf DW_TAG_formal_parameter
	.byte	2                               @ DW_AT_location
	.byte	145
	.byte	44
	.long	.Linfo_string197                @ DW_AT_name
	.byte	8                               @ DW_AT_decl_file
	.short	609                             @ DW_AT_decl_line
	.long	520                             @ DW_AT_type
	.byte	24                              @ Abbrev [24] 0xe64:0xf DW_TAG_variable
	.byte	2                               @ DW_AT_location
	.byte	145
	.byte	40
	.long	.Linfo_string231                @ DW_AT_name
	.byte	8                               @ DW_AT_decl_file
	.short	611                             @ DW_AT_decl_line
	.long	520                             @ DW_AT_type
	.byte	24                              @ Abbrev [24] 0xe73:0xf DW_TAG_variable
	.byte	2                               @ DW_AT_location
	.byte	145
	.byte	36
	.long	.Linfo_string232                @ DW_AT_name
	.byte	8                               @ DW_AT_decl_file
	.short	611                             @ DW_AT_decl_line
	.long	520                             @ DW_AT_type
	.byte	24                              @ Abbrev [24] 0xe82:0xf DW_TAG_variable
	.byte	2                               @ DW_AT_location
	.byte	145
	.byte	20
	.long	.Linfo_string233                @ DW_AT_name
	.byte	8                               @ DW_AT_decl_file
	.short	612                             @ DW_AT_decl_line
	.long	4735                            @ DW_AT_type
	.byte	24                              @ Abbrev [24] 0xe91:0xf DW_TAG_variable
	.byte	2                               @ DW_AT_location
	.byte	145
	.byte	4
	.long	.Linfo_string234                @ DW_AT_name
	.byte	8                               @ DW_AT_decl_file
	.short	613                             @ DW_AT_decl_line
	.long	4735                            @ DW_AT_type
	.byte	24                              @ Abbrev [24] 0xea0:0xf DW_TAG_variable
	.byte	2                               @ DW_AT_location
	.byte	145
	.byte	0
	.long	.Linfo_string214                @ DW_AT_name
	.byte	8                               @ DW_AT_decl_file
	.short	614                             @ DW_AT_decl_line
	.long	520                             @ DW_AT_type
	.byte	0                               @ End Of Children Mark
	.byte	25                              @ Abbrev [25] 0xeb0:0x22 DW_TAG_subprogram
	.long	.Lfunc_begin15                  @ DW_AT_low_pc
	.long	.Lfunc_end15-.Lfunc_begin15     @ DW_AT_high_pc
	.byte	1                               @ DW_AT_frame_base
	.byte	93
	.long	.Linfo_string181                @ DW_AT_name
	.byte	8                               @ DW_AT_decl_file
	.short	664                             @ DW_AT_decl_line
                                        @ DW_AT_prototyped
                                        @ DW_AT_external
	.byte	23                              @ Abbrev [23] 0xec2:0xf DW_TAG_formal_parameter
	.byte	2                               @ DW_AT_location
	.byte	145
	.byte	0
	.long	.Linfo_string196                @ DW_AT_name
	.byte	8                               @ DW_AT_decl_file
	.short	664                             @ DW_AT_decl_line
	.long	520                             @ DW_AT_type
	.byte	0                               @ End Of Children Mark
	.byte	25                              @ Abbrev [25] 0xed2:0x22 DW_TAG_subprogram
	.long	.Lfunc_begin16                  @ DW_AT_low_pc
	.long	.Lfunc_end16-.Lfunc_begin16     @ DW_AT_high_pc
	.byte	1                               @ DW_AT_frame_base
	.byte	93
	.long	.Linfo_string182                @ DW_AT_name
	.byte	8                               @ DW_AT_decl_file
	.short	683                             @ DW_AT_decl_line
                                        @ DW_AT_prototyped
                                        @ DW_AT_external
	.byte	23                              @ Abbrev [23] 0xee4:0xf DW_TAG_formal_parameter
	.byte	2                               @ DW_AT_location
	.byte	145
	.byte	0
	.long	.Linfo_string217                @ DW_AT_name
	.byte	8                               @ DW_AT_decl_file
	.short	683                             @ DW_AT_decl_line
	.long	520                             @ DW_AT_type
	.byte	0                               @ End Of Children Mark
	.byte	25                              @ Abbrev [25] 0xef4:0x22 DW_TAG_subprogram
	.long	.Lfunc_begin17                  @ DW_AT_low_pc
	.long	.Lfunc_end17-.Lfunc_begin17     @ DW_AT_high_pc
	.byte	1                               @ DW_AT_frame_base
	.byte	93
	.long	.Linfo_string183                @ DW_AT_name
	.byte	8                               @ DW_AT_decl_file
	.short	702                             @ DW_AT_decl_line
                                        @ DW_AT_prototyped
                                        @ DW_AT_external
	.byte	23                              @ Abbrev [23] 0xf06:0xf DW_TAG_formal_parameter
	.byte	2                               @ DW_AT_location
	.byte	145
	.byte	0
	.long	.Linfo_string217                @ DW_AT_name
	.byte	8                               @ DW_AT_decl_file
	.short	702                             @ DW_AT_decl_line
	.long	520                             @ DW_AT_type
	.byte	0                               @ End Of Children Mark
	.byte	25                              @ Abbrev [25] 0xf16:0x40 DW_TAG_subprogram
	.long	.Lfunc_begin18                  @ DW_AT_low_pc
	.long	.Lfunc_end18-.Lfunc_begin18     @ DW_AT_high_pc
	.byte	1                               @ DW_AT_frame_base
	.byte	93
	.long	.Linfo_string184                @ DW_AT_name
	.byte	8                               @ DW_AT_decl_file
	.short	785                             @ DW_AT_decl_line
                                        @ DW_AT_prototyped
                                        @ DW_AT_external
	.byte	23                              @ Abbrev [23] 0xf28:0xf DW_TAG_formal_parameter
	.byte	2                               @ DW_AT_location
	.byte	145
	.byte	8
	.long	.Linfo_string230                @ DW_AT_name
	.byte	8                               @ DW_AT_decl_file
	.short	785                             @ DW_AT_decl_line
	.long	520                             @ DW_AT_type
	.byte	24                              @ Abbrev [24] 0xf37:0xf DW_TAG_variable
	.byte	2                               @ DW_AT_location
	.byte	145
	.byte	4
	.long	.Linfo_string235                @ DW_AT_name
	.byte	8                               @ DW_AT_decl_file
	.short	787                             @ DW_AT_decl_line
	.long	520                             @ DW_AT_type
	.byte	24                              @ Abbrev [24] 0xf46:0xf DW_TAG_variable
	.byte	2                               @ DW_AT_location
	.byte	145
	.byte	0
	.long	.Linfo_string236                @ DW_AT_name
	.byte	8                               @ DW_AT_decl_file
	.short	787                             @ DW_AT_decl_line
	.long	520                             @ DW_AT_type
	.byte	0                               @ End Of Children Mark
	.byte	25                              @ Abbrev [25] 0xf56:0x40 DW_TAG_subprogram
	.long	.Lfunc_begin19                  @ DW_AT_low_pc
	.long	.Lfunc_end19-.Lfunc_begin19     @ DW_AT_high_pc
	.byte	1                               @ DW_AT_frame_base
	.byte	93
	.long	.Linfo_string185                @ DW_AT_name
	.byte	8                               @ DW_AT_decl_file
	.short	874                             @ DW_AT_decl_line
                                        @ DW_AT_prototyped
                                        @ DW_AT_external
	.byte	23                              @ Abbrev [23] 0xf68:0xf DW_TAG_formal_parameter
	.byte	2                               @ DW_AT_location
	.byte	145
	.byte	8
	.long	.Linfo_string230                @ DW_AT_name
	.byte	8                               @ DW_AT_decl_file
	.short	874                             @ DW_AT_decl_line
	.long	520                             @ DW_AT_type
	.byte	24                              @ Abbrev [24] 0xf77:0xf DW_TAG_variable
	.byte	2                               @ DW_AT_location
	.byte	145
	.byte	4
	.long	.Linfo_string235                @ DW_AT_name
	.byte	8                               @ DW_AT_decl_file
	.short	876                             @ DW_AT_decl_line
	.long	520                             @ DW_AT_type
	.byte	24                              @ Abbrev [24] 0xf86:0xf DW_TAG_variable
	.byte	2                               @ DW_AT_location
	.byte	145
	.byte	0
	.long	.Linfo_string236                @ DW_AT_name
	.byte	8                               @ DW_AT_decl_file
	.short	876                             @ DW_AT_decl_line
	.long	520                             @ DW_AT_type
	.byte	0                               @ End Of Children Mark
	.byte	26                              @ Abbrev [26] 0xf96:0x12 DW_TAG_subprogram
	.long	.Lfunc_begin20                  @ DW_AT_low_pc
	.long	.Lfunc_end20-.Lfunc_begin20     @ DW_AT_high_pc
	.byte	1                               @ DW_AT_frame_base
	.byte	93
	.long	.Linfo_string186                @ DW_AT_name
	.byte	8                               @ DW_AT_decl_file
	.short	1020                            @ DW_AT_decl_line
                                        @ DW_AT_prototyped
                                        @ DW_AT_external
	.byte	25                              @ Abbrev [25] 0xfa8:0x31 DW_TAG_subprogram
	.long	.Lfunc_begin21                  @ DW_AT_low_pc
	.long	.Lfunc_end21-.Lfunc_begin21     @ DW_AT_high_pc
	.byte	1                               @ DW_AT_frame_base
	.byte	93
	.long	.Linfo_string187                @ DW_AT_name
	.byte	8                               @ DW_AT_decl_file
	.short	1072                            @ DW_AT_decl_line
                                        @ DW_AT_prototyped
                                        @ DW_AT_external
	.byte	23                              @ Abbrev [23] 0xfba:0xf DW_TAG_formal_parameter
	.byte	2                               @ DW_AT_location
	.byte	145
	.byte	4
	.long	.Linfo_string196                @ DW_AT_name
	.byte	8                               @ DW_AT_decl_file
	.short	1072                            @ DW_AT_decl_line
	.long	520                             @ DW_AT_type
	.byte	23                              @ Abbrev [23] 0xfc9:0xf DW_TAG_formal_parameter
	.byte	2                               @ DW_AT_location
	.byte	145
	.byte	0
	.long	.Linfo_string237                @ DW_AT_name
	.byte	8                               @ DW_AT_decl_file
	.short	1072                            @ DW_AT_decl_line
	.long	520                             @ DW_AT_type
	.byte	0                               @ End Of Children Mark
	.byte	26                              @ Abbrev [26] 0xfd9:0x12 DW_TAG_subprogram
	.long	.Lfunc_begin22                  @ DW_AT_low_pc
	.long	.Lfunc_end22-.Lfunc_begin22     @ DW_AT_high_pc
	.byte	1                               @ DW_AT_frame_base
	.byte	93
	.long	.Linfo_string188                @ DW_AT_name
	.byte	8                               @ DW_AT_decl_file
	.short	1114                            @ DW_AT_decl_line
                                        @ DW_AT_prototyped
                                        @ DW_AT_external
	.byte	25                              @ Abbrev [25] 0xfeb:0x3b DW_TAG_subprogram
	.long	.Lfunc_begin23                  @ DW_AT_low_pc
	.long	.Lfunc_end23-.Lfunc_begin23     @ DW_AT_high_pc
	.byte	1                               @ DW_AT_frame_base
	.byte	93
	.long	.Linfo_string189                @ DW_AT_name
	.byte	8                               @ DW_AT_decl_file
	.short	1133                            @ DW_AT_decl_line
                                        @ DW_AT_prototyped
                                        @ DW_AT_external
	.byte	23                              @ Abbrev [23] 0xffd:0xf DW_TAG_formal_parameter
	.byte	2                               @ DW_AT_location
	.byte	145
	.byte	4
	.long	.Linfo_string238                @ DW_AT_name
	.byte	8                               @ DW_AT_decl_file
	.short	1133                            @ DW_AT_decl_line
	.long	520                             @ DW_AT_type
	.byte	27                              @ Abbrev [27] 0x100c:0x19 DW_TAG_lexical_block
	.long	.Ltmp222                        @ DW_AT_low_pc
	.long	.Ltmp227-.Ltmp222               @ DW_AT_high_pc
	.byte	24                              @ Abbrev [24] 0x1015:0xf DW_TAG_variable
	.byte	2                               @ DW_AT_location
	.byte	145
	.byte	0
	.long	.Linfo_string218                @ DW_AT_name
	.byte	8                               @ DW_AT_decl_file
	.short	1135                            @ DW_AT_decl_line
	.long	520                             @ DW_AT_type
	.byte	0                               @ End Of Children Mark
	.byte	0                               @ End Of Children Mark
	.byte	25                              @ Abbrev [25] 0x1026:0x77 DW_TAG_subprogram
	.long	.Lfunc_begin24                  @ DW_AT_low_pc
	.long	.Lfunc_end24-.Lfunc_begin24     @ DW_AT_high_pc
	.byte	1                               @ DW_AT_frame_base
	.byte	93
	.long	.Linfo_string190                @ DW_AT_name
	.byte	8                               @ DW_AT_decl_file
	.short	1162                            @ DW_AT_decl_line
                                        @ DW_AT_prototyped
                                        @ DW_AT_external
	.byte	23                              @ Abbrev [23] 0x1038:0xf DW_TAG_formal_parameter
	.byte	2                               @ DW_AT_location
	.byte	145
	.byte	20
	.long	.Linfo_string239                @ DW_AT_name
	.byte	8                               @ DW_AT_decl_file
	.short	1162                            @ DW_AT_decl_line
	.long	520                             @ DW_AT_type
	.byte	24                              @ Abbrev [24] 0x1047:0xf DW_TAG_variable
	.byte	2                               @ DW_AT_location
	.byte	145
	.byte	16
	.long	.Linfo_string240                @ DW_AT_name
	.byte	8                               @ DW_AT_decl_file
	.short	1164                            @ DW_AT_decl_line
	.long	520                             @ DW_AT_type
	.byte	24                              @ Abbrev [24] 0x1056:0xf DW_TAG_variable
	.byte	2                               @ DW_AT_location
	.byte	145
	.byte	12
	.long	.Linfo_string241                @ DW_AT_name
	.byte	8                               @ DW_AT_decl_file
	.short	1164                            @ DW_AT_decl_line
	.long	520                             @ DW_AT_type
	.byte	24                              @ Abbrev [24] 0x1065:0xf DW_TAG_variable
	.byte	2                               @ DW_AT_location
	.byte	145
	.byte	8
	.long	.Linfo_string242                @ DW_AT_name
	.byte	8                               @ DW_AT_decl_file
	.short	1164                            @ DW_AT_decl_line
	.long	520                             @ DW_AT_type
	.byte	24                              @ Abbrev [24] 0x1074:0xf DW_TAG_variable
	.byte	2                               @ DW_AT_location
	.byte	145
	.byte	4
	.long	.Linfo_string243                @ DW_AT_name
	.byte	8                               @ DW_AT_decl_file
	.short	1164                            @ DW_AT_decl_line
	.long	520                             @ DW_AT_type
	.byte	27                              @ Abbrev [27] 0x1083:0x19 DW_TAG_lexical_block
	.long	.Ltmp230                        @ DW_AT_low_pc
	.long	.Ltmp235-.Ltmp230               @ DW_AT_high_pc
	.byte	24                              @ Abbrev [24] 0x108c:0xf DW_TAG_variable
	.byte	2                               @ DW_AT_location
	.byte	145
	.byte	0
	.long	.Linfo_string218                @ DW_AT_name
	.byte	8                               @ DW_AT_decl_file
	.short	1173                            @ DW_AT_decl_line
	.long	520                             @ DW_AT_type
	.byte	0                               @ End Of Children Mark
	.byte	0                               @ End Of Children Mark
	.byte	28                              @ Abbrev [28] 0x109d:0x16 DW_TAG_subprogram
	.long	.Lfunc_begin25                  @ DW_AT_low_pc
	.long	.Lfunc_end25-.Lfunc_begin25     @ DW_AT_high_pc
	.byte	1                               @ DW_AT_frame_base
	.byte	93
	.long	.Linfo_string191                @ DW_AT_name
	.byte	8                               @ DW_AT_decl_file
	.short	1203                            @ DW_AT_decl_line
                                        @ DW_AT_prototyped
	.long	520                             @ DW_AT_type
                                        @ DW_AT_external
	.byte	25                              @ Abbrev [25] 0x10b3:0x6d DW_TAG_subprogram
	.long	.Lfunc_begin26                  @ DW_AT_low_pc
	.long	.Lfunc_end26-.Lfunc_begin26     @ DW_AT_high_pc
	.byte	1                               @ DW_AT_frame_base
	.byte	93
	.long	.Linfo_string192                @ DW_AT_name
	.byte	8                               @ DW_AT_decl_file
	.short	1222                            @ DW_AT_decl_line
                                        @ DW_AT_prototyped
                                        @ DW_AT_external
	.byte	23                              @ Abbrev [23] 0x10c5:0xf DW_TAG_formal_parameter
	.byte	2                               @ DW_AT_location
	.byte	145
	.byte	20
	.long	.Linfo_string244                @ DW_AT_name
	.byte	8                               @ DW_AT_decl_file
	.short	1222                            @ DW_AT_decl_line
	.long	520                             @ DW_AT_type
	.byte	23                              @ Abbrev [23] 0x10d4:0xf DW_TAG_formal_parameter
	.byte	2                               @ DW_AT_location
	.byte	145
	.byte	16
	.long	.Linfo_string245                @ DW_AT_name
	.byte	8                               @ DW_AT_decl_file
	.short	1222                            @ DW_AT_decl_line
	.long	520                             @ DW_AT_type
	.byte	23                              @ Abbrev [23] 0x10e3:0xf DW_TAG_formal_parameter
	.byte	2                               @ DW_AT_location
	.byte	145
	.byte	12
	.long	.Linfo_string239                @ DW_AT_name
	.byte	8                               @ DW_AT_decl_file
	.short	1222                            @ DW_AT_decl_line
	.long	520                             @ DW_AT_type
	.byte	23                              @ Abbrev [23] 0x10f2:0xf DW_TAG_formal_parameter
	.byte	2                               @ DW_AT_location
	.byte	145
	.byte	8
	.long	.Linfo_string246                @ DW_AT_name
	.byte	8                               @ DW_AT_decl_file
	.short	1222                            @ DW_AT_decl_line
	.long	520                             @ DW_AT_type
	.byte	24                              @ Abbrev [24] 0x1101:0xf DW_TAG_variable
	.byte	2                               @ DW_AT_location
	.byte	145
	.byte	4
	.long	.Linfo_string236                @ DW_AT_name
	.byte	8                               @ DW_AT_decl_file
	.short	1224                            @ DW_AT_decl_line
	.long	520                             @ DW_AT_type
	.byte	24                              @ Abbrev [24] 0x1110:0xf DW_TAG_variable
	.byte	2                               @ DW_AT_location
	.byte	145
	.byte	0
	.long	.Linfo_string235                @ DW_AT_name
	.byte	8                               @ DW_AT_decl_file
	.short	1225                            @ DW_AT_decl_line
	.long	520                             @ DW_AT_type
	.byte	0                               @ End Of Children Mark
	.byte	22                              @ Abbrev [22] 0x1120:0x80 DW_TAG_subprogram
	.long	.Lfunc_begin27                  @ DW_AT_low_pc
	.long	.Lfunc_end27-.Lfunc_begin27     @ DW_AT_high_pc
	.byte	1                               @ DW_AT_frame_base
	.byte	93
	.long	.Linfo_string193                @ DW_AT_name
	.byte	8                               @ DW_AT_decl_file
	.short	1245                            @ DW_AT_decl_line
                                        @ DW_AT_prototyped
	.long	520                             @ DW_AT_type
                                        @ DW_AT_external
	.byte	24                              @ Abbrev [24] 0x1136:0xf DW_TAG_variable
	.byte	2                               @ DW_AT_location
	.byte	145
	.byte	24
	.long	.Linfo_string221                @ DW_AT_name
	.byte	8                               @ DW_AT_decl_file
	.short	1247                            @ DW_AT_decl_line
	.long	520                             @ DW_AT_type
	.byte	24                              @ Abbrev [24] 0x1145:0xf DW_TAG_variable
	.byte	2                               @ DW_AT_location
	.byte	145
	.byte	20
	.long	.Linfo_string206                @ DW_AT_name
	.byte	8                               @ DW_AT_decl_file
	.short	1247                            @ DW_AT_decl_line
	.long	520                             @ DW_AT_type
	.byte	24                              @ Abbrev [24] 0x1154:0xf DW_TAG_variable
	.byte	2                               @ DW_AT_location
	.byte	145
	.byte	16
	.long	.Linfo_string207                @ DW_AT_name
	.byte	8                               @ DW_AT_decl_file
	.short	1248                            @ DW_AT_decl_line
	.long	520                             @ DW_AT_type
	.byte	24                              @ Abbrev [24] 0x1163:0xf DW_TAG_variable
	.byte	2                               @ DW_AT_location
	.byte	145
	.byte	12
	.long	.Linfo_string208                @ DW_AT_name
	.byte	8                               @ DW_AT_decl_file
	.short	1248                            @ DW_AT_decl_line
	.long	520                             @ DW_AT_type
	.byte	24                              @ Abbrev [24] 0x1172:0xf DW_TAG_variable
	.byte	2                               @ DW_AT_location
	.byte	145
	.byte	8
	.long	.Linfo_string209                @ DW_AT_name
	.byte	8                               @ DW_AT_decl_file
	.short	1248                            @ DW_AT_decl_line
	.long	520                             @ DW_AT_type
	.byte	24                              @ Abbrev [24] 0x1181:0xf DW_TAG_variable
	.byte	2                               @ DW_AT_location
	.byte	145
	.byte	4
	.long	.Linfo_string210                @ DW_AT_name
	.byte	8                               @ DW_AT_decl_file
	.short	1248                            @ DW_AT_decl_line
	.long	520                             @ DW_AT_type
	.byte	24                              @ Abbrev [24] 0x1190:0xf DW_TAG_variable
	.byte	2                               @ DW_AT_location
	.byte	145
	.byte	0
	.long	.Linfo_string211                @ DW_AT_name
	.byte	8                               @ DW_AT_decl_file
	.short	1249                            @ DW_AT_decl_line
	.long	4705                            @ DW_AT_type
	.byte	0                               @ End Of Children Mark
	.byte	22                              @ Abbrev [22] 0x11a0:0x62 DW_TAG_subprogram
	.long	.Lfunc_begin28                  @ DW_AT_low_pc
	.long	.Lfunc_end28-.Lfunc_begin28     @ DW_AT_high_pc
	.byte	1                               @ DW_AT_frame_base
	.byte	93
	.long	.Linfo_string194                @ DW_AT_name
	.byte	8                               @ DW_AT_decl_file
	.short	1334                            @ DW_AT_decl_line
                                        @ DW_AT_prototyped
	.long	520                             @ DW_AT_type
                                        @ DW_AT_external
	.byte	23                              @ Abbrev [23] 0x11b6:0xf DW_TAG_formal_parameter
	.byte	2                               @ DW_AT_location
	.byte	145
	.byte	28
	.long	.Linfo_string230                @ DW_AT_name
	.byte	8                               @ DW_AT_decl_file
	.short	1334                            @ DW_AT_decl_line
	.long	520                             @ DW_AT_type
	.byte	24                              @ Abbrev [24] 0x11c5:0xf DW_TAG_variable
	.byte	2                               @ DW_AT_location
	.byte	145
	.byte	24
	.long	.Linfo_string235                @ DW_AT_name
	.byte	8                               @ DW_AT_decl_file
	.short	1336                            @ DW_AT_decl_line
	.long	520                             @ DW_AT_type
	.byte	24                              @ Abbrev [24] 0x11d4:0xf DW_TAG_variable
	.byte	2                               @ DW_AT_location
	.byte	145
	.byte	20
	.long	.Linfo_string236                @ DW_AT_name
	.byte	8                               @ DW_AT_decl_file
	.short	1336                            @ DW_AT_decl_line
	.long	520                             @ DW_AT_type
	.byte	24                              @ Abbrev [24] 0x11e3:0xf DW_TAG_variable
	.byte	2                               @ DW_AT_location
	.byte	145
	.byte	4
	.long	.Linfo_string233                @ DW_AT_name
	.byte	8                               @ DW_AT_decl_file
	.short	1337                            @ DW_AT_decl_line
	.long	4735                            @ DW_AT_type
	.byte	24                              @ Abbrev [24] 0x11f2:0xf DW_TAG_variable
	.byte	2                               @ DW_AT_location
	.byte	145
	.byte	0
	.long	.Linfo_string214                @ DW_AT_name
	.byte	8                               @ DW_AT_decl_file
	.short	1338                            @ DW_AT_decl_line
	.long	520                             @ DW_AT_type
	.byte	0                               @ End Of Children Mark
	.byte	22                              @ Abbrev [22] 0x1202:0x53 DW_TAG_subprogram
	.long	.Lfunc_begin29                  @ DW_AT_low_pc
	.long	.Lfunc_end29-.Lfunc_begin29     @ DW_AT_high_pc
	.byte	1                               @ DW_AT_frame_base
	.byte	93
	.long	.Linfo_string195                @ DW_AT_name
	.byte	8                               @ DW_AT_decl_file
	.short	1406                            @ DW_AT_decl_line
                                        @ DW_AT_prototyped
	.long	520                             @ DW_AT_type
                                        @ DW_AT_external
	.byte	23                              @ Abbrev [23] 0x1218:0xf DW_TAG_formal_parameter
	.byte	2                               @ DW_AT_location
	.byte	145
	.byte	24
	.long	.Linfo_string230                @ DW_AT_name
	.byte	8                               @ DW_AT_decl_file
	.short	1406                            @ DW_AT_decl_line
	.long	520                             @ DW_AT_type
	.byte	24                              @ Abbrev [24] 0x1227:0xf DW_TAG_variable
	.byte	2                               @ DW_AT_location
	.byte	145
	.byte	20
	.long	.Linfo_string235                @ DW_AT_name
	.byte	8                               @ DW_AT_decl_file
	.short	1408                            @ DW_AT_decl_line
	.long	520                             @ DW_AT_type
	.byte	24                              @ Abbrev [24] 0x1236:0xf DW_TAG_variable
	.byte	2                               @ DW_AT_location
	.byte	145
	.byte	16
	.long	.Linfo_string236                @ DW_AT_name
	.byte	8                               @ DW_AT_decl_file
	.short	1408                            @ DW_AT_decl_line
	.long	520                             @ DW_AT_type
	.byte	24                              @ Abbrev [24] 0x1245:0xf DW_TAG_variable
	.byte	2                               @ DW_AT_location
	.byte	145
	.byte	0
	.long	.Linfo_string234                @ DW_AT_name
	.byte	8                               @ DW_AT_decl_file
	.short	1409                            @ DW_AT_decl_line
	.long	4735                            @ DW_AT_type
	.byte	0                               @ End Of Children Mark
	.byte	9                               @ Abbrev [9] 0x1255:0xc DW_TAG_array_type
	.long	520                             @ DW_AT_type
	.byte	10                              @ Abbrev [10] 0x125a:0x6 DW_TAG_subrange_type
	.long	555                             @ DW_AT_type
	.byte	8                               @ DW_AT_count
	.byte	0                               @ End Of Children Mark
	.byte	9                               @ Abbrev [9] 0x1261:0xc DW_TAG_array_type
	.long	4717                            @ DW_AT_type
	.byte	10                              @ Abbrev [10] 0x1266:0x6 DW_TAG_subrange_type
	.long	555                             @ DW_AT_type
	.byte	4                               @ DW_AT_count
	.byte	0                               @ End Of Children Mark
	.byte	7                               @ Abbrev [7] 0x126d:0xb DW_TAG_typedef
	.long	4728                            @ DW_AT_type
	.long	.Linfo_string213                @ DW_AT_name
	.byte	1                               @ DW_AT_decl_file
	.byte	62                              @ DW_AT_decl_line
	.byte	8                               @ Abbrev [8] 0x1278:0x7 DW_TAG_base_type
	.long	.Linfo_string212                @ DW_AT_name
	.byte	8                               @ DW_AT_encoding
	.byte	1                               @ DW_AT_byte_size
	.byte	9                               @ Abbrev [9] 0x127f:0xc DW_TAG_array_type
	.long	520                             @ DW_AT_type
	.byte	10                              @ Abbrev [10] 0x1284:0x6 DW_TAG_subrange_type
	.long	555                             @ DW_AT_type
	.byte	4                               @ DW_AT_count
	.byte	0                               @ End Of Children Mark
	.byte	0                               @ End Of Children Mark
.Ldebug_info_end0:
	.section	.debug_ranges,"",%progbits
.Ldebug_ranges0:
	.long	.Lfunc_begin0
	.long	.Lfunc_end0
	.long	.Lfunc_begin1
	.long	.Lfunc_end1
	.long	.Lfunc_begin2
	.long	.Lfunc_end2
	.long	.Lfunc_begin3
	.long	.Lfunc_end3
	.long	.Lfunc_begin4
	.long	.Lfunc_end4
	.long	.Lfunc_begin5
	.long	.Lfunc_end5
	.long	.Lfunc_begin6
	.long	.Lfunc_end6
	.long	.Lfunc_begin7
	.long	.Lfunc_end7
	.long	.Lfunc_begin8
	.long	.Lfunc_end8
	.long	.Lfunc_begin9
	.long	.Lfunc_end9
	.long	.Lfunc_begin10
	.long	.Lfunc_end10
	.long	.Lfunc_begin11
	.long	.Lfunc_end11
	.long	.Lfunc_begin12
	.long	.Lfunc_end12
	.long	.Lfunc_begin13
	.long	.Lfunc_end13
	.long	.Lfunc_begin14
	.long	.Lfunc_end14
	.long	.Lfunc_begin15
	.long	.Lfunc_end15
	.long	.Lfunc_begin16
	.long	.Lfunc_end16
	.long	.Lfunc_begin17
	.long	.Lfunc_end17
	.long	.Lfunc_begin18
	.long	.Lfunc_end18
	.long	.Lfunc_begin19
	.long	.Lfunc_end19
	.long	.Lfunc_begin20
	.long	.Lfunc_end20
	.long	.Lfunc_begin21
	.long	.Lfunc_end21
	.long	.Lfunc_begin22
	.long	.Lfunc_end22
	.long	.Lfunc_begin23
	.long	.Lfunc_end23
	.long	.Lfunc_begin24
	.long	.Lfunc_end24
	.long	.Lfunc_begin25
	.long	.Lfunc_end25
	.long	.Lfunc_begin26
	.long	.Lfunc_end26
	.long	.Lfunc_begin27
	.long	.Lfunc_end27
	.long	.Lfunc_begin28
	.long	.Lfunc_end28
	.long	.Lfunc_begin29
	.long	.Lfunc_end29
	.long	0
	.long	0
	.section	.debug_str,"MS",%progbits,1
.Linfo_string0:
	.asciz	"Component: Arm Compiler for Embedded 6.22 Tool: armclang [5ee92100]" @ string offset=0
.Linfo_string1:
	.asciz	"../../Library_BSP/StdDriver/src\\clk.c" @ string offset=68
.Linfo_string2:
	.asciz	"C:\\Users\\LogoslabMiniPC\\GitHub_Box_Windows\\logoslab\\M2354\\Old_M2354_BSP_300004\\SampleCode\\TrustZone\\Borhan-E-Voting-System\\Secure\\KEIL" @ string offset=106
.Linfo_string3:
	.asciz	"PWRCTL"                        @ string offset=241
.Linfo_string4:
	.asciz	"unsigned int"                  @ string offset=248
.Linfo_string5:
	.asciz	"uint32_t"                      @ string offset=261
.Linfo_string6:
	.asciz	"AHBCLK"                        @ string offset=270
.Linfo_string7:
	.asciz	"APBCLK0"                       @ string offset=277
.Linfo_string8:
	.asciz	"APBCLK1"                       @ string offset=285
.Linfo_string9:
	.asciz	"CLKSEL0"                       @ string offset=293
.Linfo_string10:
	.asciz	"CLKSEL1"                       @ string offset=301
.Linfo_string11:
	.asciz	"CLKSEL2"                       @ string offset=309
.Linfo_string12:
	.asciz	"CLKSEL3"                       @ string offset=317
.Linfo_string13:
	.asciz	"CLKDIV0"                       @ string offset=325
.Linfo_string14:
	.asciz	"CLKDIV1"                       @ string offset=333
.Linfo_string15:
	.asciz	"RESERVE0"                      @ string offset=341
.Linfo_string16:
	.asciz	"__ARRAY_SIZE_TYPE__"           @ string offset=350
.Linfo_string17:
	.asciz	"CLKDIV4"                       @ string offset=370
.Linfo_string18:
	.asciz	"RESERVE7"                      @ string offset=378
.Linfo_string19:
	.asciz	"RESERVE1"                      @ string offset=387
.Linfo_string20:
	.asciz	"PLLCTL"                        @ string offset=396
.Linfo_string21:
	.asciz	"RESERVE2"                      @ string offset=403
.Linfo_string22:
	.asciz	"STATUS"                        @ string offset=412
.Linfo_string23:
	.asciz	"RESERVE3"                      @ string offset=419
.Linfo_string24:
	.asciz	"CLKOCTL"                       @ string offset=428
.Linfo_string25:
	.asciz	"RESERVE4"                      @ string offset=436
.Linfo_string26:
	.asciz	"CLKDCTL"                       @ string offset=445
.Linfo_string27:
	.asciz	"CLKDSTS"                       @ string offset=453
.Linfo_string28:
	.asciz	"CDUPB"                         @ string offset=461
.Linfo_string29:
	.asciz	"CDLOWB"                        @ string offset=467
.Linfo_string30:
	.asciz	"RESERVE5"                      @ string offset=474
.Linfo_string31:
	.asciz	"PMUCTL"                        @ string offset=483
.Linfo_string32:
	.asciz	"PMUSTS"                        @ string offset=490
.Linfo_string33:
	.asciz	"RESERVE6"                      @ string offset=497
.Linfo_string34:
	.asciz	"SWKDBCTL"                      @ string offset=506
.Linfo_string35:
	.asciz	"PASWKCTL"                      @ string offset=515
.Linfo_string36:
	.asciz	"PBSWKCTL"                      @ string offset=524
.Linfo_string37:
	.asciz	"PCSWKCTL"                      @ string offset=533
.Linfo_string38:
	.asciz	"PDSWKCTL"                      @ string offset=542
.Linfo_string39:
	.asciz	"IOPDCTL"                       @ string offset=551
.Linfo_string40:
	.asciz	"HXTFSEL"                       @ string offset=559
.Linfo_string41:
	.asciz	"CLK_T"                         @ string offset=567
.Linfo_string42:
	.asciz	"CPUID"                         @ string offset=573
.Linfo_string43:
	.asciz	"ICSR"                          @ string offset=579
.Linfo_string44:
	.asciz	"VTOR"                          @ string offset=584
.Linfo_string45:
	.asciz	"AIRCR"                         @ string offset=589
.Linfo_string46:
	.asciz	"SCR"                           @ string offset=595
.Linfo_string47:
	.asciz	"CCR"                           @ string offset=599
.Linfo_string48:
	.asciz	"RESERVED1"                     @ string offset=603
.Linfo_string49:
	.asciz	"SHPR"                          @ string offset=613
.Linfo_string50:
	.asciz	"SHCSR"                         @ string offset=618
.Linfo_string51:
	.asciz	"SCB_Type"                      @ string offset=624
.Linfo_string52:
	.asciz	"CTRL"                          @ string offset=633
.Linfo_string53:
	.asciz	"LOAD"                          @ string offset=638
.Linfo_string54:
	.asciz	"VAL"                           @ string offset=643
.Linfo_string55:
	.asciz	"CALIB"                         @ string offset=647
.Linfo_string56:
	.asciz	"SysTick_Type"                  @ string offset=653
.Linfo_string57:
	.asciz	"INIT"                          @ string offset=666
.Linfo_string58:
	.asciz	"FREQADJ"                       @ string offset=671
.Linfo_string59:
	.asciz	"TIME"                          @ string offset=679
.Linfo_string60:
	.asciz	"CAL"                           @ string offset=684
.Linfo_string61:
	.asciz	"CLKFMT"                        @ string offset=688
.Linfo_string62:
	.asciz	"WEEKDAY"                       @ string offset=695
.Linfo_string63:
	.asciz	"TALM"                          @ string offset=703
.Linfo_string64:
	.asciz	"CALM"                          @ string offset=708
.Linfo_string65:
	.asciz	"LEAPYEAR"                      @ string offset=713
.Linfo_string66:
	.asciz	"INTEN"                         @ string offset=722
.Linfo_string67:
	.asciz	"INTSTS"                        @ string offset=728
.Linfo_string68:
	.asciz	"TICK"                          @ string offset=735
.Linfo_string69:
	.asciz	"TAMSK"                         @ string offset=740
.Linfo_string70:
	.asciz	"CAMSK"                         @ string offset=746
.Linfo_string71:
	.asciz	"SPRCTL"                        @ string offset=752
.Linfo_string72:
	.asciz	"SPR"                           @ string offset=759
.Linfo_string73:
	.asciz	"LXTCTL"                        @ string offset=763
.Linfo_string74:
	.asciz	"GPIOCTL0"                      @ string offset=770
.Linfo_string75:
	.asciz	"GPIOCTL1"                      @ string offset=779
.Linfo_string76:
	.asciz	"DSTCTL"                        @ string offset=788
.Linfo_string77:
	.asciz	"TAMPCTL"                       @ string offset=795
.Linfo_string78:
	.asciz	"TAMPSEED"                      @ string offset=803
.Linfo_string79:
	.asciz	"TAMPTIME"                      @ string offset=812
.Linfo_string80:
	.asciz	"TAMPCAL"                       @ string offset=821
.Linfo_string81:
	.asciz	"CDBR"                          @ string offset=829
.Linfo_string82:
	.asciz	"TEST"                          @ string offset=834
.Linfo_string83:
	.asciz	"RTC_T"                         @ string offset=839
.Linfo_string84:
	.asciz	"PDID"                          @ string offset=845
.Linfo_string85:
	.asciz	"RSTSTS"                        @ string offset=850
.Linfo_string86:
	.asciz	"IPRST0"                        @ string offset=857
.Linfo_string87:
	.asciz	"IPRST1"                        @ string offset=864
.Linfo_string88:
	.asciz	"IPRST2"                        @ string offset=871
.Linfo_string89:
	.asciz	"BODCTL"                        @ string offset=878
.Linfo_string90:
	.asciz	"IVSCTL"                        @ string offset=885
.Linfo_string91:
	.asciz	"PORCTL0"                       @ string offset=892
.Linfo_string92:
	.asciz	"VREFCTL"                       @ string offset=900
.Linfo_string93:
	.asciz	"USBPHY"                        @ string offset=908
.Linfo_string94:
	.asciz	"GPA_MFPL"                      @ string offset=915
.Linfo_string95:
	.asciz	"GPA_MFPH"                      @ string offset=924
.Linfo_string96:
	.asciz	"GPB_MFPL"                      @ string offset=933
.Linfo_string97:
	.asciz	"GPB_MFPH"                      @ string offset=942
.Linfo_string98:
	.asciz	"GPC_MFPL"                      @ string offset=951
.Linfo_string99:
	.asciz	"GPC_MFPH"                      @ string offset=960
.Linfo_string100:
	.asciz	"GPD_MFPL"                      @ string offset=969
.Linfo_string101:
	.asciz	"GPD_MFPH"                      @ string offset=978
.Linfo_string102:
	.asciz	"GPE_MFPL"                      @ string offset=987
.Linfo_string103:
	.asciz	"GPE_MFPH"                      @ string offset=996
.Linfo_string104:
	.asciz	"GPF_MFPL"                      @ string offset=1005
.Linfo_string105:
	.asciz	"GPF_MFPH"                      @ string offset=1014
.Linfo_string106:
	.asciz	"GPG_MFPL"                      @ string offset=1023
.Linfo_string107:
	.asciz	"GPG_MFPH"                      @ string offset=1032
.Linfo_string108:
	.asciz	"GPH_MFPL"                      @ string offset=1041
.Linfo_string109:
	.asciz	"GPH_MFPH"                      @ string offset=1050
.Linfo_string110:
	.asciz	"GPA_MFOS"                      @ string offset=1059
.Linfo_string111:
	.asciz	"GPB_MFOS"                      @ string offset=1068
.Linfo_string112:
	.asciz	"GPC_MFOS"                      @ string offset=1077
.Linfo_string113:
	.asciz	"GPD_MFOS"                      @ string offset=1086
.Linfo_string114:
	.asciz	"GPE_MFOS"                      @ string offset=1095
.Linfo_string115:
	.asciz	"GPF_MFOS"                      @ string offset=1104
.Linfo_string116:
	.asciz	"GPG_MFOS"                      @ string offset=1113
.Linfo_string117:
	.asciz	"GPH_MFOS"                      @ string offset=1122
.Linfo_string118:
	.asciz	"VTORSET"                       @ string offset=1131
.Linfo_string119:
	.asciz	"SRAMICTL"                      @ string offset=1139
.Linfo_string120:
	.asciz	"SRAMSTS"                       @ string offset=1148
.Linfo_string121:
	.asciz	"SRAMEADR"                      @ string offset=1156
.Linfo_string122:
	.asciz	"SRAMPC0"                       @ string offset=1165
.Linfo_string123:
	.asciz	"SRAMPC1"                       @ string offset=1173
.Linfo_string124:
	.asciz	"TCTL48M"                       @ string offset=1181
.Linfo_string125:
	.asciz	"TIEN48M"                       @ string offset=1189
.Linfo_string126:
	.asciz	"TISTS48M"                      @ string offset=1197
.Linfo_string127:
	.asciz	"TCTL12M"                       @ string offset=1206
.Linfo_string128:
	.asciz	"TIEN12M"                       @ string offset=1214
.Linfo_string129:
	.asciz	"TISTS12M"                      @ string offset=1222
.Linfo_string130:
	.asciz	"REGLCTL"                       @ string offset=1231
.Linfo_string131:
	.asciz	"CPUCFG"                        @ string offset=1239
.Linfo_string132:
	.asciz	"BATLDCTL"                      @ string offset=1246
.Linfo_string133:
	.asciz	"OVDCTL"                        @ string offset=1255
.Linfo_string134:
	.asciz	"RESERVE8"                      @ string offset=1262
.Linfo_string135:
	.asciz	"PORCTL1"                       @ string offset=1271
.Linfo_string136:
	.asciz	"RESERVE9"                      @ string offset=1279
.Linfo_string137:
	.asciz	"PSWCTL"                        @ string offset=1288
.Linfo_string138:
	.asciz	"PLCTL"                         @ string offset=1295
.Linfo_string139:
	.asciz	"PLSTS"                         @ string offset=1301
.Linfo_string140:
	.asciz	"RESERVE10"                     @ string offset=1307
.Linfo_string141:
	.asciz	"AHBMCTL"                       @ string offset=1317
.Linfo_string142:
	.asciz	"SYS_T"                         @ string offset=1325
.Linfo_string143:
	.asciz	"ISPCTL"                        @ string offset=1331
.Linfo_string144:
	.asciz	"ISPADDR"                       @ string offset=1338
.Linfo_string145:
	.asciz	"ISPDAT"                        @ string offset=1346
.Linfo_string146:
	.asciz	"ISPCMD"                        @ string offset=1353
.Linfo_string147:
	.asciz	"ISPTRG"                        @ string offset=1360
.Linfo_string148:
	.asciz	"ISPSTS"                        @ string offset=1367
.Linfo_string149:
	.asciz	"CYCCTL"                        @ string offset=1374
.Linfo_string150:
	.asciz	"MPDAT0"                        @ string offset=1381
.Linfo_string151:
	.asciz	"MPDAT1"                        @ string offset=1388
.Linfo_string152:
	.asciz	"MPDAT2"                        @ string offset=1395
.Linfo_string153:
	.asciz	"MPDAT3"                        @ string offset=1402
.Linfo_string154:
	.asciz	"MPSTS"                         @ string offset=1409
.Linfo_string155:
	.asciz	"MPADDR"                        @ string offset=1415
.Linfo_string156:
	.asciz	"XOMR0STS"                      @ string offset=1422
.Linfo_string157:
	.asciz	"XOMR1STS"                      @ string offset=1431
.Linfo_string158:
	.asciz	"XOMR2STS"                      @ string offset=1440
.Linfo_string159:
	.asciz	"XOMR3STS"                      @ string offset=1449
.Linfo_string160:
	.asciz	"XOMSTS"                        @ string offset=1458
.Linfo_string161:
	.asciz	"DFCTL"                         @ string offset=1465
.Linfo_string162:
	.asciz	"DFSTS"                         @ string offset=1471
.Linfo_string163:
	.asciz	"SCRKEY"                        @ string offset=1477
.Linfo_string164:
	.asciz	"FMC_T"                         @ string offset=1484
.Linfo_string165:
	.asciz	"vu32"                          @ string offset=1490
.Linfo_string166:
	.asciz	"CLK_DisableCKO"                @ string offset=1495
.Linfo_string167:
	.asciz	"CLK_EnableCKO"                 @ string offset=1510
.Linfo_string168:
	.asciz	"CLK_PowerDown"                 @ string offset=1524
.Linfo_string169:
	.asciz	"CLK_Idle"                      @ string offset=1538
.Linfo_string170:
	.asciz	"CLK_GetHXTFreq"                @ string offset=1547
.Linfo_string171:
	.asciz	"CLK_GetLXTFreq"                @ string offset=1562
.Linfo_string172:
	.asciz	"CLK_GetHCLKFreq"               @ string offset=1577
.Linfo_string173:
	.asciz	"CLK_GetPCLK0Freq"              @ string offset=1593
.Linfo_string174:
	.asciz	"CLK_GetPCLK1Freq"              @ string offset=1610
.Linfo_string175:
	.asciz	"CLK_GetCPUFreq"                @ string offset=1627
.Linfo_string176:
	.asciz	"CLK_SetCoreClock"              @ string offset=1642
.Linfo_string177:
	.asciz	"CLK_WaitClockReady"            @ string offset=1659
.Linfo_string178:
	.asciz	"CLK_EnablePLL"                 @ string offset=1678
.Linfo_string179:
	.asciz	"CLK_SetHCLK"                   @ string offset=1692
.Linfo_string180:
	.asciz	"CLK_SetModuleClock"            @ string offset=1704
.Linfo_string181:
	.asciz	"CLK_SetSysTickClockSrc"        @ string offset=1723
.Linfo_string182:
	.asciz	"CLK_EnableXtalRC"              @ string offset=1746
.Linfo_string183:
	.asciz	"CLK_DisableXtalRC"             @ string offset=1763
.Linfo_string184:
	.asciz	"CLK_EnableModuleClock"         @ string offset=1781
.Linfo_string185:
	.asciz	"CLK_DisableModuleClock"        @ string offset=1803
.Linfo_string186:
	.asciz	"CLK_DisablePLL"                @ string offset=1826
.Linfo_string187:
	.asciz	"CLK_EnableSysTick"             @ string offset=1841
.Linfo_string188:
	.asciz	"CLK_DisableSysTick"            @ string offset=1859
.Linfo_string189:
	.asciz	"CLK_SetPowerDownMode"          @ string offset=1878
.Linfo_string190:
	.asciz	"CLK_EnableDPDWKPin"            @ string offset=1899
.Linfo_string191:
	.asciz	"CLK_GetPMUWKSrc"               @ string offset=1918
.Linfo_string192:
	.asciz	"CLK_EnableSPDWKPin"            @ string offset=1934
.Linfo_string193:
	.asciz	"CLK_GetPLLClockFreq"           @ string offset=1953
.Linfo_string194:
	.asciz	"CLK_GetModuleClockSource"      @ string offset=1973
.Linfo_string195:
	.asciz	"CLK_GetModuleClockDivider"     @ string offset=1998
.Linfo_string196:
	.asciz	"u32ClkSrc"                     @ string offset=2024
.Linfo_string197:
	.asciz	"u32ClkDiv"                     @ string offset=2034
.Linfo_string198:
	.asciz	"u32ClkDivBy1En"                @ string offset=2044
.Linfo_string199:
	.asciz	"u32SysTickTICKINT"             @ string offset=2059
.Linfo_string200:
	.asciz	"u32Freq"                       @ string offset=2077
.Linfo_string201:
	.asciz	"u32HXTEN"                      @ string offset=2085
.Linfo_string202:
	.asciz	"u32LXTEN"                      @ string offset=2094
.Linfo_string203:
	.asciz	"u32HclkSrc"                    @ string offset=2103
.Linfo_string204:
	.asciz	"u32HclkDiv"                    @ string offset=2114
.Linfo_string205:
	.asciz	"au32ClkTbl"                    @ string offset=2125
.Linfo_string206:
	.asciz	"u32PllReg"                     @ string offset=2136
.Linfo_string207:
	.asciz	"u32FIN"                        @ string offset=2146
.Linfo_string208:
	.asciz	"u32NF"                         @ string offset=2153
.Linfo_string209:
	.asciz	"u32NR"                         @ string offset=2159
.Linfo_string210:
	.asciz	"u32NO"                         @ string offset=2165
.Linfo_string211:
	.asciz	"au8NoTbl"                      @ string offset=2171
.Linfo_string212:
	.asciz	"unsigned char"                 @ string offset=2180
.Linfo_string213:
	.asciz	"uint8_t"                       @ string offset=2194
.Linfo_string214:
	.asciz	"u32RTCCKEN"                    @ string offset=2202
.Linfo_string215:
	.asciz	"u32Hclk"                       @ string offset=2213
.Linfo_string216:
	.asciz	"u32HIRCSTB"                    @ string offset=2221
.Linfo_string217:
	.asciz	"u32ClkMask"                    @ string offset=2232
.Linfo_string218:
	.asciz	"u32TimeOutCnt"                 @ string offset=2243
.Linfo_string219:
	.asciz	"u32Ret"                        @ string offset=2257
.Linfo_string220:
	.asciz	"u32PllClkSrc"                  @ string offset=2264
.Linfo_string221:
	.asciz	"u32PllFreq"                    @ string offset=2277
.Linfo_string222:
	.asciz	"u32PllSrcClk"                  @ string offset=2288
.Linfo_string223:
	.asciz	"u32PllClk"                     @ string offset=2301
.Linfo_string224:
	.asciz	"u32Tmp"                        @ string offset=2311
.Linfo_string225:
	.asciz	"u32Tmp2"                       @ string offset=2318
.Linfo_string226:
	.asciz	"u32Tmp3"                       @ string offset=2326
.Linfo_string227:
	.asciz	"u32Min"                        @ string offset=2334
.Linfo_string228:
	.asciz	"u32MinNF"                      @ string offset=2341
.Linfo_string229:
	.asciz	"u32MinNR"                      @ string offset=2350
.Linfo_string230:
	.asciz	"u32ModuleIdx"                  @ string offset=2359
.Linfo_string231:
	.asciz	"u32Sel"                        @ string offset=2372
.Linfo_string232:
	.asciz	"u32Div"                        @ string offset=2379
.Linfo_string233:
	.asciz	"au32SelTbl"                    @ string offset=2386
.Linfo_string234:
	.asciz	"au32DivTbl"                    @ string offset=2397
.Linfo_string235:
	.asciz	"u32TmpVal"                     @ string offset=2408
.Linfo_string236:
	.asciz	"u32TmpAddr"                    @ string offset=2418
.Linfo_string237:
	.asciz	"u32Count"                      @ string offset=2429
.Linfo_string238:
	.asciz	"u32PDMode"                     @ string offset=2438
.Linfo_string239:
	.asciz	"u32TriggerType"                @ string offset=2448
.Linfo_string240:
	.asciz	"u32Pin1"                       @ string offset=2463
.Linfo_string241:
	.asciz	"u32Pin2"                       @ string offset=2471
.Linfo_string242:
	.asciz	"u32Pin3"                       @ string offset=2479
.Linfo_string243:
	.asciz	"u32Pin4"                       @ string offset=2487
.Linfo_string244:
	.asciz	"u32Port"                       @ string offset=2495
.Linfo_string245:
	.asciz	"u32Pin"                        @ string offset=2503
.Linfo_string246:
	.asciz	"u32DebounceEn"                 @ string offset=2510
	.ident	"Component: Arm Compiler for Embedded 6.22 Tool: armclang [5ee92100]"
	.section	".note.GNU-stack","",%progbits
	.eabi_attribute	30, 6	@ Tag_ABI_optimization_goals
	.ARM_attribute	6, 1	@ Tag_AV_cpp_exceptions
	.ARM_attribute	16, 1	@ Tag_AV_eba
	.section	.debug_line,"",%progbits
.Lline_table_start0:
