	.text
	.syntax unified
	.eabi_attribute	67, "2.09"	@ Tag_conformance
	.cpu	cortex-m23
	.eabi_attribute	6, 16	@ Tag_CPU_arch
	.eabi_attribute	7, 77	@ Tag_CPU_arch_profile
	.eabi_attribute	8, 0	@ Tag_ARM_ISA_use
	.eabi_attribute	9, 3	@ Tag_THUMB_ISA_use
	.eabi_attribute	34, 0	@ Tag_CPU_unaligned_access
	.eabi_attribute	17, 1	@ Tag_ABI_PCS_GOT_use
	.eabi_attribute	20, 2	@ Tag_ABI_FP_denormal
	.eabi_attribute	21, 0	@ Tag_ABI_FP_exceptions
	.eabi_attribute	23, 1	@ Tag_ABI_FP_number_model
	.eabi_attribute	24, 1	@ Tag_ABI_align_needed
	.eabi_attribute	25, 1	@ Tag_ABI_align_preserved
	.eabi_attribute	38, 1	@ Tag_ABI_FP_16bit_format
	.eabi_attribute	18, 4	@ Tag_ABI_PCS_wchar_t
	.eabi_attribute	26, 2	@ Tag_ABI_enum_size
	.eabi_attribute	14, 0	@ Tag_ABI_PCS_R9_use
	.file	"crypto.c"
	.file	1 "C:\\Users\\Borhan\\Desktop\\M2354_Series_BSP_CMSIS_V3.00.005_duplicate\\SampleCode\\TrustZone\\E-Voting-System\\Secure\\KEIL" "../../../../../Library/StdDriver/src/crypto.c"
	.file	2 "C:\\Users\\Borhan\\Desktop\\M2354_Series_BSP_CMSIS_V3.00.005_duplicate\\SampleCode\\TrustZone\\E-Voting-System\\Secure\\KEIL" "../../../../../Library/StdDriver/inc\\crypto.h"
	.file	3 "C:\\Keil_v5\\ARM\\ARMCLANG\\Bin\\..\\include" "stdint.h"
	.file	4 "C:\\Users\\Borhan\\Desktop\\M2354_Series_BSP_CMSIS_V3.00.005_duplicate\\SampleCode\\TrustZone\\E-Voting-System\\Secure\\KEIL" "../../../../../Library/StdDriver/inc\\keystore.h"
	.file	5 "C:\\Users\\Borhan\\Desktop\\M2354_Series_BSP_CMSIS_V3.00.005_duplicate\\SampleCode\\TrustZone\\E-Voting-System\\Secure\\KEIL" "../../../../../Library/Device/Nuvoton/M2354/Include/crpt_reg.h"
	.file	6 "C:\\Users\\Borhan\\Desktop\\M2354_Series_BSP_CMSIS_V3.00.005_duplicate\\SampleCode\\TrustZone\\E-Voting-System\\Secure\\KEIL" "../../../../../Library/Device/Nuvoton/M2354/Include/sys_reg.h"
	.section	.text.PRNG_Open,"ax",%progbits
	.hidden	PRNG_Open                       @ -- Begin function PRNG_Open
	.globl	PRNG_Open
	.p2align	1
	.type	PRNG_Open,%function
	.code	16                              @ @PRNG_Open
	.thumb_func
PRNG_Open:
.Lfunc_begin0:
	.loc	1 83 0                          @ ../../../../../Library/StdDriver/src/crypto.c:83:0
	.fnstart
	.cfi_sections .debug_frame
	.cfi_startproc
@ %bb.0:
	.pad	#16
	sub	sp, #16
	.cfi_def_cfa_offset 16
	str	r0, [sp, #12]
	str	r1, [sp, #8]
	str	r2, [sp, #4]
	str	r3, [sp]
.Ltmp0:
	.loc	1 84 8 prologue_end             @ ../../../../../Library/StdDriver/src/crypto.c:84:8
	ldr	r0, [sp, #4]
.Ltmp1:
	.loc	1 84 8 is_stmt 0                @ ../../../../../Library/StdDriver/src/crypto.c:84:8
	cbz	r0, .LBB0_2
	b	.LBB0_1
.LBB0_1:
.Ltmp2:
	.loc	1 86 27 is_stmt 1               @ ../../../../../Library/StdDriver/src/crypto.c:86:27
	ldr	r0, [sp]
	.loc	1 86 9 is_stmt 0                @ ../../../../../Library/StdDriver/src/crypto.c:86:9
	ldr	r1, [sp, #12]
	.loc	1 86 25                         @ ../../../../../Library/StdDriver/src/crypto.c:86:25
	str	r0, [r1, #12]
	.loc	1 87 5 is_stmt 1                @ ../../../../../Library/StdDriver/src/crypto.c:87:5
	b	.LBB0_2
.Ltmp3:
.LBB0_2:
	.loc	1 89 23                         @ ../../../../../Library/StdDriver/src/crypto.c:89:23
	ldr	r0, [sp, #8]
	.loc	1 89 34 is_stmt 0               @ ../../../../../Library/StdDriver/src/crypto.c:89:34
	lsls	r0, r0, #2
	.loc	1 90 23 is_stmt 1               @ ../../../../../Library/StdDriver/src/crypto.c:90:23
	ldr	r1, [sp, #4]
	.loc	1 90 37 is_stmt 0               @ ../../../../../Library/StdDriver/src/crypto.c:90:37
	lsls	r1, r1, #1
	.loc	1 89 62 is_stmt 1               @ ../../../../../Library/StdDriver/src/crypto.c:89:62
	orrs	r0, r1
	.loc	1 89 5 is_stmt 0                @ ../../../../../Library/StdDriver/src/crypto.c:89:5
	ldr	r1, [sp, #12]
	.loc	1 89 20                         @ ../../../../../Library/StdDriver/src/crypto.c:89:20
	str	r0, [r1, #8]
	.loc	1 91 1 is_stmt 1                @ ../../../../../Library/StdDriver/src/crypto.c:91:1
	add	sp, #16
	bx	lr
.Ltmp4:
.Lfunc_end0:
	.size	PRNG_Open, .Lfunc_end0-PRNG_Open
	.cfi_endproc
	.cantunwind
	.fnend
                                        @ -- End function
	.section	.text.PRNG_Start,"ax",%progbits
	.hidden	PRNG_Start                      @ -- Begin function PRNG_Start
	.globl	PRNG_Start
	.p2align	2
	.type	PRNG_Start,%function
	.code	16                              @ @PRNG_Start
	.thumb_func
PRNG_Start:
.Lfunc_begin1:
	.loc	1 100 0                         @ ../../../../../Library/StdDriver/src/crypto.c:100:0
	.fnstart
	.cfi_startproc
@ %bb.0:
	.pad	#12
	sub	sp, #12
	.cfi_def_cfa_offset 12
	str	r0, [sp, #4]
.Ltmp5:
	.loc	1 101 29 prologue_end           @ ../../../../../Library/StdDriver/src/crypto.c:101:29
	ldr	r0, __arm_cp.1_0
	ldr	r0, [r0]
	.loc	1 101 13 is_stmt 0              @ ../../../../../Library/StdDriver/src/crypto.c:101:13
	str	r0, [sp]
	.loc	1 103 23 is_stmt 1              @ ../../../../../Library/StdDriver/src/crypto.c:103:23
	ldr	r0, [sp, #4]
	.loc	1 103 29 is_stmt 0              @ ../../../../../Library/StdDriver/src/crypto.c:103:29
	ldr	r0, [r0, #8]
	movs	r1, #2
	.loc	1 103 38                        @ ../../../../../Library/StdDriver/src/crypto.c:103:38
	bics	r0, r1
	.loc	1 103 5                         @ ../../../../../Library/StdDriver/src/crypto.c:103:5
	ldr	r1, [sp, #4]
	.loc	1 103 20                        @ ../../../../../Library/StdDriver/src/crypto.c:103:20
	str	r0, [r1, #8]
	.loc	1 104 5 is_stmt 1               @ ../../../../../Library/StdDriver/src/crypto.c:104:5
	ldr	r1, [sp, #4]
	.loc	1 104 20 is_stmt 0              @ ../../../../../Library/StdDriver/src/crypto.c:104:20
	ldr	r0, [r1, #8]
	movs	r2, #1
	orrs	r0, r2
	str	r0, [r1, #8]
	.loc	1 107 5 is_stmt 1               @ ../../../../../Library/StdDriver/src/crypto.c:107:5
	b	.LBB1_1
.LBB1_1:                                @ =>This Inner Loop Header: Depth=1
	.loc	1 107 11 is_stmt 0              @ ../../../../../Library/StdDriver/src/crypto.c:107:11
	ldr	r0, [sp, #4]
	.loc	1 107 17                        @ ../../../../../Library/StdDriver/src/crypto.c:107:17
	ldr	r0, [r0, #8]
	.loc	1 107 5                         @ ../../../../../Library/StdDriver/src/crypto.c:107:5
	lsls	r0, r0, #23
	cmp	r0, #0
	bpl	.LBB1_5
	b	.LBB1_2
.LBB1_2:                                @   in Loop: Header=BB1_1 Depth=1
.Ltmp6:
	.loc	1 109 26 is_stmt 1              @ ../../../../../Library/StdDriver/src/crypto.c:109:26
	ldr	r0, [sp]
	subs	r1, r0, #1
	str	r1, [sp]
.Ltmp7:
	.loc	1 109 13 is_stmt 0              @ ../../../../../Library/StdDriver/src/crypto.c:109:13
	cmp	r0, #0
	bgt	.LBB1_4
	b	.LBB1_3
.LBB1_3:
	.loc	1 0 13                          @ ../../../../../Library/StdDriver/src/crypto.c:0:13
	movs	r0, #0
	mvns	r0, r0
.Ltmp8:
	.loc	1 111 13 is_stmt 1              @ ../../../../../Library/StdDriver/src/crypto.c:111:13
	str	r0, [sp, #8]
	b	.LBB1_6
.Ltmp9:
.LBB1_4:                                @   in Loop: Header=BB1_1 Depth=1
	.loc	1 107 5                         @ ../../../../../Library/StdDriver/src/crypto.c:107:5
	b	.LBB1_1
.LBB1_5:
	.loc	1 0 5 is_stmt 0                 @ ../../../../../Library/StdDriver/src/crypto.c:0:5
	movs	r0, #0
	.loc	1 115 5 is_stmt 1               @ ../../../../../Library/StdDriver/src/crypto.c:115:5
	str	r0, [sp, #8]
	b	.LBB1_6
.LBB1_6:
	.loc	1 116 1                         @ ../../../../../Library/StdDriver/src/crypto.c:116:1
	ldr	r0, [sp, #8]
	add	sp, #12
	bx	lr
.Ltmp10:
	.p2align	2
@ %bb.7:
	.loc	1 0 1 is_stmt 0                 @ ../../../../../Library/StdDriver/src/crypto.c:0:1
__arm_cp.1_0:
	.long	SystemCoreClock
.Lcpi_end0:
	.size	__arm_cp.1_0, .Lcpi_end0-__arm_cp.1_0
.Lfunc_end1:
	.size	PRNG_Start, .Lfunc_end1-PRNG_Start
	.cfi_endproc
	.cantunwind
	.fnend
                                        @ -- End function
	.section	.text.PRNG_Read,"ax",%progbits
	.hidden	PRNG_Read                       @ -- Begin function PRNG_Read
	.globl	PRNG_Read
	.p2align	2
	.type	PRNG_Read,%function
	.code	16                              @ @PRNG_Read
	.thumb_func
PRNG_Read:
.Lfunc_begin2:
	.loc	1 125 0 is_stmt 1               @ ../../../../../Library/StdDriver/src/crypto.c:125:0
	.fnstart
	.cfi_startproc
@ %bb.0:
	.save	{r4, r5, r7, lr}
	push	{r4, r5, r7, lr}
	.cfi_def_cfa_offset 16
	.cfi_offset lr, -4
	.cfi_offset r7, -8
	.cfi_offset r5, -12
	.cfi_offset r4, -16
	.pad	#44
	sub	sp, #44
	.cfi_def_cfa_offset 60
	str	r0, [sp, #40]
	str	r1, [sp, #36]
.Ltmp11:
	.loc	1 127 14 prologue_end           @ ../../../../../Library/StdDriver/src/crypto.c:127:14
	ldr	r1, __arm_cp.2_0
	mov	r0, sp
	ldm	r1!, {r2, r3, r4}
	stm	r0!, {r2, r3, r4}
	ldm	r1!, {r2, r3, r4, r5}
	stm	r0!, {r2, r3, r4, r5}
	.loc	1 129 14                        @ ../../../../../Library/StdDriver/src/crypto.c:129:14
	ldr	r0, [sp, #40]
	.loc	1 129 20 is_stmt 0              @ ../../../../../Library/StdDriver/src/crypto.c:129:20
	ldr	r0, [r0, #8]
	movs	r1, #60
	.loc	1 129 29                        @ ../../../../../Library/StdDriver/src/crypto.c:129:29
	ands	r0, r1
	.loc	1 129 56                        @ ../../../../../Library/StdDriver/src/crypto.c:129:56
	lsrs	r0, r0, #2
	.loc	1 129 10                        @ ../../../../../Library/StdDriver/src/crypto.c:129:10
	str	r0, [sp, #28]
.Ltmp12:
	.loc	1 130 9 is_stmt 1               @ ../../../../../Library/StdDriver/src/crypto.c:130:9
	ldr	r0, [sp, #28]
.Ltmp13:
	.loc	1 130 9 is_stmt 0               @ ../../../../../Library/StdDriver/src/crypto.c:130:9
	cmp	r0, #7
	blo	.LBB2_2
	b	.LBB2_1
.LBB2_1:
.Ltmp14:
	.loc	1 130 20                        @ ../../../../../Library/StdDriver/src/crypto.c:130:20
	b	.LBB2_8
.LBB2_2:
	.loc	1 131 29 is_stmt 1              @ ../../../../../Library/StdDriver/src/crypto.c:131:29
	ldr	r0, [sp, #28]
	.loc	1 131 17 is_stmt 0              @ ../../../../../Library/StdDriver/src/crypto.c:131:17
	lsls	r1, r0, #2
	mov	r0, sp
	ldr	r0, [r0, r1]
	.loc	1 131 15                        @ ../../../../../Library/StdDriver/src/crypto.c:131:15
	str	r0, [sp, #28]
	b	.LBB2_3
.Ltmp15:
.LBB2_3:
	.loc	1 0 15                          @ ../../../../../Library/StdDriver/src/crypto.c:0:15
	movs	r0, #0
.Ltmp16:
	.loc	1 133 11 is_stmt 1              @ ../../../../../Library/StdDriver/src/crypto.c:133:11
	str	r0, [sp, #32]
	.loc	1 133 9 is_stmt 0               @ ../../../../../Library/StdDriver/src/crypto.c:133:9
	b	.LBB2_4
.LBB2_4:                                @ =>This Inner Loop Header: Depth=1
.Ltmp17:
	.loc	1 133 17                        @ ../../../../../Library/StdDriver/src/crypto.c:133:17
	ldr	r0, [sp, #32]
	.loc	1 133 21                        @ ../../../../../Library/StdDriver/src/crypto.c:133:21
	ldr	r1, [sp, #28]
.Ltmp18:
	.loc	1 133 5                         @ ../../../../../Library/StdDriver/src/crypto.c:133:5
	cmp	r0, r1
	bhs	.LBB2_7
	b	.LBB2_5
.LBB2_5:                                @   in Loop: Header=BB2_4 Depth=1
.Ltmp19:
	.loc	1 135 25 is_stmt 1              @ ../../../../../Library/StdDriver/src/crypto.c:135:25
	ldr	r0, [sp, #40]
	.loc	1 135 40 is_stmt 0              @ ../../../../../Library/StdDriver/src/crypto.c:135:40
	ldr	r1, [sp, #32]
	.loc	1 135 25                        @ ../../../../../Library/StdDriver/src/crypto.c:135:25
	lsls	r1, r1, #2
	.loc	1 135 31                        @ ../../../../../Library/StdDriver/src/crypto.c:135:31
	adds	r0, r0, r1
	.loc	1 135 25                        @ ../../../../../Library/StdDriver/src/crypto.c:135:25
	ldr	r0, [r0, #16]
	.loc	1 135 9                         @ ../../../../../Library/StdDriver/src/crypto.c:135:9
	ldr	r1, [sp, #36]
	.loc	1 135 20                        @ ../../../../../Library/StdDriver/src/crypto.c:135:20
	ldr	r2, [sp, #32]
	.loc	1 135 9                         @ ../../../../../Library/StdDriver/src/crypto.c:135:9
	lsls	r2, r2, #2
	.loc	1 135 23                        @ ../../../../../Library/StdDriver/src/crypto.c:135:23
	str	r0, [r1, r2]
	.loc	1 136 5 is_stmt 1               @ ../../../../../Library/StdDriver/src/crypto.c:136:5
	b	.LBB2_6
.Ltmp20:
.LBB2_6:                                @   in Loop: Header=BB2_4 Depth=1
	.loc	1 133 28                        @ ../../../../../Library/StdDriver/src/crypto.c:133:28
	ldr	r0, [sp, #32]
	adds	r0, r0, #1
	str	r0, [sp, #32]
	.loc	1 133 5 is_stmt 0               @ ../../../../../Library/StdDriver/src/crypto.c:133:5
	b	.LBB2_4
.Ltmp21:
.LBB2_7:
	.loc	1 138 5 is_stmt 1               @ ../../../../../Library/StdDriver/src/crypto.c:138:5
	ldr	r1, [sp, #40]
	.loc	1 138 20 is_stmt 0              @ ../../../../../Library/StdDriver/src/crypto.c:138:20
	ldr	r0, [r1, #8]
	movs	r2, #2
	bics	r0, r2
	str	r0, [r1, #8]
	.loc	1 139 1 is_stmt 1               @ ../../../../../Library/StdDriver/src/crypto.c:139:1
	b	.LBB2_8
.LBB2_8:
	add	sp, #44
	pop	{r4, r5, r7, pc}
.Ltmp22:
	.p2align	2
@ %bb.9:
	.loc	1 0 1 is_stmt 0                 @ ../../../../../Library/StdDriver/src/crypto.c:0:1
__arm_cp.2_0:
	.long	.L__const.PRNG_Read.au32WcntTbl
.Lcpi_end1:
	.size	__arm_cp.2_0, .Lcpi_end1-__arm_cp.2_0
.Lfunc_end2:
	.size	PRNG_Read, .Lfunc_end2-PRNG_Read
	.cfi_endproc
	.cantunwind
	.fnend
                                        @ -- End function
	.section	.text.AES_Open,"ax",%progbits
	.hidden	AES_Open                        @ -- Begin function AES_Open
	.globl	AES_Open
	.p2align	1
	.type	AES_Open,%function
	.code	16                              @ @AES_Open
	.thumb_func
AES_Open:
.Lfunc_begin3:
	.loc	1 172 0 is_stmt 1               @ ../../../../../Library/StdDriver/src/crypto.c:172:0
	.fnstart
	.cfi_startproc
@ %bb.0:
	.save	{r4, lr}
	push	{r4, lr}
	.cfi_def_cfa_offset 8
	.cfi_offset lr, -4
	.cfi_offset r4, -8
	.pad	#16
	sub	sp, #16
	.cfi_def_cfa_offset 24
	ldr	r4, [sp, #28]
	ldr	r4, [sp, #24]
	str	r0, [sp, #12]
	str	r1, [sp, #8]
	str	r2, [sp, #4]
	str	r3, [sp]
.Ltmp23:
	.loc	1 175 22 prologue_end           @ ../../../../../Library/StdDriver/src/crypto.c:175:22
	ldr	r0, [sp, #4]
	.loc	1 175 32 is_stmt 0              @ ../../../../../Library/StdDriver/src/crypto.c:175:32
	lsls	r0, r0, #16
	.loc	1 176 22 is_stmt 1              @ ../../../../../Library/StdDriver/src/crypto.c:176:22
	ldr	r1, [sp]
	.loc	1 176 32 is_stmt 0              @ ../../../../../Library/StdDriver/src/crypto.c:176:32
	lsls	r1, r1, #8
	.loc	1 175 60 is_stmt 1              @ ../../../../../Library/StdDriver/src/crypto.c:175:60
	orrs	r0, r1
	.loc	1 177 22                        @ ../../../../../Library/StdDriver/src/crypto.c:177:22
	ldr	r1, [sp, #24]
	.loc	1 177 33 is_stmt 0              @ ../../../../../Library/StdDriver/src/crypto.c:177:33
	lsls	r1, r1, #2
	.loc	1 176 60 is_stmt 1              @ ../../../../../Library/StdDriver/src/crypto.c:176:60
	orrs	r0, r1
	.loc	1 178 22                        @ ../../../../../Library/StdDriver/src/crypto.c:178:22
	ldr	r1, [sp, #28]
	.loc	1 178 34 is_stmt 0              @ ../../../../../Library/StdDriver/src/crypto.c:178:34
	lsls	r1, r1, #22
	.loc	1 177 60 is_stmt 1              @ ../../../../../Library/StdDriver/src/crypto.c:177:60
	orrs	r0, r1
	.loc	1 175 5                         @ ../../../../../Library/StdDriver/src/crypto.c:175:5
	ldr	r1, [sp, #12]
	movw	r2, #256
	.loc	1 175 19 is_stmt 0              @ ../../../../../Library/StdDriver/src/crypto.c:175:19
	str	r0, [r1, r2]
	.loc	1 180 1 is_stmt 1               @ ../../../../../Library/StdDriver/src/crypto.c:180:1
	add	sp, #16
	pop	{r4, pc}
.Ltmp24:
.Lfunc_end3:
	.size	AES_Open, .Lfunc_end3-AES_Open
	.cfi_endproc
	.cantunwind
	.fnend
                                        @ -- End function
	.section	.text.AES_Start,"ax",%progbits
	.hidden	AES_Start                       @ -- Begin function AES_Start
	.globl	AES_Start
	.p2align	1
	.type	AES_Start,%function
	.code	16                              @ @AES_Start
	.thumb_func
AES_Start:
.Lfunc_begin4:
	.loc	1 193 0                         @ ../../../../../Library/StdDriver/src/crypto.c:193:0
	.fnstart
	.cfi_startproc
@ %bb.0:
	.pad	#12
	sub	sp, #12
	.cfi_def_cfa_offset 12
	str	r0, [sp, #8]
	str	r1, [sp, #4]
	str	r2, [sp]
.Ltmp25:
	.loc	1 196 48 prologue_end           @ ../../../../../Library/StdDriver/src/crypto.c:196:48
	ldr	r0, [sp]
	.loc	1 196 59 is_stmt 0              @ ../../../../../Library/StdDriver/src/crypto.c:196:59
	lsls	r0, r0, #5
	.loc	1 196 5                         @ ../../../../../Library/StdDriver/src/crypto.c:196:5
	ldr	r1, [sp, #8]
	movw	r2, #256
	.loc	1 196 19                        @ ../../../../../Library/StdDriver/src/crypto.c:196:19
	ldr	r3, [r1, r2]
	.loc	1 196 45                        @ ../../../../../Library/StdDriver/src/crypto.c:196:45
	orrs	r0, r3
	movs	r3, #1
	.loc	1 196 19                        @ ../../../../../Library/StdDriver/src/crypto.c:196:19
	orrs	r0, r3
	str	r0, [r1, r2]
	.loc	1 197 1 is_stmt 1               @ ../../../../../Library/StdDriver/src/crypto.c:197:1
	add	sp, #12
	bx	lr
.Ltmp26:
.Lfunc_end4:
	.size	AES_Start, .Lfunc_end4-AES_Start
	.cfi_endproc
	.cantunwind
	.fnend
                                        @ -- End function
	.section	.text.AES_SetKey,"ax",%progbits
	.hidden	AES_SetKey                      @ -- Begin function AES_SetKey
	.globl	AES_SetKey
	.p2align	1
	.type	AES_SetKey,%function
	.code	16                              @ @AES_SetKey
	.thumb_func
AES_SetKey:
.Lfunc_begin5:
	.loc	1 211 0                         @ ../../../../../Library/StdDriver/src/crypto.c:211:0
	.fnstart
	.cfi_startproc
@ %bb.0:
	.pad	#28
	sub	sp, #28
	.cfi_def_cfa_offset 28
	str	r0, [sp, #24]
	str	r1, [sp, #20]
	str	r2, [sp, #16]
	str	r3, [sp, #12]
.Ltmp27:
	.loc	1 216 31 prologue_end           @ ../../../../../Library/StdDriver/src/crypto.c:216:31
	ldr	r0, [sp, #24]
	movw	r1, #272
	.loc	1 216 37 is_stmt 0              @ ../../../../../Library/StdDriver/src/crypto.c:216:37
	adds	r0, r0, r1
	.loc	1 216 18                        @ ../../../../../Library/StdDriver/src/crypto.c:216:18
	str	r0, [sp]
	.loc	1 217 18 is_stmt 1              @ ../../../../../Library/StdDriver/src/crypto.c:217:18
	ldr	r0, [sp, #12]
	.loc	1 217 29 is_stmt 0              @ ../../../../../Library/StdDriver/src/crypto.c:217:29
	lsls	r0, r0, #1
	.loc	1 217 16                        @ ../../../../../Library/StdDriver/src/crypto.c:217:16
	adds	r0, r0, #4
	.loc	1 217 10                        @ ../../../../../Library/StdDriver/src/crypto.c:217:10
	str	r0, [sp, #4]
	movs	r0, #0
.Ltmp28:
	.loc	1 219 11 is_stmt 1              @ ../../../../../Library/StdDriver/src/crypto.c:219:11
	str	r0, [sp, #8]
	.loc	1 219 9 is_stmt 0               @ ../../../../../Library/StdDriver/src/crypto.c:219:9
	b	.LBB5_1
.LBB5_1:                                @ =>This Inner Loop Header: Depth=1
.Ltmp29:
	.loc	1 219 17                        @ ../../../../../Library/StdDriver/src/crypto.c:219:17
	ldr	r0, [sp, #8]
	.loc	1 219 21                        @ ../../../../../Library/StdDriver/src/crypto.c:219:21
	ldr	r1, [sp, #4]
.Ltmp30:
	.loc	1 219 5                         @ ../../../../../Library/StdDriver/src/crypto.c:219:5
	cmp	r0, r1
	bhs	.LBB5_4
	b	.LBB5_2
.LBB5_2:                                @   in Loop: Header=BB5_1 Depth=1
.Ltmp31:
	.loc	1 221 9 is_stmt 1               @ ../../../../../Library/StdDriver/src/crypto.c:221:9
	ldr	r0, [sp, #16]
	ldr	r1, [sp, #8]
	lsls	r1, r1, #2
	ldr	r0, [r0, r1]
	ldr	r1, [sp]
	str	r0, [r1]
	.loc	1 222 22                        @ ../../../../../Library/StdDriver/src/crypto.c:222:22
	ldr	r0, [sp]
	adds	r0, r0, #4
	str	r0, [sp]
	.loc	1 223 5                         @ ../../../../../Library/StdDriver/src/crypto.c:223:5
	b	.LBB5_3
.Ltmp32:
.LBB5_3:                                @   in Loop: Header=BB5_1 Depth=1
	.loc	1 219 28                        @ ../../../../../Library/StdDriver/src/crypto.c:219:28
	ldr	r0, [sp, #8]
	adds	r0, r0, #1
	str	r0, [sp, #8]
	.loc	1 219 5 is_stmt 0               @ ../../../../../Library/StdDriver/src/crypto.c:219:5
	b	.LBB5_1
.Ltmp33:
.LBB5_4:
	.loc	1 224 1 is_stmt 1               @ ../../../../../Library/StdDriver/src/crypto.c:224:1
	add	sp, #28
	bx	lr
.Ltmp34:
.Lfunc_end5:
	.size	AES_SetKey, .Lfunc_end5-AES_SetKey
	.cfi_endproc
	.cantunwind
	.fnend
                                        @ -- End function
	.section	.text.AES_SetKey_KS,"ax",%progbits
	.hidden	AES_SetKey_KS                   @ -- Begin function AES_SetKey_KS
	.globl	AES_SetKey_KS
	.p2align	1
	.type	AES_SetKey_KS,%function
	.code	16                              @ @AES_SetKey_KS
	.thumb_func
AES_SetKey_KS:
.Lfunc_begin6:
	.loc	1 239 0                         @ ../../../../../Library/StdDriver/src/crypto.c:239:0
	.fnstart
	.cfi_startproc
@ %bb.0:
	.pad	#12
	sub	sp, #12
	.cfi_def_cfa_offset 12
	str	r0, [sp, #8]
	str	r1, [sp, #4]
	str	r2, [sp]
.Ltmp35:
	.loc	1 242 39 prologue_end           @ ../../../../../Library/StdDriver/src/crypto.c:242:39
	ldr	r0, [sp, #4]
	.loc	1 242 43 is_stmt 0              @ ../../../../../Library/StdDriver/src/crypto.c:242:43
	lsls	r0, r0, #6
	.loc	1 243 33 is_stmt 1              @ ../../../../../Library/StdDriver/src/crypto.c:243:33
	ldr	r1, [sp]
	.loc	1 241 61                        @ ../../../../../Library/StdDriver/src/crypto.c:241:61
	orrs	r0, r1
	movs	r1, #32
	.loc	1 242 93                        @ ../../../../../Library/StdDriver/src/crypto.c:242:93
	orrs	r0, r1
	.loc	1 241 5                         @ ../../../../../Library/StdDriver/src/crypto.c:241:5
	ldr	r1, [sp, #8]
	movw	r2, #3856
	.loc	1 241 21 is_stmt 0              @ ../../../../../Library/StdDriver/src/crypto.c:241:21
	str	r0, [r1, r2]
	.loc	1 245 1 is_stmt 1               @ ../../../../../Library/StdDriver/src/crypto.c:245:1
	add	sp, #12
	bx	lr
.Ltmp36:
.Lfunc_end6:
	.size	AES_SetKey_KS, .Lfunc_end6-AES_SetKey_KS
	.cfi_endproc
	.cantunwind
	.fnend
                                        @ -- End function
	.section	.text.AES_SetInitVect,"ax",%progbits
	.hidden	AES_SetInitVect                 @ -- Begin function AES_SetInitVect
	.globl	AES_SetInitVect
	.p2align	1
	.type	AES_SetInitVect,%function
	.code	16                              @ @AES_SetInitVect
	.thumb_func
AES_SetInitVect:
.Lfunc_begin7:
	.loc	1 256 0                         @ ../../../../../Library/StdDriver/src/crypto.c:256:0
	.fnstart
	.cfi_startproc
@ %bb.0:
	.pad	#20
	sub	sp, #20
	.cfi_def_cfa_offset 20
	str	r0, [sp, #16]
	str	r1, [sp, #12]
	str	r2, [sp, #8]
.Ltmp37:
	.loc	1 261 31 prologue_end           @ ../../../../../Library/StdDriver/src/crypto.c:261:31
	ldr	r0, [sp, #16]
	movw	r1, #304
	.loc	1 261 37 is_stmt 0              @ ../../../../../Library/StdDriver/src/crypto.c:261:37
	adds	r0, r0, r1
	.loc	1 261 18                        @ ../../../../../Library/StdDriver/src/crypto.c:261:18
	str	r0, [sp]
	movs	r0, #0
.Ltmp38:
	.loc	1 263 11 is_stmt 1              @ ../../../../../Library/StdDriver/src/crypto.c:263:11
	str	r0, [sp, #4]
	.loc	1 263 9 is_stmt 0               @ ../../../../../Library/StdDriver/src/crypto.c:263:9
	b	.LBB7_1
.LBB7_1:                                @ =>This Inner Loop Header: Depth=1
.Ltmp39:
	.loc	1 263 17                        @ ../../../../../Library/StdDriver/src/crypto.c:263:17
	ldr	r0, [sp, #4]
.Ltmp40:
	.loc	1 263 5                         @ ../../../../../Library/StdDriver/src/crypto.c:263:5
	cmp	r0, #3
	bhi	.LBB7_4
	b	.LBB7_2
.LBB7_2:                                @   in Loop: Header=BB7_1 Depth=1
.Ltmp41:
	.loc	1 265 9 is_stmt 1               @ ../../../../../Library/StdDriver/src/crypto.c:265:9
	ldr	r0, [sp, #8]
	ldr	r1, [sp, #4]
	lsls	r1, r1, #2
	ldr	r0, [r0, r1]
	ldr	r1, [sp]
	str	r0, [r1]
	.loc	1 266 22                        @ ../../../../../Library/StdDriver/src/crypto.c:266:22
	ldr	r0, [sp]
	adds	r0, r0, #4
	str	r0, [sp]
	.loc	1 267 5                         @ ../../../../../Library/StdDriver/src/crypto.c:267:5
	b	.LBB7_3
.Ltmp42:
.LBB7_3:                                @   in Loop: Header=BB7_1 Depth=1
	.loc	1 263 26                        @ ../../../../../Library/StdDriver/src/crypto.c:263:26
	ldr	r0, [sp, #4]
	adds	r0, r0, #1
	str	r0, [sp, #4]
	.loc	1 263 5 is_stmt 0               @ ../../../../../Library/StdDriver/src/crypto.c:263:5
	b	.LBB7_1
.Ltmp43:
.LBB7_4:
	.loc	1 268 1 is_stmt 1               @ ../../../../../Library/StdDriver/src/crypto.c:268:1
	add	sp, #20
	bx	lr
.Ltmp44:
.Lfunc_end7:
	.size	AES_SetInitVect, .Lfunc_end7-AES_SetInitVect
	.cfi_endproc
	.cantunwind
	.fnend
                                        @ -- End function
	.section	.text.AES_SetDMATransfer,"ax",%progbits
	.hidden	AES_SetDMATransfer              @ -- Begin function AES_SetDMATransfer
	.globl	AES_SetDMATransfer
	.p2align	1
	.type	AES_SetDMATransfer,%function
	.code	16                              @ @AES_SetDMATransfer
	.thumb_func
AES_SetDMATransfer:
.Lfunc_begin8:
	.loc	1 281 0                         @ ../../../../../Library/StdDriver/src/crypto.c:281:0
	.fnstart
	.cfi_startproc
@ %bb.0:
	.save	{r4, lr}
	push	{r4, lr}
	.cfi_def_cfa_offset 8
	.cfi_offset lr, -4
	.cfi_offset r4, -8
	.pad	#16
	sub	sp, #16
	.cfi_def_cfa_offset 24
	ldr	r4, [sp, #24]
	str	r0, [sp, #12]
	str	r1, [sp, #8]
	str	r2, [sp, #4]
	str	r3, [sp]
.Ltmp45:
	.loc	1 284 23 prologue_end           @ ../../../../../Library/StdDriver/src/crypto.c:284:23
	ldr	r0, [sp, #4]
	.loc	1 284 5 is_stmt 0               @ ../../../../../Library/StdDriver/src/crypto.c:284:5
	ldr	r1, [sp, #12]
	movw	r2, #320
	.loc	1 284 21                        @ ../../../../../Library/StdDriver/src/crypto.c:284:21
	str	r0, [r1, r2]
	.loc	1 285 23 is_stmt 1              @ ../../../../../Library/StdDriver/src/crypto.c:285:23
	ldr	r0, [sp]
	.loc	1 285 5 is_stmt 0               @ ../../../../../Library/StdDriver/src/crypto.c:285:5
	ldr	r1, [sp, #12]
	movw	r2, #324
	.loc	1 285 21                        @ ../../../../../Library/StdDriver/src/crypto.c:285:21
	str	r0, [r1, r2]
	.loc	1 286 23 is_stmt 1              @ ../../../../../Library/StdDriver/src/crypto.c:286:23
	ldr	r0, [sp, #24]
	.loc	1 286 5 is_stmt 0               @ ../../../../../Library/StdDriver/src/crypto.c:286:5
	ldr	r1, [sp, #12]
	movw	r2, #328
	.loc	1 286 21                        @ ../../../../../Library/StdDriver/src/crypto.c:286:21
	str	r0, [r1, r2]
	.loc	1 288 1 is_stmt 1               @ ../../../../../Library/StdDriver/src/crypto.c:288:1
	add	sp, #16
	pop	{r4, pc}
.Ltmp46:
.Lfunc_end8:
	.size	AES_SetDMATransfer, .Lfunc_end8-AES_SetDMATransfer
	.cfi_endproc
	.cantunwind
	.fnend
                                        @ -- End function
	.section	.text.SHA_Open,"ax",%progbits
	.hidden	SHA_Open                        @ -- Begin function SHA_Open
	.globl	SHA_Open
	.p2align	1
	.type	SHA_Open,%function
	.code	16                              @ @SHA_Open
	.thumb_func
SHA_Open:
.Lfunc_begin9:
	.loc	1 306 0                         @ ../../../../../Library/StdDriver/src/crypto.c:306:0
	.fnstart
	.cfi_startproc
@ %bb.0:
	.pad	#16
	sub	sp, #16
	.cfi_def_cfa_offset 16
	str	r0, [sp, #12]
	str	r1, [sp, #8]
	str	r2, [sp, #4]
	str	r3, [sp]
.Ltmp47:
	.loc	1 307 23 prologue_end           @ ../../../../../Library/StdDriver/src/crypto.c:307:23
	ldr	r0, [sp, #8]
	.loc	1 307 33 is_stmt 0              @ ../../../../../Library/StdDriver/src/crypto.c:307:33
	lsls	r0, r0, #8
	.loc	1 308 23 is_stmt 1              @ ../../../../../Library/StdDriver/src/crypto.c:308:23
	ldr	r1, [sp, #4]
	.loc	1 308 35 is_stmt 0              @ ../../../../../Library/StdDriver/src/crypto.c:308:35
	lsls	r1, r1, #22
	.loc	1 307 62 is_stmt 1              @ ../../../../../Library/StdDriver/src/crypto.c:307:62
	orrs	r0, r1
	.loc	1 307 5 is_stmt 0               @ ../../../../../Library/StdDriver/src/crypto.c:307:5
	ldr	r1, [sp, #12]
	movw	r2, #768
	.loc	1 307 20                        @ ../../../../../Library/StdDriver/src/crypto.c:307:20
	str	r0, [r1, r2]
.Ltmp48:
	.loc	1 310 8 is_stmt 1               @ ../../../../../Library/StdDriver/src/crypto.c:310:8
	ldr	r0, [sp]
.Ltmp49:
	.loc	1 310 8 is_stmt 0               @ ../../../../../Library/StdDriver/src/crypto.c:310:8
	cbz	r0, .LBB9_2
	b	.LBB9_1
.LBB9_1:
.Ltmp50:
	.loc	1 312 29 is_stmt 1              @ ../../../../../Library/StdDriver/src/crypto.c:312:29
	ldr	r0, [sp]
	.loc	1 312 9 is_stmt 0               @ ../../../../../Library/StdDriver/src/crypto.c:312:9
	ldr	r1, [sp, #12]
	movw	r2, #840
	.loc	1 312 27                        @ ../../../../../Library/StdDriver/src/crypto.c:312:27
	str	r0, [r1, r2]
	.loc	1 313 5 is_stmt 1               @ ../../../../../Library/StdDriver/src/crypto.c:313:5
	b	.LBB9_2
.Ltmp51:
.LBB9_2:
	.loc	1 314 1                         @ ../../../../../Library/StdDriver/src/crypto.c:314:1
	add	sp, #16
	bx	lr
.Ltmp52:
.Lfunc_end9:
	.size	SHA_Open, .Lfunc_end9-SHA_Open
	.cfi_endproc
	.cantunwind
	.fnend
                                        @ -- End function
	.section	.text.SHA_Start,"ax",%progbits
	.hidden	SHA_Start                       @ -- Begin function SHA_Start
	.globl	SHA_Start
	.p2align	1
	.type	SHA_Start,%function
	.code	16                              @ @SHA_Start
	.thumb_func
SHA_Start:
.Lfunc_begin10:
	.loc	1 326 0                         @ ../../../../../Library/StdDriver/src/crypto.c:326:0
	.fnstart
	.cfi_startproc
@ %bb.0:
	.pad	#8
	sub	sp, #8
	.cfi_def_cfa_offset 8
	str	r0, [sp, #4]
	str	r1, [sp]
.Ltmp53:
	.loc	1 327 5 prologue_end            @ ../../../../../Library/StdDriver/src/crypto.c:327:5
	ldr	r1, [sp, #4]
	movw	r2, #768
	.loc	1 327 20 is_stmt 0              @ ../../../../../Library/StdDriver/src/crypto.c:327:20
	ldr	r0, [r1, r2]
	movs	r3, #224
	bics	r0, r3
	str	r0, [r1, r2]
	.loc	1 328 50 is_stmt 1              @ ../../../../../Library/StdDriver/src/crypto.c:328:50
	ldr	r0, [sp]
	.loc	1 328 61 is_stmt 0              @ ../../../../../Library/StdDriver/src/crypto.c:328:61
	lsls	r0, r0, #5
	.loc	1 328 5                         @ ../../../../../Library/StdDriver/src/crypto.c:328:5
	ldr	r1, [sp, #4]
	.loc	1 328 20                        @ ../../../../../Library/StdDriver/src/crypto.c:328:20
	ldr	r3, [r1, r2]
	.loc	1 328 47                        @ ../../../../../Library/StdDriver/src/crypto.c:328:47
	orrs	r0, r3
	movs	r3, #1
	.loc	1 328 20                        @ ../../../../../Library/StdDriver/src/crypto.c:328:20
	orrs	r0, r3
	str	r0, [r1, r2]
	.loc	1 329 1 is_stmt 1               @ ../../../../../Library/StdDriver/src/crypto.c:329:1
	add	sp, #8
	bx	lr
.Ltmp54:
.Lfunc_end10:
	.size	SHA_Start, .Lfunc_end10-SHA_Start
	.cfi_endproc
	.cantunwind
	.fnend
                                        @ -- End function
	.section	.text.SHA_SetDMATransfer,"ax",%progbits
	.hidden	SHA_SetDMATransfer              @ -- Begin function SHA_SetDMATransfer
	.globl	SHA_SetDMATransfer
	.p2align	1
	.type	SHA_SetDMATransfer,%function
	.code	16                              @ @SHA_SetDMATransfer
	.thumb_func
SHA_SetDMATransfer:
.Lfunc_begin11:
	.loc	1 339 0                         @ ../../../../../Library/StdDriver/src/crypto.c:339:0
	.fnstart
	.cfi_startproc
@ %bb.0:
	.pad	#12
	sub	sp, #12
	.cfi_def_cfa_offset 12
	str	r0, [sp, #8]
	str	r1, [sp, #4]
	str	r2, [sp]
.Ltmp55:
	.loc	1 340 24 prologue_end           @ ../../../../../Library/StdDriver/src/crypto.c:340:24
	ldr	r0, [sp, #4]
	.loc	1 340 5 is_stmt 0               @ ../../../../../Library/StdDriver/src/crypto.c:340:5
	ldr	r1, [sp, #8]
	movw	r2, #844
	.loc	1 340 22                        @ ../../../../../Library/StdDriver/src/crypto.c:340:22
	str	r0, [r1, r2]
	.loc	1 341 25 is_stmt 1              @ ../../../../../Library/StdDriver/src/crypto.c:341:25
	ldr	r0, [sp]
	.loc	1 341 5 is_stmt 0               @ ../../../../../Library/StdDriver/src/crypto.c:341:5
	ldr	r1, [sp, #8]
	movw	r2, #848
	.loc	1 341 23                        @ ../../../../../Library/StdDriver/src/crypto.c:341:23
	str	r0, [r1, r2]
	.loc	1 342 1 is_stmt 1               @ ../../../../../Library/StdDriver/src/crypto.c:342:1
	add	sp, #12
	bx	lr
.Ltmp56:
.Lfunc_end11:
	.size	SHA_SetDMATransfer, .Lfunc_end11-SHA_SetDMATransfer
	.cfi_endproc
	.cantunwind
	.fnend
                                        @ -- End function
	.section	.text.SHA_Read,"ax",%progbits
	.hidden	SHA_Read                        @ -- Begin function SHA_Read
	.globl	SHA_Read
	.p2align	1
	.type	SHA_Read,%function
	.code	16                              @ @SHA_Read
	.thumb_func
SHA_Read:
.Lfunc_begin12:
	.loc	1 351 0                         @ ../../../../../Library/StdDriver/src/crypto.c:351:0
	.fnstart
	.cfi_startproc
@ %bb.0:
	.pad	#20
	sub	sp, #20
	.cfi_def_cfa_offset 20
	str	r0, [sp, #16]
	str	r1, [sp, #12]
.Ltmp57:
	.loc	1 354 10 prologue_end           @ ../../../../../Library/StdDriver/src/crypto.c:354:10
	ldr	r0, [sp, #16]
	movw	r1, #768
	.loc	1 354 16 is_stmt 0              @ ../../../../../Library/StdDriver/src/crypto.c:354:16
	ldr	r0, [r0, r1]
	movw	r1, #1792
	.loc	1 354 25                        @ ../../../../../Library/StdDriver/src/crypto.c:354:25
	ands	r0, r1
	.loc	1 354 53                        @ ../../../../../Library/StdDriver/src/crypto.c:354:53
	lsrs	r0, r0, #8
	.loc	1 354 7                         @ ../../../../../Library/StdDriver/src/crypto.c:354:7
	str	r0, [sp, #8]
.Ltmp58:
	.loc	1 356 8 is_stmt 1               @ ../../../../../Library/StdDriver/src/crypto.c:356:8
	ldr	r0, [sp, #8]
.Ltmp59:
	.loc	1 356 8 is_stmt 0               @ ../../../../../Library/StdDriver/src/crypto.c:356:8
	cbnz	r0, .LBB12_2
	b	.LBB12_1
.LBB12_1:
	.loc	1 0 8                           @ ../../../../../Library/StdDriver/src/crypto.c:0:8
	movs	r0, #5
.Ltmp60:
	.loc	1 358 14 is_stmt 1              @ ../../../../../Library/StdDriver/src/crypto.c:358:14
	str	r0, [sp, #4]
	.loc	1 359 5                         @ ../../../../../Library/StdDriver/src/crypto.c:359:5
	b	.LBB12_12
.Ltmp61:
.LBB12_2:
	.loc	1 360 13                        @ ../../../../../Library/StdDriver/src/crypto.c:360:13
	ldr	r0, [sp, #8]
.Ltmp62:
	.loc	1 360 13 is_stmt 0              @ ../../../../../Library/StdDriver/src/crypto.c:360:13
	cmp	r0, #5
	bne	.LBB12_4
	b	.LBB12_3
.LBB12_3:
	.loc	1 0 13                          @ ../../../../../Library/StdDriver/src/crypto.c:0:13
	movs	r0, #7
.Ltmp63:
	.loc	1 362 14 is_stmt 1              @ ../../../../../Library/StdDriver/src/crypto.c:362:14
	str	r0, [sp, #4]
	.loc	1 363 5                         @ ../../../../../Library/StdDriver/src/crypto.c:363:5
	b	.LBB12_11
.Ltmp64:
.LBB12_4:
	.loc	1 364 13                        @ ../../../../../Library/StdDriver/src/crypto.c:364:13
	ldr	r0, [sp, #8]
.Ltmp65:
	.loc	1 364 13 is_stmt 0              @ ../../../../../Library/StdDriver/src/crypto.c:364:13
	cmp	r0, #4
	bne	.LBB12_6
	b	.LBB12_5
.LBB12_5:
	.loc	1 0 13                          @ ../../../../../Library/StdDriver/src/crypto.c:0:13
	movs	r0, #8
.Ltmp66:
	.loc	1 366 14 is_stmt 1              @ ../../../../../Library/StdDriver/src/crypto.c:366:14
	str	r0, [sp, #4]
	.loc	1 367 5                         @ ../../../../../Library/StdDriver/src/crypto.c:367:5
	b	.LBB12_10
.Ltmp67:
.LBB12_6:
	.loc	1 368 13                        @ ../../../../../Library/StdDriver/src/crypto.c:368:13
	ldr	r0, [sp, #8]
.Ltmp68:
	.loc	1 368 13 is_stmt 0              @ ../../../../../Library/StdDriver/src/crypto.c:368:13
	cmp	r0, #7
	bne	.LBB12_8
	b	.LBB12_7
.LBB12_7:
	.loc	1 0 13                          @ ../../../../../Library/StdDriver/src/crypto.c:0:13
	movs	r0, #12
.Ltmp69:
	.loc	1 370 14 is_stmt 1              @ ../../../../../Library/StdDriver/src/crypto.c:370:14
	str	r0, [sp, #4]
	.loc	1 371 5                         @ ../../../../../Library/StdDriver/src/crypto.c:371:5
	b	.LBB12_9
.Ltmp70:
.LBB12_8:
	.loc	1 0 5 is_stmt 0                 @ ../../../../../Library/StdDriver/src/crypto.c:0:5
	movs	r0, #16
.Ltmp71:
	.loc	1 375 14 is_stmt 1              @ ../../../../../Library/StdDriver/src/crypto.c:375:14
	str	r0, [sp, #4]
	b	.LBB12_9
.Ltmp72:
.LBB12_9:
	.loc	1 0 14 is_stmt 0                @ ../../../../../Library/StdDriver/src/crypto.c:0:14
	b	.LBB12_10
.LBB12_10:
	b	.LBB12_11
.LBB12_11:
	b	.LBB12_12
.LBB12_12:
	.loc	1 378 30 is_stmt 1              @ ../../../../../Library/StdDriver/src/crypto.c:378:30
	ldr	r0, [sp, #16]
	movw	r1, #776
	.loc	1 378 36 is_stmt 0              @ ../../../../../Library/StdDriver/src/crypto.c:378:36
	adds	r0, r0, r1
	.loc	1 378 14                        @ ../../../../../Library/StdDriver/src/crypto.c:378:14
	str	r0, [sp]
	movs	r0, #0
.Ltmp73:
	.loc	1 379 11 is_stmt 1              @ ../../../../../Library/StdDriver/src/crypto.c:379:11
	str	r0, [sp, #8]
	.loc	1 379 9 is_stmt 0               @ ../../../../../Library/StdDriver/src/crypto.c:379:9
	b	.LBB12_13
.LBB12_13:                              @ =>This Inner Loop Header: Depth=1
.Ltmp74:
	.loc	1 379 18                        @ ../../../../../Library/StdDriver/src/crypto.c:379:18
	ldr	r0, [sp, #8]
	.loc	1 379 22                        @ ../../../../../Library/StdDriver/src/crypto.c:379:22
	ldr	r1, [sp, #4]
.Ltmp75:
	.loc	1 379 5                         @ ../../../../../Library/StdDriver/src/crypto.c:379:5
	cmp	r0, r1
	bhs	.LBB12_16
	b	.LBB12_14
.LBB12_14:                              @   in Loop: Header=BB12_13 Depth=1
.Ltmp76:
	.loc	1 381 24 is_stmt 1              @ ../../../../../Library/StdDriver/src/crypto.c:381:24
	ldr	r0, [sp]
	ldr	r0, [r0]
	.loc	1 381 9 is_stmt 0               @ ../../../../../Library/StdDriver/src/crypto.c:381:9
	ldr	r1, [sp, #12]
	.loc	1 381 19                        @ ../../../../../Library/StdDriver/src/crypto.c:381:19
	ldr	r2, [sp, #8]
	.loc	1 381 9                         @ ../../../../../Library/StdDriver/src/crypto.c:381:9
	lsls	r2, r2, #2
	.loc	1 381 22                        @ ../../../../../Library/StdDriver/src/crypto.c:381:22
	str	r0, [r1, r2]
	.loc	1 382 18 is_stmt 1              @ ../../../../../Library/StdDriver/src/crypto.c:382:18
	ldr	r0, [sp]
	adds	r0, r0, #4
	str	r0, [sp]
	.loc	1 383 5                         @ ../../../../../Library/StdDriver/src/crypto.c:383:5
	b	.LBB12_15
.Ltmp77:
.LBB12_15:                              @   in Loop: Header=BB12_13 Depth=1
	.loc	1 379 29                        @ ../../../../../Library/StdDriver/src/crypto.c:379:29
	ldr	r0, [sp, #8]
	adds	r0, r0, #1
	str	r0, [sp, #8]
	.loc	1 379 5 is_stmt 0               @ ../../../../../Library/StdDriver/src/crypto.c:379:5
	b	.LBB12_13
.Ltmp78:
.LBB12_16:
	.loc	1 384 1 is_stmt 1               @ ../../../../../Library/StdDriver/src/crypto.c:384:1
	add	sp, #20
	bx	lr
.Ltmp79:
.Lfunc_end12:
	.size	SHA_Read, .Lfunc_end12-SHA_Read
	.cfi_endproc
	.cantunwind
	.fnend
                                        @ -- End function
	.section	.text.ECC_DriverISR,"ax",%progbits
	.hidden	ECC_DriverISR                   @ -- Begin function ECC_DriverISR
	.globl	ECC_DriverISR
	.p2align	2
	.type	ECC_DriverISR,%function
	.code	16                              @ @ECC_DriverISR
	.thumb_func
ECC_DriverISR:
.Lfunc_begin13:
	.loc	1 846 0                         @ ../../../../../Library/StdDriver/src/crypto.c:846:0
	.fnstart
	.cfi_startproc
@ %bb.0:
	.pad	#4
	sub	sp, #4
	.cfi_def_cfa_offset 4
	str	r0, [sp]
.Ltmp80:
	.loc	1 847 8 prologue_end            @ ../../../../../Library/StdDriver/src/crypto.c:847:8
	ldr	r0, [sp]
	.loc	1 847 14 is_stmt 0              @ ../../../../../Library/StdDriver/src/crypto.c:847:14
	ldr	r0, [r0, #4]
.Ltmp81:
	.loc	1 847 8                         @ ../../../../../Library/StdDriver/src/crypto.c:847:8
	lsls	r0, r0, #9
	cmp	r0, #0
	bpl	.LBB13_2
	b	.LBB13_1
.LBB13_1:
.Ltmp82:
	.loc	1 849 20 is_stmt 1              @ ../../../../../Library/StdDriver/src/crypto.c:849:20
	ldr	r1, __arm_cp.13_0
	movs	r0, #1
	str	r0, [r1]
	.loc	1 850 9                         @ ../../../../../Library/StdDriver/src/crypto.c:850:9
	ldr	r1, [sp]
	lsls	r0, r0, #22
	.loc	1 850 22 is_stmt 0              @ ../../../../../Library/StdDriver/src/crypto.c:850:22
	str	r0, [r1, #4]
	.loc	1 852 5 is_stmt 1               @ ../../../../../Library/StdDriver/src/crypto.c:852:5
	b	.LBB13_2
.Ltmp83:
.LBB13_2:
	.loc	1 854 8                         @ ../../../../../Library/StdDriver/src/crypto.c:854:8
	ldr	r0, [sp]
	.loc	1 854 14 is_stmt 0              @ ../../../../../Library/StdDriver/src/crypto.c:854:14
	ldr	r0, [r0, #4]
.Ltmp84:
	.loc	1 854 8                         @ ../../../../../Library/StdDriver/src/crypto.c:854:8
	lsls	r0, r0, #8
	cmp	r0, #0
	bpl	.LBB13_4
	b	.LBB13_3
.LBB13_3:
.Ltmp85:
	.loc	1 856 23 is_stmt 1              @ ../../../../../Library/StdDriver/src/crypto.c:856:23
	ldr	r1, __arm_cp.13_1
	movs	r0, #1
	str	r0, [r1]
	.loc	1 857 9                         @ ../../../../../Library/StdDriver/src/crypto.c:857:9
	ldr	r1, [sp]
	lsls	r0, r0, #23
	.loc	1 857 22 is_stmt 0              @ ../../../../../Library/StdDriver/src/crypto.c:857:22
	str	r0, [r1, #4]
	.loc	1 859 5 is_stmt 1               @ ../../../../../Library/StdDriver/src/crypto.c:859:5
	b	.LBB13_4
.Ltmp86:
.LBB13_4:
	.loc	1 860 1                         @ ../../../../../Library/StdDriver/src/crypto.c:860:1
	add	sp, #4
	bx	lr
.Ltmp87:
	.p2align	2
@ %bb.5:
	.loc	1 0 1 is_stmt 0                 @ ../../../../../Library/StdDriver/src/crypto.c:0:1
__arm_cp.13_0:
	.long	g_ECC_done
.Lcpi_end2:
	.size	__arm_cp.13_0, .Lcpi_end2-__arm_cp.13_0
__arm_cp.13_1:
	.long	g_ECCERR_done
.Lcpi_end3:
	.size	__arm_cp.13_1, .Lcpi_end3-__arm_cp.13_1
.Lfunc_end13:
	.size	ECC_DriverISR, .Lfunc_end13-ECC_DriverISR
	.cfi_endproc
	.cantunwind
	.fnend
                                        @ -- End function
	.section	.text.CRPT_Reg2Hex,"ax",%progbits
	.hidden	CRPT_Reg2Hex                    @ -- Begin function CRPT_Reg2Hex
	.globl	CRPT_Reg2Hex
	.p2align	1
	.type	CRPT_Reg2Hex,%function
	.code	16                              @ @CRPT_Reg2Hex
	.thumb_func
CRPT_Reg2Hex:
.Lfunc_begin14:
	.loc	1 989 0 is_stmt 1               @ ../../../../../Library/StdDriver/src/crypto.c:989:0
	.fnstart
	.cfi_startproc
@ %bb.0:
	.save	{r7, lr}
	push	{r7, lr}
	.cfi_def_cfa_offset 8
	.cfi_offset lr, -4
	.cfi_offset r7, -8
	.pad	#16
	sub	sp, #16
	.cfi_def_cfa_offset 24
	str	r0, [sp, #12]
	str	r1, [sp, #8]
	str	r2, [sp, #4]
.Ltmp88:
	.loc	1 990 13 prologue_end           @ ../../../../../Library/StdDriver/src/crypto.c:990:13
	ldr	r0, [sp, #12]
	.loc	1 990 20 is_stmt 0              @ ../../../../../Library/StdDriver/src/crypto.c:990:20
	ldr	r1, [sp, #8]
	.loc	1 990 25                        @ ../../../../../Library/StdDriver/src/crypto.c:990:25
	ldr	r2, [sp, #4]
	.loc	1 990 5                         @ ../../../../../Library/StdDriver/src/crypto.c:990:5
	bl	Reg2Hex
	.loc	1 991 1 is_stmt 1               @ ../../../../../Library/StdDriver/src/crypto.c:991:1
	add	sp, #16
	pop	{r7, pc}
.Ltmp89:
.Lfunc_end14:
	.size	CRPT_Reg2Hex, .Lfunc_end14-CRPT_Reg2Hex
	.cfi_endproc
	.fnend
                                        @ -- End function
	.section	.text.Reg2Hex,"ax",%progbits
	.p2align	1                               @ -- Begin function Reg2Hex
	.type	Reg2Hex,%function
	.code	16                              @ @Reg2Hex
	.thumb_func
Reg2Hex:
.Lfunc_begin15:
	.loc	1 965 0                         @ ../../../../../Library/StdDriver/src/crypto.c:965:0
	.fnstart
	.cfi_startproc
@ %bb.0:
	.save	{r7, lr}
	push	{r7, lr}
	.cfi_def_cfa_offset 8
	.cfi_offset lr, -4
	.cfi_offset r7, -8
	.pad	#40
	sub	sp, #40
	.cfi_def_cfa_offset 48
	str	r0, [sp, #36]
	str	r1, [sp, #32]
	str	r2, [sp, #28]
.Ltmp90:
	.loc	1 969 5 prologue_end            @ ../../../../../Library/StdDriver/src/crypto.c:969:5
	ldr	r1, [sp, #28]
	.loc	1 969 12 is_stmt 0              @ ../../../../../Library/StdDriver/src/crypto.c:969:12
	ldr	r2, [sp, #36]
	movs	r0, #0
	.loc	1 969 19                        @ ../../../../../Library/StdDriver/src/crypto.c:969:19
	strb	r0, [r1, r2]
	.loc	1 970 11 is_stmt 1              @ ../../../../../Library/StdDriver/src/crypto.c:970:11
	ldr	r1, [sp, #36]
	.loc	1 970 17 is_stmt 0              @ ../../../../../Library/StdDriver/src/crypto.c:970:17
	subs	r1, r1, #1
	.loc	1 970 9                         @ ../../../../../Library/StdDriver/src/crypto.c:970:9
	str	r1, [sp, #24]
.Ltmp91:
	.loc	1 972 12 is_stmt 1              @ ../../../../../Library/StdDriver/src/crypto.c:972:12
	str	r0, [sp, #20]
	.loc	1 972 9 is_stmt 0               @ ../../../../../Library/StdDriver/src/crypto.c:972:9
	b	.LBB15_1
.LBB15_1:                               @ =>This Loop Header: Depth=1
                                        @     Child Loop BB15_3 Depth 2
.Ltmp92:
	.loc	1 972 17                        @ ../../../../../Library/StdDriver/src/crypto.c:972:17
	ldr	r0, [sp, #24]
.Ltmp93:
	.loc	1 972 5                         @ ../../../../../Library/StdDriver/src/crypto.c:972:5
	cmp	r0, #0
	bmi	.LBB15_12
	b	.LBB15_2
.LBB15_2:                               @   in Loop: Header=BB15_1 Depth=1
	.loc	1 0 5                           @ ../../../../../Library/StdDriver/src/crypto.c:0:5
	movs	r0, #0
.Ltmp94:
	.loc	1 974 15 is_stmt 1              @ ../../../../../Library/StdDriver/src/crypto.c:974:15
	str	r0, [sp, #16]
	.loc	1 974 13 is_stmt 0              @ ../../../../../Library/StdDriver/src/crypto.c:974:13
	b	.LBB15_3
.LBB15_3:                               @   Parent Loop BB15_1 Depth=1
                                        @ =>  This Inner Loop Header: Depth=2
.Ltmp95:
	.loc	1 974 23                        @ ../../../../../Library/StdDriver/src/crypto.c:974:23
	ldr	r1, [sp, #16]
	movs	r0, #0
	.loc	1 974 32                        @ ../../../../../Library/StdDriver/src/crypto.c:974:32
	cmp	r1, #7
	str	r0, [sp, #12]                   @ 4-byte Spill
	bhi	.LBB15_7
	b	.LBB15_4
.LBB15_4:                               @   in Loop: Header=BB15_3 Depth=2
	.loc	1 974 36                        @ ../../../../../Library/StdDriver/src/crypto.c:974:36
	ldr	r1, [sp, #24]
	movs	r0, #1
	movs	r2, #0
	.loc	1 974 40                        @ ../../../../../Library/StdDriver/src/crypto.c:974:40
	str	r2, [sp, #4]                    @ 4-byte Spill
	cmp	r1, #0
	str	r0, [sp, #8]                    @ 4-byte Spill
	bge	.LBB15_6
@ %bb.5:                                @   in Loop: Header=BB15_3 Depth=2
	.loc	1 0 40                          @ ../../../../../Library/StdDriver/src/crypto.c:0:40
	ldr	r0, [sp, #4]                    @ 4-byte Reload
	str	r0, [sp, #8]                    @ 4-byte Spill
.LBB15_6:                               @   in Loop: Header=BB15_3 Depth=2
	.loc	1 974 40                        @ ../../../../../Library/StdDriver/src/crypto.c:974:40
	ldr	r0, [sp, #8]                    @ 4-byte Reload
	str	r0, [sp, #12]                   @ 4-byte Spill
	b	.LBB15_7
.LBB15_7:                               @   in Loop: Header=BB15_3 Depth=2
	.loc	1 0 0                           @ ../../../../../Library/StdDriver/src/crypto.c:0:0
	ldr	r0, [sp, #12]                   @ 4-byte Reload
.Ltmp96:
	.loc	1 974 9                         @ ../../../../../Library/StdDriver/src/crypto.c:974:9
	lsls	r0, r0, #31
	cbz	r0, .LBB15_10
	b	.LBB15_8
.LBB15_8:                               @   in Loop: Header=BB15_3 Depth=2
.Ltmp97:
	.loc	1 976 47 is_stmt 1              @ ../../../../../Library/StdDriver/src/crypto.c:976:47
	ldr	r0, [sp, #32]
	.loc	1 976 51 is_stmt 0              @ ../../../../../Library/StdDriver/src/crypto.c:976:51
	ldr	r1, [sp, #20]
	.loc	1 976 47                        @ ../../../../../Library/StdDriver/src/crypto.c:976:47
	lsls	r1, r1, #2
	ldr	r0, [r0, r1]
	.loc	1 976 56                        @ ../../../../../Library/StdDriver/src/crypto.c:976:56
	ldr	r1, [sp, #16]
	.loc	1 976 27                        @ ../../../../../Library/StdDriver/src/crypto.c:976:27
	bl	get_Nth_nibble_char
	.loc	1 976 13                        @ ../../../../../Library/StdDriver/src/crypto.c:976:13
	ldr	r1, [sp, #28]
	.loc	1 976 20                        @ ../../../../../Library/StdDriver/src/crypto.c:976:20
	ldr	r2, [sp, #24]
	.loc	1 976 25                        @ ../../../../../Library/StdDriver/src/crypto.c:976:25
	strb	r0, [r1, r2]
	.loc	1 977 16 is_stmt 1              @ ../../../../../Library/StdDriver/src/crypto.c:977:16
	ldr	r0, [sp, #24]
	subs	r0, r0, #1
	str	r0, [sp, #24]
	.loc	1 978 9                         @ ../../../../../Library/StdDriver/src/crypto.c:978:9
	b	.LBB15_9
.Ltmp98:
.LBB15_9:                               @   in Loop: Header=BB15_3 Depth=2
	.loc	1 974 48                        @ ../../../../../Library/StdDriver/src/crypto.c:974:48
	ldr	r0, [sp, #16]
	adds	r0, r0, #1
	str	r0, [sp, #16]
	.loc	1 974 9 is_stmt 0               @ ../../../../../Library/StdDriver/src/crypto.c:974:9
	b	.LBB15_3
.Ltmp99:
.LBB15_10:                              @   in Loop: Header=BB15_1 Depth=1
	.loc	1 979 5 is_stmt 1               @ ../../../../../Library/StdDriver/src/crypto.c:979:5
	b	.LBB15_11
.Ltmp100:
.LBB15_11:                              @   in Loop: Header=BB15_1 Depth=1
	.loc	1 972 29                        @ ../../../../../Library/StdDriver/src/crypto.c:972:29
	ldr	r0, [sp, #20]
	adds	r0, r0, #1
	str	r0, [sp, #20]
	.loc	1 972 5 is_stmt 0               @ ../../../../../Library/StdDriver/src/crypto.c:972:5
	b	.LBB15_1
.Ltmp101:
.LBB15_12:
	.loc	1 980 1 is_stmt 1               @ ../../../../../Library/StdDriver/src/crypto.c:980:1
	add	sp, #40
	pop	{r7, pc}
.Ltmp102:
.Lfunc_end15:
	.size	Reg2Hex, .Lfunc_end15-Reg2Hex
	.cfi_endproc
	.fnend
                                        @ -- End function
	.section	.text.CRPT_Hex2Reg,"ax",%progbits
	.hidden	CRPT_Hex2Reg                    @ -- Begin function CRPT_Hex2Reg
	.globl	CRPT_Hex2Reg
	.p2align	1
	.type	CRPT_Hex2Reg,%function
	.code	16                              @ @CRPT_Hex2Reg
	.thumb_func
CRPT_Hex2Reg:
.Lfunc_begin16:
	.loc	1 999 0                         @ ../../../../../Library/StdDriver/src/crypto.c:999:0
	.fnstart
	.cfi_startproc
@ %bb.0:
	.save	{r7, lr}
	push	{r7, lr}
	.cfi_def_cfa_offset 8
	.cfi_offset lr, -4
	.cfi_offset r7, -8
	.pad	#8
	sub	sp, #8
	.cfi_def_cfa_offset 16
	str	r0, [sp, #4]
	str	r1, [sp]
.Ltmp103:
	.loc	1 1000 13 prologue_end          @ ../../../../../Library/StdDriver/src/crypto.c:1000:13
	ldr	r0, [sp, #4]
	.loc	1 1000 20 is_stmt 0             @ ../../../../../Library/StdDriver/src/crypto.c:1000:20
	ldr	r1, [sp]
	.loc	1 1000 5                        @ ../../../../../Library/StdDriver/src/crypto.c:1000:5
	bl	Hex2Reg
	.loc	1 1001 1 is_stmt 1              @ ../../../../../Library/StdDriver/src/crypto.c:1001:1
	add	sp, #8
	pop	{r7, pc}
.Ltmp104:
.Lfunc_end16:
	.size	CRPT_Hex2Reg, .Lfunc_end16-CRPT_Hex2Reg
	.cfi_endproc
	.fnend
                                        @ -- End function
	.section	.text.Hex2Reg,"ax",%progbits
	.p2align	1                               @ -- Begin function Hex2Reg
	.type	Hex2Reg,%function
	.code	16                              @ @Hex2Reg
	.thumb_func
Hex2Reg:
.Lfunc_begin17:
	.loc	1 900 0                         @ ../../../../../Library/StdDriver/src/crypto.c:900:0
	.fnstart
	.cfi_startproc
@ %bb.0:
	.save	{r7, lr}
	push	{r7, lr}
	.cfi_def_cfa_offset 8
	.cfi_offset lr, -4
	.cfi_offset r7, -8
	.pad	#40
	sub	sp, #40
	.cfi_def_cfa_offset 48
	str	r0, [sp, #36]
	str	r1, [sp, #32]
.Ltmp105:
	.loc	1 905 22 prologue_end           @ ../../../../../Library/StdDriver/src/crypto.c:905:22
	ldr	r0, [sp, #36]
	.loc	1 905 15 is_stmt 0              @ ../../../../../Library/StdDriver/src/crypto.c:905:15
	bl	strlen
	.loc	1 905 29                        @ ../../../../../Library/StdDriver/src/crypto.c:905:29
	subs	r0, r0, #1
	.loc	1 905 8                         @ ../../../../../Library/StdDriver/src/crypto.c:905:8
	str	r0, [sp, #24]
	movs	r0, #0
	.loc	1 906 8 is_stmt 1               @ ../../../../../Library/StdDriver/src/crypto.c:906:8
	str	r0, [sp, #20]
	.loc	1 908 5                         @ ../../../../../Library/StdDriver/src/crypto.c:908:5
	b	.LBB17_1
.LBB17_1:                               @ =>This Loop Header: Depth=1
                                        @     Child Loop BB17_3 Depth 2
	.loc	1 908 11 is_stmt 0              @ ../../../../../Library/StdDriver/src/crypto.c:908:11
	ldr	r0, [sp, #24]
	.loc	1 908 5                         @ ../../../../../Library/StdDriver/src/crypto.c:908:5
	cmp	r0, #0
	bmi	.LBB17_11
	b	.LBB17_2
.LBB17_2:                               @   in Loop: Header=BB17_1 Depth=1
	.loc	1 0 5                           @ ../../../../../Library/StdDriver/src/crypto.c:0:5
	movs	r0, #0
.Ltmp106:
	.loc	1 910 15 is_stmt 1              @ ../../../../../Library/StdDriver/src/crypto.c:910:15
	str	r0, [sp, #12]
.Ltmp107:
	.loc	1 911 15                        @ ../../../../../Library/StdDriver/src/crypto.c:911:15
	str	r0, [sp, #16]
	.loc	1 911 13 is_stmt 0              @ ../../../../../Library/StdDriver/src/crypto.c:911:13
	b	.LBB17_3
.LBB17_3:                               @   Parent Loop BB17_1 Depth=1
                                        @ =>  This Inner Loop Header: Depth=2
.Ltmp108:
	.loc	1 911 23                        @ ../../../../../Library/StdDriver/src/crypto.c:911:23
	ldr	r1, [sp, #16]
	movs	r0, #0
	.loc	1 911 32                        @ ../../../../../Library/StdDriver/src/crypto.c:911:32
	cmp	r1, #7
	str	r0, [sp, #8]                    @ 4-byte Spill
	bhi	.LBB17_7
	b	.LBB17_4
.LBB17_4:                               @   in Loop: Header=BB17_3 Depth=2
	.loc	1 911 36                        @ ../../../../../Library/StdDriver/src/crypto.c:911:36
	ldr	r1, [sp, #24]
	movs	r0, #1
	movs	r2, #0
	.loc	1 911 39                        @ ../../../../../Library/StdDriver/src/crypto.c:911:39
	str	r2, [sp]                        @ 4-byte Spill
	cmp	r1, #0
	str	r0, [sp, #4]                    @ 4-byte Spill
	bge	.LBB17_6
@ %bb.5:                                @   in Loop: Header=BB17_3 Depth=2
	.loc	1 0 39                          @ ../../../../../Library/StdDriver/src/crypto.c:0:39
	ldr	r0, [sp]                        @ 4-byte Reload
	str	r0, [sp, #4]                    @ 4-byte Spill
.LBB17_6:                               @   in Loop: Header=BB17_3 Depth=2
	.loc	1 911 39                        @ ../../../../../Library/StdDriver/src/crypto.c:911:39
	ldr	r0, [sp, #4]                    @ 4-byte Reload
	str	r0, [sp, #8]                    @ 4-byte Spill
	b	.LBB17_7
.LBB17_7:                               @   in Loop: Header=BB17_3 Depth=2
	.loc	1 0 0                           @ ../../../../../Library/StdDriver/src/crypto.c:0:0
	ldr	r0, [sp, #8]                    @ 4-byte Reload
.Ltmp109:
	.loc	1 911 9                         @ ../../../../../Library/StdDriver/src/crypto.c:911:9
	lsls	r0, r0, #31
	cbz	r0, .LBB17_10
	b	.LBB17_8
.LBB17_8:                               @   in Loop: Header=BB17_3 Depth=2
.Ltmp110:
	.loc	1 913 26 is_stmt 1              @ ../../../../../Library/StdDriver/src/crypto.c:913:26
	ldr	r0, [sp, #36]
	.loc	1 913 32 is_stmt 0              @ ../../../../../Library/StdDriver/src/crypto.c:913:32
	ldr	r1, [sp, #24]
	.loc	1 913 26                        @ ../../../../../Library/StdDriver/src/crypto.c:913:26
	ldrb	r0, [r0, r1]
	.loc	1 913 19                        @ ../../../../../Library/StdDriver/src/crypto.c:913:19
	bl	ch2hex
	mov	r1, r0
	add	r0, sp, #28
	.loc	1 913 17                        @ ../../../../../Library/StdDriver/src/crypto.c:913:17
	strb	r1, [r0]
	.loc	1 914 32 is_stmt 1              @ ../../../../../Library/StdDriver/src/crypto.c:914:32
	ldrb	r1, [r0]
	.loc	1 914 40 is_stmt 0              @ ../../../../../Library/StdDriver/src/crypto.c:914:40
	ldr	r0, [sp, #16]
	.loc	1 914 42                        @ ../../../../../Library/StdDriver/src/crypto.c:914:42
	lsls	r0, r0, #2
	.loc	1 914 36                        @ ../../../../../Library/StdDriver/src/crypto.c:914:36
	lsls	r1, r0
	.loc	1 914 19                        @ ../../../../../Library/StdDriver/src/crypto.c:914:19
	ldr	r0, [sp, #12]
	orrs	r0, r1
	str	r0, [sp, #12]
	.loc	1 915 15 is_stmt 1              @ ../../../../../Library/StdDriver/src/crypto.c:915:15
	ldr	r0, [sp, #24]
	subs	r0, r0, #1
	str	r0, [sp, #24]
	.loc	1 916 9                         @ ../../../../../Library/StdDriver/src/crypto.c:916:9
	b	.LBB17_9
.Ltmp111:
.LBB17_9:                               @   in Loop: Header=BB17_3 Depth=2
	.loc	1 911 47                        @ ../../../../../Library/StdDriver/src/crypto.c:911:47
	ldr	r0, [sp, #16]
	adds	r0, r0, #1
	str	r0, [sp, #16]
	.loc	1 911 9 is_stmt 0               @ ../../../../../Library/StdDriver/src/crypto.c:911:9
	b	.LBB17_3
.Ltmp112:
.LBB17_10:                              @   in Loop: Header=BB17_1 Depth=1
	.loc	1 917 21 is_stmt 1              @ ../../../../../Library/StdDriver/src/crypto.c:917:21
	ldr	r0, [sp, #12]
	.loc	1 917 9 is_stmt 0               @ ../../../../../Library/StdDriver/src/crypto.c:917:9
	ldr	r1, [sp, #32]
	.loc	1 917 15                        @ ../../../../../Library/StdDriver/src/crypto.c:917:15
	ldr	r2, [sp, #20]
	adds	r3, r2, #1
	str	r3, [sp, #20]
	.loc	1 917 9                         @ ../../../../../Library/StdDriver/src/crypto.c:917:9
	lsls	r2, r2, #2
	.loc	1 917 19                        @ ../../../../../Library/StdDriver/src/crypto.c:917:19
	str	r0, [r1, r2]
.Ltmp113:
	.loc	1 908 5 is_stmt 1               @ ../../../../../Library/StdDriver/src/crypto.c:908:5
	b	.LBB17_1
.LBB17_11:
	.loc	1 919 1                         @ ../../../../../Library/StdDriver/src/crypto.c:919:1
	add	sp, #40
	pop	{r7, pc}
.Ltmp114:
.Lfunc_end17:
	.size	Hex2Reg, .Lfunc_end17-Hex2Reg
	.cfi_endproc
	.fnend
                                        @ -- End function
	.section	.text.is_zero,"ax",%progbits
	.hidden	is_zero                         @ -- Begin function is_zero
	.globl	is_zero
	.p2align	1
	.type	is_zero,%function
	.code	16                              @ @is_zero
	.thumb_func
is_zero:
.Lfunc_begin18:
	.loc	1 1009 0                        @ ../../../../../Library/StdDriver/src/crypto.c:1009:0
	.fnstart
	.cfi_startproc
@ %bb.0:
	.save	{r7, lr}
	push	{r7, lr}
	.cfi_def_cfa_offset 8
	.cfi_offset lr, -4
	.cfi_offset r7, -8
	.pad	#16
	sub	sp, #16
	.cfi_def_cfa_offset 24
	str	r0, [sp, #8]
.Ltmp115:
	.loc	1 1012 18 prologue_end          @ ../../../../../Library/StdDriver/src/crypto.c:1012:18
	ldr	r0, [sp, #8]
	.loc	1 1012 11 is_stmt 0             @ ../../../../../Library/StdDriver/src/crypto.c:1012:11
	bl	strlen
	.loc	1 1012 9                        @ ../../../../../Library/StdDriver/src/crypto.c:1012:9
	str	r0, [sp, #4]
	movs	r0, #0
.Ltmp116:
	.loc	1 1013 11 is_stmt 1             @ ../../../../../Library/StdDriver/src/crypto.c:1013:11
	str	r0, [sp]
	.loc	1 1013 9 is_stmt 0              @ ../../../../../Library/StdDriver/src/crypto.c:1013:9
	b	.LBB18_1
.LBB18_1:                               @ =>This Inner Loop Header: Depth=1
.Ltmp117:
	.loc	1 1013 16                       @ ../../../../../Library/StdDriver/src/crypto.c:1013:16
	ldr	r0, [sp]
	.loc	1 1013 20                       @ ../../../../../Library/StdDriver/src/crypto.c:1013:20
	ldr	r1, [sp, #4]
.Ltmp118:
	.loc	1 1013 5                        @ ../../../../../Library/StdDriver/src/crypto.c:1013:5
	cmp	r0, r1
	bge	.LBB18_6
	b	.LBB18_2
.LBB18_2:                               @   in Loop: Header=BB18_1 Depth=1
.Ltmp119:
	.loc	1 1015 12 is_stmt 1             @ ../../../../../Library/StdDriver/src/crypto.c:1015:12
	ldr	r0, [sp, #8]
	.loc	1 1015 14 is_stmt 0             @ ../../../../../Library/StdDriver/src/crypto.c:1015:14
	ldr	r1, [sp]
	.loc	1 1015 12                       @ ../../../../../Library/StdDriver/src/crypto.c:1015:12
	ldrb	r0, [r0, r1]
.Ltmp120:
	.loc	1 1015 12                       @ ../../../../../Library/StdDriver/src/crypto.c:1015:12
	cmp	r0, #48
	beq	.LBB18_4
	b	.LBB18_3
.LBB18_3:
	.loc	1 0 12                          @ ../../../../../Library/StdDriver/src/crypto.c:0:12
	movs	r0, #0
.Ltmp121:
	.loc	1 1016 13 is_stmt 1             @ ../../../../../Library/StdDriver/src/crypto.c:1016:13
	str	r0, [sp, #12]
	b	.LBB18_7
.Ltmp122:
.LBB18_4:                               @   in Loop: Header=BB18_1 Depth=1
	.loc	1 1017 5                        @ ../../../../../Library/StdDriver/src/crypto.c:1017:5
	b	.LBB18_5
.Ltmp123:
.LBB18_5:                               @   in Loop: Header=BB18_1 Depth=1
	.loc	1 1013 26                       @ ../../../../../Library/StdDriver/src/crypto.c:1013:26
	ldr	r0, [sp]
	adds	r0, r0, #1
	str	r0, [sp]
	.loc	1 1013 5 is_stmt 0              @ ../../../../../Library/StdDriver/src/crypto.c:1013:5
	b	.LBB18_1
.Ltmp124:
.LBB18_6:
	.loc	1 0 5                           @ ../../../../../Library/StdDriver/src/crypto.c:0:5
	movs	r0, #1
	.loc	1 1019 5 is_stmt 1              @ ../../../../../Library/StdDriver/src/crypto.c:1019:5
	str	r0, [sp, #12]
	b	.LBB18_7
.LBB18_7:
	.loc	1 1020 1                        @ ../../../../../Library/StdDriver/src/crypto.c:1020:1
	ldr	r0, [sp, #12]
	add	sp, #16
	pop	{r7, pc}
.Ltmp125:
.Lfunc_end18:
	.size	is_zero, .Lfunc_end18-is_zero
	.cfi_endproc
	.cantunwind
	.fnend
                                        @ -- End function
	.section	.text.ECC_IsPrivateKeyValid,"ax",%progbits
	.hidden	ECC_IsPrivateKeyValid           @ -- Begin function ECC_IsPrivateKeyValid
	.globl	ECC_IsPrivateKeyValid
	.p2align	2
	.type	ECC_IsPrivateKeyValid,%function
	.code	16                              @ @ECC_IsPrivateKeyValid
	.thumb_func
ECC_IsPrivateKeyValid:
.Lfunc_begin19:
	.loc	1 1123 0                        @ ../../../../../Library/StdDriver/src/crypto.c:1123:0
	.fnstart
	.cfi_startproc
@ %bb.0:
	.save	{r7, lr}
	push	{r7, lr}
	.cfi_def_cfa_offset 8
	.cfi_offset lr, -4
	.cfi_offset r7, -8
	.pad	#40
	sub	sp, #40
	.cfi_def_cfa_offset 48
	str	r0, [sp, #32]
	str	r1, [sp, #28]
	str	r2, [sp, #24]
.Ltmp126:
	.loc	1 1127 24 prologue_end          @ ../../../../../Library/StdDriver/src/crypto.c:1127:24
	ldr	r0, [sp, #28]
	.loc	1 1127 14 is_stmt 0             @ ../../../../../Library/StdDriver/src/crypto.c:1127:14
	bl	get_curve
	mov	r1, r0
	.loc	1 1127 12                       @ ../../../../../Library/StdDriver/src/crypto.c:1127:12
	ldr	r0, __arm_cp.19_0
	str	r1, [r0]
.Ltmp127:
	.loc	1 1128 8 is_stmt 1              @ ../../../../../Library/StdDriver/src/crypto.c:1128:8
	ldr	r0, [r0]
.Ltmp128:
	.loc	1 1128 8 is_stmt 0              @ ../../../../../Library/StdDriver/src/crypto.c:1128:8
	cbnz	r0, .LBB19_2
	b	.LBB19_1
.LBB19_1:
	.loc	1 0 8                           @ ../../../../../Library/StdDriver/src/crypto.c:0:8
	movs	r0, #0
	mvns	r0, r0
.Ltmp129:
	.loc	1 1130 9 is_stmt 1              @ ../../../../../Library/StdDriver/src/crypto.c:1130:9
	str	r0, [sp, #36]
	b	.LBB19_15
.Ltmp130:
.LBB19_2:
	.loc	1 1133 15                       @ ../../../../../Library/StdDriver/src/crypto.c:1133:15
	ldr	r0, [sp, #24]
	.loc	1 1133 8 is_stmt 0              @ ../../../../../Library/StdDriver/src/crypto.c:1133:8
	bl	strlen
	.loc	1 1133 35                       @ ../../../../../Library/StdDriver/src/crypto.c:1133:35
	str	r0, [sp, #16]                   @ 4-byte Spill
	ldr	r0, __arm_cp.19_0
	ldr	r0, [r0]
	movw	r1, #768
	.loc	1 1133 43                       @ ../../../../../Library/StdDriver/src/crypto.c:1133:43
	adds	r0, r0, r1
	.loc	1 1133 28                       @ ../../../../../Library/StdDriver/src/crypto.c:1133:28
	bl	strlen
	mov	r1, r0
.Ltmp131:
	.loc	1 1133 8                        @ ../../../../../Library/StdDriver/src/crypto.c:1133:8
	ldr	r0, [sp, #16]                   @ 4-byte Reload
	cmp	r0, r1
	bhs	.LBB19_4
	b	.LBB19_3
.LBB19_3:
	.loc	1 0 8                           @ ../../../../../Library/StdDriver/src/crypto.c:0:8
	movs	r0, #1
.Ltmp132:
	.loc	1 1135 9 is_stmt 1              @ ../../../../../Library/StdDriver/src/crypto.c:1135:9
	str	r0, [sp, #36]
	b	.LBB19_15
.Ltmp133:
.LBB19_4:
	.loc	1 1138 15                       @ ../../../../../Library/StdDriver/src/crypto.c:1138:15
	ldr	r0, [sp, #24]
	.loc	1 1138 8 is_stmt 0              @ ../../../../../Library/StdDriver/src/crypto.c:1138:8
	bl	strlen
	.loc	1 1138 35                       @ ../../../../../Library/StdDriver/src/crypto.c:1138:35
	str	r0, [sp, #12]                   @ 4-byte Spill
	ldr	r0, __arm_cp.19_0
	ldr	r0, [r0]
	movw	r1, #768
	.loc	1 1138 43                       @ ../../../../../Library/StdDriver/src/crypto.c:1138:43
	adds	r0, r0, r1
	.loc	1 1138 28                       @ ../../../../../Library/StdDriver/src/crypto.c:1138:28
	bl	strlen
	mov	r1, r0
.Ltmp134:
	.loc	1 1138 8                        @ ../../../../../Library/StdDriver/src/crypto.c:1138:8
	ldr	r0, [sp, #12]                   @ 4-byte Reload
	cmp	r0, r1
	bls	.LBB19_6
	b	.LBB19_5
.LBB19_5:
	.loc	1 0 8                           @ ../../../../../Library/StdDriver/src/crypto.c:0:8
	movs	r0, #0
.Ltmp135:
	.loc	1 1140 9 is_stmt 1              @ ../../../../../Library/StdDriver/src/crypto.c:1140:9
	str	r0, [sp, #36]
	b	.LBB19_15
.Ltmp136:
.LBB19_6:
	.loc	1 0 9 is_stmt 0                 @ ../../../../../Library/StdDriver/src/crypto.c:0:9
	movs	r0, #0
.Ltmp137:
	.loc	1 1143 11 is_stmt 1             @ ../../../../../Library/StdDriver/src/crypto.c:1143:11
	str	r0, [sp, #20]
	.loc	1 1143 9 is_stmt 0              @ ../../../../../Library/StdDriver/src/crypto.c:1143:9
	b	.LBB19_7
.LBB19_7:                               @ =>This Inner Loop Header: Depth=1
.Ltmp138:
	.loc	1 1143 17                       @ ../../../../../Library/StdDriver/src/crypto.c:1143:17
	ldr	r0, [sp, #20]
	.loc	1 1143 28                       @ ../../../../../Library/StdDriver/src/crypto.c:1143:28
	str	r0, [sp, #8]                    @ 4-byte Spill
	ldr	r0, [sp, #24]
	.loc	1 1143 21                       @ ../../../../../Library/StdDriver/src/crypto.c:1143:21
	bl	strlen
	mov	r1, r0
.Ltmp139:
	.loc	1 1143 5                        @ ../../../../../Library/StdDriver/src/crypto.c:1143:5
	ldr	r0, [sp, #8]                    @ 4-byte Reload
	cmp	r0, r1
	bhs	.LBB19_14
	b	.LBB19_8
.LBB19_8:                               @   in Loop: Header=BB19_7 Depth=1
.Ltmp140:
	.loc	1 1145 29 is_stmt 1             @ ../../../../../Library/StdDriver/src/crypto.c:1145:29
	ldr	r0, [sp, #24]
	.loc	1 1145 39 is_stmt 0             @ ../../../../../Library/StdDriver/src/crypto.c:1145:39
	ldr	r1, [sp, #20]
	.loc	1 1145 29                       @ ../../../../../Library/StdDriver/src/crypto.c:1145:29
	ldrb	r0, [r0, r1]
	.loc	1 1145 12                       @ ../../../../../Library/StdDriver/src/crypto.c:1145:12
	bl	get_nibble_value
	.loc	1 1145 62                       @ ../../../../../Library/StdDriver/src/crypto.c:1145:62
	str	r0, [sp, #4]                    @ 4-byte Spill
	ldr	r0, __arm_cp.19_0
	ldr	r0, [r0]
	.loc	1 1145 77                       @ ../../../../../Library/StdDriver/src/crypto.c:1145:77
	ldr	r1, [sp, #20]
	.loc	1 1145 70                       @ ../../../../../Library/StdDriver/src/crypto.c:1145:70
	adds	r0, r0, r1
	movw	r1, #768
	.loc	1 1145 62                       @ ../../../../../Library/StdDriver/src/crypto.c:1145:62
	ldrb	r0, [r0, r1]
	.loc	1 1145 45                       @ ../../../../../Library/StdDriver/src/crypto.c:1145:45
	bl	get_nibble_value
	mov	r1, r0
.Ltmp141:
	.loc	1 1145 12                       @ ../../../../../Library/StdDriver/src/crypto.c:1145:12
	ldr	r0, [sp, #4]                    @ 4-byte Reload
	cmp	r0, r1
	bge	.LBB19_10
	b	.LBB19_9
.LBB19_9:
	.loc	1 0 12                          @ ../../../../../Library/StdDriver/src/crypto.c:0:12
	movs	r0, #1
.Ltmp142:
	.loc	1 1147 13 is_stmt 1             @ ../../../../../Library/StdDriver/src/crypto.c:1147:13
	str	r0, [sp, #36]
	b	.LBB19_15
.Ltmp143:
.LBB19_10:                              @   in Loop: Header=BB19_7 Depth=1
	.loc	1 1150 29                       @ ../../../../../Library/StdDriver/src/crypto.c:1150:29
	ldr	r0, [sp, #24]
	.loc	1 1150 39 is_stmt 0             @ ../../../../../Library/StdDriver/src/crypto.c:1150:39
	ldr	r1, [sp, #20]
	.loc	1 1150 29                       @ ../../../../../Library/StdDriver/src/crypto.c:1150:29
	ldrb	r0, [r0, r1]
	.loc	1 1150 12                       @ ../../../../../Library/StdDriver/src/crypto.c:1150:12
	bl	get_nibble_value
	.loc	1 1150 62                       @ ../../../../../Library/StdDriver/src/crypto.c:1150:62
	str	r0, [sp]                        @ 4-byte Spill
	ldr	r0, __arm_cp.19_0
	ldr	r0, [r0]
	.loc	1 1150 77                       @ ../../../../../Library/StdDriver/src/crypto.c:1150:77
	ldr	r1, [sp, #20]
	.loc	1 1150 70                       @ ../../../../../Library/StdDriver/src/crypto.c:1150:70
	adds	r0, r0, r1
	movw	r1, #768
	.loc	1 1150 62                       @ ../../../../../Library/StdDriver/src/crypto.c:1150:62
	ldrb	r0, [r0, r1]
	.loc	1 1150 45                       @ ../../../../../Library/StdDriver/src/crypto.c:1150:45
	bl	get_nibble_value
	mov	r1, r0
.Ltmp144:
	.loc	1 1150 12                       @ ../../../../../Library/StdDriver/src/crypto.c:1150:12
	ldr	r0, [sp]                        @ 4-byte Reload
	cmp	r0, r1
	ble	.LBB19_12
	b	.LBB19_11
.LBB19_11:
	.loc	1 0 12                          @ ../../../../../Library/StdDriver/src/crypto.c:0:12
	movs	r0, #0
.Ltmp145:
	.loc	1 1152 13 is_stmt 1             @ ../../../../../Library/StdDriver/src/crypto.c:1152:13
	str	r0, [sp, #36]
	b	.LBB19_15
.Ltmp146:
.LBB19_12:                              @   in Loop: Header=BB19_7 Depth=1
	.loc	1 1154 5                        @ ../../../../../Library/StdDriver/src/crypto.c:1154:5
	b	.LBB19_13
.Ltmp147:
.LBB19_13:                              @   in Loop: Header=BB19_7 Depth=1
	.loc	1 1143 41                       @ ../../../../../Library/StdDriver/src/crypto.c:1143:41
	ldr	r0, [sp, #20]
	adds	r0, r0, #1
	str	r0, [sp, #20]
	.loc	1 1143 5 is_stmt 0              @ ../../../../../Library/StdDriver/src/crypto.c:1143:5
	b	.LBB19_7
.Ltmp148:
.LBB19_14:
	.loc	1 0 5                           @ ../../../../../Library/StdDriver/src/crypto.c:0:5
	movs	r0, #0
	.loc	1 1155 5 is_stmt 1              @ ../../../../../Library/StdDriver/src/crypto.c:1155:5
	str	r0, [sp, #36]
	b	.LBB19_15
.LBB19_15:
	.loc	1 1156 1                        @ ../../../../../Library/StdDriver/src/crypto.c:1156:1
	ldr	r0, [sp, #36]
	add	sp, #40
	pop	{r7, pc}
.Ltmp149:
	.p2align	2
@ %bb.16:
	.loc	1 0 1 is_stmt 0                 @ ../../../../../Library/StdDriver/src/crypto.c:0:1
__arm_cp.19_0:
	.long	pCurve
.Lcpi_end4:
	.size	__arm_cp.19_0, .Lcpi_end4-__arm_cp.19_0
.Lfunc_end19:
	.size	ECC_IsPrivateKeyValid, .Lfunc_end19-ECC_IsPrivateKeyValid
	.cfi_endproc
	.fnend
                                        @ -- End function
	.section	.text.get_curve,"ax",%progbits
	.p2align	2                               @ -- Begin function get_curve
	.type	get_curve,%function
	.code	16                              @ @get_curve
	.thumb_func
get_curve:
.Lfunc_begin20:
	.loc	1 2567 0 is_stmt 1              @ ../../../../../Library/StdDriver/src/crypto.c:2567:0
	.fnstart
	.cfi_startproc
@ %bb.0:
	.save	{r7, lr}
	push	{r7, lr}
	.cfi_def_cfa_offset 8
	.cfi_offset lr, -4
	.cfi_offset r7, -8
	.pad	#16
	sub	sp, #16
	.cfi_def_cfa_offset 24
	str	r0, [sp, #12]
	movs	r0, #0
.Ltmp150:
	.loc	1 2569 17 prologue_end          @ ../../../../../Library/StdDriver/src/crypto.c:2569:17
	str	r0, [sp, #4]
.Ltmp151:
	.loc	1 2571 11                       @ ../../../../../Library/StdDriver/src/crypto.c:2571:11
	str	r0, [sp, #8]
	.loc	1 2571 9 is_stmt 0              @ ../../../../../Library/StdDriver/src/crypto.c:2571:9
	b	.LBB20_1
.LBB20_1:                               @ =>This Inner Loop Header: Depth=1
.Ltmp152:
	.loc	1 2571 18                       @ ../../../../../Library/StdDriver/src/crypto.c:2571:18
	ldr	r0, [sp, #8]
.Ltmp153:
	.loc	1 2571 5                        @ ../../../../../Library/StdDriver/src/crypto.c:2571:5
	cmp	r0, #22
	bhi	.LBB20_8
	b	.LBB20_2
.LBB20_2:                               @   in Loop: Header=BB20_1 Depth=1
.Ltmp154:
	.loc	1 2573 12 is_stmt 1             @ ../../../../../Library/StdDriver/src/crypto.c:2573:12
	ldr	r0, [sp, #12]
	.loc	1 2573 32 is_stmt 0             @ ../../../../../Library/StdDriver/src/crypto.c:2573:32
	ldr	r1, [sp, #8]
	movw	r2, #964
	.loc	1 2573 25                       @ ../../../../../Library/StdDriver/src/crypto.c:2573:25
	muls	r2, r1, r2
	ldr	r1, __arm_cp.20_0
	.loc	1 2573 35                       @ ../../../../../Library/StdDriver/src/crypto.c:2573:35
	ldr	r1, [r1, r2]
.Ltmp155:
	.loc	1 2573 12                       @ ../../../../../Library/StdDriver/src/crypto.c:2573:12
	cmp	r0, r1
	bne	.LBB20_4
	b	.LBB20_3
.LBB20_3:                               @   in Loop: Header=BB20_1 Depth=1
.Ltmp156:
	.loc	1 2575 49 is_stmt 1             @ ../../../../../Library/StdDriver/src/crypto.c:2575:49
	ldr	r0, [sp, #8]
	movw	r2, #964
	.loc	1 2575 42 is_stmt 0             @ ../../../../../Library/StdDriver/src/crypto.c:2575:42
	mov	r1, r2
	muls	r1, r0, r1
	ldr	r0, __arm_cp.20_0
	adds	r1, r0, r1
	.loc	1 2575 13                       @ ../../../../../Library/StdDriver/src/crypto.c:2575:13
	ldr	r0, __arm_cp.20_1
	str	r0, [sp]                        @ 4-byte Spill
	bl	__aeabi_memcpy4
	ldr	r0, [sp]                        @ 4-byte Reload
	.loc	1 2576 17 is_stmt 1             @ ../../../../../Library/StdDriver/src/crypto.c:2576:17
	str	r0, [sp, #4]
	.loc	1 2577 9                        @ ../../../../../Library/StdDriver/src/crypto.c:2577:9
	b	.LBB20_4
.Ltmp157:
.LBB20_4:                               @   in Loop: Header=BB20_1 Depth=1
	.loc	1 2578 12                       @ ../../../../../Library/StdDriver/src/crypto.c:2578:12
	ldr	r0, [sp, #4]
.Ltmp158:
	.loc	1 2578 12 is_stmt 0             @ ../../../../../Library/StdDriver/src/crypto.c:2578:12
	cbz	r0, .LBB20_6
	b	.LBB20_5
.LBB20_5:
.Ltmp159:
	.loc	1 2580 13 is_stmt 1             @ ../../../../../Library/StdDriver/src/crypto.c:2580:13
	b	.LBB20_8
.Ltmp160:
.LBB20_6:                               @   in Loop: Header=BB20_1 Depth=1
	.loc	1 2582 5                        @ ../../../../../Library/StdDriver/src/crypto.c:2582:5
	b	.LBB20_7
.Ltmp161:
.LBB20_7:                               @   in Loop: Header=BB20_1 Depth=1
	.loc	1 2571 59                       @ ../../../../../Library/StdDriver/src/crypto.c:2571:59
	ldr	r0, [sp, #8]
	adds	r0, r0, #1
	str	r0, [sp, #8]
	.loc	1 2571 5 is_stmt 0              @ ../../../../../Library/StdDriver/src/crypto.c:2571:5
	b	.LBB20_1
.Ltmp162:
.LBB20_8:
	.loc	1 2583 12 is_stmt 1             @ ../../../../../Library/StdDriver/src/crypto.c:2583:12
	ldr	r0, [sp, #4]
	.loc	1 2583 5 is_stmt 0              @ ../../../../../Library/StdDriver/src/crypto.c:2583:5
	add	sp, #16
	pop	{r7, pc}
.Ltmp163:
	.p2align	2
@ %bb.9:
	.loc	1 0 5                           @ ../../../../../Library/StdDriver/src/crypto.c:0:5
__arm_cp.20_0:
	.long	_Curve
.Lcpi_end5:
	.size	__arm_cp.20_0, .Lcpi_end5-__arm_cp.20_0
__arm_cp.20_1:
	.long	Curve_Copy
.Lcpi_end6:
	.size	__arm_cp.20_1, .Lcpi_end6-__arm_cp.20_1
.Lfunc_end20:
	.size	get_curve, .Lfunc_end20-get_curve
	.cfi_endproc
	.cantunwind
	.fnend
                                        @ -- End function
	.section	.text.get_nibble_value,"ax",%progbits
	.p2align	1                               @ -- Begin function get_nibble_value
	.type	get_nibble_value,%function
	.code	16                              @ @get_nibble_value
	.thumb_func
get_nibble_value:
.Lfunc_begin21:
	.loc	1 1089 0 is_stmt 1              @ ../../../../../Library/StdDriver/src/crypto.c:1089:0
	.fnstart
	.cfi_startproc
@ %bb.0:
	.pad	#12
	sub	sp, #12
	.cfi_def_cfa_offset 12
	mov	r1, r0
                                        @ kill: def $r0 killed $r1
	add	r0, sp, #4
	strb	r1, [r0]
.Ltmp164:
	.loc	1 1092 9 prologue_end           @ ../../../../../Library/StdDriver/src/crypto.c:1092:9
	ldrb	r0, [r0]
	.loc	1 1092 19 is_stmt 0             @ ../../../../../Library/StdDriver/src/crypto.c:1092:19
	cmp	r0, #48
	blt	.LBB21_3
	b	.LBB21_1
.LBB21_1:
	.loc	1 0 19                          @ ../../../../../Library/StdDriver/src/crypto.c:0:19
	add	r0, sp, #4
	.loc	1 1092 23                       @ ../../../../../Library/StdDriver/src/crypto.c:1092:23
	ldrb	r0, [r0]
.Ltmp165:
	.loc	1 1092 8                        @ ../../../../../Library/StdDriver/src/crypto.c:1092:8
	cmp	r0, #57
	bgt	.LBB21_3
	b	.LBB21_2
.LBB21_2:
	.loc	1 0 8                           @ ../../../../../Library/StdDriver/src/crypto.c:0:8
	mov	r1, sp
	movs	r0, #48
.Ltmp166:
	.loc	1 1094 12 is_stmt 1             @ ../../../../../Library/StdDriver/src/crypto.c:1094:12
	strb	r0, [r1]
	add	r0, sp, #4
	.loc	1 1095 22                       @ ../../../../../Library/StdDriver/src/crypto.c:1095:22
	ldrb	r0, [r0]
	.loc	1 1095 31 is_stmt 0             @ ../../../../../Library/StdDriver/src/crypto.c:1095:31
	ldrb	r1, [r1]
	.loc	1 1095 24                       @ ../../../../../Library/StdDriver/src/crypto.c:1095:24
	subs	r0, r0, r1
	.loc	1 1095 9                        @ ../../../../../Library/StdDriver/src/crypto.c:1095:9
	str	r0, [sp, #8]
	b	.LBB21_10
.Ltmp167:
.LBB21_3:
	.loc	1 0 9                           @ ../../../../../Library/StdDriver/src/crypto.c:0:9
	add	r0, sp, #4
.Ltmp168:
	.loc	1 1098 9 is_stmt 1              @ ../../../../../Library/StdDriver/src/crypto.c:1098:9
	ldrb	r0, [r0]
	.loc	1 1098 19 is_stmt 0             @ ../../../../../Library/StdDriver/src/crypto.c:1098:19
	cmp	r0, #97
	blt	.LBB21_6
	b	.LBB21_4
.LBB21_4:
	.loc	1 0 19                          @ ../../../../../Library/StdDriver/src/crypto.c:0:19
	add	r0, sp, #4
	.loc	1 1098 23                       @ ../../../../../Library/StdDriver/src/crypto.c:1098:23
	ldrb	r0, [r0]
.Ltmp169:
	.loc	1 1098 8                        @ ../../../../../Library/StdDriver/src/crypto.c:1098:8
	cmp	r0, #102
	bgt	.LBB21_6
	b	.LBB21_5
.LBB21_5:
	.loc	1 0 8                           @ ../../../../../Library/StdDriver/src/crypto.c:0:8
	mov	r1, sp
	movs	r0, #97
.Ltmp170:
	.loc	1 1100 12 is_stmt 1             @ ../../../../../Library/StdDriver/src/crypto.c:1100:12
	strb	r0, [r1]
	add	r0, sp, #4
	.loc	1 1101 22                       @ ../../../../../Library/StdDriver/src/crypto.c:1101:22
	ldrb	r0, [r0]
	.loc	1 1101 31 is_stmt 0             @ ../../../../../Library/StdDriver/src/crypto.c:1101:31
	ldrb	r1, [r1]
	.loc	1 1101 24                       @ ../../../../../Library/StdDriver/src/crypto.c:1101:24
	subs	r0, r0, r1
	.loc	1 1101 34                       @ ../../../../../Library/StdDriver/src/crypto.c:1101:34
	adds	r0, #10
	.loc	1 1101 9                        @ ../../../../../Library/StdDriver/src/crypto.c:1101:9
	str	r0, [sp, #8]
	b	.LBB21_10
.Ltmp171:
.LBB21_6:
	.loc	1 0 9                           @ ../../../../../Library/StdDriver/src/crypto.c:0:9
	add	r0, sp, #4
.Ltmp172:
	.loc	1 1104 9 is_stmt 1              @ ../../../../../Library/StdDriver/src/crypto.c:1104:9
	ldrb	r0, [r0]
	.loc	1 1104 19 is_stmt 0             @ ../../../../../Library/StdDriver/src/crypto.c:1104:19
	cmp	r0, #65
	blt	.LBB21_9
	b	.LBB21_7
.LBB21_7:
	.loc	1 0 19                          @ ../../../../../Library/StdDriver/src/crypto.c:0:19
	add	r0, sp, #4
	.loc	1 1104 23                       @ ../../../../../Library/StdDriver/src/crypto.c:1104:23
	ldrb	r0, [r0]
.Ltmp173:
	.loc	1 1104 8                        @ ../../../../../Library/StdDriver/src/crypto.c:1104:8
	cmp	r0, #70
	bgt	.LBB21_9
	b	.LBB21_8
.LBB21_8:
	.loc	1 0 8                           @ ../../../../../Library/StdDriver/src/crypto.c:0:8
	mov	r1, sp
	movs	r0, #65
.Ltmp174:
	.loc	1 1106 12 is_stmt 1             @ ../../../../../Library/StdDriver/src/crypto.c:1106:12
	strb	r0, [r1]
	add	r0, sp, #4
	.loc	1 1107 22                       @ ../../../../../Library/StdDriver/src/crypto.c:1107:22
	ldrb	r0, [r0]
	.loc	1 1107 31 is_stmt 0             @ ../../../../../Library/StdDriver/src/crypto.c:1107:31
	ldrb	r1, [r1]
	.loc	1 1107 24                       @ ../../../../../Library/StdDriver/src/crypto.c:1107:24
	subs	r0, r0, r1
	.loc	1 1107 34                       @ ../../../../../Library/StdDriver/src/crypto.c:1107:34
	adds	r0, #10
	.loc	1 1107 9                        @ ../../../../../Library/StdDriver/src/crypto.c:1107:9
	str	r0, [sp, #8]
	b	.LBB21_10
.Ltmp175:
.LBB21_9:
	.loc	1 0 9                           @ ../../../../../Library/StdDriver/src/crypto.c:0:9
	movs	r0, #0
	.loc	1 1109 5 is_stmt 1              @ ../../../../../Library/StdDriver/src/crypto.c:1109:5
	str	r0, [sp, #8]
	b	.LBB21_10
.LBB21_10:
	.loc	1 1110 1                        @ ../../../../../Library/StdDriver/src/crypto.c:1110:1
	ldr	r0, [sp, #8]
	add	sp, #12
	bx	lr
.Ltmp176:
.Lfunc_end21:
	.size	get_nibble_value, .Lfunc_end21-get_nibble_value
	.cfi_endproc
	.cantunwind
	.fnend
                                        @ -- End function
	.section	.text.ECC_GeneratePublicKey,"ax",%progbits
	.hidden	ECC_GeneratePublicKey           @ -- Begin function ECC_GeneratePublicKey
	.globl	ECC_GeneratePublicKey
	.p2align	2
	.type	ECC_GeneratePublicKey,%function
	.code	16                              @ @ECC_GeneratePublicKey
	.thumb_func
ECC_GeneratePublicKey:
.Lfunc_begin22:
	.loc	1 1171 0                        @ ../../../../../Library/StdDriver/src/crypto.c:1171:0
	.fnstart
	.cfi_startproc
@ %bb.0:
	.save	{r4, lr}
	push	{r4, lr}
	.cfi_def_cfa_offset 8
	.cfi_offset lr, -4
	.cfi_offset r4, -8
	.pad	#32
	sub	sp, #32
	.cfi_def_cfa_offset 40
	ldr	r4, [sp, #40]
	str	r0, [sp, #28]
	str	r1, [sp, #24]
	str	r2, [sp, #20]
	str	r3, [sp, #16]
	movs	r0, #0
.Ltmp177:
	.loc	1 1172 14 prologue_end          @ ../../../../../Library/StdDriver/src/crypto.c:1172:14
	str	r0, [sp, #12]
.Ltmp178:
	.loc	1 1174 23                       @ ../../../../../Library/StdDriver/src/crypto.c:1174:23
	ldr	r0, [sp, #28]
	.loc	1 1174 29 is_stmt 0             @ ../../../../../Library/StdDriver/src/crypto.c:1174:29
	ldr	r1, [sp, #24]
	.loc	1 1174 8                        @ ../../../../../Library/StdDriver/src/crypto.c:1174:8
	bl	ecc_init_curve
.Ltmp179:
	.loc	1 1174 8                        @ ../../../../../Library/StdDriver/src/crypto.c:1174:8
	cbz	r0, .LBB22_2
	b	.LBB22_1
.LBB22_1:
	.loc	1 0 8                           @ ../../../../../Library/StdDriver/src/crypto.c:0:8
	movs	r0, #1
	mvns	r0, r0
.Ltmp180:
	.loc	1 1176 13 is_stmt 1             @ ../../../../../Library/StdDriver/src/crypto.c:1176:13
	str	r0, [sp, #12]
	.loc	1 1177 5                        @ ../../../../../Library/StdDriver/src/crypto.c:1177:5
	b	.LBB22_2
.Ltmp181:
.LBB22_2:
	.loc	1 1179 8                        @ ../../../../../Library/StdDriver/src/crypto.c:1179:8
	ldr	r0, [sp, #12]
.Ltmp182:
	.loc	1 1179 8 is_stmt 0              @ ../../../../../Library/StdDriver/src/crypto.c:1179:8
	cmp	r0, #0
	bne	.LBB22_13
	b	.LBB22_3
.LBB22_3:
	.loc	1 0 8                           @ ../../../../../Library/StdDriver/src/crypto.c:0:8
	ldr	r1, __arm_cp.22_0
	movs	r0, #0
.Ltmp183:
	.loc	1 1181 25 is_stmt 1             @ ../../../../../Library/StdDriver/src/crypto.c:1181:25
	str	r0, [r1]
	.loc	1 1183 19                       @ ../../../../../Library/StdDriver/src/crypto.c:1183:19
	ldr	r0, [sp, #28]
	movw	r1, #2560
	.loc	1 1183 25 is_stmt 0             @ ../../../../../Library/StdDriver/src/crypto.c:1183:25
	str	r1, [sp, #4]                    @ 4-byte Spill
	adds	r0, r0, r1
	.loc	1 1183 9                        @ ../../../../../Library/StdDriver/src/crypto.c:1183:9
	bl	clean_reg
	ldr	r2, [sp, #4]                    @ 4-byte Reload
	.loc	1 1184 17 is_stmt 1             @ ../../../../../Library/StdDriver/src/crypto.c:1184:17
	ldr	r0, [sp, #20]
	.loc	1 1184 28 is_stmt 0             @ ../../../../../Library/StdDriver/src/crypto.c:1184:28
	ldr	r1, [sp, #28]
	.loc	1 1184 34                       @ ../../../../../Library/StdDriver/src/crypto.c:1184:34
	adds	r1, r1, r2
	.loc	1 1184 9                        @ ../../../../../Library/StdDriver/src/crypto.c:1184:9
	bl	Hex2Reg
.Ltmp184:
	.loc	1 1187 12 is_stmt 1             @ ../../../../../Library/StdDriver/src/crypto.c:1187:12
	ldr	r0, __arm_cp.22_1
	ldr	r0, [r0]
	movw	r1, #960
	.loc	1 1187 20 is_stmt 0             @ ../../../../../Library/StdDriver/src/crypto.c:1187:20
	ldr	r0, [r0, r1]
.Ltmp185:
	.loc	1 1187 12                       @ ../../../../../Library/StdDriver/src/crypto.c:1187:12
	cmp	r0, #1
	bne	.LBB22_5
	b	.LBB22_4
.LBB22_4:
.Ltmp186:
	.loc	1 1189 13 is_stmt 1             @ ../../../../../Library/StdDriver/src/crypto.c:1189:13
	ldr	r1, [sp, #28]
	movw	r2, #2048
	movs	r0, #0
	.loc	1 1189 27 is_stmt 0             @ ../../../../../Library/StdDriver/src/crypto.c:1189:27
	str	r0, [r1, r2]
	.loc	1 1190 9 is_stmt 1              @ ../../../../../Library/StdDriver/src/crypto.c:1190:9
	b	.LBB22_6
.Ltmp187:
.LBB22_5:
	.loc	1 1193 13                       @ ../../../../../Library/StdDriver/src/crypto.c:1193:13
	ldr	r1, [sp, #28]
	movw	r2, #2048
	movw	r0, #256
	.loc	1 1193 27 is_stmt 0             @ ../../../../../Library/StdDriver/src/crypto.c:1193:27
	str	r0, [r1, r2]
	b	.LBB22_6
.Ltmp188:
.LBB22_6:
	.loc	1 1196 36 is_stmt 1             @ ../../../../../Library/StdDriver/src/crypto.c:1196:36
	ldr	r1, __arm_cp.22_2
	movs	r0, #0
	str	r0, [r1]
	.loc	1 1196 20 is_stmt 0             @ ../../../../../Library/StdDriver/src/crypto.c:1196:20
	ldr	r1, __arm_cp.22_3
	str	r0, [r1]
	.loc	1 1197 37 is_stmt 1             @ ../../../../../Library/StdDriver/src/crypto.c:1197:37
	ldr	r0, __arm_cp.22_1
	ldr	r0, [r0]
	movw	r1, #944
	.loc	1 1197 45 is_stmt 0             @ ../../../../../Library/StdDriver/src/crypto.c:1197:45
	ldr	r0, [r0, r1]
	.loc	1 1197 53                       @ ../../../../../Library/StdDriver/src/crypto.c:1197:53
	lsls	r0, r0, #22
	.loc	1 1197 9                        @ ../../../../../Library/StdDriver/src/crypto.c:1197:9
	ldr	r1, [sp, #28]
	movw	r2, #2048
	.loc	1 1197 23                       @ ../../../../../Library/StdDriver/src/crypto.c:1197:23
	ldr	r3, [r1, r2]
	.loc	1 1198 42 is_stmt 1             @ ../../../../../Library/StdDriver/src/crypto.c:1198:42
	orrs	r0, r3
	movs	r3, #1
	.loc	1 1197 23                       @ ../../../../../Library/StdDriver/src/crypto.c:1197:23
	orrs	r0, r3
	str	r0, [r1, r2]
	.loc	1 1200 25                       @ ../../../../../Library/StdDriver/src/crypto.c:1200:25
	ldr	r0, __arm_cp.22_4
	ldr	r0, [r0]
	.loc	1 1200 23 is_stmt 0             @ ../../../../../Library/StdDriver/src/crypto.c:1200:23
	str	r0, [sp, #8]
	.loc	1 1201 9 is_stmt 1              @ ../../../../../Library/StdDriver/src/crypto.c:1201:9
	b	.LBB22_7
.LBB22_7:                               @ =>This Inner Loop Header: Depth=1
	.loc	1 1201 15 is_stmt 0             @ ../../../../../Library/StdDriver/src/crypto.c:1201:15
	ldr	r0, __arm_cp.22_3
	ldr	r0, [r0]
	.loc	1 1201 9                        @ ../../../../../Library/StdDriver/src/crypto.c:1201:9
	cbnz	r0, .LBB22_12
	b	.LBB22_8
.LBB22_8:                               @   in Loop: Header=BB22_7 Depth=1
.Ltmp189:
	.loc	1 1203 31 is_stmt 1             @ ../../../../../Library/StdDriver/src/crypto.c:1203:31
	ldr	r0, [sp, #8]
	subs	r1, r0, #1
	str	r1, [sp, #8]
	.loc	1 1203 40 is_stmt 0             @ ../../../../../Library/StdDriver/src/crypto.c:1203:40
	cmp	r0, #1
	blt	.LBB22_10
	b	.LBB22_9
.LBB22_9:                               @   in Loop: Header=BB22_7 Depth=1
	.loc	1 1203 43                       @ ../../../../../Library/StdDriver/src/crypto.c:1203:43
	ldr	r0, __arm_cp.22_2
	ldr	r0, [r0]
.Ltmp190:
	.loc	1 1203 17                       @ ../../../../../Library/StdDriver/src/crypto.c:1203:17
	cbz	r0, .LBB22_11
	b	.LBB22_10
.LBB22_10:
	.loc	1 0 17                          @ ../../../../../Library/StdDriver/src/crypto.c:0:17
	movs	r0, #0
	mvns	r0, r0
.Ltmp191:
	.loc	1 1205 21 is_stmt 1             @ ../../../../../Library/StdDriver/src/crypto.c:1205:21
	str	r0, [sp, #12]
	.loc	1 1206 17                       @ ../../../../../Library/StdDriver/src/crypto.c:1206:17
	b	.LBB22_12
.Ltmp192:
.LBB22_11:                              @   in Loop: Header=BB22_7 Depth=1
	.loc	1 1201 9                        @ ../../../../../Library/StdDriver/src/crypto.c:1201:9
	b	.LBB22_7
.LBB22_12:
	.loc	1 1209 5                        @ ../../../../../Library/StdDriver/src/crypto.c:1209:5
	b	.LBB22_13
.Ltmp193:
.LBB22_13:
	.loc	1 1211 8                        @ ../../../../../Library/StdDriver/src/crypto.c:1211:8
	ldr	r0, [sp, #12]
.Ltmp194:
	.loc	1 1211 8 is_stmt 0              @ ../../../../../Library/StdDriver/src/crypto.c:1211:8
	cbnz	r0, .LBB22_15
	b	.LBB22_14
.LBB22_14:
.Ltmp195:
	.loc	1 1213 17 is_stmt 1             @ ../../../../../Library/StdDriver/src/crypto.c:1213:17
	ldr	r0, __arm_cp.22_1
	str	r0, [sp]                        @ 4-byte Spill
	ldr	r0, [r0]
	.loc	1 1213 25 is_stmt 0             @ ../../../../../Library/StdDriver/src/crypto.c:1213:25
	ldr	r0, [r0, #4]
	.loc	1 1213 32                       @ ../../../../../Library/StdDriver/src/crypto.c:1213:32
	ldr	r1, [sp, #28]
	ldr	r2, __arm_cp.22_5
	.loc	1 1213 38                       @ ../../../../../Library/StdDriver/src/crypto.c:1213:38
	adds	r1, r1, r2
	.loc	1 1213 46                       @ ../../../../../Library/StdDriver/src/crypto.c:1213:46
	ldr	r2, [sp, #16]
	.loc	1 1213 9                        @ ../../../../../Library/StdDriver/src/crypto.c:1213:9
	bl	Reg2Hex
	ldr	r0, [sp]                        @ 4-byte Reload
	.loc	1 1214 17 is_stmt 1             @ ../../../../../Library/StdDriver/src/crypto.c:1214:17
	ldr	r0, [r0]
	.loc	1 1214 25 is_stmt 0             @ ../../../../../Library/StdDriver/src/crypto.c:1214:25
	ldr	r0, [r0, #4]
	.loc	1 1214 32                       @ ../../../../../Library/StdDriver/src/crypto.c:1214:32
	ldr	r1, [sp, #28]
	movw	r2, #2128
	.loc	1 1214 38                       @ ../../../../../Library/StdDriver/src/crypto.c:1214:38
	adds	r1, r1, r2
	.loc	1 1214 46                       @ ../../../../../Library/StdDriver/src/crypto.c:1214:46
	ldr	r2, [sp, #40]
	.loc	1 1214 9                        @ ../../../../../Library/StdDriver/src/crypto.c:1214:9
	bl	Reg2Hex
	.loc	1 1215 5 is_stmt 1              @ ../../../../../Library/StdDriver/src/crypto.c:1215:5
	b	.LBB22_15
.Ltmp196:
.LBB22_15:
	.loc	1 1217 12                       @ ../../../../../Library/StdDriver/src/crypto.c:1217:12
	ldr	r0, [sp, #12]
	.loc	1 1217 5 is_stmt 0              @ ../../../../../Library/StdDriver/src/crypto.c:1217:5
	add	sp, #32
	pop	{r4, pc}
.Ltmp197:
	.p2align	2
@ %bb.16:
	.loc	1 0 5                           @ ../../../../../Library/StdDriver/src/crypto.c:0:5
__arm_cp.22_0:
	.long	1073950528                      @ 0x40032f40
.Lcpi_end7:
	.size	__arm_cp.22_0, .Lcpi_end7-__arm_cp.22_0
__arm_cp.22_1:
	.long	pCurve
.Lcpi_end8:
	.size	__arm_cp.22_1, .Lcpi_end8-__arm_cp.22_1
__arm_cp.22_2:
	.long	g_ECCERR_done
.Lcpi_end9:
	.size	__arm_cp.22_2, .Lcpi_end9-__arm_cp.22_2
__arm_cp.22_3:
	.long	g_ECC_done
.Lcpi_end10:
	.size	__arm_cp.22_3, .Lcpi_end10-__arm_cp.22_3
__arm_cp.22_4:
	.long	SystemCoreClock
.Lcpi_end11:
	.size	__arm_cp.22_4, .Lcpi_end11-__arm_cp.22_4
__arm_cp.22_5:
	.long	2056                            @ 0x808
.Lcpi_end12:
	.size	__arm_cp.22_5, .Lcpi_end12-__arm_cp.22_5
.Lfunc_end22:
	.size	ECC_GeneratePublicKey, .Lfunc_end22-ECC_GeneratePublicKey
	.cfi_endproc
	.fnend
                                        @ -- End function
	.section	.text.ecc_init_curve,"ax",%progbits
	.p2align	2                               @ -- Begin function ecc_init_curve
	.type	ecc_init_curve,%function
	.code	16                              @ @ecc_init_curve
	.thumb_func
ecc_init_curve:
.Lfunc_begin23:
	.loc	1 1038 0 is_stmt 1              @ ../../../../../Library/StdDriver/src/crypto.c:1038:0
	.fnstart
	.cfi_startproc
@ %bb.0:
	.save	{r4, r5, r6, lr}
	push	{r4, r5, r6, lr}
	.cfi_def_cfa_offset 16
	.cfi_offset lr, -4
	.cfi_offset r6, -8
	.cfi_offset r5, -12
	.cfi_offset r4, -16
	.pad	#32
	sub	sp, #32
	.cfi_def_cfa_offset 48
	str	r0, [sp, #28]
	str	r1, [sp, #24]
	movs	r0, #0
.Ltmp198:
	.loc	1 1039 17 prologue_end          @ ../../../../../Library/StdDriver/src/crypto.c:1039:17
	str	r0, [sp, #16]
	.loc	1 1041 24                       @ ../../../../../Library/StdDriver/src/crypto.c:1041:24
	ldr	r0, [sp, #24]
	.loc	1 1041 14 is_stmt 0             @ ../../../../../Library/StdDriver/src/crypto.c:1041:14
	bl	get_curve
	mov	r1, r0
	.loc	1 1041 12                       @ ../../../../../Library/StdDriver/src/crypto.c:1041:12
	ldr	r0, __arm_cp.23_0
	str	r1, [r0]
.Ltmp199:
	.loc	1 1042 8 is_stmt 1              @ ../../../../../Library/StdDriver/src/crypto.c:1042:8
	ldr	r0, [r0]
.Ltmp200:
	.loc	1 1042 8 is_stmt 0              @ ../../../../../Library/StdDriver/src/crypto.c:1042:8
	cbnz	r0, .LBB23_4
	b	.LBB23_1
.LBB23_1:
.Ltmp201:
	.loc	1 1044 9 is_stmt 1              @ ../../../../../Library/StdDriver/src/crypto.c:1044:9
	b	.LBB23_2
.LBB23_2:
.Ltmp202:
	.loc	1 1044 9 is_stmt 0              @ ../../../../../Library/StdDriver/src/crypto.c:1044:9
	b	.LBB23_3
.Ltmp203:
.LBB23_3:
	.loc	1 0 9                           @ ../../../../../Library/StdDriver/src/crypto.c:0:9
	movs	r0, #0
	mvns	r0, r0
	.loc	1 1045 13 is_stmt 1             @ ../../../../../Library/StdDriver/src/crypto.c:1045:13
	str	r0, [sp, #16]
	.loc	1 1046 5                        @ ../../../../../Library/StdDriver/src/crypto.c:1046:5
	b	.LBB23_4
.Ltmp204:
.LBB23_4:
	.loc	1 1048 8                        @ ../../../../../Library/StdDriver/src/crypto.c:1048:8
	ldr	r0, [sp, #16]
.Ltmp205:
	.loc	1 1048 8 is_stmt 0              @ ../../../../../Library/StdDriver/src/crypto.c:1048:8
	cbz	r0, .LBB23_5
	b	.LBB23_15
.LBB23_5:
	.loc	1 0 8                           @ ../../../../../Library/StdDriver/src/crypto.c:0:8
	movs	r0, #0
.Ltmp206:
	.loc	1 1050 15 is_stmt 1             @ ../../../../../Library/StdDriver/src/crypto.c:1050:15
	str	r0, [sp, #20]
	.loc	1 1050 13 is_stmt 0             @ ../../../../../Library/StdDriver/src/crypto.c:1050:13
	b	.LBB23_6
.LBB23_6:                               @ =>This Inner Loop Header: Depth=1
.Ltmp207:
	.loc	1 1050 20                       @ ../../../../../Library/StdDriver/src/crypto.c:1050:20
	ldr	r0, [sp, #20]
.Ltmp208:
	.loc	1 1050 9                        @ ../../../../../Library/StdDriver/src/crypto.c:1050:9
	cmp	r0, #17
	bgt	.LBB23_9
	b	.LBB23_7
.LBB23_7:                               @   in Loop: Header=BB23_6 Depth=1
.Ltmp209:
	.loc	1 1052 13 is_stmt 1             @ ../../../../../Library/StdDriver/src/crypto.c:1052:13
	ldr	r0, [sp, #28]
	.loc	1 1052 25 is_stmt 0             @ ../../../../../Library/StdDriver/src/crypto.c:1052:25
	ldr	r1, [sp, #20]
	.loc	1 1052 13                       @ ../../../../../Library/StdDriver/src/crypto.c:1052:13
	lsls	r1, r1, #2
	.loc	1 1052 19                       @ ../../../../../Library/StdDriver/src/crypto.c:1052:19
	adds	r1, r0, r1
	ldr	r2, __arm_cp.23_1
	movs	r0, #0
	.loc	1 1052 28                       @ ../../../../../Library/StdDriver/src/crypto.c:1052:28
	str	r0, [r1, r2]
	.loc	1 1053 13 is_stmt 1             @ ../../../../../Library/StdDriver/src/crypto.c:1053:13
	ldr	r1, [sp, #28]
	.loc	1 1053 25 is_stmt 0             @ ../../../../../Library/StdDriver/src/crypto.c:1053:25
	ldr	r2, [sp, #20]
	.loc	1 1053 13                       @ ../../../../../Library/StdDriver/src/crypto.c:1053:13
	lsls	r2, r2, #2
	.loc	1 1053 19                       @ ../../../../../Library/StdDriver/src/crypto.c:1053:19
	adds	r1, r1, r2
	movw	r2, #2416
	.loc	1 1053 28                       @ ../../../../../Library/StdDriver/src/crypto.c:1053:28
	str	r0, [r1, r2]
	.loc	1 1054 13 is_stmt 1             @ ../../../../../Library/StdDriver/src/crypto.c:1054:13
	ldr	r1, [sp, #28]
	.loc	1 1054 26 is_stmt 0             @ ../../../../../Library/StdDriver/src/crypto.c:1054:26
	ldr	r2, [sp, #20]
	.loc	1 1054 13                       @ ../../../../../Library/StdDriver/src/crypto.c:1054:13
	lsls	r2, r2, #2
	.loc	1 1054 19                       @ ../../../../../Library/StdDriver/src/crypto.c:1054:19
	adds	r1, r1, r2
	ldr	r2, __arm_cp.23_2
	.loc	1 1054 29                       @ ../../../../../Library/StdDriver/src/crypto.c:1054:29
	str	r0, [r1, r2]
	.loc	1 1055 13 is_stmt 1             @ ../../../../../Library/StdDriver/src/crypto.c:1055:13
	ldr	r1, [sp, #28]
	.loc	1 1055 26 is_stmt 0             @ ../../../../../Library/StdDriver/src/crypto.c:1055:26
	ldr	r2, [sp, #20]
	.loc	1 1055 13                       @ ../../../../../Library/StdDriver/src/crypto.c:1055:13
	lsls	r2, r2, #2
	.loc	1 1055 19                       @ ../../../../../Library/StdDriver/src/crypto.c:1055:19
	adds	r1, r1, r2
	movw	r2, #2128
	.loc	1 1055 29                       @ ../../../../../Library/StdDriver/src/crypto.c:1055:29
	str	r0, [r1, r2]
	.loc	1 1056 13 is_stmt 1             @ ../../../../../Library/StdDriver/src/crypto.c:1056:13
	ldr	r1, [sp, #28]
	.loc	1 1056 25 is_stmt 0             @ ../../../../../Library/StdDriver/src/crypto.c:1056:25
	ldr	r2, [sp, #20]
	.loc	1 1056 13                       @ ../../../../../Library/StdDriver/src/crypto.c:1056:13
	lsls	r2, r2, #2
	.loc	1 1056 19                       @ ../../../../../Library/StdDriver/src/crypto.c:1056:19
	adds	r1, r1, r2
	ldr	r2, __arm_cp.23_7
	.loc	1 1056 28                       @ ../../../../../Library/StdDriver/src/crypto.c:1056:28
	str	r0, [r1, r2]
	.loc	1 1057 9 is_stmt 1              @ ../../../../../Library/StdDriver/src/crypto.c:1057:9
	b	.LBB23_8
.Ltmp210:
.LBB23_8:                               @   in Loop: Header=BB23_6 Depth=1
	.loc	1 1050 29                       @ ../../../../../Library/StdDriver/src/crypto.c:1050:29
	ldr	r0, [sp, #20]
	adds	r0, r0, #1
	str	r0, [sp, #20]
	.loc	1 1050 9 is_stmt 0              @ ../../../../../Library/StdDriver/src/crypto.c:1050:9
	b	.LBB23_6
.Ltmp211:
.LBB23_9:
	.loc	1 1059 17 is_stmt 1             @ ../../../../../Library/StdDriver/src/crypto.c:1059:17
	ldr	r0, __arm_cp.23_0
	str	r0, [sp, #12]                   @ 4-byte Spill
	ldr	r0, [r0]
	.loc	1 1059 25 is_stmt 0             @ ../../../../../Library/StdDriver/src/crypto.c:1059:25
	adds	r0, #8
	.loc	1 1059 29                       @ ../../../../../Library/StdDriver/src/crypto.c:1059:29
	ldr	r1, [sp, #28]
	ldr	r2, __arm_cp.23_1
	.loc	1 1059 35                       @ ../../../../../Library/StdDriver/src/crypto.c:1059:35
	adds	r1, r1, r2
	.loc	1 1059 9                        @ ../../../../../Library/StdDriver/src/crypto.c:1059:9
	bl	Hex2Reg
	ldr	r0, [sp, #12]                   @ 4-byte Reload
	.loc	1 1060 17 is_stmt 1             @ ../../../../../Library/StdDriver/src/crypto.c:1060:17
	ldr	r0, [r0]
	.loc	1 1060 25 is_stmt 0             @ ../../../../../Library/StdDriver/src/crypto.c:1060:25
	adds	r0, #152
	.loc	1 1060 29                       @ ../../../../../Library/StdDriver/src/crypto.c:1060:29
	ldr	r1, [sp, #28]
	movw	r2, #2416
	.loc	1 1060 35                       @ ../../../../../Library/StdDriver/src/crypto.c:1060:35
	adds	r1, r1, r2
	.loc	1 1060 9                        @ ../../../../../Library/StdDriver/src/crypto.c:1060:9
	bl	Hex2Reg
	ldr	r0, [sp, #12]                   @ 4-byte Reload
	.loc	1 1061 17 is_stmt 1             @ ../../../../../Library/StdDriver/src/crypto.c:1061:17
	ldr	r0, [r0]
	movw	r1, #296
	.loc	1 1061 25 is_stmt 0             @ ../../../../../Library/StdDriver/src/crypto.c:1061:25
	adds	r0, r0, r1
	.loc	1 1061 29                       @ ../../../../../Library/StdDriver/src/crypto.c:1061:29
	ldr	r1, [sp, #28]
	ldr	r2, __arm_cp.23_2
	.loc	1 1061 35                       @ ../../../../../Library/StdDriver/src/crypto.c:1061:35
	adds	r1, r1, r2
	.loc	1 1061 9                        @ ../../../../../Library/StdDriver/src/crypto.c:1061:9
	bl	Hex2Reg
	ldr	r0, [sp, #12]                   @ 4-byte Reload
	.loc	1 1062 17 is_stmt 1             @ ../../../../../Library/StdDriver/src/crypto.c:1062:17
	ldr	r0, [r0]
	movw	r1, #440
	.loc	1 1062 25 is_stmt 0             @ ../../../../../Library/StdDriver/src/crypto.c:1062:25
	adds	r0, r0, r1
	.loc	1 1062 29                       @ ../../../../../Library/StdDriver/src/crypto.c:1062:29
	ldr	r1, [sp, #28]
	movw	r2, #2128
	.loc	1 1062 35                       @ ../../../../../Library/StdDriver/src/crypto.c:1062:35
	adds	r1, r1, r2
	.loc	1 1062 9                        @ ../../../../../Library/StdDriver/src/crypto.c:1062:9
	bl	Hex2Reg
	.loc	1 1064 9 is_stmt 1              @ ../../../../../Library/StdDriver/src/crypto.c:1064:9
	b	.LBB23_10
.LBB23_10:
.Ltmp212:
	.loc	1 1064 9 is_stmt 0              @ ../../../../../Library/StdDriver/src/crypto.c:1064:9
	b	.LBB23_11
.Ltmp213:
.LBB23_11:
	.loc	1 1065 42 is_stmt 1             @ ../../../../../Library/StdDriver/src/crypto.c:1065:42
	ldr	r0, [sp, #28]
	ldr	r1, __arm_cp.23_1
	.loc	1 1065 48 is_stmt 0             @ ../../../../../Library/StdDriver/src/crypto.c:1065:48
	adds	r1, r0, r1
	.loc	1 1065 9                        @ ../../../../../Library/StdDriver/src/crypto.c:1065:9
	ldr	r0, __arm_cp.23_3
	movs	r2, #10
	str	r2, [sp, #8]                    @ 4-byte Spill
	bl	dump_ecc_reg
	ldr	r2, [sp, #8]                    @ 4-byte Reload
	.loc	1 1066 42 is_stmt 1             @ ../../../../../Library/StdDriver/src/crypto.c:1066:42
	ldr	r0, [sp, #28]
	movw	r1, #2416
	.loc	1 1066 48 is_stmt 0             @ ../../../../../Library/StdDriver/src/crypto.c:1066:48
	adds	r1, r0, r1
	.loc	1 1066 9                        @ ../../../../../Library/StdDriver/src/crypto.c:1066:9
	ldr	r0, __arm_cp.23_4
	bl	dump_ecc_reg
	ldr	r2, [sp, #8]                    @ 4-byte Reload
	.loc	1 1067 43 is_stmt 1             @ ../../../../../Library/StdDriver/src/crypto.c:1067:43
	ldr	r0, [sp, #28]
	ldr	r1, __arm_cp.23_2
	.loc	1 1067 49 is_stmt 0             @ ../../../../../Library/StdDriver/src/crypto.c:1067:49
	adds	r1, r0, r1
	.loc	1 1067 9                        @ ../../../../../Library/StdDriver/src/crypto.c:1067:9
	ldr	r0, __arm_cp.23_5
	bl	dump_ecc_reg
	ldr	r2, [sp, #8]                    @ 4-byte Reload
	.loc	1 1068 43 is_stmt 1             @ ../../../../../Library/StdDriver/src/crypto.c:1068:43
	ldr	r0, [sp, #28]
	movw	r1, #2128
	.loc	1 1068 49 is_stmt 0             @ ../../../../../Library/StdDriver/src/crypto.c:1068:49
	adds	r1, r0, r1
	.loc	1 1068 9                        @ ../../../../../Library/StdDriver/src/crypto.c:1068:9
	ldr	r0, __arm_cp.23_6
	bl	dump_ecc_reg
.Ltmp214:
	.loc	1 1070 12 is_stmt 1             @ ../../../../../Library/StdDriver/src/crypto.c:1070:12
	ldr	r0, __arm_cp.23_0
	ldr	r0, [r0]
	movw	r1, #960
	.loc	1 1070 20 is_stmt 0             @ ../../../../../Library/StdDriver/src/crypto.c:1070:20
	ldr	r0, [r0, r1]
.Ltmp215:
	.loc	1 1070 12                       @ ../../../../../Library/StdDriver/src/crypto.c:1070:12
	cmp	r0, #1
	bne	.LBB23_13
	b	.LBB23_12
.LBB23_12:
.Ltmp216:
	.loc	1 1072 13 is_stmt 1             @ ../../../../../Library/StdDriver/src/crypto.c:1072:13
	ldr	r0, [sp, #28]
	ldr	r2, __arm_cp.23_7
	str	r2, [sp, #4]                    @ 4-byte Spill
	movs	r3, #1
	.loc	1 1072 28 is_stmt 0             @ ../../../../../Library/StdDriver/src/crypto.c:1072:28
	str	r3, [r0, r2]
	.loc	1 1073 62 is_stmt 1             @ ../../../../../Library/StdDriver/src/crypto.c:1073:62
	ldr	r0, __arm_cp.23_0
	ldr	r1, [r0]
	movw	r4, #944
	.loc	1 1073 70 is_stmt 0             @ ../../../../../Library/StdDriver/src/crypto.c:1073:70
	ldr	r1, [r1, r4]
	.loc	1 1073 43                       @ ../../../../../Library/StdDriver/src/crypto.c:1073:43
	asrs	r4, r1, #31
	lsrs	r4, r4, #27
	adds	r4, r1, r4
	movs	r5, #31
	mvns	r5, r5
	mov	r6, r4
	ands	r6, r5
	subs	r1, r1, r6
	.loc	1 1073 57                       @ ../../../../../Library/StdDriver/src/crypto.c:1073:57
	mov	r6, r3
	lsls	r6, r1
	.loc	1 1073 13                       @ ../../../../../Library/StdDriver/src/crypto.c:1073:13
	ldr	r1, [sp, #28]
	.loc	1 1073 43                       @ ../../../../../Library/StdDriver/src/crypto.c:1073:43
	asrs	r4, r4, #5
	.loc	1 1073 13                       @ ../../../../../Library/StdDriver/src/crypto.c:1073:13
	lsls	r4, r4, #2
	.loc	1 1073 19                       @ ../../../../../Library/StdDriver/src/crypto.c:1073:19
	adds	r4, r1, r4
	.loc	1 1073 49                       @ ../../../../../Library/StdDriver/src/crypto.c:1073:49
	ldr	r1, [r4, r2]
	orrs	r1, r6
	str	r1, [r4, r2]
	.loc	1 1074 69 is_stmt 1             @ ../../../../../Library/StdDriver/src/crypto.c:1074:69
	ldr	r1, [r0]
	movw	r4, #948
	.loc	1 1074 77 is_stmt 0             @ ../../../../../Library/StdDriver/src/crypto.c:1074:77
	ldr	r1, [r1, r4]
	.loc	1 1074 50                       @ ../../../../../Library/StdDriver/src/crypto.c:1074:50
	asrs	r4, r1, #31
	lsrs	r4, r4, #27
	adds	r4, r1, r4
	mov	r6, r4
	ands	r6, r5
	subs	r1, r1, r6
	.loc	1 1074 64                       @ ../../../../../Library/StdDriver/src/crypto.c:1074:64
	mov	r6, r3
	lsls	r6, r1
	.loc	1 1074 13                       @ ../../../../../Library/StdDriver/src/crypto.c:1074:13
	ldr	r1, [sp, #28]
	.loc	1 1074 50                       @ ../../../../../Library/StdDriver/src/crypto.c:1074:50
	asrs	r4, r4, #5
	.loc	1 1074 13                       @ ../../../../../Library/StdDriver/src/crypto.c:1074:13
	lsls	r4, r4, #2
	.loc	1 1074 19                       @ ../../../../../Library/StdDriver/src/crypto.c:1074:19
	adds	r4, r1, r4
	.loc	1 1074 56                       @ ../../../../../Library/StdDriver/src/crypto.c:1074:56
	ldr	r1, [r4, r2]
	orrs	r1, r6
	str	r1, [r4, r2]
	.loc	1 1075 69 is_stmt 1             @ ../../../../../Library/StdDriver/src/crypto.c:1075:69
	ldr	r1, [r0]
	movw	r4, #952
	.loc	1 1075 77 is_stmt 0             @ ../../../../../Library/StdDriver/src/crypto.c:1075:77
	ldr	r1, [r1, r4]
	.loc	1 1075 50                       @ ../../../../../Library/StdDriver/src/crypto.c:1075:50
	asrs	r4, r1, #31
	lsrs	r4, r4, #27
	adds	r4, r1, r4
	mov	r6, r4
	ands	r6, r5
	subs	r1, r1, r6
	.loc	1 1075 64                       @ ../../../../../Library/StdDriver/src/crypto.c:1075:64
	mov	r6, r3
	lsls	r6, r1
	.loc	1 1075 13                       @ ../../../../../Library/StdDriver/src/crypto.c:1075:13
	ldr	r1, [sp, #28]
	.loc	1 1075 50                       @ ../../../../../Library/StdDriver/src/crypto.c:1075:50
	asrs	r4, r4, #5
	.loc	1 1075 13                       @ ../../../../../Library/StdDriver/src/crypto.c:1075:13
	lsls	r4, r4, #2
	.loc	1 1075 19                       @ ../../../../../Library/StdDriver/src/crypto.c:1075:19
	adds	r4, r1, r4
	.loc	1 1075 56                       @ ../../../../../Library/StdDriver/src/crypto.c:1075:56
	ldr	r1, [r4, r2]
	orrs	r1, r6
	str	r1, [r4, r2]
	.loc	1 1076 69 is_stmt 1             @ ../../../../../Library/StdDriver/src/crypto.c:1076:69
	ldr	r0, [r0]
	movw	r1, #956
	.loc	1 1076 77 is_stmt 0             @ ../../../../../Library/StdDriver/src/crypto.c:1076:77
	ldr	r0, [r0, r1]
	.loc	1 1076 50                       @ ../../../../../Library/StdDriver/src/crypto.c:1076:50
	asrs	r1, r0, #31
	lsrs	r1, r1, #27
	adds	r1, r0, r1
	mov	r4, r1
	ands	r4, r5
	subs	r0, r0, r4
	.loc	1 1076 64                       @ ../../../../../Library/StdDriver/src/crypto.c:1076:64
	lsls	r3, r0
	.loc	1 1076 13                       @ ../../../../../Library/StdDriver/src/crypto.c:1076:13
	ldr	r0, [sp, #28]
	.loc	1 1076 50                       @ ../../../../../Library/StdDriver/src/crypto.c:1076:50
	asrs	r1, r1, #5
	.loc	1 1076 13                       @ ../../../../../Library/StdDriver/src/crypto.c:1076:13
	lsls	r1, r1, #2
	.loc	1 1076 19                       @ ../../../../../Library/StdDriver/src/crypto.c:1076:19
	adds	r1, r0, r1
	.loc	1 1076 56                       @ ../../../../../Library/StdDriver/src/crypto.c:1076:56
	ldr	r0, [r1, r2]
	orrs	r0, r3
	str	r0, [r1, r2]
	.loc	1 1077 9 is_stmt 1              @ ../../../../../Library/StdDriver/src/crypto.c:1077:9
	b	.LBB23_14
.Ltmp217:
.LBB23_13:
	.loc	1 1080 21                       @ ../../../../../Library/StdDriver/src/crypto.c:1080:21
	ldr	r0, __arm_cp.23_0
	ldr	r0, [r0]
	movw	r1, #588
	.loc	1 1080 29 is_stmt 0             @ ../../../../../Library/StdDriver/src/crypto.c:1080:29
	adds	r0, r0, r1
	.loc	1 1080 33                       @ ../../../../../Library/StdDriver/src/crypto.c:1080:33
	ldr	r1, [sp, #28]
	ldr	r2, __arm_cp.23_7
	.loc	1 1080 39                       @ ../../../../../Library/StdDriver/src/crypto.c:1080:39
	adds	r1, r1, r2
	.loc	1 1080 13                       @ ../../../../../Library/StdDriver/src/crypto.c:1080:13
	bl	Hex2Reg
	b	.LBB23_14
.Ltmp218:
.LBB23_14:
	.loc	1 1082 5 is_stmt 1              @ ../../../../../Library/StdDriver/src/crypto.c:1082:5
	b	.LBB23_15
.Ltmp219:
.LBB23_15:
	.loc	1 1083 38                       @ ../../../../../Library/StdDriver/src/crypto.c:1083:38
	ldr	r0, [sp, #28]
	ldr	r1, __arm_cp.23_7
	.loc	1 1083 44 is_stmt 0             @ ../../../../../Library/StdDriver/src/crypto.c:1083:44
	adds	r1, r0, r1
	.loc	1 1083 5                        @ ../../../../../Library/StdDriver/src/crypto.c:1083:5
	ldr	r0, __arm_cp.23_8
	movs	r2, #10
	bl	dump_ecc_reg
	.loc	1 1084 12 is_stmt 1             @ ../../../../../Library/StdDriver/src/crypto.c:1084:12
	ldr	r0, [sp, #16]
	.loc	1 1084 5 is_stmt 0              @ ../../../../../Library/StdDriver/src/crypto.c:1084:5
	add	sp, #32
	pop	{r4, r5, r6, pc}
.Ltmp220:
	.p2align	2
@ %bb.16:
	.loc	1 0 5                           @ ../../../../../Library/StdDriver/src/crypto.c:0:5
__arm_cp.23_0:
	.long	pCurve
.Lcpi_end13:
	.size	__arm_cp.23_0, .Lcpi_end13-__arm_cp.23_0
__arm_cp.23_1:
	.long	2344                            @ 0x928
.Lcpi_end14:
	.size	__arm_cp.23_1, .Lcpi_end14-__arm_cp.23_1
__arm_cp.23_2:
	.long	2056                            @ 0x808
.Lcpi_end15:
	.size	__arm_cp.23_2, .Lcpi_end15-__arm_cp.23_2
__arm_cp.23_3:
	.long	.L.str.2
.Lcpi_end16:
	.size	__arm_cp.23_3, .Lcpi_end16-__arm_cp.23_3
__arm_cp.23_4:
	.long	.L.str.3
.Lcpi_end17:
	.size	__arm_cp.23_4, .Lcpi_end17-__arm_cp.23_4
__arm_cp.23_5:
	.long	.L.str.4
.Lcpi_end18:
	.size	__arm_cp.23_5, .Lcpi_end18-__arm_cp.23_5
__arm_cp.23_6:
	.long	.L.str.5
.Lcpi_end19:
	.size	__arm_cp.23_6, .Lcpi_end19-__arm_cp.23_6
__arm_cp.23_7:
	.long	2488                            @ 0x9b8
.Lcpi_end20:
	.size	__arm_cp.23_7, .Lcpi_end20-__arm_cp.23_7
__arm_cp.23_8:
	.long	.L.str.6
.Lcpi_end21:
	.size	__arm_cp.23_8, .Lcpi_end21-__arm_cp.23_8
.Lfunc_end23:
	.size	ecc_init_curve, .Lfunc_end23-ecc_init_curve
	.cfi_endproc
	.fnend
                                        @ -- End function
	.section	.text.clean_reg,"ax",%progbits
	.p2align	1                               @ -- Begin function clean_reg
	.type	clean_reg,%function
	.code	16                              @ @clean_reg
	.thumb_func
clean_reg:
.Lfunc_begin24:
	.loc	1 1027 0 is_stmt 1              @ ../../../../../Library/StdDriver/src/crypto.c:1027:0
	.fnstart
	.cfi_startproc
@ %bb.0:
	.pad	#8
	sub	sp, #8
	.cfi_def_cfa_offset 8
	str	r0, [sp, #4]
	movs	r0, #0
.Ltmp221:
	.loc	1 1030 11 prologue_end          @ ../../../../../Library/StdDriver/src/crypto.c:1030:11
	str	r0, [sp]
	.loc	1 1030 9 is_stmt 0              @ ../../../../../Library/StdDriver/src/crypto.c:1030:9
	b	.LBB24_1
.LBB24_1:                               @ =>This Inner Loop Header: Depth=1
.Ltmp222:
	.loc	1 1030 16                       @ ../../../../../Library/StdDriver/src/crypto.c:1030:16
	ldr	r0, [sp]
.Ltmp223:
	.loc	1 1030 5                        @ ../../../../../Library/StdDriver/src/crypto.c:1030:5
	cmp	r0, #17
	bgt	.LBB24_4
	b	.LBB24_2
.LBB24_2:                               @   in Loop: Header=BB24_1 Depth=1
.Ltmp224:
	.loc	1 1032 9 is_stmt 1              @ ../../../../../Library/StdDriver/src/crypto.c:1032:9
	ldr	r1, [sp, #4]
	.loc	1 1032 13 is_stmt 0             @ ../../../../../Library/StdDriver/src/crypto.c:1032:13
	ldr	r0, [sp]
	.loc	1 1032 9                        @ ../../../../../Library/StdDriver/src/crypto.c:1032:9
	lsls	r2, r0, #2
	movs	r0, #0
	.loc	1 1032 16                       @ ../../../../../Library/StdDriver/src/crypto.c:1032:16
	str	r0, [r1, r2]
	.loc	1 1033 5 is_stmt 1              @ ../../../../../Library/StdDriver/src/crypto.c:1033:5
	b	.LBB24_3
.Ltmp225:
.LBB24_3:                               @   in Loop: Header=BB24_1 Depth=1
	.loc	1 1030 25                       @ ../../../../../Library/StdDriver/src/crypto.c:1030:25
	ldr	r0, [sp]
	adds	r0, r0, #1
	str	r0, [sp]
	.loc	1 1030 5 is_stmt 0              @ ../../../../../Library/StdDriver/src/crypto.c:1030:5
	b	.LBB24_1
.Ltmp226:
.LBB24_4:
	.loc	1 1034 1 is_stmt 1              @ ../../../../../Library/StdDriver/src/crypto.c:1034:1
	add	sp, #8
	bx	lr
.Ltmp227:
.Lfunc_end24:
	.size	clean_reg, .Lfunc_end24-clean_reg
	.cfi_endproc
	.cantunwind
	.fnend
                                        @ -- End function
	.section	.text.ECC_GeneratePublicKey_KS,"ax",%progbits
	.hidden	ECC_GeneratePublicKey_KS        @ -- Begin function ECC_GeneratePublicKey_KS
	.globl	ECC_GeneratePublicKey_KS
	.p2align	2
	.type	ECC_GeneratePublicKey_KS,%function
	.code	16                              @ @ECC_GeneratePublicKey_KS
	.thumb_func
ECC_GeneratePublicKey_KS:
.Lfunc_begin25:
	.loc	1 1237 0                        @ ../../../../../Library/StdDriver/src/crypto.c:1237:0
	.fnstart
	.cfi_startproc
@ %bb.0:
	.save	{r4, lr}
	push	{r4, lr}
	.cfi_def_cfa_offset 8
	.cfi_offset lr, -4
	.cfi_offset r4, -8
	.pad	#32
	sub	sp, #32
	.cfi_def_cfa_offset 40
	ldr	r4, [sp, #48]
	ldr	r4, [sp, #44]
	ldr	r4, [sp, #40]
	str	r0, [sp, #28]
	str	r1, [sp, #24]
	str	r2, [sp, #20]
	str	r3, [sp, #16]
	movs	r0, #0
.Ltmp228:
	.loc	1 1238 14 prologue_end          @ ../../../../../Library/StdDriver/src/crypto.c:1238:14
	str	r0, [sp, #12]
.Ltmp229:
	.loc	1 1240 23                       @ ../../../../../Library/StdDriver/src/crypto.c:1240:23
	ldr	r0, [sp, #28]
	.loc	1 1240 29 is_stmt 0             @ ../../../../../Library/StdDriver/src/crypto.c:1240:29
	ldr	r1, [sp, #24]
	.loc	1 1240 8                        @ ../../../../../Library/StdDriver/src/crypto.c:1240:8
	bl	ecc_init_curve
.Ltmp230:
	.loc	1 1240 8                        @ ../../../../../Library/StdDriver/src/crypto.c:1240:8
	cbz	r0, .LBB25_2
	b	.LBB25_1
.LBB25_1:
	.loc	1 0 8                           @ ../../../../../Library/StdDriver/src/crypto.c:0:8
	movs	r0, #1
	mvns	r0, r0
.Ltmp231:
	.loc	1 1242 13 is_stmt 1             @ ../../../../../Library/StdDriver/src/crypto.c:1242:13
	str	r0, [sp, #12]
	.loc	1 1243 5                        @ ../../../../../Library/StdDriver/src/crypto.c:1243:5
	b	.LBB25_2
.Ltmp232:
.LBB25_2:
	.loc	1 1245 8                        @ ../../../../../Library/StdDriver/src/crypto.c:1245:8
	ldr	r0, [sp, #12]
.Ltmp233:
	.loc	1 1245 8 is_stmt 0              @ ../../../../../Library/StdDriver/src/crypto.c:1245:8
	cmp	r0, #0
	bne	.LBB25_13
	b	.LBB25_3
.LBB25_3:
.Ltmp234:
	.loc	1 1249 38 is_stmt 1             @ ../../../../../Library/StdDriver/src/crypto.c:1249:38
	ldr	r0, [sp, #20]
	.loc	1 1249 42 is_stmt 0             @ ../../../../../Library/StdDriver/src/crypto.c:1249:42
	lsls	r0, r0, #6
	.loc	1 1251 27 is_stmt 1             @ ../../../../../Library/StdDriver/src/crypto.c:1251:27
	ldr	r1, [sp, #48]
	.loc	1 1249 68                       @ ../../../../../Library/StdDriver/src/crypto.c:1249:68
	orrs	r0, r1
	.loc	1 1252 37                       @ ../../../../../Library/StdDriver/src/crypto.c:1252:37
	ldr	r1, [sp, #16]
	.loc	1 1250 71                       @ ../../../../../Library/StdDriver/src/crypto.c:1250:71
	orrs	r0, r1
	movs	r1, #32
	.loc	1 1251 38                       @ ../../../../../Library/StdDriver/src/crypto.c:1251:38
	orrs	r0, r1
	.loc	1 1249 9                        @ ../../../../../Library/StdDriver/src/crypto.c:1249:9
	ldr	r1, [sp, #28]
	movw	r2, #3904
	.loc	1 1249 25 is_stmt 0             @ ../../../../../Library/StdDriver/src/crypto.c:1249:25
	str	r0, [r1, r2]
.Ltmp235:
	.loc	1 1255 12 is_stmt 1             @ ../../../../../Library/StdDriver/src/crypto.c:1255:12
	ldr	r0, __arm_cp.25_0
	ldr	r0, [r0]
	movw	r1, #960
	.loc	1 1255 20 is_stmt 0             @ ../../../../../Library/StdDriver/src/crypto.c:1255:20
	ldr	r0, [r0, r1]
.Ltmp236:
	.loc	1 1255 12                       @ ../../../../../Library/StdDriver/src/crypto.c:1255:12
	cmp	r0, #1
	bne	.LBB25_5
	b	.LBB25_4
.LBB25_4:
.Ltmp237:
	.loc	1 1257 13 is_stmt 1             @ ../../../../../Library/StdDriver/src/crypto.c:1257:13
	ldr	r1, [sp, #28]
	movw	r2, #2048
	movs	r0, #0
	.loc	1 1257 27 is_stmt 0             @ ../../../../../Library/StdDriver/src/crypto.c:1257:27
	str	r0, [r1, r2]
	.loc	1 1258 9 is_stmt 1              @ ../../../../../Library/StdDriver/src/crypto.c:1258:9
	b	.LBB25_6
.Ltmp238:
.LBB25_5:
	.loc	1 1261 13                       @ ../../../../../Library/StdDriver/src/crypto.c:1261:13
	ldr	r1, [sp, #28]
	movw	r2, #2048
	movw	r0, #256
	.loc	1 1261 27 is_stmt 0             @ ../../../../../Library/StdDriver/src/crypto.c:1261:27
	str	r0, [r1, r2]
	b	.LBB25_6
.Ltmp239:
.LBB25_6:
	.loc	1 1264 36 is_stmt 1             @ ../../../../../Library/StdDriver/src/crypto.c:1264:36
	ldr	r1, __arm_cp.25_1
	movs	r0, #0
	str	r0, [r1]
	.loc	1 1264 20 is_stmt 0             @ ../../../../../Library/StdDriver/src/crypto.c:1264:20
	ldr	r1, __arm_cp.25_2
	str	r0, [r1]
	.loc	1 1265 37 is_stmt 1             @ ../../../../../Library/StdDriver/src/crypto.c:1265:37
	ldr	r0, __arm_cp.25_0
	ldr	r0, [r0]
	movw	r1, #944
	.loc	1 1265 45 is_stmt 0             @ ../../../../../Library/StdDriver/src/crypto.c:1265:45
	ldr	r0, [r0, r1]
	.loc	1 1265 53                       @ ../../../../../Library/StdDriver/src/crypto.c:1265:53
	lsls	r0, r0, #22
	.loc	1 1265 9                        @ ../../../../../Library/StdDriver/src/crypto.c:1265:9
	ldr	r1, [sp, #28]
	movw	r2, #2048
	.loc	1 1265 23                       @ ../../../../../Library/StdDriver/src/crypto.c:1265:23
	ldr	r3, [r1, r2]
	.loc	1 1266 42 is_stmt 1             @ ../../../../../Library/StdDriver/src/crypto.c:1266:42
	orrs	r0, r3
	movs	r3, #1
	.loc	1 1265 23                       @ ../../../../../Library/StdDriver/src/crypto.c:1265:23
	orrs	r0, r3
	str	r0, [r1, r2]
	.loc	1 1268 25                       @ ../../../../../Library/StdDriver/src/crypto.c:1268:25
	ldr	r0, __arm_cp.25_3
	ldr	r0, [r0]
	.loc	1 1268 23 is_stmt 0             @ ../../../../../Library/StdDriver/src/crypto.c:1268:23
	str	r0, [sp, #8]
	.loc	1 1269 9 is_stmt 1              @ ../../../../../Library/StdDriver/src/crypto.c:1269:9
	b	.LBB25_7
.LBB25_7:                               @ =>This Inner Loop Header: Depth=1
	.loc	1 1269 15 is_stmt 0             @ ../../../../../Library/StdDriver/src/crypto.c:1269:15
	ldr	r0, __arm_cp.25_2
	ldr	r0, [r0]
	.loc	1 1269 9                        @ ../../../../../Library/StdDriver/src/crypto.c:1269:9
	cbnz	r0, .LBB25_12
	b	.LBB25_8
.LBB25_8:                               @   in Loop: Header=BB25_7 Depth=1
.Ltmp240:
	.loc	1 1271 31 is_stmt 1             @ ../../../../../Library/StdDriver/src/crypto.c:1271:31
	ldr	r0, [sp, #8]
	subs	r1, r0, #1
	str	r1, [sp, #8]
	.loc	1 1271 40 is_stmt 0             @ ../../../../../Library/StdDriver/src/crypto.c:1271:40
	cmp	r0, #1
	blt	.LBB25_10
	b	.LBB25_9
.LBB25_9:                               @   in Loop: Header=BB25_7 Depth=1
	.loc	1 1271 43                       @ ../../../../../Library/StdDriver/src/crypto.c:1271:43
	ldr	r0, __arm_cp.25_1
	ldr	r0, [r0]
.Ltmp241:
	.loc	1 1271 17                       @ ../../../../../Library/StdDriver/src/crypto.c:1271:17
	cbz	r0, .LBB25_11
	b	.LBB25_10
.LBB25_10:
	.loc	1 0 17                          @ ../../../../../Library/StdDriver/src/crypto.c:0:17
	movs	r0, #0
	mvns	r0, r0
.Ltmp242:
	.loc	1 1273 21 is_stmt 1             @ ../../../../../Library/StdDriver/src/crypto.c:1273:21
	str	r0, [sp, #12]
	.loc	1 1274 17                       @ ../../../../../Library/StdDriver/src/crypto.c:1274:17
	b	.LBB25_12
.Ltmp243:
.LBB25_11:                              @   in Loop: Header=BB25_7 Depth=1
	.loc	1 1269 9                        @ ../../../../../Library/StdDriver/src/crypto.c:1269:9
	b	.LBB25_7
.LBB25_12:
	.loc	1 1277 5                        @ ../../../../../Library/StdDriver/src/crypto.c:1277:5
	b	.LBB25_13
.Ltmp244:
.LBB25_13:
	.loc	1 1279 8                        @ ../../../../../Library/StdDriver/src/crypto.c:1279:8
	ldr	r0, [sp, #12]
.Ltmp245:
	.loc	1 1279 8 is_stmt 0              @ ../../../../../Library/StdDriver/src/crypto.c:1279:8
	cbnz	r0, .LBB25_15
	b	.LBB25_14
.LBB25_14:
.Ltmp246:
	.loc	1 1281 17 is_stmt 1             @ ../../../../../Library/StdDriver/src/crypto.c:1281:17
	ldr	r0, __arm_cp.25_0
	str	r0, [sp, #4]                    @ 4-byte Spill
	ldr	r0, [r0]
	.loc	1 1281 25 is_stmt 0             @ ../../../../../Library/StdDriver/src/crypto.c:1281:25
	ldr	r0, [r0, #4]
	.loc	1 1281 32                       @ ../../../../../Library/StdDriver/src/crypto.c:1281:32
	ldr	r1, [sp, #28]
	ldr	r2, __arm_cp.25_4
	.loc	1 1281 38                       @ ../../../../../Library/StdDriver/src/crypto.c:1281:38
	adds	r1, r1, r2
	.loc	1 1281 46                       @ ../../../../../Library/StdDriver/src/crypto.c:1281:46
	ldr	r2, [sp, #40]
	.loc	1 1281 9                        @ ../../../../../Library/StdDriver/src/crypto.c:1281:9
	bl	Reg2Hex
	ldr	r0, [sp, #4]                    @ 4-byte Reload
	.loc	1 1282 17 is_stmt 1             @ ../../../../../Library/StdDriver/src/crypto.c:1282:17
	ldr	r0, [r0]
	.loc	1 1282 25 is_stmt 0             @ ../../../../../Library/StdDriver/src/crypto.c:1282:25
	ldr	r0, [r0, #4]
	.loc	1 1282 32                       @ ../../../../../Library/StdDriver/src/crypto.c:1282:32
	ldr	r1, [sp, #28]
	movw	r2, #2128
	.loc	1 1282 38                       @ ../../../../../Library/StdDriver/src/crypto.c:1282:38
	adds	r1, r1, r2
	.loc	1 1282 46                       @ ../../../../../Library/StdDriver/src/crypto.c:1282:46
	ldr	r2, [sp, #44]
	.loc	1 1282 9                        @ ../../../../../Library/StdDriver/src/crypto.c:1282:9
	bl	Reg2Hex
	.loc	1 1283 5 is_stmt 1              @ ../../../../../Library/StdDriver/src/crypto.c:1283:5
	b	.LBB25_15
.Ltmp247:
.LBB25_15:
	.loc	1 1285 12                       @ ../../../../../Library/StdDriver/src/crypto.c:1285:12
	ldr	r0, [sp, #12]
	.loc	1 1285 5 is_stmt 0              @ ../../../../../Library/StdDriver/src/crypto.c:1285:5
	add	sp, #32
	pop	{r4, pc}
.Ltmp248:
	.p2align	2
@ %bb.16:
	.loc	1 0 5                           @ ../../../../../Library/StdDriver/src/crypto.c:0:5
__arm_cp.25_0:
	.long	pCurve
.Lcpi_end22:
	.size	__arm_cp.25_0, .Lcpi_end22-__arm_cp.25_0
__arm_cp.25_1:
	.long	g_ECCERR_done
.Lcpi_end23:
	.size	__arm_cp.25_1, .Lcpi_end23-__arm_cp.25_1
__arm_cp.25_2:
	.long	g_ECC_done
.Lcpi_end24:
	.size	__arm_cp.25_2, .Lcpi_end24-__arm_cp.25_2
__arm_cp.25_3:
	.long	SystemCoreClock
.Lcpi_end25:
	.size	__arm_cp.25_3, .Lcpi_end25-__arm_cp.25_3
__arm_cp.25_4:
	.long	2056                            @ 0x808
.Lcpi_end26:
	.size	__arm_cp.25_4, .Lcpi_end26-__arm_cp.25_4
.Lfunc_end25:
	.size	ECC_GeneratePublicKey_KS, .Lfunc_end25-ECC_GeneratePublicKey_KS
	.cfi_endproc
	.fnend
                                        @ -- End function
	.section	.text.ECC_Mutiply,"ax",%progbits
	.hidden	ECC_Mutiply                     @ -- Begin function ECC_Mutiply
	.globl	ECC_Mutiply
	.p2align	2
	.type	ECC_Mutiply,%function
	.code	16                              @ @ECC_Mutiply
	.thumb_func
ECC_Mutiply:
.Lfunc_begin26:
	.loc	1 1302 0 is_stmt 1              @ ../../../../../Library/StdDriver/src/crypto.c:1302:0
	.fnstart
	.cfi_startproc
@ %bb.0:
	.save	{r4, lr}
	push	{r4, lr}
	.cfi_def_cfa_offset 8
	.cfi_offset lr, -4
	.cfi_offset r4, -8
	.pad	#32
	sub	sp, #32
	.cfi_def_cfa_offset 40
	ldr	r4, [sp, #48]
	ldr	r4, [sp, #44]
	ldr	r4, [sp, #40]
	str	r0, [sp, #28]
	str	r1, [sp, #24]
	str	r2, [sp, #20]
	str	r3, [sp, #16]
	movs	r0, #0
.Ltmp249:
	.loc	1 1303 17 prologue_end          @ ../../../../../Library/StdDriver/src/crypto.c:1303:17
	str	r0, [sp, #8]
.Ltmp250:
	.loc	1 1305 23                       @ ../../../../../Library/StdDriver/src/crypto.c:1305:23
	ldr	r0, [sp, #28]
	.loc	1 1305 29 is_stmt 0             @ ../../../../../Library/StdDriver/src/crypto.c:1305:29
	ldr	r1, [sp, #24]
	.loc	1 1305 8                        @ ../../../../../Library/StdDriver/src/crypto.c:1305:8
	bl	ecc_init_curve
.Ltmp251:
	.loc	1 1305 8                        @ ../../../../../Library/StdDriver/src/crypto.c:1305:8
	cbz	r0, .LBB26_2
	b	.LBB26_1
.LBB26_1:
	.loc	1 0 8                           @ ../../../../../Library/StdDriver/src/crypto.c:0:8
	movs	r0, #1
	mvns	r0, r0
.Ltmp252:
	.loc	1 1307 13 is_stmt 1             @ ../../../../../Library/StdDriver/src/crypto.c:1307:13
	str	r0, [sp, #8]
	.loc	1 1308 5                        @ ../../../../../Library/StdDriver/src/crypto.c:1308:5
	b	.LBB26_2
.Ltmp253:
.LBB26_2:
	.loc	1 1310 8                        @ ../../../../../Library/StdDriver/src/crypto.c:1310:8
	ldr	r0, [sp, #8]
.Ltmp254:
	.loc	1 1310 8 is_stmt 0              @ ../../../../../Library/StdDriver/src/crypto.c:1310:8
	cbz	r0, .LBB26_3
	b	.LBB26_21
.LBB26_3:
	.loc	1 0 8                           @ ../../../../../Library/StdDriver/src/crypto.c:0:8
	movs	r0, #0
.Ltmp255:
	.loc	1 1312 15 is_stmt 1             @ ../../../../../Library/StdDriver/src/crypto.c:1312:15
	str	r0, [sp, #12]
	.loc	1 1312 13 is_stmt 0             @ ../../../../../Library/StdDriver/src/crypto.c:1312:13
	b	.LBB26_4
.LBB26_4:                               @ =>This Inner Loop Header: Depth=1
.Ltmp256:
	.loc	1 1312 20                       @ ../../../../../Library/StdDriver/src/crypto.c:1312:20
	ldr	r0, [sp, #12]
.Ltmp257:
	.loc	1 1312 9                        @ ../../../../../Library/StdDriver/src/crypto.c:1312:9
	cmp	r0, #8
	bgt	.LBB26_7
	b	.LBB26_5
.LBB26_5:                               @   in Loop: Header=BB26_4 Depth=1
.Ltmp258:
	.loc	1 1314 13 is_stmt 1             @ ../../../../../Library/StdDriver/src/crypto.c:1314:13
	ldr	r0, [sp, #28]
	.loc	1 1314 26 is_stmt 0             @ ../../../../../Library/StdDriver/src/crypto.c:1314:26
	ldr	r1, [sp, #12]
	.loc	1 1314 13                       @ ../../../../../Library/StdDriver/src/crypto.c:1314:13
	lsls	r1, r1, #2
	.loc	1 1314 19                       @ ../../../../../Library/StdDriver/src/crypto.c:1314:19
	adds	r1, r0, r1
	ldr	r2, __arm_cp.26_0
	movs	r0, #0
	.loc	1 1314 29                       @ ../../../../../Library/StdDriver/src/crypto.c:1314:29
	str	r0, [r1, r2]
	.loc	1 1315 13 is_stmt 1             @ ../../../../../Library/StdDriver/src/crypto.c:1315:13
	ldr	r1, [sp, #28]
	.loc	1 1315 26 is_stmt 0             @ ../../../../../Library/StdDriver/src/crypto.c:1315:26
	ldr	r2, [sp, #12]
	.loc	1 1315 13                       @ ../../../../../Library/StdDriver/src/crypto.c:1315:13
	lsls	r2, r2, #2
	.loc	1 1315 19                       @ ../../../../../Library/StdDriver/src/crypto.c:1315:19
	adds	r1, r1, r2
	movw	r2, #2128
	.loc	1 1315 29                       @ ../../../../../Library/StdDriver/src/crypto.c:1315:29
	str	r0, [r1, r2]
	.loc	1 1316 13 is_stmt 1             @ ../../../../../Library/StdDriver/src/crypto.c:1316:13
	ldr	r1, [sp, #28]
	.loc	1 1316 25 is_stmt 0             @ ../../../../../Library/StdDriver/src/crypto.c:1316:25
	ldr	r2, [sp, #12]
	.loc	1 1316 13                       @ ../../../../../Library/StdDriver/src/crypto.c:1316:13
	lsls	r2, r2, #2
	.loc	1 1316 19                       @ ../../../../../Library/StdDriver/src/crypto.c:1316:19
	adds	r1, r1, r2
	movw	r2, #2560
	.loc	1 1316 28                       @ ../../../../../Library/StdDriver/src/crypto.c:1316:28
	str	r0, [r1, r2]
	.loc	1 1317 9 is_stmt 1              @ ../../../../../Library/StdDriver/src/crypto.c:1317:9
	b	.LBB26_6
.Ltmp259:
.LBB26_6:                               @   in Loop: Header=BB26_4 Depth=1
	.loc	1 1312 28                       @ ../../../../../Library/StdDriver/src/crypto.c:1312:28
	ldr	r0, [sp, #12]
	adds	r0, r0, #1
	str	r0, [sp, #12]
	.loc	1 1312 9 is_stmt 0              @ ../../../../../Library/StdDriver/src/crypto.c:1312:9
	b	.LBB26_4
.Ltmp260:
.LBB26_7:
	.loc	1 1319 17 is_stmt 1             @ ../../../../../Library/StdDriver/src/crypto.c:1319:17
	ldr	r0, [sp, #20]
	.loc	1 1319 21 is_stmt 0             @ ../../../../../Library/StdDriver/src/crypto.c:1319:21
	ldr	r1, [sp, #28]
	ldr	r2, __arm_cp.26_0
	.loc	1 1319 27                       @ ../../../../../Library/StdDriver/src/crypto.c:1319:27
	adds	r1, r1, r2
	.loc	1 1319 9                        @ ../../../../../Library/StdDriver/src/crypto.c:1319:9
	bl	Hex2Reg
	.loc	1 1320 17 is_stmt 1             @ ../../../../../Library/StdDriver/src/crypto.c:1320:17
	ldr	r0, [sp, #16]
	.loc	1 1320 21 is_stmt 0             @ ../../../../../Library/StdDriver/src/crypto.c:1320:21
	ldr	r1, [sp, #28]
	movw	r2, #2128
	.loc	1 1320 27                       @ ../../../../../Library/StdDriver/src/crypto.c:1320:27
	adds	r1, r1, r2
	.loc	1 1320 9                        @ ../../../../../Library/StdDriver/src/crypto.c:1320:9
	bl	Hex2Reg
	.loc	1 1321 17 is_stmt 1             @ ../../../../../Library/StdDriver/src/crypto.c:1321:17
	ldr	r0, [sp, #40]
	.loc	1 1321 20 is_stmt 0             @ ../../../../../Library/StdDriver/src/crypto.c:1321:20
	ldr	r1, [sp, #28]
	movw	r2, #2560
	.loc	1 1321 26                       @ ../../../../../Library/StdDriver/src/crypto.c:1321:26
	adds	r1, r1, r2
	.loc	1 1321 9                        @ ../../../../../Library/StdDriver/src/crypto.c:1321:9
	bl	Hex2Reg
.Ltmp261:
	.loc	1 1324 12 is_stmt 1             @ ../../../../../Library/StdDriver/src/crypto.c:1324:12
	ldr	r0, __arm_cp.26_1
	ldr	r0, [r0]
	movw	r1, #960
	.loc	1 1324 20 is_stmt 0             @ ../../../../../Library/StdDriver/src/crypto.c:1324:20
	ldr	r0, [r0, r1]
.Ltmp262:
	.loc	1 1324 12                       @ ../../../../../Library/StdDriver/src/crypto.c:1324:12
	cmp	r0, #1
	bne	.LBB26_9
	b	.LBB26_8
.LBB26_8:
.Ltmp263:
	.loc	1 1326 13 is_stmt 1             @ ../../../../../Library/StdDriver/src/crypto.c:1326:13
	ldr	r1, [sp, #28]
	movw	r2, #2048
	movs	r0, #0
	.loc	1 1326 27 is_stmt 0             @ ../../../../../Library/StdDriver/src/crypto.c:1326:27
	str	r0, [r1, r2]
	.loc	1 1327 9 is_stmt 1              @ ../../../../../Library/StdDriver/src/crypto.c:1327:9
	b	.LBB26_10
.Ltmp264:
.LBB26_9:
	.loc	1 1331 13                       @ ../../../../../Library/StdDriver/src/crypto.c:1331:13
	ldr	r1, [sp, #28]
	movw	r2, #2048
	movw	r0, #256
	.loc	1 1331 27 is_stmt 0             @ ../../../../../Library/StdDriver/src/crypto.c:1331:27
	str	r0, [r1, r2]
	b	.LBB26_10
.Ltmp265:
.LBB26_10:
	.loc	1 1334 36 is_stmt 1             @ ../../../../../Library/StdDriver/src/crypto.c:1334:36
	ldr	r1, __arm_cp.26_2
	movs	r0, #0
	str	r0, [r1]
	.loc	1 1334 20 is_stmt 0             @ ../../../../../Library/StdDriver/src/crypto.c:1334:20
	ldr	r1, __arm_cp.26_3
	str	r0, [r1]
.Ltmp266:
	.loc	1 1336 12 is_stmt 1             @ ../../../../../Library/StdDriver/src/crypto.c:1336:12
	ldr	r0, [sp, #24]
.Ltmp267:
	.loc	1 1336 12 is_stmt 0             @ ../../../../../Library/StdDriver/src/crypto.c:1336:12
	cmp	r0, #21
	bne	.LBB26_14
	b	.LBB26_11
.LBB26_11:
.Ltmp268:
	.loc	1 1338 13 is_stmt 1             @ ../../../../../Library/StdDriver/src/crypto.c:1338:13
	ldr	r0, __arm_cp.26_4
	bl	printf
	.loc	1 1339 13                       @ ../../../../../Library/StdDriver/src/crypto.c:1339:13
	ldr	r2, [sp, #28]
	movw	r1, #2048
	.loc	1 1339 27 is_stmt 0             @ ../../../../../Library/StdDriver/src/crypto.c:1339:27
	ldr	r0, [r2, r1]
	movw	r3, #16384
	orrs	r0, r3
	str	r0, [r2, r1]
	.loc	1 1340 13 is_stmt 1             @ ../../../../../Library/StdDriver/src/crypto.c:1340:13
	ldr	r2, [sp, #28]
	.loc	1 1340 27 is_stmt 0             @ ../../../../../Library/StdDriver/src/crypto.c:1340:27
	ldr	r0, [r2, r1]
	movw	r3, #8192
	orrs	r0, r3
	str	r0, [r2, r1]
.Ltmp269:
	.loc	1 1343 16 is_stmt 1             @ ../../../../../Library/StdDriver/src/crypto.c:1343:16
	ldr	r0, [sp, #28]
	.loc	1 1343 22 is_stmt 0             @ ../../../../../Library/StdDriver/src/crypto.c:1343:22
	ldr	r0, [r0, r1]
.Ltmp270:
	.loc	1 1343 16                       @ ../../../../../Library/StdDriver/src/crypto.c:1343:16
	lsls	r0, r0, #17
	cmp	r0, #0
	bpl	.LBB26_13
	b	.LBB26_12
.LBB26_12:
.Ltmp271:
	.loc	1 1345 25 is_stmt 1             @ ../../../../../Library/StdDriver/src/crypto.c:1345:25
	ldr	r0, __arm_cp.26_1
	ldr	r0, [r0]
	movw	r1, #768
	.loc	1 1345 33 is_stmt 0             @ ../../../../../Library/StdDriver/src/crypto.c:1345:33
	adds	r0, r0, r1
	.loc	1 1345 41                       @ ../../../../../Library/StdDriver/src/crypto.c:1345:41
	ldr	r1, [sp, #28]
	ldr	r2, __arm_cp.26_5
	.loc	1 1345 47                       @ ../../../../../Library/StdDriver/src/crypto.c:1345:47
	adds	r1, r1, r2
	.loc	1 1345 17                       @ ../../../../../Library/StdDriver/src/crypto.c:1345:17
	bl	Hex2Reg
	.loc	1 1346 13 is_stmt 1             @ ../../../../../Library/StdDriver/src/crypto.c:1346:13
	b	.LBB26_13
.Ltmp272:
.LBB26_13:
	.loc	1 1347 9                        @ ../../../../../Library/StdDriver/src/crypto.c:1347:9
	b	.LBB26_14
.Ltmp273:
.LBB26_14:
	.loc	1 1349 37                       @ ../../../../../Library/StdDriver/src/crypto.c:1349:37
	ldr	r0, __arm_cp.26_1
	ldr	r0, [r0]
	movw	r1, #944
	.loc	1 1349 45 is_stmt 0             @ ../../../../../Library/StdDriver/src/crypto.c:1349:45
	ldr	r0, [r0, r1]
	.loc	1 1349 53                       @ ../../../../../Library/StdDriver/src/crypto.c:1349:53
	lsls	r0, r0, #22
	.loc	1 1349 9                        @ ../../../../../Library/StdDriver/src/crypto.c:1349:9
	ldr	r1, [sp, #28]
	movw	r2, #2048
	.loc	1 1349 23                       @ ../../../../../Library/StdDriver/src/crypto.c:1349:23
	ldr	r3, [r1, r2]
	.loc	1 1350 42 is_stmt 1             @ ../../../../../Library/StdDriver/src/crypto.c:1350:42
	orrs	r0, r3
	movs	r3, #1
	.loc	1 1349 23                       @ ../../../../../Library/StdDriver/src/crypto.c:1349:23
	orrs	r0, r3
	str	r0, [r1, r2]
	.loc	1 1352 25                       @ ../../../../../Library/StdDriver/src/crypto.c:1352:25
	ldr	r0, __arm_cp.26_6
	ldr	r0, [r0]
	.loc	1 1352 23 is_stmt 0             @ ../../../../../Library/StdDriver/src/crypto.c:1352:23
	str	r0, [sp, #4]
	.loc	1 1353 9 is_stmt 1              @ ../../../../../Library/StdDriver/src/crypto.c:1353:9
	b	.LBB26_15
.LBB26_15:                              @ =>This Inner Loop Header: Depth=1
	.loc	1 1353 15 is_stmt 0             @ ../../../../../Library/StdDriver/src/crypto.c:1353:15
	ldr	r0, __arm_cp.26_3
	ldr	r0, [r0]
	.loc	1 1353 9                        @ ../../../../../Library/StdDriver/src/crypto.c:1353:9
	cbnz	r0, .LBB26_20
	b	.LBB26_16
.LBB26_16:                              @   in Loop: Header=BB26_15 Depth=1
.Ltmp274:
	.loc	1 1355 31 is_stmt 1             @ ../../../../../Library/StdDriver/src/crypto.c:1355:31
	ldr	r0, [sp, #4]
	subs	r1, r0, #1
	str	r1, [sp, #4]
	.loc	1 1355 40 is_stmt 0             @ ../../../../../Library/StdDriver/src/crypto.c:1355:40
	cmp	r0, #1
	blt	.LBB26_18
	b	.LBB26_17
.LBB26_17:                              @   in Loop: Header=BB26_15 Depth=1
	.loc	1 1355 43                       @ ../../../../../Library/StdDriver/src/crypto.c:1355:43
	ldr	r0, __arm_cp.26_2
	ldr	r0, [r0]
.Ltmp275:
	.loc	1 1355 17                       @ ../../../../../Library/StdDriver/src/crypto.c:1355:17
	cbz	r0, .LBB26_19
	b	.LBB26_18
.LBB26_18:
	.loc	1 0 17                          @ ../../../../../Library/StdDriver/src/crypto.c:0:17
	movs	r0, #0
	mvns	r0, r0
.Ltmp276:
	.loc	1 1357 21 is_stmt 1             @ ../../../../../Library/StdDriver/src/crypto.c:1357:21
	str	r0, [sp, #8]
	.loc	1 1358 17                       @ ../../../../../Library/StdDriver/src/crypto.c:1358:17
	b	.LBB26_20
.Ltmp277:
.LBB26_19:                              @   in Loop: Header=BB26_15 Depth=1
	.loc	1 1353 9                        @ ../../../../../Library/StdDriver/src/crypto.c:1353:9
	b	.LBB26_15
.LBB26_20:
	.loc	1 1361 5                        @ ../../../../../Library/StdDriver/src/crypto.c:1361:5
	b	.LBB26_21
.Ltmp278:
.LBB26_21:
	.loc	1 1363 8                        @ ../../../../../Library/StdDriver/src/crypto.c:1363:8
	ldr	r0, [sp, #8]
.Ltmp279:
	.loc	1 1363 8 is_stmt 0              @ ../../../../../Library/StdDriver/src/crypto.c:1363:8
	cbnz	r0, .LBB26_23
	b	.LBB26_22
.LBB26_22:
.Ltmp280:
	.loc	1 1365 17 is_stmt 1             @ ../../../../../Library/StdDriver/src/crypto.c:1365:17
	ldr	r0, __arm_cp.26_1
	str	r0, [sp]                        @ 4-byte Spill
	ldr	r0, [r0]
	.loc	1 1365 25 is_stmt 0             @ ../../../../../Library/StdDriver/src/crypto.c:1365:25
	ldr	r0, [r0, #4]
	.loc	1 1365 32                       @ ../../../../../Library/StdDriver/src/crypto.c:1365:32
	ldr	r1, [sp, #28]
	ldr	r2, __arm_cp.26_0
	.loc	1 1365 38                       @ ../../../../../Library/StdDriver/src/crypto.c:1365:38
	adds	r1, r1, r2
	.loc	1 1365 46                       @ ../../../../../Library/StdDriver/src/crypto.c:1365:46
	ldr	r2, [sp, #44]
	.loc	1 1365 9                        @ ../../../../../Library/StdDriver/src/crypto.c:1365:9
	bl	Reg2Hex
	ldr	r0, [sp]                        @ 4-byte Reload
	.loc	1 1366 17 is_stmt 1             @ ../../../../../Library/StdDriver/src/crypto.c:1366:17
	ldr	r0, [r0]
	.loc	1 1366 25 is_stmt 0             @ ../../../../../Library/StdDriver/src/crypto.c:1366:25
	ldr	r0, [r0, #4]
	.loc	1 1366 32                       @ ../../../../../Library/StdDriver/src/crypto.c:1366:32
	ldr	r1, [sp, #28]
	movw	r2, #2128
	.loc	1 1366 38                       @ ../../../../../Library/StdDriver/src/crypto.c:1366:38
	adds	r1, r1, r2
	.loc	1 1366 46                       @ ../../../../../Library/StdDriver/src/crypto.c:1366:46
	ldr	r2, [sp, #48]
	.loc	1 1366 9                        @ ../../../../../Library/StdDriver/src/crypto.c:1366:9
	bl	Reg2Hex
	.loc	1 1367 5 is_stmt 1              @ ../../../../../Library/StdDriver/src/crypto.c:1367:5
	b	.LBB26_23
.Ltmp281:
.LBB26_23:
	.loc	1 1369 12                       @ ../../../../../Library/StdDriver/src/crypto.c:1369:12
	ldr	r0, [sp, #8]
	.loc	1 1369 5 is_stmt 0              @ ../../../../../Library/StdDriver/src/crypto.c:1369:5
	add	sp, #32
	pop	{r4, pc}
.Ltmp282:
	.p2align	2
@ %bb.24:
	.loc	1 0 5                           @ ../../../../../Library/StdDriver/src/crypto.c:0:5
__arm_cp.26_0:
	.long	2056                            @ 0x808
.Lcpi_end27:
	.size	__arm_cp.26_0, .Lcpi_end27-__arm_cp.26_0
__arm_cp.26_1:
	.long	pCurve
.Lcpi_end28:
	.size	__arm_cp.26_1, .Lcpi_end28-__arm_cp.26_1
__arm_cp.26_2:
	.long	g_ECCERR_done
.Lcpi_end29:
	.size	__arm_cp.26_2, .Lcpi_end29-__arm_cp.26_2
__arm_cp.26_3:
	.long	g_ECC_done
.Lcpi_end30:
	.size	__arm_cp.26_3, .Lcpi_end30-__arm_cp.26_3
__arm_cp.26_4:
	.long	.L.str
.Lcpi_end31:
	.size	__arm_cp.26_4, .Lcpi_end31-__arm_cp.26_4
__arm_cp.26_5:
	.long	2200                            @ 0x898
.Lcpi_end32:
	.size	__arm_cp.26_5, .Lcpi_end32-__arm_cp.26_5
__arm_cp.26_6:
	.long	SystemCoreClock
.Lcpi_end33:
	.size	__arm_cp.26_6, .Lcpi_end33-__arm_cp.26_6
.Lfunc_end26:
	.size	ECC_Mutiply, .Lfunc_end26-ECC_Mutiply
	.cfi_endproc
	.fnend
                                        @ -- End function
	.section	.text.ECC_GenerateSecretZ,"ax",%progbits
	.hidden	ECC_GenerateSecretZ             @ -- Begin function ECC_GenerateSecretZ
	.globl	ECC_GenerateSecretZ
	.p2align	2
	.type	ECC_GenerateSecretZ,%function
	.code	16                              @ @ECC_GenerateSecretZ
	.thumb_func
ECC_GenerateSecretZ:
.Lfunc_begin27:
	.loc	1 1386 0 is_stmt 1              @ ../../../../../Library/StdDriver/src/crypto.c:1386:0
	.fnstart
	.cfi_startproc
@ %bb.0:
	.save	{r4, lr}
	push	{r4, lr}
	.cfi_def_cfa_offset 8
	.cfi_offset lr, -4
	.cfi_offset r4, -8
	.pad	#32
	sub	sp, #32
	.cfi_def_cfa_offset 40
	ldr	r4, [sp, #44]
	ldr	r4, [sp, #40]
	str	r0, [sp, #28]
	str	r1, [sp, #24]
	str	r2, [sp, #20]
	str	r3, [sp, #16]
	movs	r0, #0
.Ltmp283:
	.loc	1 1387 17 prologue_end          @ ../../../../../Library/StdDriver/src/crypto.c:1387:17
	str	r0, [sp, #8]
.Ltmp284:
	.loc	1 1389 23                       @ ../../../../../Library/StdDriver/src/crypto.c:1389:23
	ldr	r0, [sp, #28]
	.loc	1 1389 29 is_stmt 0             @ ../../../../../Library/StdDriver/src/crypto.c:1389:29
	ldr	r1, [sp, #24]
	.loc	1 1389 8                        @ ../../../../../Library/StdDriver/src/crypto.c:1389:8
	bl	ecc_init_curve
.Ltmp285:
	.loc	1 1389 8                        @ ../../../../../Library/StdDriver/src/crypto.c:1389:8
	cbz	r0, .LBB27_2
	b	.LBB27_1
.LBB27_1:
	.loc	1 0 8                           @ ../../../../../Library/StdDriver/src/crypto.c:0:8
	movs	r0, #1
	mvns	r0, r0
.Ltmp286:
	.loc	1 1391 13 is_stmt 1             @ ../../../../../Library/StdDriver/src/crypto.c:1391:13
	str	r0, [sp, #8]
	.loc	1 1392 5                        @ ../../../../../Library/StdDriver/src/crypto.c:1392:5
	b	.LBB27_2
.Ltmp287:
.LBB27_2:
	.loc	1 1394 8                        @ ../../../../../Library/StdDriver/src/crypto.c:1394:8
	ldr	r0, [sp, #8]
.Ltmp288:
	.loc	1 1394 8 is_stmt 0              @ ../../../../../Library/StdDriver/src/crypto.c:1394:8
	cbz	r0, .LBB27_3
	b	.LBB27_31
.LBB27_3:
	.loc	1 0 8                           @ ../../../../../Library/StdDriver/src/crypto.c:0:8
	movs	r0, #0
.Ltmp289:
	.loc	1 1396 15 is_stmt 1             @ ../../../../../Library/StdDriver/src/crypto.c:1396:15
	str	r0, [sp, #12]
	.loc	1 1396 13 is_stmt 0             @ ../../../../../Library/StdDriver/src/crypto.c:1396:13
	b	.LBB27_4
.LBB27_4:                               @ =>This Inner Loop Header: Depth=1
.Ltmp290:
	.loc	1 1396 20                       @ ../../../../../Library/StdDriver/src/crypto.c:1396:20
	ldr	r0, [sp, #12]
.Ltmp291:
	.loc	1 1396 9                        @ ../../../../../Library/StdDriver/src/crypto.c:1396:9
	cmp	r0, #17
	bgt	.LBB27_7
	b	.LBB27_5
.LBB27_5:                               @   in Loop: Header=BB27_4 Depth=1
.Ltmp292:
	.loc	1 1398 13 is_stmt 1             @ ../../../../../Library/StdDriver/src/crypto.c:1398:13
	ldr	r0, [sp, #28]
	.loc	1 1398 25 is_stmt 0             @ ../../../../../Library/StdDriver/src/crypto.c:1398:25
	ldr	r1, [sp, #12]
	.loc	1 1398 13                       @ ../../../../../Library/StdDriver/src/crypto.c:1398:13
	lsls	r1, r1, #2
	.loc	1 1398 19                       @ ../../../../../Library/StdDriver/src/crypto.c:1398:19
	adds	r1, r0, r1
	movw	r2, #2560
	movs	r0, #0
	.loc	1 1398 28                       @ ../../../../../Library/StdDriver/src/crypto.c:1398:28
	str	r0, [r1, r2]
	.loc	1 1399 13 is_stmt 1             @ ../../../../../Library/StdDriver/src/crypto.c:1399:13
	ldr	r1, [sp, #28]
	.loc	1 1399 26 is_stmt 0             @ ../../../../../Library/StdDriver/src/crypto.c:1399:26
	ldr	r2, [sp, #12]
	.loc	1 1399 13                       @ ../../../../../Library/StdDriver/src/crypto.c:1399:13
	lsls	r2, r2, #2
	.loc	1 1399 19                       @ ../../../../../Library/StdDriver/src/crypto.c:1399:19
	adds	r1, r1, r2
	ldr	r2, __arm_cp.27_0
	.loc	1 1399 29                       @ ../../../../../Library/StdDriver/src/crypto.c:1399:29
	str	r0, [r1, r2]
	.loc	1 1400 13 is_stmt 1             @ ../../../../../Library/StdDriver/src/crypto.c:1400:13
	ldr	r1, [sp, #28]
	.loc	1 1400 26 is_stmt 0             @ ../../../../../Library/StdDriver/src/crypto.c:1400:26
	ldr	r2, [sp, #12]
	.loc	1 1400 13                       @ ../../../../../Library/StdDriver/src/crypto.c:1400:13
	lsls	r2, r2, #2
	.loc	1 1400 19                       @ ../../../../../Library/StdDriver/src/crypto.c:1400:19
	adds	r1, r1, r2
	movw	r2, #2128
	.loc	1 1400 29                       @ ../../../../../Library/StdDriver/src/crypto.c:1400:29
	str	r0, [r1, r2]
	.loc	1 1401 9 is_stmt 1              @ ../../../../../Library/StdDriver/src/crypto.c:1401:9
	b	.LBB27_6
.Ltmp293:
.LBB27_6:                               @   in Loop: Header=BB27_4 Depth=1
	.loc	1 1396 29                       @ ../../../../../Library/StdDriver/src/crypto.c:1396:29
	ldr	r0, [sp, #12]
	adds	r0, r0, #1
	str	r0, [sp, #12]
	.loc	1 1396 9 is_stmt 0              @ ../../../../../Library/StdDriver/src/crypto.c:1396:9
	b	.LBB27_4
.Ltmp294:
.LBB27_7:
	.loc	1 1403 13 is_stmt 1             @ ../../../../../Library/StdDriver/src/crypto.c:1403:13
	ldr	r0, [sp, #24]
	.loc	1 1403 39 is_stmt 0             @ ../../../../../Library/StdDriver/src/crypto.c:1403:39
	cmp	r0, #10
	beq	.LBB27_13
	b	.LBB27_8
.LBB27_8:
	.loc	1 1403 43                       @ ../../../../../Library/StdDriver/src/crypto.c:1403:43
	ldr	r0, [sp, #24]
	.loc	1 1403 69                       @ ../../../../../Library/StdDriver/src/crypto.c:1403:69
	cmp	r0, #11
	beq	.LBB27_13
	b	.LBB27_9
.LBB27_9:
	.loc	1 1403 73                       @ ../../../../../Library/StdDriver/src/crypto.c:1403:73
	ldr	r0, [sp, #24]
	.loc	1 1403 99                       @ ../../../../../Library/StdDriver/src/crypto.c:1403:99
	cmp	r0, #12
	beq	.LBB27_13
	b	.LBB27_10
.LBB27_10:
	.loc	1 1404 18 is_stmt 1             @ ../../../../../Library/StdDriver/src/crypto.c:1404:18
	ldr	r0, [sp, #24]
	.loc	1 1404 44 is_stmt 0             @ ../../../../../Library/StdDriver/src/crypto.c:1404:44
	cmp	r0, #13
	beq	.LBB27_13
	b	.LBB27_11
.LBB27_11:
	.loc	1 1404 48                       @ ../../../../../Library/StdDriver/src/crypto.c:1404:48
	ldr	r0, [sp, #24]
	.loc	1 1404 74                       @ ../../../../../Library/StdDriver/src/crypto.c:1404:74
	cmp	r0, #14
	beq	.LBB27_13
	b	.LBB27_12
.LBB27_12:
	.loc	1 1404 78                       @ ../../../../../Library/StdDriver/src/crypto.c:1404:78
	ldr	r0, [sp, #24]
.Ltmp295:
	.loc	1 1403 12 is_stmt 1             @ ../../../../../Library/StdDriver/src/crypto.c:1403:12
	cmp	r0, #5
	bne	.LBB27_14
	b	.LBB27_13
.LBB27_13:
.Ltmp296:
	.loc	1 1406 23                       @ ../../../../../Library/StdDriver/src/crypto.c:1406:23
	ldr	r0, [sp, #20]
	.loc	1 1406 34 is_stmt 0             @ ../../../../../Library/StdDriver/src/crypto.c:1406:34
	ldr	r1, [sp, #28]
	movw	r2, #2560
	.loc	1 1406 40                       @ ../../../../../Library/StdDriver/src/crypto.c:1406:40
	adds	r1, r1, r2
	movs	r2, #1
	.loc	1 1406 13                       @ ../../../../../Library/StdDriver/src/crypto.c:1406:13
	bl	Hex2RegEx
	.loc	1 1407 9 is_stmt 1              @ ../../../../../Library/StdDriver/src/crypto.c:1407:9
	b	.LBB27_21
.Ltmp297:
.LBB27_14:
	.loc	1 1408 18                       @ ../../../../../Library/StdDriver/src/crypto.c:1408:18
	ldr	r0, [sp, #24]
	.loc	1 1408 44 is_stmt 0             @ ../../../../../Library/StdDriver/src/crypto.c:1408:44
	cmp	r0, #6
	beq	.LBB27_18
	b	.LBB27_15
.LBB27_15:
	.loc	1 1408 48                       @ ../../../../../Library/StdDriver/src/crypto.c:1408:48
	ldr	r0, [sp, #24]
	.loc	1 1408 74                       @ ../../../../../Library/StdDriver/src/crypto.c:1408:74
	cmp	r0, #7
	beq	.LBB27_18
	b	.LBB27_16
.LBB27_16:
	.loc	1 1409 18 is_stmt 1             @ ../../../../../Library/StdDriver/src/crypto.c:1409:18
	ldr	r0, [sp, #24]
	.loc	1 1409 44 is_stmt 0             @ ../../../../../Library/StdDriver/src/crypto.c:1409:44
	cmp	r0, #8
	beq	.LBB27_18
	b	.LBB27_17
.LBB27_17:
	.loc	1 1409 48                       @ ../../../../../Library/StdDriver/src/crypto.c:1409:48
	ldr	r0, [sp, #24]
.Ltmp298:
	.loc	1 1408 17 is_stmt 1             @ ../../../../../Library/StdDriver/src/crypto.c:1408:17
	cmp	r0, #9
	bne	.LBB27_19
	b	.LBB27_18
.LBB27_18:
.Ltmp299:
	.loc	1 1411 23                       @ ../../../../../Library/StdDriver/src/crypto.c:1411:23
	ldr	r0, [sp, #20]
	.loc	1 1411 34 is_stmt 0             @ ../../../../../Library/StdDriver/src/crypto.c:1411:34
	ldr	r1, [sp, #28]
	movw	r2, #2560
	.loc	1 1411 40                       @ ../../../../../Library/StdDriver/src/crypto.c:1411:40
	adds	r1, r1, r2
	movs	r2, #2
	.loc	1 1411 13                       @ ../../../../../Library/StdDriver/src/crypto.c:1411:13
	bl	Hex2RegEx
	.loc	1 1412 9 is_stmt 1              @ ../../../../../Library/StdDriver/src/crypto.c:1412:9
	b	.LBB27_20
.Ltmp300:
.LBB27_19:
	.loc	1 1415 21                       @ ../../../../../Library/StdDriver/src/crypto.c:1415:21
	ldr	r0, [sp, #20]
	.loc	1 1415 32 is_stmt 0             @ ../../../../../Library/StdDriver/src/crypto.c:1415:32
	ldr	r1, [sp, #28]
	movw	r2, #2560
	.loc	1 1415 38                       @ ../../../../../Library/StdDriver/src/crypto.c:1415:38
	adds	r1, r1, r2
	.loc	1 1415 13                       @ ../../../../../Library/StdDriver/src/crypto.c:1415:13
	bl	Hex2Reg
	b	.LBB27_20
.Ltmp301:
.LBB27_20:
	.loc	1 0 13                          @ ../../../../../Library/StdDriver/src/crypto.c:0:13
	b	.LBB27_21
.LBB27_21:
	.loc	1 1418 17 is_stmt 1             @ ../../../../../Library/StdDriver/src/crypto.c:1418:17
	ldr	r0, [sp, #16]
	.loc	1 1418 28 is_stmt 0             @ ../../../../../Library/StdDriver/src/crypto.c:1418:28
	ldr	r1, [sp, #28]
	ldr	r2, __arm_cp.27_0
	.loc	1 1418 34                       @ ../../../../../Library/StdDriver/src/crypto.c:1418:34
	adds	r1, r1, r2
	.loc	1 1418 9                        @ ../../../../../Library/StdDriver/src/crypto.c:1418:9
	bl	Hex2Reg
	.loc	1 1419 17 is_stmt 1             @ ../../../../../Library/StdDriver/src/crypto.c:1419:17
	ldr	r0, [sp, #40]
	.loc	1 1419 28 is_stmt 0             @ ../../../../../Library/StdDriver/src/crypto.c:1419:28
	ldr	r1, [sp, #28]
	movw	r2, #2128
	.loc	1 1419 34                       @ ../../../../../Library/StdDriver/src/crypto.c:1419:34
	adds	r1, r1, r2
	.loc	1 1419 9                        @ ../../../../../Library/StdDriver/src/crypto.c:1419:9
	bl	Hex2Reg
.Ltmp302:
	.loc	1 1422 12 is_stmt 1             @ ../../../../../Library/StdDriver/src/crypto.c:1422:12
	ldr	r0, __arm_cp.27_1
	ldr	r0, [r0]
	movw	r1, #960
	.loc	1 1422 20 is_stmt 0             @ ../../../../../Library/StdDriver/src/crypto.c:1422:20
	ldr	r0, [r0, r1]
.Ltmp303:
	.loc	1 1422 12                       @ ../../../../../Library/StdDriver/src/crypto.c:1422:12
	cmp	r0, #1
	bne	.LBB27_23
	b	.LBB27_22
.LBB27_22:
.Ltmp304:
	.loc	1 1424 13 is_stmt 1             @ ../../../../../Library/StdDriver/src/crypto.c:1424:13
	ldr	r1, [sp, #28]
	movw	r2, #2048
	movs	r0, #0
	.loc	1 1424 27 is_stmt 0             @ ../../../../../Library/StdDriver/src/crypto.c:1424:27
	str	r0, [r1, r2]
	.loc	1 1425 9 is_stmt 1              @ ../../../../../Library/StdDriver/src/crypto.c:1425:9
	b	.LBB27_24
.Ltmp305:
.LBB27_23:
	.loc	1 1428 13                       @ ../../../../../Library/StdDriver/src/crypto.c:1428:13
	ldr	r1, [sp, #28]
	movw	r2, #2048
	movw	r0, #256
	.loc	1 1428 27 is_stmt 0             @ ../../../../../Library/StdDriver/src/crypto.c:1428:27
	str	r0, [r1, r2]
	b	.LBB27_24
.Ltmp306:
.LBB27_24:
	.loc	1 1430 36 is_stmt 1             @ ../../../../../Library/StdDriver/src/crypto.c:1430:36
	ldr	r1, __arm_cp.27_2
	movs	r0, #0
	str	r0, [r1]
	.loc	1 1430 20 is_stmt 0             @ ../../../../../Library/StdDriver/src/crypto.c:1430:20
	ldr	r1, __arm_cp.27_3
	str	r0, [r1]
	.loc	1 1431 37 is_stmt 1             @ ../../../../../Library/StdDriver/src/crypto.c:1431:37
	ldr	r0, __arm_cp.27_1
	ldr	r0, [r0]
	movw	r1, #944
	.loc	1 1431 45 is_stmt 0             @ ../../../../../Library/StdDriver/src/crypto.c:1431:45
	ldr	r0, [r0, r1]
	.loc	1 1431 53                       @ ../../../../../Library/StdDriver/src/crypto.c:1431:53
	lsls	r0, r0, #22
	.loc	1 1431 9                        @ ../../../../../Library/StdDriver/src/crypto.c:1431:9
	ldr	r1, [sp, #28]
	movw	r2, #2048
	.loc	1 1431 23                       @ ../../../../../Library/StdDriver/src/crypto.c:1431:23
	ldr	r3, [r1, r2]
	.loc	1 1432 42 is_stmt 1             @ ../../../../../Library/StdDriver/src/crypto.c:1432:42
	orrs	r0, r3
	movs	r3, #1
	.loc	1 1431 23                       @ ../../../../../Library/StdDriver/src/crypto.c:1431:23
	orrs	r0, r3
	str	r0, [r1, r2]
	.loc	1 1434 25                       @ ../../../../../Library/StdDriver/src/crypto.c:1434:25
	ldr	r0, __arm_cp.27_4
	ldr	r0, [r0]
	.loc	1 1434 23 is_stmt 0             @ ../../../../../Library/StdDriver/src/crypto.c:1434:23
	str	r0, [sp, #4]
	.loc	1 1435 9 is_stmt 1              @ ../../../../../Library/StdDriver/src/crypto.c:1435:9
	b	.LBB27_25
.LBB27_25:                              @ =>This Inner Loop Header: Depth=1
	.loc	1 1435 15 is_stmt 0             @ ../../../../../Library/StdDriver/src/crypto.c:1435:15
	ldr	r0, __arm_cp.27_3
	ldr	r0, [r0]
	.loc	1 1435 9                        @ ../../../../../Library/StdDriver/src/crypto.c:1435:9
	cbnz	r0, .LBB27_30
	b	.LBB27_26
.LBB27_26:                              @   in Loop: Header=BB27_25 Depth=1
.Ltmp307:
	.loc	1 1437 31 is_stmt 1             @ ../../../../../Library/StdDriver/src/crypto.c:1437:31
	ldr	r0, [sp, #4]
	subs	r1, r0, #1
	str	r1, [sp, #4]
	.loc	1 1437 40 is_stmt 0             @ ../../../../../Library/StdDriver/src/crypto.c:1437:40
	cmp	r0, #1
	blt	.LBB27_28
	b	.LBB27_27
.LBB27_27:                              @   in Loop: Header=BB27_25 Depth=1
	.loc	1 1437 43                       @ ../../../../../Library/StdDriver/src/crypto.c:1437:43
	ldr	r0, __arm_cp.27_2
	ldr	r0, [r0]
.Ltmp308:
	.loc	1 1437 17                       @ ../../../../../Library/StdDriver/src/crypto.c:1437:17
	cbz	r0, .LBB27_29
	b	.LBB27_28
.LBB27_28:
	.loc	1 0 17                          @ ../../../../../Library/StdDriver/src/crypto.c:0:17
	movs	r0, #0
	mvns	r0, r0
.Ltmp309:
	.loc	1 1439 21 is_stmt 1             @ ../../../../../Library/StdDriver/src/crypto.c:1439:21
	str	r0, [sp, #8]
	.loc	1 1440 17                       @ ../../../../../Library/StdDriver/src/crypto.c:1440:17
	b	.LBB27_30
.Ltmp310:
.LBB27_29:                              @   in Loop: Header=BB27_25 Depth=1
	.loc	1 1435 9                        @ ../../../../../Library/StdDriver/src/crypto.c:1435:9
	b	.LBB27_25
.LBB27_30:
	.loc	1 1443 5                        @ ../../../../../Library/StdDriver/src/crypto.c:1443:5
	b	.LBB27_31
.Ltmp311:
.LBB27_31:
	.loc	1 1445 8                        @ ../../../../../Library/StdDriver/src/crypto.c:1445:8
	ldr	r0, [sp, #8]
.Ltmp312:
	.loc	1 1445 8 is_stmt 0              @ ../../../../../Library/StdDriver/src/crypto.c:1445:8
	cbnz	r0, .LBB27_33
	b	.LBB27_32
.LBB27_32:
.Ltmp313:
	.loc	1 1447 17 is_stmt 1             @ ../../../../../Library/StdDriver/src/crypto.c:1447:17
	ldr	r0, __arm_cp.27_1
	ldr	r0, [r0]
	.loc	1 1447 25 is_stmt 0             @ ../../../../../Library/StdDriver/src/crypto.c:1447:25
	ldr	r0, [r0, #4]
	.loc	1 1447 32                       @ ../../../../../Library/StdDriver/src/crypto.c:1447:32
	ldr	r1, [sp, #28]
	ldr	r2, __arm_cp.27_0
	.loc	1 1447 38                       @ ../../../../../Library/StdDriver/src/crypto.c:1447:38
	adds	r1, r1, r2
	.loc	1 1447 46                       @ ../../../../../Library/StdDriver/src/crypto.c:1447:46
	ldr	r2, [sp, #44]
	.loc	1 1447 9                        @ ../../../../../Library/StdDriver/src/crypto.c:1447:9
	bl	Reg2Hex
	.loc	1 1448 5 is_stmt 1              @ ../../../../../Library/StdDriver/src/crypto.c:1448:5
	b	.LBB27_33
.Ltmp314:
.LBB27_33:
	.loc	1 1450 12                       @ ../../../../../Library/StdDriver/src/crypto.c:1450:12
	ldr	r0, [sp, #8]
	.loc	1 1450 5 is_stmt 0              @ ../../../../../Library/StdDriver/src/crypto.c:1450:5
	add	sp, #32
	pop	{r4, pc}
.Ltmp315:
	.p2align	2
@ %bb.34:
	.loc	1 0 5                           @ ../../../../../Library/StdDriver/src/crypto.c:0:5
__arm_cp.27_0:
	.long	2056                            @ 0x808
.Lcpi_end34:
	.size	__arm_cp.27_0, .Lcpi_end34-__arm_cp.27_0
__arm_cp.27_1:
	.long	pCurve
.Lcpi_end35:
	.size	__arm_cp.27_1, .Lcpi_end35-__arm_cp.27_1
__arm_cp.27_2:
	.long	g_ECCERR_done
.Lcpi_end36:
	.size	__arm_cp.27_2, .Lcpi_end36-__arm_cp.27_2
__arm_cp.27_3:
	.long	g_ECC_done
.Lcpi_end37:
	.size	__arm_cp.27_3, .Lcpi_end37-__arm_cp.27_3
__arm_cp.27_4:
	.long	SystemCoreClock
.Lcpi_end38:
	.size	__arm_cp.27_4, .Lcpi_end38-__arm_cp.27_4
.Lfunc_end27:
	.size	ECC_GenerateSecretZ, .Lfunc_end27-ECC_GenerateSecretZ
	.cfi_endproc
	.fnend
                                        @ -- End function
	.section	.text.Hex2RegEx,"ax",%progbits
	.p2align	1                               @ -- Begin function Hex2RegEx
	.type	Hex2RegEx,%function
	.code	16                              @ @Hex2RegEx
	.thumb_func
Hex2RegEx:
.Lfunc_begin28:
	.loc	1 922 0 is_stmt 1               @ ../../../../../Library/StdDriver/src/crypto.c:922:0
	.fnstart
	.cfi_startproc
@ %bb.0:
	.save	{r7, lr}
	push	{r7, lr}
	.cfi_def_cfa_offset 8
	.cfi_offset lr, -4
	.cfi_offset r7, -8
	.pad	#48
	sub	sp, #48
	.cfi_def_cfa_offset 56
	str	r0, [sp, #44]
	str	r1, [sp, #40]
	str	r2, [sp, #36]
.Ltmp316:
	.loc	1 927 22 prologue_end           @ ../../../../../Library/StdDriver/src/crypto.c:927:22
	ldr	r0, [sp, #44]
	.loc	1 927 15 is_stmt 0              @ ../../../../../Library/StdDriver/src/crypto.c:927:15
	bl	strlen
	.loc	1 927 29                        @ ../../../../../Library/StdDriver/src/crypto.c:927:29
	subs	r0, r0, #1
	.loc	1 927 8                         @ ../../../../../Library/StdDriver/src/crypto.c:927:8
	str	r0, [sp, #24]
	movs	r0, #0
	.loc	1 928 8 is_stmt 1               @ ../../../../../Library/StdDriver/src/crypto.c:928:8
	str	r0, [sp, #20]
	.loc	1 929 11                        @ ../../../../../Library/StdDriver/src/crypto.c:929:11
	str	r0, [sp, #28]
	.loc	1 930 5                         @ ../../../../../Library/StdDriver/src/crypto.c:930:5
	b	.LBB28_1
.LBB28_1:                               @ =>This Loop Header: Depth=1
                                        @     Child Loop BB28_3 Depth 2
	.loc	1 930 11 is_stmt 0              @ ../../../../../Library/StdDriver/src/crypto.c:930:11
	ldr	r0, [sp, #24]
	.loc	1 930 5                         @ ../../../../../Library/StdDriver/src/crypto.c:930:5
	cmp	r0, #0
	bmi	.LBB28_11
	b	.LBB28_2
.LBB28_2:                               @   in Loop: Header=BB28_1 Depth=1
	.loc	1 0 5                           @ ../../../../../Library/StdDriver/src/crypto.c:0:5
	movs	r0, #0
.Ltmp317:
	.loc	1 932 15 is_stmt 1              @ ../../../../../Library/StdDriver/src/crypto.c:932:15
	str	r0, [sp, #12]
.Ltmp318:
	.loc	1 933 15                        @ ../../../../../Library/StdDriver/src/crypto.c:933:15
	str	r0, [sp, #16]
	.loc	1 933 13 is_stmt 0              @ ../../../../../Library/StdDriver/src/crypto.c:933:13
	b	.LBB28_3
.LBB28_3:                               @   Parent Loop BB28_1 Depth=1
                                        @ =>  This Inner Loop Header: Depth=2
.Ltmp319:
	.loc	1 933 23                        @ ../../../../../Library/StdDriver/src/crypto.c:933:23
	ldr	r1, [sp, #16]
	movs	r0, #0
	.loc	1 933 32                        @ ../../../../../Library/StdDriver/src/crypto.c:933:32
	cmp	r1, #7
	str	r0, [sp, #8]                    @ 4-byte Spill
	bhi	.LBB28_7
	b	.LBB28_4
.LBB28_4:                               @   in Loop: Header=BB28_3 Depth=2
	.loc	1 933 36                        @ ../../../../../Library/StdDriver/src/crypto.c:933:36
	ldr	r1, [sp, #24]
	movs	r0, #1
	movs	r2, #0
	.loc	1 933 39                        @ ../../../../../Library/StdDriver/src/crypto.c:933:39
	str	r2, [sp]                        @ 4-byte Spill
	cmp	r1, #0
	str	r0, [sp, #4]                    @ 4-byte Spill
	bge	.LBB28_6
@ %bb.5:                                @   in Loop: Header=BB28_3 Depth=2
	.loc	1 0 39                          @ ../../../../../Library/StdDriver/src/crypto.c:0:39
	ldr	r0, [sp]                        @ 4-byte Reload
	str	r0, [sp, #4]                    @ 4-byte Spill
.LBB28_6:                               @   in Loop: Header=BB28_3 Depth=2
	.loc	1 933 39                        @ ../../../../../Library/StdDriver/src/crypto.c:933:39
	ldr	r0, [sp, #4]                    @ 4-byte Reload
	str	r0, [sp, #8]                    @ 4-byte Spill
	b	.LBB28_7
.LBB28_7:                               @   in Loop: Header=BB28_3 Depth=2
	.loc	1 0 0                           @ ../../../../../Library/StdDriver/src/crypto.c:0:0
	ldr	r0, [sp, #8]                    @ 4-byte Reload
.Ltmp320:
	.loc	1 933 9                         @ ../../../../../Library/StdDriver/src/crypto.c:933:9
	lsls	r0, r0, #31
	cbz	r0, .LBB28_10
	b	.LBB28_8
.LBB28_8:                               @   in Loop: Header=BB28_3 Depth=2
.Ltmp321:
	.loc	1 935 36 is_stmt 1              @ ../../../../../Library/StdDriver/src/crypto.c:935:36
	ldr	r0, [sp, #44]
	.loc	1 935 42 is_stmt 0              @ ../../../../../Library/StdDriver/src/crypto.c:935:42
	ldr	r1, [sp, #24]
	.loc	1 935 36                        @ ../../../../../Library/StdDriver/src/crypto.c:935:36
	ldrb	r0, [r0, r1]
	.loc	1 935 29                        @ ../../../../../Library/StdDriver/src/crypto.c:935:29
	bl	ch2hex
	.loc	1 935 17                        @ ../../../../../Library/StdDriver/src/crypto.c:935:17
	str	r0, [sp, #32]
	.loc	1 936 21 is_stmt 1              @ ../../../../../Library/StdDriver/src/crypto.c:936:21
	ldr	r1, [sp, #36]
	.loc	1 936 17 is_stmt 0              @ ../../../../../Library/StdDriver/src/crypto.c:936:17
	ldr	r0, [sp, #32]
	lsls	r0, r1
	str	r0, [sp, #32]
	.loc	1 938 34 is_stmt 1              @ ../../../../../Library/StdDriver/src/crypto.c:938:34
	ldr	r1, [sp, #32]
	movs	r0, #15
	.loc	1 938 38 is_stmt 0              @ ../../../../../Library/StdDriver/src/crypto.c:938:38
	ands	r1, r0
	.loc	1 938 48                        @ ../../../../../Library/StdDriver/src/crypto.c:938:48
	ldr	r0, [sp, #28]
	.loc	1 938 46                        @ ../../../../../Library/StdDriver/src/crypto.c:938:46
	orrs	r1, r0
	.loc	1 938 59                        @ ../../../../../Library/StdDriver/src/crypto.c:938:59
	ldr	r0, [sp, #16]
	.loc	1 938 61                        @ ../../../../../Library/StdDriver/src/crypto.c:938:61
	lsls	r0, r0, #2
	.loc	1 938 55                        @ ../../../../../Library/StdDriver/src/crypto.c:938:55
	lsls	r1, r0
	.loc	1 938 19                        @ ../../../../../Library/StdDriver/src/crypto.c:938:19
	ldr	r0, [sp, #12]
	orrs	r0, r1
	str	r0, [sp, #12]
	.loc	1 939 22 is_stmt 1              @ ../../../../../Library/StdDriver/src/crypto.c:939:22
	ldr	r0, [sp, #32]
	.loc	1 939 32 is_stmt 0              @ ../../../../../Library/StdDriver/src/crypto.c:939:32
	lsls	r0, r0, #24
	lsrs	r0, r0, #28
	.loc	1 939 19                        @ ../../../../../Library/StdDriver/src/crypto.c:939:19
	str	r0, [sp, #28]
	.loc	1 940 15 is_stmt 1              @ ../../../../../Library/StdDriver/src/crypto.c:940:15
	ldr	r0, [sp, #24]
	subs	r0, r0, #1
	str	r0, [sp, #24]
	.loc	1 941 9                         @ ../../../../../Library/StdDriver/src/crypto.c:941:9
	b	.LBB28_9
.Ltmp322:
.LBB28_9:                               @   in Loop: Header=BB28_3 Depth=2
	.loc	1 933 47                        @ ../../../../../Library/StdDriver/src/crypto.c:933:47
	ldr	r0, [sp, #16]
	adds	r0, r0, #1
	str	r0, [sp, #16]
	.loc	1 933 9 is_stmt 0               @ ../../../../../Library/StdDriver/src/crypto.c:933:9
	b	.LBB28_3
.Ltmp323:
.LBB28_10:                              @   in Loop: Header=BB28_1 Depth=1
	.loc	1 942 21 is_stmt 1              @ ../../../../../Library/StdDriver/src/crypto.c:942:21
	ldr	r0, [sp, #12]
	.loc	1 942 9 is_stmt 0               @ ../../../../../Library/StdDriver/src/crypto.c:942:9
	ldr	r1, [sp, #40]
	.loc	1 942 15                        @ ../../../../../Library/StdDriver/src/crypto.c:942:15
	ldr	r2, [sp, #20]
	adds	r3, r2, #1
	str	r3, [sp, #20]
	.loc	1 942 9                         @ ../../../../../Library/StdDriver/src/crypto.c:942:9
	lsls	r2, r2, #2
	.loc	1 942 19                        @ ../../../../../Library/StdDriver/src/crypto.c:942:19
	str	r0, [r1, r2]
.Ltmp324:
	.loc	1 930 5 is_stmt 1               @ ../../../../../Library/StdDriver/src/crypto.c:930:5
	b	.LBB28_1
.LBB28_11:
.Ltmp325:
	.loc	1 944 8                         @ ../../../../../Library/StdDriver/src/crypto.c:944:8
	ldr	r0, [sp, #28]
.Ltmp326:
	.loc	1 944 8 is_stmt 0               @ ../../../../../Library/StdDriver/src/crypto.c:944:8
	cbz	r0, .LBB28_13
	b	.LBB28_12
.LBB28_12:
.Ltmp327:
	.loc	1 946 19 is_stmt 1              @ ../../../../../Library/StdDriver/src/crypto.c:946:19
	ldr	r0, [sp, #28]
	.loc	1 946 9 is_stmt 0               @ ../../../../../Library/StdDriver/src/crypto.c:946:9
	ldr	r1, [sp, #40]
	.loc	1 946 13                        @ ../../../../../Library/StdDriver/src/crypto.c:946:13
	ldr	r2, [sp, #20]
	.loc	1 946 9                         @ ../../../../../Library/StdDriver/src/crypto.c:946:9
	lsls	r2, r2, #2
	.loc	1 946 17                        @ ../../../../../Library/StdDriver/src/crypto.c:946:17
	str	r0, [r1, r2]
	.loc	1 947 5 is_stmt 1               @ ../../../../../Library/StdDriver/src/crypto.c:947:5
	b	.LBB28_13
.Ltmp328:
.LBB28_13:
	.loc	1 948 1                         @ ../../../../../Library/StdDriver/src/crypto.c:948:1
	add	sp, #48
	pop	{r7, pc}
.Ltmp329:
.Lfunc_end28:
	.size	Hex2RegEx, .Lfunc_end28-Hex2RegEx
	.cfi_endproc
	.cantunwind
	.fnend
                                        @ -- End function
	.section	.text.ECC_GenerateSecretZ_KS,"ax",%progbits
	.hidden	ECC_GenerateSecretZ_KS          @ -- Begin function ECC_GenerateSecretZ_KS
	.globl	ECC_GenerateSecretZ_KS
	.p2align	2
	.type	ECC_GenerateSecretZ_KS,%function
	.code	16                              @ @ECC_GenerateSecretZ_KS
	.thumb_func
ECC_GenerateSecretZ_KS:
.Lfunc_begin29:
	.loc	1 1467 0                        @ ../../../../../Library/StdDriver/src/crypto.c:1467:0
	.fnstart
	.cfi_startproc
@ %bb.0:
	.save	{r4, lr}
	push	{r4, lr}
	.cfi_def_cfa_offset 8
	.cfi_offset lr, -4
	.cfi_offset r4, -8
	.pad	#32
	sub	sp, #32
	.cfi_def_cfa_offset 40
	ldr	r4, [sp, #44]
	ldr	r4, [sp, #40]
	str	r0, [sp, #24]
	str	r1, [sp, #20]
	str	r2, [sp, #16]
	str	r3, [sp, #12]
.Ltmp330:
	.loc	1 1470 23 prologue_end          @ ../../../../../Library/StdDriver/src/crypto.c:1470:23
	ldr	r0, [sp, #24]
	.loc	1 1470 29 is_stmt 0             @ ../../../../../Library/StdDriver/src/crypto.c:1470:29
	ldr	r1, [sp, #20]
	.loc	1 1470 8                        @ ../../../../../Library/StdDriver/src/crypto.c:1470:8
	bl	ecc_init_curve
.Ltmp331:
	.loc	1 1470 8                        @ ../../../../../Library/StdDriver/src/crypto.c:1470:8
	cbz	r0, .LBB29_2
	b	.LBB29_1
.LBB29_1:
	.loc	1 0 8                           @ ../../../../../Library/StdDriver/src/crypto.c:0:8
	movs	r0, #1
	mvns	r0, r0
.Ltmp332:
	.loc	1 1472 9 is_stmt 1              @ ../../../../../Library/StdDriver/src/crypto.c:1472:9
	str	r0, [sp, #28]
	b	.LBB29_16
.Ltmp333:
.LBB29_2:
	.loc	1 0 9 is_stmt 0                 @ ../../../../../Library/StdDriver/src/crypto.c:0:9
	movs	r0, #0
.Ltmp334:
	.loc	1 1475 11 is_stmt 1             @ ../../../../../Library/StdDriver/src/crypto.c:1475:11
	str	r0, [sp, #8]
	.loc	1 1475 9 is_stmt 0              @ ../../../../../Library/StdDriver/src/crypto.c:1475:9
	b	.LBB29_3
.LBB29_3:                               @ =>This Inner Loop Header: Depth=1
.Ltmp335:
	.loc	1 1475 16                       @ ../../../../../Library/StdDriver/src/crypto.c:1475:16
	ldr	r0, [sp, #8]
.Ltmp336:
	.loc	1 1475 5                        @ ../../../../../Library/StdDriver/src/crypto.c:1475:5
	cmp	r0, #17
	bgt	.LBB29_6
	b	.LBB29_4
.LBB29_4:                               @   in Loop: Header=BB29_3 Depth=1
.Ltmp337:
	.loc	1 1477 9 is_stmt 1              @ ../../../../../Library/StdDriver/src/crypto.c:1477:9
	ldr	r0, [sp, #24]
	.loc	1 1477 21 is_stmt 0             @ ../../../../../Library/StdDriver/src/crypto.c:1477:21
	ldr	r1, [sp, #8]
	.loc	1 1477 9                        @ ../../../../../Library/StdDriver/src/crypto.c:1477:9
	lsls	r1, r1, #2
	.loc	1 1477 15                       @ ../../../../../Library/StdDriver/src/crypto.c:1477:15
	adds	r1, r0, r1
	movw	r2, #2560
	movs	r0, #0
	.loc	1 1477 24                       @ ../../../../../Library/StdDriver/src/crypto.c:1477:24
	str	r0, [r1, r2]
	.loc	1 1478 9 is_stmt 1              @ ../../../../../Library/StdDriver/src/crypto.c:1478:9
	ldr	r1, [sp, #24]
	.loc	1 1478 22 is_stmt 0             @ ../../../../../Library/StdDriver/src/crypto.c:1478:22
	ldr	r2, [sp, #8]
	.loc	1 1478 9                        @ ../../../../../Library/StdDriver/src/crypto.c:1478:9
	lsls	r2, r2, #2
	.loc	1 1478 15                       @ ../../../../../Library/StdDriver/src/crypto.c:1478:15
	adds	r1, r1, r2
	ldr	r2, __arm_cp.29_1
	.loc	1 1478 25                       @ ../../../../../Library/StdDriver/src/crypto.c:1478:25
	str	r0, [r1, r2]
	.loc	1 1479 9 is_stmt 1              @ ../../../../../Library/StdDriver/src/crypto.c:1479:9
	ldr	r1, [sp, #24]
	.loc	1 1479 22 is_stmt 0             @ ../../../../../Library/StdDriver/src/crypto.c:1479:22
	ldr	r2, [sp, #8]
	.loc	1 1479 9                        @ ../../../../../Library/StdDriver/src/crypto.c:1479:9
	lsls	r2, r2, #2
	.loc	1 1479 15                       @ ../../../../../Library/StdDriver/src/crypto.c:1479:15
	adds	r1, r1, r2
	movw	r2, #2128
	.loc	1 1479 25                       @ ../../../../../Library/StdDriver/src/crypto.c:1479:25
	str	r0, [r1, r2]
	.loc	1 1480 5 is_stmt 1              @ ../../../../../Library/StdDriver/src/crypto.c:1480:5
	b	.LBB29_5
.Ltmp338:
.LBB29_5:                               @   in Loop: Header=BB29_3 Depth=1
	.loc	1 1475 25                       @ ../../../../../Library/StdDriver/src/crypto.c:1475:25
	ldr	r0, [sp, #8]
	adds	r0, r0, #1
	str	r0, [sp, #8]
	.loc	1 1475 5 is_stmt 0              @ ../../../../../Library/StdDriver/src/crypto.c:1475:5
	b	.LBB29_3
.Ltmp339:
.LBB29_6:
	.loc	1 1483 34 is_stmt 1             @ ../../../../../Library/StdDriver/src/crypto.c:1483:34
	ldr	r0, [sp, #16]
	.loc	1 1483 38 is_stmt 0             @ ../../../../../Library/StdDriver/src/crypto.c:1483:38
	lsls	r0, r0, #6
	.loc	1 1484 33 is_stmt 1             @ ../../../../../Library/StdDriver/src/crypto.c:1484:33
	ldr	r1, [sp, #12]
	.loc	1 1482 100                      @ ../../../../../Library/StdDriver/src/crypto.c:1482:100
	orrs	r0, r1
	ldr	r1, __arm_cp.29_0
	.loc	1 1483 88                       @ ../../../../../Library/StdDriver/src/crypto.c:1483:88
	orrs	r0, r1
	.loc	1 1482 5                        @ ../../../../../Library/StdDriver/src/crypto.c:1482:5
	ldr	r1, [sp, #24]
	movw	r2, #3904
	.loc	1 1482 21 is_stmt 0             @ ../../../../../Library/StdDriver/src/crypto.c:1482:21
	str	r0, [r1, r2]
	.loc	1 1486 13 is_stmt 1             @ ../../../../../Library/StdDriver/src/crypto.c:1486:13
	ldr	r0, [sp, #40]
	.loc	1 1486 24 is_stmt 0             @ ../../../../../Library/StdDriver/src/crypto.c:1486:24
	ldr	r1, [sp, #24]
	ldr	r2, __arm_cp.29_1
	.loc	1 1486 30                       @ ../../../../../Library/StdDriver/src/crypto.c:1486:30
	adds	r1, r1, r2
	.loc	1 1486 5                        @ ../../../../../Library/StdDriver/src/crypto.c:1486:5
	bl	Hex2Reg
	.loc	1 1487 13 is_stmt 1             @ ../../../../../Library/StdDriver/src/crypto.c:1487:13
	ldr	r0, [sp, #44]
	.loc	1 1487 24 is_stmt 0             @ ../../../../../Library/StdDriver/src/crypto.c:1487:24
	ldr	r1, [sp, #24]
	movw	r2, #2128
	.loc	1 1487 30                       @ ../../../../../Library/StdDriver/src/crypto.c:1487:30
	adds	r1, r1, r2
	.loc	1 1487 5                        @ ../../../../../Library/StdDriver/src/crypto.c:1487:5
	bl	Hex2Reg
.Ltmp340:
	.loc	1 1490 8 is_stmt 1              @ ../../../../../Library/StdDriver/src/crypto.c:1490:8
	ldr	r0, __arm_cp.29_2
	ldr	r0, [r0]
	movw	r1, #960
	.loc	1 1490 16 is_stmt 0             @ ../../../../../Library/StdDriver/src/crypto.c:1490:16
	ldr	r0, [r0, r1]
.Ltmp341:
	.loc	1 1490 8                        @ ../../../../../Library/StdDriver/src/crypto.c:1490:8
	cmp	r0, #1
	bne	.LBB29_8
	b	.LBB29_7
.LBB29_7:
.Ltmp342:
	.loc	1 1492 9 is_stmt 1              @ ../../../../../Library/StdDriver/src/crypto.c:1492:9
	ldr	r1, [sp, #24]
	movw	r2, #2048
	movs	r0, #0
	.loc	1 1492 23 is_stmt 0             @ ../../../../../Library/StdDriver/src/crypto.c:1492:23
	str	r0, [r1, r2]
	.loc	1 1493 5 is_stmt 1              @ ../../../../../Library/StdDriver/src/crypto.c:1493:5
	b	.LBB29_9
.Ltmp343:
.LBB29_8:
	.loc	1 1496 9                        @ ../../../../../Library/StdDriver/src/crypto.c:1496:9
	ldr	r1, [sp, #24]
	movw	r2, #2048
	movw	r0, #256
	.loc	1 1496 23 is_stmt 0             @ ../../../../../Library/StdDriver/src/crypto.c:1496:23
	str	r0, [r1, r2]
	b	.LBB29_9
.Ltmp344:
.LBB29_9:
	.loc	1 1499 32 is_stmt 1             @ ../../../../../Library/StdDriver/src/crypto.c:1499:32
	ldr	r1, __arm_cp.29_3
	movs	r0, #0
	str	r0, [r1]
	.loc	1 1499 16 is_stmt 0             @ ../../../../../Library/StdDriver/src/crypto.c:1499:16
	ldr	r1, __arm_cp.29_4
	str	r0, [r1]
	.loc	1 1501 33 is_stmt 1             @ ../../../../../Library/StdDriver/src/crypto.c:1501:33
	ldr	r0, __arm_cp.29_2
	ldr	r0, [r0]
	movw	r1, #944
	.loc	1 1501 41 is_stmt 0             @ ../../../../../Library/StdDriver/src/crypto.c:1501:41
	ldr	r0, [r0, r1]
	.loc	1 1501 49                       @ ../../../../../Library/StdDriver/src/crypto.c:1501:49
	lsls	r0, r0, #22
	.loc	1 1501 5                        @ ../../../../../Library/StdDriver/src/crypto.c:1501:5
	ldr	r1, [sp, #24]
	movw	r2, #2048
	.loc	1 1501 19                       @ ../../../../../Library/StdDriver/src/crypto.c:1501:19
	ldr	r3, [r1, r2]
	.loc	1 1502 38 is_stmt 1             @ ../../../../../Library/StdDriver/src/crypto.c:1502:38
	orrs	r0, r3
	movs	r3, #1
	.loc	1 1501 19                       @ ../../../../../Library/StdDriver/src/crypto.c:1501:19
	orrs	r0, r3
	str	r0, [r1, r2]
	.loc	1 1504 21                       @ ../../../../../Library/StdDriver/src/crypto.c:1504:21
	ldr	r0, __arm_cp.29_5
	ldr	r0, [r0]
	.loc	1 1504 19 is_stmt 0             @ ../../../../../Library/StdDriver/src/crypto.c:1504:19
	str	r0, [sp, #4]
	.loc	1 1505 5 is_stmt 1              @ ../../../../../Library/StdDriver/src/crypto.c:1505:5
	b	.LBB29_10
.LBB29_10:                              @ =>This Inner Loop Header: Depth=1
	.loc	1 1505 11 is_stmt 0             @ ../../../../../Library/StdDriver/src/crypto.c:1505:11
	ldr	r0, __arm_cp.29_4
	ldr	r0, [r0]
	.loc	1 1505 5                        @ ../../../../../Library/StdDriver/src/crypto.c:1505:5
	cbnz	r0, .LBB29_15
	b	.LBB29_11
.LBB29_11:                              @   in Loop: Header=BB29_10 Depth=1
.Ltmp345:
	.loc	1 1507 27 is_stmt 1             @ ../../../../../Library/StdDriver/src/crypto.c:1507:27
	ldr	r0, [sp, #4]
	subs	r1, r0, #1
	str	r1, [sp, #4]
	.loc	1 1507 36 is_stmt 0             @ ../../../../../Library/StdDriver/src/crypto.c:1507:36
	cmp	r0, #1
	blt	.LBB29_13
	b	.LBB29_12
.LBB29_12:                              @   in Loop: Header=BB29_10 Depth=1
	.loc	1 1507 39                       @ ../../../../../Library/StdDriver/src/crypto.c:1507:39
	ldr	r0, __arm_cp.29_3
	ldr	r0, [r0]
.Ltmp346:
	.loc	1 1507 13                       @ ../../../../../Library/StdDriver/src/crypto.c:1507:13
	cbz	r0, .LBB29_14
	b	.LBB29_13
.LBB29_13:
	.loc	1 0 13                          @ ../../../../../Library/StdDriver/src/crypto.c:0:13
	movs	r0, #0
	mvns	r0, r0
.Ltmp347:
	.loc	1 1509 13 is_stmt 1             @ ../../../../../Library/StdDriver/src/crypto.c:1509:13
	str	r0, [sp, #28]
	b	.LBB29_16
.Ltmp348:
.LBB29_14:                              @   in Loop: Header=BB29_10 Depth=1
	.loc	1 1505 5                        @ ../../../../../Library/StdDriver/src/crypto.c:1505:5
	b	.LBB29_10
.LBB29_15:
	.loc	1 1513 13                       @ ../../../../../Library/StdDriver/src/crypto.c:1513:13
	ldr	r0, [sp, #24]
	ldr	r1, __arm_cp.29_6
	.loc	1 1513 19 is_stmt 0             @ ../../../../../Library/StdDriver/src/crypto.c:1513:19
	ldr	r0, [r0, r1]
	movs	r1, #31
	.loc	1 1513 29                       @ ../../../../../Library/StdDriver/src/crypto.c:1513:29
	ands	r0, r1
	.loc	1 1513 5                        @ ../../../../../Library/StdDriver/src/crypto.c:1513:5
	str	r0, [sp, #28]
	b	.LBB29_16
.LBB29_16:
	.loc	1 1515 1 is_stmt 1              @ ../../../../../Library/StdDriver/src/crypto.c:1515:1
	ldr	r0, [sp, #28]
	add	sp, #32
	pop	{r4, pc}
.Ltmp349:
	.p2align	2
@ %bb.17:
	.loc	1 0 1 is_stmt 0                 @ ../../../../../Library/StdDriver/src/crypto.c:0:1
__arm_cp.29_0:
	.long	2113568                         @ 0x204020
.Lcpi_end39:
	.size	__arm_cp.29_0, .Lcpi_end39-__arm_cp.29_0
__arm_cp.29_1:
	.long	2056                            @ 0x808
.Lcpi_end40:
	.size	__arm_cp.29_1, .Lcpi_end40-__arm_cp.29_1
__arm_cp.29_2:
	.long	pCurve
.Lcpi_end41:
	.size	__arm_cp.29_2, .Lcpi_end41-__arm_cp.29_2
__arm_cp.29_3:
	.long	g_ECCERR_done
.Lcpi_end42:
	.size	__arm_cp.29_3, .Lcpi_end42-__arm_cp.29_3
__arm_cp.29_4:
	.long	g_ECC_done
.Lcpi_end43:
	.size	__arm_cp.29_4, .Lcpi_end43-__arm_cp.29_4
__arm_cp.29_5:
	.long	SystemCoreClock
.Lcpi_end44:
	.size	__arm_cp.29_5, .Lcpi_end44-__arm_cp.29_5
__arm_cp.29_6:
	.long	3908                            @ 0xf44
.Lcpi_end45:
	.size	__arm_cp.29_6, .Lcpi_end45-__arm_cp.29_6
.Lfunc_end29:
	.size	ECC_GenerateSecretZ_KS, .Lfunc_end29-ECC_GenerateSecretZ_KS
	.cfi_endproc
	.fnend
                                        @ -- End function
	.section	.text.ECC_GenerateSignature,"ax",%progbits
	.hidden	ECC_GenerateSignature           @ -- Begin function ECC_GenerateSignature
	.globl	ECC_GenerateSignature
	.p2align	2
	.type	ECC_GenerateSignature,%function
	.code	16                              @ @ECC_GenerateSignature
	.thumb_func
ECC_GenerateSignature:
.Lfunc_begin30:
	.loc	1 1593 0 is_stmt 1              @ ../../../../../Library/StdDriver/src/crypto.c:1593:0
	.fnstart
	.cfi_startproc
@ %bb.0:
	.save	{r4, lr}
	push	{r4, lr}
	.cfi_def_cfa_offset 8
	.cfi_offset lr, -4
	.cfi_offset r4, -8
	.pad	#216
	sub	sp, #216
	.cfi_def_cfa_offset 224
	ldr	r4, [sp, #232]
	ldr	r4, [sp, #228]
	ldr	r4, [sp, #224]
	str	r0, [sp, #212]
	str	r1, [sp, #208]
	str	r2, [sp, #204]
	str	r3, [sp, #200]
	movs	r0, #0
.Ltmp350:
	.loc	1 1595 17 prologue_end          @ ../../../../../Library/StdDriver/src/crypto.c:1595:17
	str	r0, [sp, #48]
.Ltmp351:
	.loc	1 1597 23                       @ ../../../../../Library/StdDriver/src/crypto.c:1597:23
	ldr	r0, [sp, #212]
	.loc	1 1597 29 is_stmt 0             @ ../../../../../Library/StdDriver/src/crypto.c:1597:29
	ldr	r1, [sp, #208]
	.loc	1 1597 8                        @ ../../../../../Library/StdDriver/src/crypto.c:1597:8
	bl	ecc_init_curve
.Ltmp352:
	.loc	1 1597 8                        @ ../../../../../Library/StdDriver/src/crypto.c:1597:8
	cbz	r0, .LBB30_2
	b	.LBB30_1
.LBB30_1:
	.loc	1 0 8                           @ ../../../../../Library/StdDriver/src/crypto.c:0:8
	movs	r0, #0
	mvns	r0, r0
.Ltmp353:
	.loc	1 1599 13 is_stmt 1             @ ../../../../../Library/StdDriver/src/crypto.c:1599:13
	str	r0, [sp, #48]
	.loc	1 1600 5                        @ ../../../../../Library/StdDriver/src/crypto.c:1600:5
	b	.LBB30_2
.Ltmp354:
.LBB30_2:
	.loc	1 1602 8                        @ ../../../../../Library/StdDriver/src/crypto.c:1602:8
	ldr	r0, [sp, #48]
.Ltmp355:
	.loc	1 1602 8 is_stmt 0              @ ../../../../../Library/StdDriver/src/crypto.c:1602:8
	cbz	r0, .LBB30_3
	b	.LBB30_24
.LBB30_3:
	.loc	1 0 8                           @ ../../../../../Library/StdDriver/src/crypto.c:0:8
	ldr	r1, __arm_cp.30_0
	movs	r0, #0
.Ltmp356:
	.loc	1 1604 25 is_stmt 1             @ ../../../../../Library/StdDriver/src/crypto.c:1604:25
	str	r0, [sp, #44]                   @ 4-byte Spill
	str	r0, [r1]
	.loc	1 1635 19                       @ ../../../../../Library/StdDriver/src/crypto.c:1635:19
	ldr	r0, [sp, #212]
	movw	r1, #2560
	.loc	1 1635 25 is_stmt 0             @ ../../../../../Library/StdDriver/src/crypto.c:1635:25
	str	r1, [sp, #36]                   @ 4-byte Spill
	adds	r0, r0, r1
	.loc	1 1635 9                        @ ../../../../../Library/StdDriver/src/crypto.c:1635:9
	bl	clean_reg
	ldr	r2, [sp, #36]                   @ 4-byte Reload
	.loc	1 1636 17 is_stmt 1             @ ../../../../../Library/StdDriver/src/crypto.c:1636:17
	ldr	r0, [sp, #224]
	.loc	1 1636 20 is_stmt 0             @ ../../../../../Library/StdDriver/src/crypto.c:1636:20
	ldr	r1, [sp, #212]
	.loc	1 1636 26                       @ ../../../../../Library/StdDriver/src/crypto.c:1636:26
	adds	r1, r1, r2
	.loc	1 1636 9                        @ ../../../../../Library/StdDriver/src/crypto.c:1636:9
	bl	Hex2Reg
	ldr	r1, [sp, #44]                   @ 4-byte Reload
	.loc	1 1638 23 is_stmt 1             @ ../../../../../Library/StdDriver/src/crypto.c:1638:23
	ldr	r0, [sp, #212]
	.loc	1 1638 9 is_stmt 0              @ ../../../../../Library/StdDriver/src/crypto.c:1638:9
	bl	run_ecc_codec
	.loc	1 1641 19 is_stmt 1             @ ../../../../../Library/StdDriver/src/crypto.c:1641:19
	ldr	r0, [sp, #212]
	ldr	r1, __arm_cp.30_1
	.loc	1 1641 25 is_stmt 0             @ ../../../../../Library/StdDriver/src/crypto.c:1641:25
	str	r1, [sp, #40]                   @ 4-byte Spill
	adds	r0, r0, r1
	.loc	1 1641 9                        @ ../../../../../Library/StdDriver/src/crypto.c:1641:9
	bl	clean_reg
	ldr	r2, [sp, #40]                   @ 4-byte Reload
	.loc	1 1642 17 is_stmt 1             @ ../../../../../Library/StdDriver/src/crypto.c:1642:17
	ldr	r0, __arm_cp.30_2
	ldr	r0, [r0]
	movw	r1, #768
	.loc	1 1642 25 is_stmt 0             @ ../../../../../Library/StdDriver/src/crypto.c:1642:25
	adds	r0, r0, r1
	.loc	1 1642 33                       @ ../../../../../Library/StdDriver/src/crypto.c:1642:33
	ldr	r1, [sp, #212]
	.loc	1 1642 39                       @ ../../../../../Library/StdDriver/src/crypto.c:1642:39
	adds	r1, r1, r2
	.loc	1 1642 9                        @ ../../../../../Library/StdDriver/src/crypto.c:1642:9
	bl	Hex2Reg
	.loc	1 1645 19 is_stmt 1             @ ../../../../../Library/StdDriver/src/crypto.c:1645:19
	ldr	r0, [sp, #212]
	movw	r1, #2128
	.loc	1 1645 25 is_stmt 0             @ ../../../../../Library/StdDriver/src/crypto.c:1645:25
	adds	r0, r0, r1
	.loc	1 1645 9                        @ ../../../../../Library/StdDriver/src/crypto.c:1645:9
	bl	clean_reg
	.loc	1 1646 23 is_stmt 1             @ ../../../../../Library/StdDriver/src/crypto.c:1646:23
	ldr	r0, [sp, #212]
	movw	r1, #4608
	.loc	1 1646 9 is_stmt 0              @ ../../../../../Library/StdDriver/src/crypto.c:1646:9
	bl	run_ecc_codec
                                        @ kill: def $r1 killed $r0
.Ltmp357:
	.loc	1 1649 15 is_stmt 1             @ ../../../../../Library/StdDriver/src/crypto.c:1649:15
	ldr	r0, [sp, #44]                   @ 4-byte Reload
	str	r0, [sp, #52]
	.loc	1 1649 13 is_stmt 0             @ ../../../../../Library/StdDriver/src/crypto.c:1649:13
	b	.LBB30_4
.LBB30_4:                               @ =>This Inner Loop Header: Depth=1
.Ltmp358:
	.loc	1 1649 20                       @ ../../../../../Library/StdDriver/src/crypto.c:1649:20
	ldr	r0, [sp, #52]
.Ltmp359:
	.loc	1 1649 9                        @ ../../../../../Library/StdDriver/src/crypto.c:1649:9
	cmp	r0, #17
	bgt	.LBB30_7
	b	.LBB30_5
.LBB30_5:                               @   in Loop: Header=BB30_4 Depth=1
.Ltmp360:
	.loc	1 1651 31 is_stmt 1             @ ../../../../../Library/StdDriver/src/crypto.c:1651:31
	ldr	r0, [sp, #212]
	.loc	1 1651 44 is_stmt 0             @ ../../../../../Library/StdDriver/src/crypto.c:1651:44
	ldr	r1, [sp, #52]
	.loc	1 1651 31                       @ ../../../../../Library/StdDriver/src/crypto.c:1651:31
	lsls	r1, r1, #2
	.loc	1 1651 37                       @ ../../../../../Library/StdDriver/src/crypto.c:1651:37
	adds	r0, r0, r1
	ldr	r1, __arm_cp.30_3
	.loc	1 1651 31                       @ ../../../../../Library/StdDriver/src/crypto.c:1651:31
	ldr	r0, [r0, r1]
	.loc	1 1651 26                       @ ../../../../../Library/StdDriver/src/crypto.c:1651:26
	ldr	r1, [sp, #52]
	.loc	1 1651 13                       @ ../../../../../Library/StdDriver/src/crypto.c:1651:13
	lsls	r2, r1, #2
	add	r1, sp, #128
	.loc	1 1651 29                       @ ../../../../../Library/StdDriver/src/crypto.c:1651:29
	str	r0, [r1, r2]
	.loc	1 1652 9 is_stmt 1              @ ../../../../../Library/StdDriver/src/crypto.c:1652:9
	b	.LBB30_6
.Ltmp361:
.LBB30_6:                               @   in Loop: Header=BB30_4 Depth=1
	.loc	1 1649 29                       @ ../../../../../Library/StdDriver/src/crypto.c:1649:29
	ldr	r0, [sp, #52]
	adds	r0, r0, #1
	str	r0, [sp, #52]
	.loc	1 1649 9 is_stmt 0              @ ../../../../../Library/StdDriver/src/crypto.c:1649:9
	b	.LBB30_4
.Ltmp362:
.LBB30_7:
	.loc	1 1654 17 is_stmt 1             @ ../../../../../Library/StdDriver/src/crypto.c:1654:17
	ldr	r0, __arm_cp.30_2
	str	r0, [sp, #20]                   @ 4-byte Spill
	ldr	r0, [r0]
	.loc	1 1654 25 is_stmt 0             @ ../../../../../Library/StdDriver/src/crypto.c:1654:25
	ldr	r0, [r0, #4]
	.loc	1 1654 46                       @ ../../../../../Library/StdDriver/src/crypto.c:1654:46
	ldr	r2, [sp, #228]
	add	r1, sp, #128
	.loc	1 1654 9                        @ ../../../../../Library/StdDriver/src/crypto.c:1654:9
	bl	Reg2Hex
	.loc	1 1690 19 is_stmt 1             @ ../../../../../Library/StdDriver/src/crypto.c:1690:19
	ldr	r0, [sp, #212]
	ldr	r1, __arm_cp.30_1
	.loc	1 1690 25 is_stmt 0             @ ../../../../../Library/StdDriver/src/crypto.c:1690:25
	str	r1, [sp, #24]                   @ 4-byte Spill
	adds	r0, r0, r1
	.loc	1 1690 9                        @ ../../../../../Library/StdDriver/src/crypto.c:1690:9
	bl	clean_reg
	ldr	r0, [sp, #20]                   @ 4-byte Reload
	ldr	r2, [sp, #24]                   @ 4-byte Reload
	.loc	1 1691 17 is_stmt 1             @ ../../../../../Library/StdDriver/src/crypto.c:1691:17
	ldr	r0, [r0]
	movw	r1, #768
	.loc	1 1691 25 is_stmt 0             @ ../../../../../Library/StdDriver/src/crypto.c:1691:25
	adds	r0, r0, r1
	.loc	1 1691 33                       @ ../../../../../Library/StdDriver/src/crypto.c:1691:33
	ldr	r1, [sp, #212]
	.loc	1 1691 39                       @ ../../../../../Library/StdDriver/src/crypto.c:1691:39
	adds	r1, r1, r2
	.loc	1 1691 9                        @ ../../../../../Library/StdDriver/src/crypto.c:1691:9
	bl	Hex2Reg
	.loc	1 1694 19 is_stmt 1             @ ../../../../../Library/StdDriver/src/crypto.c:1694:19
	ldr	r0, [sp, #212]
	movw	r1, #2128
	.loc	1 1694 25 is_stmt 0             @ ../../../../../Library/StdDriver/src/crypto.c:1694:25
	str	r1, [sp, #28]                   @ 4-byte Spill
	adds	r0, r0, r1
	.loc	1 1694 9                        @ ../../../../../Library/StdDriver/src/crypto.c:1694:9
	bl	clean_reg
	ldr	r2, [sp, #28]                   @ 4-byte Reload
	.loc	1 1695 9 is_stmt 1              @ ../../../../../Library/StdDriver/src/crypto.c:1695:9
	ldr	r1, [sp, #212]
	movs	r0, #1
	.loc	1 1695 25 is_stmt 0             @ ../../../../../Library/StdDriver/src/crypto.c:1695:25
	str	r0, [r1, r2]
	.loc	1 1698 19 is_stmt 1             @ ../../../../../Library/StdDriver/src/crypto.c:1698:19
	ldr	r0, [sp, #212]
	ldr	r1, __arm_cp.30_3
	.loc	1 1698 25 is_stmt 0             @ ../../../../../Library/StdDriver/src/crypto.c:1698:25
	str	r1, [sp, #32]                   @ 4-byte Spill
	adds	r0, r0, r1
	.loc	1 1698 9                        @ ../../../../../Library/StdDriver/src/crypto.c:1698:9
	bl	clean_reg
	ldr	r2, [sp, #32]                   @ 4-byte Reload
	.loc	1 1699 17 is_stmt 1             @ ../../../../../Library/StdDriver/src/crypto.c:1699:17
	ldr	r0, [sp, #224]
	.loc	1 1699 20 is_stmt 0             @ ../../../../../Library/StdDriver/src/crypto.c:1699:20
	ldr	r1, [sp, #212]
	.loc	1 1699 26                       @ ../../../../../Library/StdDriver/src/crypto.c:1699:26
	adds	r1, r1, r2
	.loc	1 1699 9                        @ ../../../../../Library/StdDriver/src/crypto.c:1699:9
	bl	Hex2Reg
	.loc	1 1701 23 is_stmt 1             @ ../../../../../Library/StdDriver/src/crypto.c:1701:23
	ldr	r0, [sp, #212]
	movw	r1, #512
	.loc	1 1701 9 is_stmt 0              @ ../../../../../Library/StdDriver/src/crypto.c:1701:9
	bl	run_ecc_codec
	movs	r0, #0
.Ltmp363:
	.loc	1 1710 15 is_stmt 1             @ ../../../../../Library/StdDriver/src/crypto.c:1710:15
	str	r0, [sp, #52]
	.loc	1 1710 13 is_stmt 0             @ ../../../../../Library/StdDriver/src/crypto.c:1710:13
	b	.LBB30_8
.LBB30_8:                               @ =>This Inner Loop Header: Depth=1
.Ltmp364:
	.loc	1 1710 20                       @ ../../../../../Library/StdDriver/src/crypto.c:1710:20
	ldr	r0, [sp, #52]
.Ltmp365:
	.loc	1 1710 9                        @ ../../../../../Library/StdDriver/src/crypto.c:1710:9
	cmp	r0, #17
	bgt	.LBB30_11
	b	.LBB30_9
.LBB30_9:                               @   in Loop: Header=BB30_8 Depth=1
.Ltmp366:
	.loc	1 1712 31 is_stmt 1             @ ../../../../../Library/StdDriver/src/crypto.c:1712:31
	ldr	r0, [sp, #212]
	.loc	1 1712 44 is_stmt 0             @ ../../../../../Library/StdDriver/src/crypto.c:1712:44
	ldr	r1, [sp, #52]
	.loc	1 1712 31                       @ ../../../../../Library/StdDriver/src/crypto.c:1712:31
	lsls	r1, r1, #2
	.loc	1 1712 37                       @ ../../../../../Library/StdDriver/src/crypto.c:1712:37
	adds	r0, r0, r1
	ldr	r1, __arm_cp.30_3
	.loc	1 1712 31                       @ ../../../../../Library/StdDriver/src/crypto.c:1712:31
	ldr	r0, [r0, r1]
	.loc	1 1712 26                       @ ../../../../../Library/StdDriver/src/crypto.c:1712:26
	ldr	r1, [sp, #52]
	.loc	1 1712 13                       @ ../../../../../Library/StdDriver/src/crypto.c:1712:13
	lsls	r2, r1, #2
	add	r1, sp, #56
	.loc	1 1712 29                       @ ../../../../../Library/StdDriver/src/crypto.c:1712:29
	str	r0, [r1, r2]
	.loc	1 1713 9 is_stmt 1              @ ../../../../../Library/StdDriver/src/crypto.c:1713:9
	b	.LBB30_10
.Ltmp367:
.LBB30_10:                              @   in Loop: Header=BB30_8 Depth=1
	.loc	1 1710 29                       @ ../../../../../Library/StdDriver/src/crypto.c:1710:29
	ldr	r0, [sp, #52]
	adds	r0, r0, #1
	str	r0, [sp, #52]
	.loc	1 1710 9 is_stmt 0              @ ../../../../../Library/StdDriver/src/crypto.c:1710:9
	b	.LBB30_8
.Ltmp368:
.LBB30_11:
	.loc	1 1721 19 is_stmt 1             @ ../../../../../Library/StdDriver/src/crypto.c:1721:19
	ldr	r0, [sp, #212]
	ldr	r1, __arm_cp.30_1
	.loc	1 1721 25 is_stmt 0             @ ../../../../../Library/StdDriver/src/crypto.c:1721:25
	str	r1, [sp, #16]                   @ 4-byte Spill
	adds	r0, r0, r1
	.loc	1 1721 9                        @ ../../../../../Library/StdDriver/src/crypto.c:1721:9
	bl	clean_reg
	ldr	r2, [sp, #16]                   @ 4-byte Reload
	.loc	1 1722 17 is_stmt 1             @ ../../../../../Library/StdDriver/src/crypto.c:1722:17
	ldr	r0, __arm_cp.30_2
	ldr	r0, [r0]
	movw	r1, #768
	.loc	1 1722 25 is_stmt 0             @ ../../../../../Library/StdDriver/src/crypto.c:1722:25
	adds	r0, r0, r1
	.loc	1 1722 33                       @ ../../../../../Library/StdDriver/src/crypto.c:1722:33
	ldr	r1, [sp, #212]
	.loc	1 1722 39                       @ ../../../../../Library/StdDriver/src/crypto.c:1722:39
	adds	r1, r1, r2
	.loc	1 1722 9                        @ ../../../../../Library/StdDriver/src/crypto.c:1722:9
	bl	Hex2Reg
	movs	r0, #0
.Ltmp369:
	.loc	1 1725 15 is_stmt 1             @ ../../../../../Library/StdDriver/src/crypto.c:1725:15
	str	r0, [sp, #52]
	.loc	1 1725 13 is_stmt 0             @ ../../../../../Library/StdDriver/src/crypto.c:1725:13
	b	.LBB30_12
.LBB30_12:                              @ =>This Inner Loop Header: Depth=1
.Ltmp370:
	.loc	1 1725 20                       @ ../../../../../Library/StdDriver/src/crypto.c:1725:20
	ldr	r0, [sp, #52]
.Ltmp371:
	.loc	1 1725 9                        @ ../../../../../Library/StdDriver/src/crypto.c:1725:9
	cmp	r0, #17
	bgt	.LBB30_15
	b	.LBB30_13
.LBB30_13:                              @   in Loop: Header=BB30_12 Depth=1
.Ltmp372:
	.loc	1 1727 44 is_stmt 1             @ ../../../../../Library/StdDriver/src/crypto.c:1727:44
	ldr	r0, [sp, #52]
	.loc	1 1727 31 is_stmt 0             @ ../../../../../Library/StdDriver/src/crypto.c:1727:31
	lsls	r1, r0, #2
	add	r0, sp, #128
	ldr	r0, [r0, r1]
	.loc	1 1727 13                       @ ../../../../../Library/StdDriver/src/crypto.c:1727:13
	ldr	r1, [sp, #212]
	.loc	1 1727 26                       @ ../../../../../Library/StdDriver/src/crypto.c:1727:26
	ldr	r2, [sp, #52]
	.loc	1 1727 13                       @ ../../../../../Library/StdDriver/src/crypto.c:1727:13
	lsls	r2, r2, #2
	.loc	1 1727 19                       @ ../../../../../Library/StdDriver/src/crypto.c:1727:19
	adds	r1, r1, r2
	ldr	r2, __arm_cp.30_3
	.loc	1 1727 29                       @ ../../../../../Library/StdDriver/src/crypto.c:1727:29
	str	r0, [r1, r2]
	.loc	1 1728 9 is_stmt 1              @ ../../../../../Library/StdDriver/src/crypto.c:1728:9
	b	.LBB30_14
.Ltmp373:
.LBB30_14:                              @   in Loop: Header=BB30_12 Depth=1
	.loc	1 1725 29                       @ ../../../../../Library/StdDriver/src/crypto.c:1725:29
	ldr	r0, [sp, #52]
	adds	r0, r0, #1
	str	r0, [sp, #52]
	.loc	1 1725 9 is_stmt 0              @ ../../../../../Library/StdDriver/src/crypto.c:1725:9
	b	.LBB30_12
.Ltmp374:
.LBB30_15:
	.loc	1 1730 19 is_stmt 1             @ ../../../../../Library/StdDriver/src/crypto.c:1730:19
	ldr	r0, [sp, #212]
	movw	r1, #2128
	.loc	1 1730 25 is_stmt 0             @ ../../../../../Library/StdDriver/src/crypto.c:1730:25
	str	r1, [sp]                        @ 4-byte Spill
	adds	r0, r0, r1
	.loc	1 1730 9                        @ ../../../../../Library/StdDriver/src/crypto.c:1730:9
	bl	clean_reg
	ldr	r2, [sp]                        @ 4-byte Reload
	.loc	1 1731 17 is_stmt 1             @ ../../../../../Library/StdDriver/src/crypto.c:1731:17
	ldr	r0, [sp, #200]
	.loc	1 1731 20 is_stmt 0             @ ../../../../../Library/StdDriver/src/crypto.c:1731:20
	ldr	r1, [sp, #212]
	.loc	1 1731 26                       @ ../../../../../Library/StdDriver/src/crypto.c:1731:26
	adds	r1, r1, r2
	.loc	1 1731 9                        @ ../../../../../Library/StdDriver/src/crypto.c:1731:9
	bl	Hex2Reg
	.loc	1 1733 23 is_stmt 1             @ ../../../../../Library/StdDriver/src/crypto.c:1733:23
	ldr	r0, [sp, #212]
	movw	r1, #2560
	.loc	1 1733 9 is_stmt 0              @ ../../../../../Library/StdDriver/src/crypto.c:1733:9
	bl	run_ecc_codec
	.loc	1 1741 19 is_stmt 1             @ ../../../../../Library/StdDriver/src/crypto.c:1741:19
	ldr	r0, [sp, #212]
	ldr	r1, __arm_cp.30_1
	.loc	1 1741 25 is_stmt 0             @ ../../../../../Library/StdDriver/src/crypto.c:1741:25
	str	r1, [sp, #12]                   @ 4-byte Spill
	adds	r0, r0, r1
	.loc	1 1741 9                        @ ../../../../../Library/StdDriver/src/crypto.c:1741:9
	bl	clean_reg
	ldr	r2, [sp, #12]                   @ 4-byte Reload
	.loc	1 1742 17 is_stmt 1             @ ../../../../../Library/StdDriver/src/crypto.c:1742:17
	ldr	r0, __arm_cp.30_2
	str	r0, [sp, #4]                    @ 4-byte Spill
	ldr	r0, [r0]
	movw	r1, #768
	.loc	1 1742 25 is_stmt 0             @ ../../../../../Library/StdDriver/src/crypto.c:1742:25
	str	r1, [sp, #8]                    @ 4-byte Spill
	adds	r0, r0, r1
	.loc	1 1742 33                       @ ../../../../../Library/StdDriver/src/crypto.c:1742:33
	ldr	r1, [sp, #212]
	.loc	1 1742 39                       @ ../../../../../Library/StdDriver/src/crypto.c:1742:39
	adds	r1, r1, r2
	.loc	1 1742 9                        @ ../../../../../Library/StdDriver/src/crypto.c:1742:9
	bl	Hex2Reg
	ldr	r1, [sp]                        @ 4-byte Reload
	.loc	1 1745 19 is_stmt 1             @ ../../../../../Library/StdDriver/src/crypto.c:1745:19
	ldr	r0, [sp, #212]
	.loc	1 1745 25 is_stmt 0             @ ../../../../../Library/StdDriver/src/crypto.c:1745:25
	adds	r0, r0, r1
	.loc	1 1745 9                        @ ../../../../../Library/StdDriver/src/crypto.c:1745:9
	bl	clean_reg
	ldr	r2, [sp]                        @ 4-byte Reload
	.loc	1 1746 17 is_stmt 1             @ ../../../../../Library/StdDriver/src/crypto.c:1746:17
	ldr	r0, [sp, #204]
	.loc	1 1746 26 is_stmt 0             @ ../../../../../Library/StdDriver/src/crypto.c:1746:26
	ldr	r1, [sp, #212]
	.loc	1 1746 32                       @ ../../../../../Library/StdDriver/src/crypto.c:1746:32
	adds	r1, r1, r2
	.loc	1 1746 9                        @ ../../../../../Library/StdDriver/src/crypto.c:1746:9
	bl	Hex2Reg
	.loc	1 1748 23 is_stmt 1             @ ../../../../../Library/StdDriver/src/crypto.c:1748:23
	ldr	r0, [sp, #212]
	movw	r1, #4608
	.loc	1 1748 9 is_stmt 0              @ ../../../../../Library/StdDriver/src/crypto.c:1748:9
	bl	run_ecc_codec
	ldr	r1, [sp, #12]                   @ 4-byte Reload
	.loc	1 1756 19 is_stmt 1             @ ../../../../../Library/StdDriver/src/crypto.c:1756:19
	ldr	r0, [sp, #212]
	.loc	1 1756 25 is_stmt 0             @ ../../../../../Library/StdDriver/src/crypto.c:1756:25
	adds	r0, r0, r1
	.loc	1 1756 9                        @ ../../../../../Library/StdDriver/src/crypto.c:1756:9
	bl	clean_reg
	ldr	r0, [sp, #4]                    @ 4-byte Reload
	ldr	r1, [sp, #8]                    @ 4-byte Reload
	ldr	r2, [sp, #12]                   @ 4-byte Reload
	.loc	1 1757 17 is_stmt 1             @ ../../../../../Library/StdDriver/src/crypto.c:1757:17
	ldr	r0, [r0]
	.loc	1 1757 25 is_stmt 0             @ ../../../../../Library/StdDriver/src/crypto.c:1757:25
	adds	r0, r0, r1
	.loc	1 1757 33                       @ ../../../../../Library/StdDriver/src/crypto.c:1757:33
	ldr	r1, [sp, #212]
	.loc	1 1757 39                       @ ../../../../../Library/StdDriver/src/crypto.c:1757:39
	adds	r1, r1, r2
	.loc	1 1757 9                        @ ../../../../../Library/StdDriver/src/crypto.c:1757:9
	bl	Hex2Reg
	movs	r0, #0
.Ltmp375:
	.loc	1 1760 15 is_stmt 1             @ ../../../../../Library/StdDriver/src/crypto.c:1760:15
	str	r0, [sp, #52]
	.loc	1 1760 13 is_stmt 0             @ ../../../../../Library/StdDriver/src/crypto.c:1760:13
	b	.LBB30_16
.LBB30_16:                              @ =>This Inner Loop Header: Depth=1
.Ltmp376:
	.loc	1 1760 20                       @ ../../../../../Library/StdDriver/src/crypto.c:1760:20
	ldr	r0, [sp, #52]
.Ltmp377:
	.loc	1 1760 9                        @ ../../../../../Library/StdDriver/src/crypto.c:1760:9
	cmp	r0, #17
	bgt	.LBB30_19
	b	.LBB30_17
.LBB30_17:                              @   in Loop: Header=BB30_16 Depth=1
.Ltmp378:
	.loc	1 1762 44 is_stmt 1             @ ../../../../../Library/StdDriver/src/crypto.c:1762:44
	ldr	r0, [sp, #52]
	.loc	1 1762 31 is_stmt 0             @ ../../../../../Library/StdDriver/src/crypto.c:1762:31
	lsls	r1, r0, #2
	add	r0, sp, #56
	ldr	r0, [r0, r1]
	.loc	1 1762 13                       @ ../../../../../Library/StdDriver/src/crypto.c:1762:13
	ldr	r1, [sp, #212]
	.loc	1 1762 26                       @ ../../../../../Library/StdDriver/src/crypto.c:1762:26
	ldr	r2, [sp, #52]
	.loc	1 1762 13                       @ ../../../../../Library/StdDriver/src/crypto.c:1762:13
	lsls	r2, r2, #2
	.loc	1 1762 19                       @ ../../../../../Library/StdDriver/src/crypto.c:1762:19
	adds	r1, r1, r2
	movw	r2, #2128
	.loc	1 1762 29                       @ ../../../../../Library/StdDriver/src/crypto.c:1762:29
	str	r0, [r1, r2]
	.loc	1 1763 9 is_stmt 1              @ ../../../../../Library/StdDriver/src/crypto.c:1763:9
	b	.LBB30_18
.Ltmp379:
.LBB30_18:                              @   in Loop: Header=BB30_16 Depth=1
	.loc	1 1760 29                       @ ../../../../../Library/StdDriver/src/crypto.c:1760:29
	ldr	r0, [sp, #52]
	adds	r0, r0, #1
	str	r0, [sp, #52]
	.loc	1 1760 9 is_stmt 0              @ ../../../../../Library/StdDriver/src/crypto.c:1760:9
	b	.LBB30_16
.Ltmp380:
.LBB30_19:
	.loc	1 1765 23 is_stmt 1             @ ../../../../../Library/StdDriver/src/crypto.c:1765:23
	ldr	r0, [sp, #212]
	movw	r1, #2560
	.loc	1 1765 9 is_stmt 0              @ ../../../../../Library/StdDriver/src/crypto.c:1765:9
	bl	run_ecc_codec
	movs	r0, #0
.Ltmp381:
	.loc	1 1768 15 is_stmt 1             @ ../../../../../Library/StdDriver/src/crypto.c:1768:15
	str	r0, [sp, #52]
	.loc	1 1768 13 is_stmt 0             @ ../../../../../Library/StdDriver/src/crypto.c:1768:13
	b	.LBB30_20
.LBB30_20:                              @ =>This Inner Loop Header: Depth=1
.Ltmp382:
	.loc	1 1768 20                       @ ../../../../../Library/StdDriver/src/crypto.c:1768:20
	ldr	r0, [sp, #52]
.Ltmp383:
	.loc	1 1768 9                        @ ../../../../../Library/StdDriver/src/crypto.c:1768:9
	cmp	r0, #17
	bgt	.LBB30_23
	b	.LBB30_21
.LBB30_21:                              @   in Loop: Header=BB30_20 Depth=1
.Ltmp384:
	.loc	1 1770 31 is_stmt 1             @ ../../../../../Library/StdDriver/src/crypto.c:1770:31
	ldr	r0, [sp, #212]
	.loc	1 1770 44 is_stmt 0             @ ../../../../../Library/StdDriver/src/crypto.c:1770:44
	ldr	r1, [sp, #52]
	.loc	1 1770 31                       @ ../../../../../Library/StdDriver/src/crypto.c:1770:31
	lsls	r1, r1, #2
	.loc	1 1770 37                       @ ../../../../../Library/StdDriver/src/crypto.c:1770:37
	adds	r0, r0, r1
	ldr	r1, __arm_cp.30_3
	.loc	1 1770 31                       @ ../../../../../Library/StdDriver/src/crypto.c:1770:31
	ldr	r0, [r0, r1]
	.loc	1 1770 26                       @ ../../../../../Library/StdDriver/src/crypto.c:1770:26
	ldr	r1, [sp, #52]
	.loc	1 1770 13                       @ ../../../../../Library/StdDriver/src/crypto.c:1770:13
	lsls	r2, r1, #2
	add	r1, sp, #56
	.loc	1 1770 29                       @ ../../../../../Library/StdDriver/src/crypto.c:1770:29
	str	r0, [r1, r2]
	.loc	1 1771 9 is_stmt 1              @ ../../../../../Library/StdDriver/src/crypto.c:1771:9
	b	.LBB30_22
.Ltmp385:
.LBB30_22:                              @   in Loop: Header=BB30_20 Depth=1
	.loc	1 1768 29                       @ ../../../../../Library/StdDriver/src/crypto.c:1768:29
	ldr	r0, [sp, #52]
	adds	r0, r0, #1
	str	r0, [sp, #52]
	.loc	1 1768 9 is_stmt 0              @ ../../../../../Library/StdDriver/src/crypto.c:1768:9
	b	.LBB30_20
.Ltmp386:
.LBB30_23:
	.loc	1 1773 17 is_stmt 1             @ ../../../../../Library/StdDriver/src/crypto.c:1773:17
	ldr	r0, __arm_cp.30_2
	ldr	r0, [r0]
	.loc	1 1773 25 is_stmt 0             @ ../../../../../Library/StdDriver/src/crypto.c:1773:25
	ldr	r0, [r0, #4]
	.loc	1 1773 46                       @ ../../../../../Library/StdDriver/src/crypto.c:1773:46
	ldr	r2, [sp, #232]
	add	r1, sp, #56
	.loc	1 1773 9                        @ ../../../../../Library/StdDriver/src/crypto.c:1773:9
	bl	Reg2Hex
	.loc	1 1775 5 is_stmt 1              @ ../../../../../Library/StdDriver/src/crypto.c:1775:5
	b	.LBB30_24
.Ltmp387:
.LBB30_24:
	.loc	1 1777 12                       @ ../../../../../Library/StdDriver/src/crypto.c:1777:12
	ldr	r0, [sp, #48]
	.loc	1 1777 5 is_stmt 0              @ ../../../../../Library/StdDriver/src/crypto.c:1777:5
	add	sp, #216
	pop	{r4, pc}
.Ltmp388:
	.p2align	2
@ %bb.25:
	.loc	1 0 5                           @ ../../../../../Library/StdDriver/src/crypto.c:0:5
__arm_cp.30_0:
	.long	1073950528                      @ 0x40032f40
.Lcpi_end46:
	.size	__arm_cp.30_0, .Lcpi_end46-__arm_cp.30_0
__arm_cp.30_1:
	.long	2488                            @ 0x9b8
.Lcpi_end47:
	.size	__arm_cp.30_1, .Lcpi_end47-__arm_cp.30_1
__arm_cp.30_2:
	.long	pCurve
.Lcpi_end48:
	.size	__arm_cp.30_2, .Lcpi_end48-__arm_cp.30_2
__arm_cp.30_3:
	.long	2056                            @ 0x808
.Lcpi_end49:
	.size	__arm_cp.30_3, .Lcpi_end49-__arm_cp.30_3
.Lfunc_end30:
	.size	ECC_GenerateSignature, .Lfunc_end30-ECC_GenerateSignature
	.cfi_endproc
	.fnend
                                        @ -- End function
	.section	.text.run_ecc_codec,"ax",%progbits
	.p2align	2                               @ -- Begin function run_ecc_codec
	.type	run_ecc_codec,%function
	.code	16                              @ @run_ecc_codec
	.thumb_func
run_ecc_codec:
.Lfunc_begin31:
	.loc	1 1519 0 is_stmt 1              @ ../../../../../Library/StdDriver/src/crypto.c:1519:0
	.fnstart
	.cfi_startproc
@ %bb.0:
	.save	{r7, lr}
	push	{r7, lr}
	.cfi_def_cfa_offset 8
	.cfi_offset lr, -4
	.cfi_offset r7, -8
	.pad	#24
	sub	sp, #24
	.cfi_def_cfa_offset 32
	str	r0, [sp, #16]
	str	r1, [sp, #12]
.Ltmp389:
	.loc	1 1523 13 prologue_end          @ ../../../../../Library/StdDriver/src/crypto.c:1523:13
	ldr	r0, [sp, #12]
	movw	r1, #1536
	.loc	1 1523 18 is_stmt 0             @ ../../../../../Library/StdDriver/src/crypto.c:1523:18
	ands	r0, r1
	.loc	1 1523 11                       @ ../../../../../Library/StdDriver/src/crypto.c:1523:11
	str	r0, [sp, #8]
.Ltmp390:
	.loc	1 1524 8 is_stmt 1              @ ../../../../../Library/StdDriver/src/crypto.c:1524:8
	ldr	r0, [sp, #8]
	movw	r1, #512
.Ltmp391:
	.loc	1 1524 8 is_stmt 0              @ ../../../../../Library/StdDriver/src/crypto.c:1524:8
	cmp	r0, r1
	bne	.LBB31_2
	b	.LBB31_1
.LBB31_1:
.Ltmp392:
	.loc	1 1526 9 is_stmt 1              @ ../../../../../Library/StdDriver/src/crypto.c:1526:9
	ldr	r1, [sp, #16]
	movw	r2, #2048
	movw	r0, #256
	.loc	1 1526 23 is_stmt 0             @ ../../../../../Library/StdDriver/src/crypto.c:1526:23
	str	r0, [r1, r2]
	.loc	1 1527 5 is_stmt 1              @ ../../../../../Library/StdDriver/src/crypto.c:1527:5
	b	.LBB31_8
.Ltmp393:
.LBB31_2:
	.loc	1 1530 12                       @ ../../../../../Library/StdDriver/src/crypto.c:1530:12
	ldr	r0, __arm_cp.31_0
	ldr	r0, [r0]
	movw	r1, #960
	.loc	1 1530 20 is_stmt 0             @ ../../../../../Library/StdDriver/src/crypto.c:1530:20
	ldr	r0, [r0, r1]
.Ltmp394:
	.loc	1 1530 12                       @ ../../../../../Library/StdDriver/src/crypto.c:1530:12
	cmp	r0, #1
	bne	.LBB31_4
	b	.LBB31_3
.LBB31_3:
.Ltmp395:
	.loc	1 1533 13 is_stmt 1             @ ../../../../../Library/StdDriver/src/crypto.c:1533:13
	ldr	r1, [sp, #16]
	movw	r2, #2048
	movs	r0, #0
	.loc	1 1533 27 is_stmt 0             @ ../../../../../Library/StdDriver/src/crypto.c:1533:27
	str	r0, [r1, r2]
	.loc	1 1534 9 is_stmt 1              @ ../../../../../Library/StdDriver/src/crypto.c:1534:9
	b	.LBB31_5
.Ltmp396:
.LBB31_4:
	.loc	1 1538 13                       @ ../../../../../Library/StdDriver/src/crypto.c:1538:13
	ldr	r1, [sp, #16]
	movw	r2, #2048
	movw	r0, #256
	.loc	1 1538 27 is_stmt 0             @ ../../../../../Library/StdDriver/src/crypto.c:1538:27
	str	r0, [r1, r2]
	b	.LBB31_5
.Ltmp397:
.LBB31_5:
	.loc	1 1542 12 is_stmt 1             @ ../../../../../Library/StdDriver/src/crypto.c:1542:12
	ldr	r0, [sp, #8]
.Ltmp398:
	.loc	1 1542 12 is_stmt 0             @ ../../../../../Library/StdDriver/src/crypto.c:1542:12
	cbnz	r0, .LBB31_7
	b	.LBB31_6
.LBB31_6:
.Ltmp399:
	.loc	1 1545 13 is_stmt 1             @ ../../../../../Library/StdDriver/src/crypto.c:1545:13
	ldr	r1, [sp, #16]
	movw	r2, #2048
	.loc	1 1545 27 is_stmt 0             @ ../../../../../Library/StdDriver/src/crypto.c:1545:27
	ldr	r0, [r1, r2]
	movw	r3, #16384
	orrs	r0, r3
	str	r0, [r1, r2]
	.loc	1 1547 21 is_stmt 1             @ ../../../../../Library/StdDriver/src/crypto.c:1547:21
	ldr	r0, __arm_cp.31_0
	ldr	r0, [r0]
	movw	r1, #768
	.loc	1 1547 29 is_stmt 0             @ ../../../../../Library/StdDriver/src/crypto.c:1547:29
	adds	r0, r0, r1
	.loc	1 1547 37                       @ ../../../../../Library/StdDriver/src/crypto.c:1547:37
	ldr	r1, [sp, #16]
	ldr	r2, __arm_cp.31_1
	.loc	1 1547 43                       @ ../../../../../Library/StdDriver/src/crypto.c:1547:43
	adds	r1, r1, r2
	.loc	1 1547 13                       @ ../../../../../Library/StdDriver/src/crypto.c:1547:13
	bl	Hex2Reg
	.loc	1 1548 9 is_stmt 1              @ ../../../../../Library/StdDriver/src/crypto.c:1548:9
	b	.LBB31_7
.Ltmp400:
.LBB31_7:
	.loc	1 0 9 is_stmt 0                 @ ../../../../../Library/StdDriver/src/crypto.c:0:9
	b	.LBB31_8
.LBB31_8:
	.loc	1 1553 32 is_stmt 1             @ ../../../../../Library/StdDriver/src/crypto.c:1553:32
	ldr	r1, __arm_cp.31_2
	movs	r0, #0
	str	r0, [r1]
	.loc	1 1553 16 is_stmt 0             @ ../../../../../Library/StdDriver/src/crypto.c:1553:16
	ldr	r1, __arm_cp.31_3
	str	r0, [r1]
	.loc	1 1555 33 is_stmt 1             @ ../../../../../Library/StdDriver/src/crypto.c:1555:33
	ldr	r0, __arm_cp.31_0
	ldr	r0, [r0]
	movw	r1, #944
	.loc	1 1555 41 is_stmt 0             @ ../../../../../Library/StdDriver/src/crypto.c:1555:41
	ldr	r0, [r0, r1]
	.loc	1 1555 49                       @ ../../../../../Library/StdDriver/src/crypto.c:1555:49
	lsls	r0, r0, #22
	.loc	1 1555 79                       @ ../../../../../Library/StdDriver/src/crypto.c:1555:79
	ldr	r1, [sp, #12]
	.loc	1 1555 77                       @ ../../../../../Library/StdDriver/src/crypto.c:1555:77
	orrs	r0, r1
	.loc	1 1555 5                        @ ../../../../../Library/StdDriver/src/crypto.c:1555:5
	ldr	r1, [sp, #16]
	movw	r2, #2048
	.loc	1 1555 19                       @ ../../../../../Library/StdDriver/src/crypto.c:1555:19
	ldr	r3, [r1, r2]
	.loc	1 1555 84                       @ ../../../../../Library/StdDriver/src/crypto.c:1555:84
	orrs	r0, r3
	movs	r3, #1
	.loc	1 1555 19                       @ ../../../../../Library/StdDriver/src/crypto.c:1555:19
	orrs	r0, r3
	str	r0, [r1, r2]
	.loc	1 1557 21 is_stmt 1             @ ../../../../../Library/StdDriver/src/crypto.c:1557:21
	ldr	r0, __arm_cp.31_4
	ldr	r0, [r0]
	.loc	1 1557 19 is_stmt 0             @ ../../../../../Library/StdDriver/src/crypto.c:1557:19
	str	r0, [sp, #4]
	.loc	1 1558 5 is_stmt 1              @ ../../../../../Library/StdDriver/src/crypto.c:1558:5
	b	.LBB31_9
.LBB31_9:                               @ =>This Inner Loop Header: Depth=1
	.loc	1 1558 11 is_stmt 0             @ ../../../../../Library/StdDriver/src/crypto.c:1558:11
	ldr	r0, __arm_cp.31_3
	ldr	r0, [r0]
	.loc	1 1558 5                        @ ../../../../../Library/StdDriver/src/crypto.c:1558:5
	cbnz	r0, .LBB31_14
	b	.LBB31_10
.LBB31_10:                              @   in Loop: Header=BB31_9 Depth=1
.Ltmp401:
	.loc	1 1560 27 is_stmt 1             @ ../../../../../Library/StdDriver/src/crypto.c:1560:27
	ldr	r0, [sp, #4]
	subs	r1, r0, #1
	str	r1, [sp, #4]
	.loc	1 1560 36 is_stmt 0             @ ../../../../../Library/StdDriver/src/crypto.c:1560:36
	cmp	r0, #1
	blt	.LBB31_12
	b	.LBB31_11
.LBB31_11:                              @   in Loop: Header=BB31_9 Depth=1
	.loc	1 1560 39                       @ ../../../../../Library/StdDriver/src/crypto.c:1560:39
	ldr	r0, __arm_cp.31_2
	ldr	r0, [r0]
.Ltmp402:
	.loc	1 1560 13                       @ ../../../../../Library/StdDriver/src/crypto.c:1560:13
	cbz	r0, .LBB31_13
	b	.LBB31_12
.LBB31_12:
	.loc	1 0 13                          @ ../../../../../Library/StdDriver/src/crypto.c:0:13
	movs	r0, #0
	mvns	r0, r0
.Ltmp403:
	.loc	1 1562 13 is_stmt 1             @ ../../../../../Library/StdDriver/src/crypto.c:1562:13
	str	r0, [sp, #20]
	b	.LBB31_20
.Ltmp404:
.LBB31_13:                              @   in Loop: Header=BB31_9 Depth=1
	.loc	1 1558 5                        @ ../../../../../Library/StdDriver/src/crypto.c:1558:5
	b	.LBB31_9
.LBB31_14:
	.loc	1 1566 21                       @ ../../../../../Library/StdDriver/src/crypto.c:1566:21
	ldr	r0, __arm_cp.31_4
	ldr	r0, [r0]
	.loc	1 1566 19 is_stmt 0             @ ../../../../../Library/StdDriver/src/crypto.c:1566:19
	str	r0, [sp, #4]
	.loc	1 1567 5 is_stmt 1              @ ../../../../../Library/StdDriver/src/crypto.c:1567:5
	b	.LBB31_15
.LBB31_15:                              @ =>This Inner Loop Header: Depth=1
	.loc	1 1567 11 is_stmt 0             @ ../../../../../Library/StdDriver/src/crypto.c:1567:11
	ldr	r0, [sp, #16]
	ldr	r1, __arm_cp.31_5
	.loc	1 1567 17                       @ ../../../../../Library/StdDriver/src/crypto.c:1567:17
	ldr	r0, [r0, r1]
	.loc	1 1567 5                        @ ../../../../../Library/StdDriver/src/crypto.c:1567:5
	lsls	r0, r0, #31
	cbz	r0, .LBB31_19
	b	.LBB31_16
.LBB31_16:                              @   in Loop: Header=BB31_15 Depth=1
.Ltmp405:
	.loc	1 1569 26 is_stmt 1             @ ../../../../../Library/StdDriver/src/crypto.c:1569:26
	ldr	r0, [sp, #4]
	subs	r1, r0, #1
	str	r1, [sp, #4]
.Ltmp406:
	.loc	1 1569 13 is_stmt 0             @ ../../../../../Library/StdDriver/src/crypto.c:1569:13
	cmp	r0, #0
	bgt	.LBB31_18
	b	.LBB31_17
.LBB31_17:
	.loc	1 0 13                          @ ../../../../../Library/StdDriver/src/crypto.c:0:13
	movs	r0, #0
	mvns	r0, r0
.Ltmp407:
	.loc	1 1571 13 is_stmt 1             @ ../../../../../Library/StdDriver/src/crypto.c:1571:13
	str	r0, [sp, #20]
	b	.LBB31_20
.Ltmp408:
.LBB31_18:                              @   in Loop: Header=BB31_15 Depth=1
	.loc	1 1567 5                        @ ../../../../../Library/StdDriver/src/crypto.c:1567:5
	b	.LBB31_15
.LBB31_19:
	.loc	1 0 5 is_stmt 0                 @ ../../../../../Library/StdDriver/src/crypto.c:0:5
	movs	r0, #0
	.loc	1 1575 5 is_stmt 1              @ ../../../../../Library/StdDriver/src/crypto.c:1575:5
	str	r0, [sp, #20]
	b	.LBB31_20
.LBB31_20:
	.loc	1 1576 1                        @ ../../../../../Library/StdDriver/src/crypto.c:1576:1
	ldr	r0, [sp, #20]
	add	sp, #24
	pop	{r7, pc}
.Ltmp409:
	.p2align	2
@ %bb.21:
	.loc	1 0 1 is_stmt 0                 @ ../../../../../Library/StdDriver/src/crypto.c:0:1
__arm_cp.31_0:
	.long	pCurve
.Lcpi_end50:
	.size	__arm_cp.31_0, .Lcpi_end50-__arm_cp.31_0
__arm_cp.31_1:
	.long	2200                            @ 0x898
.Lcpi_end51:
	.size	__arm_cp.31_1, .Lcpi_end51-__arm_cp.31_1
__arm_cp.31_2:
	.long	g_ECCERR_done
.Lcpi_end52:
	.size	__arm_cp.31_2, .Lcpi_end52-__arm_cp.31_2
__arm_cp.31_3:
	.long	g_ECC_done
.Lcpi_end53:
	.size	__arm_cp.31_3, .Lcpi_end53-__arm_cp.31_3
__arm_cp.31_4:
	.long	SystemCoreClock
.Lcpi_end54:
	.size	__arm_cp.31_4, .Lcpi_end54-__arm_cp.31_4
__arm_cp.31_5:
	.long	2052                            @ 0x804
.Lcpi_end55:
	.size	__arm_cp.31_5, .Lcpi_end55-__arm_cp.31_5
.Lfunc_end31:
	.size	run_ecc_codec, .Lfunc_end31-run_ecc_codec
	.cfi_endproc
	.fnend
                                        @ -- End function
	.section	.text.ECC_GenerateSignature_KS,"ax",%progbits
	.hidden	ECC_GenerateSignature_KS        @ -- Begin function ECC_GenerateSignature_KS
	.globl	ECC_GenerateSignature_KS
	.p2align	2
	.type	ECC_GenerateSignature_KS,%function
	.code	16                              @ @ECC_GenerateSignature_KS
	.thumb_func
ECC_GenerateSignature_KS:
.Lfunc_begin32:
	.loc	1 1795 0 is_stmt 1              @ ../../../../../Library/StdDriver/src/crypto.c:1795:0
	.fnstart
	.cfi_startproc
@ %bb.0:
	.save	{r4, lr}
	push	{r4, lr}
	.cfi_def_cfa_offset 8
	.cfi_offset lr, -4
	.cfi_offset r4, -8
	.pad	#184
	sub	sp, #184
	.cfi_def_cfa_offset 192
	ldr	r4, [sp, #208]
	ldr	r4, [sp, #204]
	ldr	r4, [sp, #200]
	ldr	r4, [sp, #196]
	ldr	r4, [sp, #192]
	str	r0, [sp, #180]
	str	r1, [sp, #176]
	str	r2, [sp, #172]
	str	r3, [sp, #168]
	movs	r0, #0
.Ltmp410:
	.loc	1 1797 17 prologue_end          @ ../../../../../Library/StdDriver/src/crypto.c:1797:17
	str	r0, [sp, #16]
.Ltmp411:
	.loc	1 1799 23                       @ ../../../../../Library/StdDriver/src/crypto.c:1799:23
	ldr	r0, [sp, #180]
	.loc	1 1799 29 is_stmt 0             @ ../../../../../Library/StdDriver/src/crypto.c:1799:29
	ldr	r1, [sp, #176]
	.loc	1 1799 8                        @ ../../../../../Library/StdDriver/src/crypto.c:1799:8
	bl	ecc_init_curve
.Ltmp412:
	.loc	1 1799 8                        @ ../../../../../Library/StdDriver/src/crypto.c:1799:8
	cbz	r0, .LBB32_2
	b	.LBB32_1
.LBB32_1:
	.loc	1 0 8                           @ ../../../../../Library/StdDriver/src/crypto.c:0:8
	movs	r0, #0
	mvns	r0, r0
.Ltmp413:
	.loc	1 1801 13 is_stmt 1             @ ../../../../../Library/StdDriver/src/crypto.c:1801:13
	str	r0, [sp, #16]
	.loc	1 1802 5                        @ ../../../../../Library/StdDriver/src/crypto.c:1802:5
	b	.LBB32_2
.Ltmp414:
.LBB32_2:
	.loc	1 1804 8                        @ ../../../../../Library/StdDriver/src/crypto.c:1804:8
	ldr	r0, [sp, #16]
.Ltmp415:
	.loc	1 1804 8 is_stmt 0              @ ../../../../../Library/StdDriver/src/crypto.c:1804:8
	cbz	r0, .LBB32_3
	b	.LBB32_16
.LBB32_3:
	.loc	1 0 8                           @ ../../../../../Library/StdDriver/src/crypto.c:0:8
	ldr	r1, __arm_cp.32_0
	movs	r0, #0
.Ltmp416:
	.loc	1 1806 25 is_stmt 1             @ ../../../../../Library/StdDriver/src/crypto.c:1806:25
	str	r0, [sp, #12]                   @ 4-byte Spill
	str	r0, [r1]
	ldr	r1, __arm_cp.32_1
	.loc	1 1807 25                       @ ../../../../../Library/StdDriver/src/crypto.c:1807:25
	str	r0, [r1]
	.loc	1 1838 38                       @ ../../../../../Library/StdDriver/src/crypto.c:1838:38
	ldr	r0, [sp, #196]
	.loc	1 1838 44 is_stmt 0             @ ../../../../../Library/StdDriver/src/crypto.c:1838:44
	lsls	r0, r0, #6
	.loc	1 1840 37 is_stmt 1             @ ../../../../../Library/StdDriver/src/crypto.c:1840:37
	ldr	r1, [sp, #200]
	.loc	1 1838 94                       @ ../../../../../Library/StdDriver/src/crypto.c:1838:94
	orrs	r0, r1
	movs	r1, #32
	.loc	1 1839 69                       @ ../../../../../Library/StdDriver/src/crypto.c:1839:69
	orrs	r0, r1
	.loc	1 1838 9                        @ ../../../../../Library/StdDriver/src/crypto.c:1838:9
	ldr	r2, [sp, #180]
	movw	r3, #3904
	.loc	1 1838 25 is_stmt 0             @ ../../../../../Library/StdDriver/src/crypto.c:1838:25
	str	r0, [r2, r3]
	.loc	1 1842 23 is_stmt 1             @ ../../../../../Library/StdDriver/src/crypto.c:1842:23
	ldr	r0, [sp, #180]
	.loc	1 1842 9 is_stmt 0              @ ../../../../../Library/StdDriver/src/crypto.c:1842:9
	bl	run_ecc_codec
	.loc	1 1845 19 is_stmt 1             @ ../../../../../Library/StdDriver/src/crypto.c:1845:19
	ldr	r0, [sp, #180]
	ldr	r1, __arm_cp.32_2
	.loc	1 1845 25 is_stmt 0             @ ../../../../../Library/StdDriver/src/crypto.c:1845:25
	str	r1, [sp, #8]                    @ 4-byte Spill
	adds	r0, r0, r1
	.loc	1 1845 9                        @ ../../../../../Library/StdDriver/src/crypto.c:1845:9
	bl	clean_reg
	ldr	r2, [sp, #8]                    @ 4-byte Reload
	.loc	1 1846 17 is_stmt 1             @ ../../../../../Library/StdDriver/src/crypto.c:1846:17
	ldr	r0, __arm_cp.32_3
	ldr	r0, [r0]
	movw	r1, #768
	.loc	1 1846 25 is_stmt 0             @ ../../../../../Library/StdDriver/src/crypto.c:1846:25
	adds	r0, r0, r1
	.loc	1 1846 33                       @ ../../../../../Library/StdDriver/src/crypto.c:1846:33
	ldr	r1, [sp, #180]
	.loc	1 1846 39                       @ ../../../../../Library/StdDriver/src/crypto.c:1846:39
	adds	r1, r1, r2
	.loc	1 1846 9                        @ ../../../../../Library/StdDriver/src/crypto.c:1846:9
	bl	Hex2Reg
	.loc	1 1849 19 is_stmt 1             @ ../../../../../Library/StdDriver/src/crypto.c:1849:19
	ldr	r0, [sp, #180]
	movw	r1, #2128
	.loc	1 1849 25 is_stmt 0             @ ../../../../../Library/StdDriver/src/crypto.c:1849:25
	adds	r0, r0, r1
	.loc	1 1849 9                        @ ../../../../../Library/StdDriver/src/crypto.c:1849:9
	bl	clean_reg
	.loc	1 1850 23 is_stmt 1             @ ../../../../../Library/StdDriver/src/crypto.c:1850:23
	ldr	r0, [sp, #180]
	movw	r1, #4608
	.loc	1 1850 9 is_stmt 0              @ ../../../../../Library/StdDriver/src/crypto.c:1850:9
	bl	run_ecc_codec
                                        @ kill: def $r1 killed $r0
.Ltmp417:
	.loc	1 1853 15 is_stmt 1             @ ../../../../../Library/StdDriver/src/crypto.c:1853:15
	ldr	r0, [sp, #12]                   @ 4-byte Reload
	str	r0, [sp, #20]
	.loc	1 1853 13 is_stmt 0             @ ../../../../../Library/StdDriver/src/crypto.c:1853:13
	b	.LBB32_4
.LBB32_4:                               @ =>This Inner Loop Header: Depth=1
.Ltmp418:
	.loc	1 1853 20                       @ ../../../../../Library/StdDriver/src/crypto.c:1853:20
	ldr	r0, [sp, #20]
.Ltmp419:
	.loc	1 1853 9                        @ ../../../../../Library/StdDriver/src/crypto.c:1853:9
	cmp	r0, #17
	bgt	.LBB32_7
	b	.LBB32_5
.LBB32_5:                               @   in Loop: Header=BB32_4 Depth=1
.Ltmp420:
	.loc	1 1855 31 is_stmt 1             @ ../../../../../Library/StdDriver/src/crypto.c:1855:31
	ldr	r0, [sp, #180]
	.loc	1 1855 44 is_stmt 0             @ ../../../../../Library/StdDriver/src/crypto.c:1855:44
	ldr	r1, [sp, #20]
	.loc	1 1855 31                       @ ../../../../../Library/StdDriver/src/crypto.c:1855:31
	lsls	r1, r1, #2
	.loc	1 1855 37                       @ ../../../../../Library/StdDriver/src/crypto.c:1855:37
	adds	r0, r0, r1
	ldr	r1, __arm_cp.32_5
	.loc	1 1855 31                       @ ../../../../../Library/StdDriver/src/crypto.c:1855:31
	ldr	r0, [r0, r1]
	.loc	1 1855 26                       @ ../../../../../Library/StdDriver/src/crypto.c:1855:26
	ldr	r1, [sp, #20]
	.loc	1 1855 13                       @ ../../../../../Library/StdDriver/src/crypto.c:1855:13
	lsls	r2, r1, #2
	add	r1, sp, #96
	.loc	1 1855 29                       @ ../../../../../Library/StdDriver/src/crypto.c:1855:29
	str	r0, [r1, r2]
	.loc	1 1856 9 is_stmt 1              @ ../../../../../Library/StdDriver/src/crypto.c:1856:9
	b	.LBB32_6
.Ltmp421:
.LBB32_6:                               @   in Loop: Header=BB32_4 Depth=1
	.loc	1 1853 29                       @ ../../../../../Library/StdDriver/src/crypto.c:1853:29
	ldr	r0, [sp, #20]
	adds	r0, r0, #1
	str	r0, [sp, #20]
	.loc	1 1853 9 is_stmt 0              @ ../../../../../Library/StdDriver/src/crypto.c:1853:9
	b	.LBB32_4
.Ltmp422:
.LBB32_7:
	.loc	1 1858 17 is_stmt 1             @ ../../../../../Library/StdDriver/src/crypto.c:1858:17
	ldr	r0, __arm_cp.32_3
	str	r0, [sp]                        @ 4-byte Spill
	ldr	r0, [r0]
	.loc	1 1858 25 is_stmt 0             @ ../../../../../Library/StdDriver/src/crypto.c:1858:25
	ldr	r0, [r0, #4]
	.loc	1 1858 46                       @ ../../../../../Library/StdDriver/src/crypto.c:1858:46
	ldr	r2, [sp, #204]
	add	r1, sp, #96
	.loc	1 1858 9                        @ ../../../../../Library/StdDriver/src/crypto.c:1858:9
	bl	Reg2Hex
	.loc	1 1895 19 is_stmt 1             @ ../../../../../Library/StdDriver/src/crypto.c:1895:19
	ldr	r0, [sp, #180]
	ldr	r1, __arm_cp.32_2
	.loc	1 1895 25 is_stmt 0             @ ../../../../../Library/StdDriver/src/crypto.c:1895:25
	str	r1, [sp, #4]                    @ 4-byte Spill
	adds	r0, r0, r1
	.loc	1 1895 9                        @ ../../../../../Library/StdDriver/src/crypto.c:1895:9
	bl	clean_reg
	ldr	r0, [sp]                        @ 4-byte Reload
	ldr	r2, [sp, #4]                    @ 4-byte Reload
	.loc	1 1896 17 is_stmt 1             @ ../../../../../Library/StdDriver/src/crypto.c:1896:17
	ldr	r0, [r0]
	movw	r1, #768
	.loc	1 1896 25 is_stmt 0             @ ../../../../../Library/StdDriver/src/crypto.c:1896:25
	adds	r0, r0, r1
	.loc	1 1896 33                       @ ../../../../../Library/StdDriver/src/crypto.c:1896:33
	ldr	r1, [sp, #180]
	.loc	1 1896 39                       @ ../../../../../Library/StdDriver/src/crypto.c:1896:39
	adds	r1, r1, r2
	.loc	1 1896 9                        @ ../../../../../Library/StdDriver/src/crypto.c:1896:9
	bl	Hex2Reg
	.loc	1 1899 9 is_stmt 1              @ ../../../../../Library/StdDriver/src/crypto.c:1899:9
	ldr	r1, [sp, #180]
	movw	r2, #2048
	movs	r0, #0
	.loc	1 1899 23 is_stmt 0             @ ../../../../../Library/StdDriver/src/crypto.c:1899:23
	str	r0, [r1, r2]
	.loc	1 1901 37 is_stmt 1             @ ../../../../../Library/StdDriver/src/crypto.c:1901:37
	ldr	r1, [sp, #196]
	.loc	1 1901 43 is_stmt 0             @ ../../../../../Library/StdDriver/src/crypto.c:1901:43
	lsls	r1, r1, #6
	.loc	1 1901 85                       @ ../../../../../Library/StdDriver/src/crypto.c:1901:85
	ldr	r2, [sp, #200]
	.loc	1 1900 51 is_stmt 1             @ ../../../../../Library/StdDriver/src/crypto.c:1900:51
	orrs	r1, r2
	.loc	1 1902 37                       @ ../../../../../Library/StdDriver/src/crypto.c:1902:37
	ldr	r2, [sp, #168]
	.loc	1 1902 43 is_stmt 0             @ ../../../../../Library/StdDriver/src/crypto.c:1902:43
	lsls	r2, r2, #14
	.loc	1 1901 72 is_stmt 1             @ ../../../../../Library/StdDriver/src/crypto.c:1901:72
	orrs	r1, r2
	.loc	1 1902 85                       @ ../../../../../Library/StdDriver/src/crypto.c:1902:85
	ldr	r2, [sp, #192]
	.loc	1 1902 97 is_stmt 0             @ ../../../../../Library/StdDriver/src/crypto.c:1902:97
	lsls	r2, r2, #8
	.loc	1 1901 124 is_stmt 1            @ ../../../../../Library/StdDriver/src/crypto.c:1901:124
	orrs	r1, r2
	movs	r2, #32
	.loc	1 1902 72                       @ ../../../../../Library/StdDriver/src/crypto.c:1902:72
	orrs	r1, r2
	.loc	1 1900 9                        @ ../../../../../Library/StdDriver/src/crypto.c:1900:9
	ldr	r2, [sp, #180]
	ldr	r3, __arm_cp.32_4
	.loc	1 1900 24 is_stmt 0             @ ../../../../../Library/StdDriver/src/crypto.c:1900:24
	str	r1, [r2, r3]
.Ltmp423:
	.loc	1 1905 15 is_stmt 1             @ ../../../../../Library/StdDriver/src/crypto.c:1905:15
	str	r0, [sp, #20]
	.loc	1 1905 13 is_stmt 0             @ ../../../../../Library/StdDriver/src/crypto.c:1905:13
	b	.LBB32_8
.LBB32_8:                               @ =>This Inner Loop Header: Depth=1
.Ltmp424:
	.loc	1 1905 20                       @ ../../../../../Library/StdDriver/src/crypto.c:1905:20
	ldr	r0, [sp, #20]
.Ltmp425:
	.loc	1 1905 9                        @ ../../../../../Library/StdDriver/src/crypto.c:1905:9
	cmp	r0, #17
	bgt	.LBB32_11
	b	.LBB32_9
.LBB32_9:                               @   in Loop: Header=BB32_8 Depth=1
.Ltmp426:
	.loc	1 1907 44 is_stmt 1             @ ../../../../../Library/StdDriver/src/crypto.c:1907:44
	ldr	r0, [sp, #20]
	.loc	1 1907 31 is_stmt 0             @ ../../../../../Library/StdDriver/src/crypto.c:1907:31
	lsls	r1, r0, #2
	add	r0, sp, #96
	ldr	r0, [r0, r1]
	.loc	1 1907 13                       @ ../../../../../Library/StdDriver/src/crypto.c:1907:13
	ldr	r1, [sp, #180]
	.loc	1 1907 26                       @ ../../../../../Library/StdDriver/src/crypto.c:1907:26
	ldr	r2, [sp, #20]
	.loc	1 1907 13                       @ ../../../../../Library/StdDriver/src/crypto.c:1907:13
	lsls	r2, r2, #2
	.loc	1 1907 19                       @ ../../../../../Library/StdDriver/src/crypto.c:1907:19
	adds	r1, r1, r2
	ldr	r2, __arm_cp.32_6
	.loc	1 1907 29                       @ ../../../../../Library/StdDriver/src/crypto.c:1907:29
	str	r0, [r1, r2]
	.loc	1 1908 13 is_stmt 1             @ ../../../../../Library/StdDriver/src/crypto.c:1908:13
	ldr	r0, [sp, #180]
	.loc	1 1908 26 is_stmt 0             @ ../../../../../Library/StdDriver/src/crypto.c:1908:26
	ldr	r1, [sp, #20]
	.loc	1 1908 13                       @ ../../../../../Library/StdDriver/src/crypto.c:1908:13
	lsls	r1, r1, #2
	.loc	1 1908 19                       @ ../../../../../Library/StdDriver/src/crypto.c:1908:19
	adds	r1, r0, r1
	movw	r2, #2272
	movs	r0, #0
	.loc	1 1908 29                       @ ../../../../../Library/StdDriver/src/crypto.c:1908:29
	str	r0, [r1, r2]
	.loc	1 1909 9 is_stmt 1              @ ../../../../../Library/StdDriver/src/crypto.c:1909:9
	b	.LBB32_10
.Ltmp427:
.LBB32_10:                              @   in Loop: Header=BB32_8 Depth=1
	.loc	1 1905 29                       @ ../../../../../Library/StdDriver/src/crypto.c:1905:29
	ldr	r0, [sp, #20]
	adds	r0, r0, #1
	str	r0, [sp, #20]
	.loc	1 1905 9 is_stmt 0              @ ../../../../../Library/StdDriver/src/crypto.c:1905:9
	b	.LBB32_8
.Ltmp428:
.LBB32_11:
	.loc	1 1910 17 is_stmt 1             @ ../../../../../Library/StdDriver/src/crypto.c:1910:17
	ldr	r0, [sp, #172]
	.loc	1 1910 26 is_stmt 0             @ ../../../../../Library/StdDriver/src/crypto.c:1910:26
	ldr	r1, [sp, #180]
	movw	r2, #2272
	.loc	1 1910 32                       @ ../../../../../Library/StdDriver/src/crypto.c:1910:32
	adds	r1, r1, r2
	.loc	1 1910 9                        @ ../../../../../Library/StdDriver/src/crypto.c:1910:9
	bl	Hex2Reg
	.loc	1 1912 23 is_stmt 1             @ ../../../../../Library/StdDriver/src/crypto.c:1912:23
	ldr	r0, [sp, #180]
	movw	r1, #528
	.loc	1 1912 9 is_stmt 0              @ ../../../../../Library/StdDriver/src/crypto.c:1912:9
	bl	run_ecc_codec
	movs	r0, #0
.Ltmp429:
	.loc	1 1915 15 is_stmt 1             @ ../../../../../Library/StdDriver/src/crypto.c:1915:15
	str	r0, [sp, #20]
	.loc	1 1915 13 is_stmt 0             @ ../../../../../Library/StdDriver/src/crypto.c:1915:13
	b	.LBB32_12
.LBB32_12:                              @ =>This Inner Loop Header: Depth=1
.Ltmp430:
	.loc	1 1915 20                       @ ../../../../../Library/StdDriver/src/crypto.c:1915:20
	ldr	r0, [sp, #20]
.Ltmp431:
	.loc	1 1915 9                        @ ../../../../../Library/StdDriver/src/crypto.c:1915:9
	cmp	r0, #17
	bgt	.LBB32_15
	b	.LBB32_13
.LBB32_13:                              @   in Loop: Header=BB32_12 Depth=1
.Ltmp432:
	.loc	1 1917 31 is_stmt 1             @ ../../../../../Library/StdDriver/src/crypto.c:1917:31
	ldr	r0, [sp, #180]
	.loc	1 1917 44 is_stmt 0             @ ../../../../../Library/StdDriver/src/crypto.c:1917:44
	ldr	r1, [sp, #20]
	.loc	1 1917 31                       @ ../../../../../Library/StdDriver/src/crypto.c:1917:31
	lsls	r1, r1, #2
	.loc	1 1917 37                       @ ../../../../../Library/StdDriver/src/crypto.c:1917:37
	adds	r0, r0, r1
	ldr	r1, __arm_cp.32_5
	.loc	1 1917 31                       @ ../../../../../Library/StdDriver/src/crypto.c:1917:31
	ldr	r0, [r0, r1]
	.loc	1 1917 26                       @ ../../../../../Library/StdDriver/src/crypto.c:1917:26
	ldr	r1, [sp, #20]
	.loc	1 1917 13                       @ ../../../../../Library/StdDriver/src/crypto.c:1917:13
	lsls	r2, r1, #2
	add	r1, sp, #24
	.loc	1 1917 29                       @ ../../../../../Library/StdDriver/src/crypto.c:1917:29
	str	r0, [r1, r2]
	.loc	1 1918 9 is_stmt 1              @ ../../../../../Library/StdDriver/src/crypto.c:1918:9
	b	.LBB32_14
.Ltmp433:
.LBB32_14:                              @   in Loop: Header=BB32_12 Depth=1
	.loc	1 1915 29                       @ ../../../../../Library/StdDriver/src/crypto.c:1915:29
	ldr	r0, [sp, #20]
	adds	r0, r0, #1
	str	r0, [sp, #20]
	.loc	1 1915 9 is_stmt 0              @ ../../../../../Library/StdDriver/src/crypto.c:1915:9
	b	.LBB32_12
.Ltmp434:
.LBB32_15:
	.loc	1 1919 17 is_stmt 1             @ ../../../../../Library/StdDriver/src/crypto.c:1919:17
	ldr	r0, __arm_cp.32_3
	ldr	r0, [r0]
	.loc	1 1919 25 is_stmt 0             @ ../../../../../Library/StdDriver/src/crypto.c:1919:25
	ldr	r0, [r0, #4]
	.loc	1 1919 46                       @ ../../../../../Library/StdDriver/src/crypto.c:1919:46
	ldr	r2, [sp, #208]
	add	r1, sp, #24
	.loc	1 1919 9                        @ ../../../../../Library/StdDriver/src/crypto.c:1919:9
	bl	Reg2Hex
	ldr	r1, __arm_cp.32_0
	movs	r0, #0
	.loc	1 1922 25 is_stmt 1             @ ../../../../../Library/StdDriver/src/crypto.c:1922:25
	str	r0, [r1]
	ldr	r1, __arm_cp.32_1
	.loc	1 1923 24                       @ ../../../../../Library/StdDriver/src/crypto.c:1923:24
	str	r0, [r1]
	.loc	1 1925 5                        @ ../../../../../Library/StdDriver/src/crypto.c:1925:5
	b	.LBB32_16
.Ltmp435:
.LBB32_16:
	.loc	1 1927 12                       @ ../../../../../Library/StdDriver/src/crypto.c:1927:12
	ldr	r0, [sp, #16]
	.loc	1 1927 5 is_stmt 0              @ ../../../../../Library/StdDriver/src/crypto.c:1927:5
	add	sp, #184
	pop	{r4, pc}
.Ltmp436:
	.p2align	2
@ %bb.17:
	.loc	1 0 5                           @ ../../../../../Library/StdDriver/src/crypto.c:0:5
__arm_cp.32_0:
	.long	1073950528                      @ 0x40032f40
.Lcpi_end56:
	.size	__arm_cp.32_0, .Lcpi_end56-__arm_cp.32_0
__arm_cp.32_1:
	.long	1073950536                      @ 0x40032f48
.Lcpi_end57:
	.size	__arm_cp.32_1, .Lcpi_end57-__arm_cp.32_1
__arm_cp.32_2:
	.long	2488                            @ 0x9b8
.Lcpi_end58:
	.size	__arm_cp.32_2, .Lcpi_end58-__arm_cp.32_2
__arm_cp.32_3:
	.long	pCurve
.Lcpi_end59:
	.size	__arm_cp.32_3, .Lcpi_end59-__arm_cp.32_3
__arm_cp.32_4:
	.long	3912                            @ 0xf48
.Lcpi_end60:
	.size	__arm_cp.32_4, .Lcpi_end60-__arm_cp.32_4
__arm_cp.32_5:
	.long	2056                            @ 0x808
.Lcpi_end61:
	.size	__arm_cp.32_5, .Lcpi_end61-__arm_cp.32_5
__arm_cp.32_6:
	.long	2200                            @ 0x898
.Lcpi_end62:
	.size	__arm_cp.32_6, .Lcpi_end62-__arm_cp.32_6
.Lfunc_end32:
	.size	ECC_GenerateSignature_KS, .Lfunc_end32-ECC_GenerateSignature_KS
	.cfi_endproc
	.fnend
                                        @ -- End function
	.section	.text.ECC_VerifySignature,"ax",%progbits
	.hidden	ECC_VerifySignature             @ -- Begin function ECC_VerifySignature
	.globl	ECC_VerifySignature
	.p2align	2
	.type	ECC_VerifySignature,%function
	.code	16                              @ @ECC_VerifySignature
	.thumb_func
ECC_VerifySignature:
.Lfunc_begin33:
	.loc	1 1946 0 is_stmt 1              @ ../../../../../Library/StdDriver/src/crypto.c:1946:0
	.fnstart
	.cfi_startproc
@ %bb.0:
	.save	{r4, lr}
	push	{r4, lr}
	.cfi_def_cfa_offset 8
	.cfi_offset lr, -4
	.cfi_offset r4, -8
	.pad	#368
	sub	sp, #368
	.cfi_def_cfa_offset 376
	ldr	r4, [sp, #384]
	ldr	r4, [sp, #380]
	ldr	r4, [sp, #376]
	str	r0, [sp, #360]
	str	r1, [sp, #356]
	str	r2, [sp, #352]
	str	r3, [sp, #348]
	movs	r0, #0
.Ltmp437:
	.loc	1 1949 18 prologue_end          @ ../../../../../Library/StdDriver/src/crypto.c:1949:18
	str	r0, [sp, #52]
.Ltmp438:
	.loc	1 1970 23                       @ ../../../../../Library/StdDriver/src/crypto.c:1970:23
	ldr	r0, [sp, #360]
	.loc	1 1970 29 is_stmt 0             @ ../../../../../Library/StdDriver/src/crypto.c:1970:29
	ldr	r1, [sp, #356]
	.loc	1 1970 8                        @ ../../../../../Library/StdDriver/src/crypto.c:1970:8
	bl	ecc_init_curve
.Ltmp439:
	.loc	1 1970 8                        @ ../../../../../Library/StdDriver/src/crypto.c:1970:8
	cbz	r0, .LBB33_2
	b	.LBB33_1
.LBB33_1:
	.loc	1 0 8                           @ ../../../../../Library/StdDriver/src/crypto.c:0:8
	movs	r0, #0
	mvns	r0, r0
.Ltmp440:
	.loc	1 1972 13 is_stmt 1             @ ../../../../../Library/StdDriver/src/crypto.c:1972:13
	str	r0, [sp, #52]
	.loc	1 1973 5                        @ ../../../../../Library/StdDriver/src/crypto.c:1973:5
	b	.LBB33_2
.Ltmp441:
.LBB33_2:
	.loc	1 1975 8                        @ ../../../../../Library/StdDriver/src/crypto.c:1975:8
	ldr	r0, [sp, #52]
.Ltmp442:
	.loc	1 1975 8 is_stmt 0              @ ../../../../../Library/StdDriver/src/crypto.c:1975:8
	cbz	r0, .LBB33_3
	b	.LBB33_69
.LBB33_3:
.Ltmp443:
	.loc	1 1979 19 is_stmt 1             @ ../../../../../Library/StdDriver/src/crypto.c:1979:19
	ldr	r0, [sp, #360]
	ldr	r1, .LCPI33_5
	.loc	1 1979 25 is_stmt 0             @ ../../../../../Library/StdDriver/src/crypto.c:1979:25
	str	r1, [sp, #40]                   @ 4-byte Spill
	adds	r0, r0, r1
	.loc	1 1979 9                        @ ../../../../../Library/StdDriver/src/crypto.c:1979:9
	bl	clean_reg
	ldr	r2, [sp, #40]                   @ 4-byte Reload
	.loc	1 1980 17 is_stmt 1             @ ../../../../../Library/StdDriver/src/crypto.c:1980:17
	ldr	r0, .LCPI33_6
	ldr	r0, [r0]
	movw	r1, #768
	.loc	1 1980 25 is_stmt 0             @ ../../../../../Library/StdDriver/src/crypto.c:1980:25
	adds	r0, r0, r1
	.loc	1 1980 33                       @ ../../../../../Library/StdDriver/src/crypto.c:1980:33
	ldr	r1, [sp, #360]
	.loc	1 1980 39                       @ ../../../../../Library/StdDriver/src/crypto.c:1980:39
	adds	r1, r1, r2
	.loc	1 1980 9                        @ ../../../../../Library/StdDriver/src/crypto.c:1980:9
	bl	Hex2Reg
	.loc	1 1983 19 is_stmt 1             @ ../../../../../Library/StdDriver/src/crypto.c:1983:19
	ldr	r0, [sp, #360]
	movw	r1, #2128
	.loc	1 1983 25 is_stmt 0             @ ../../../../../Library/StdDriver/src/crypto.c:1983:25
	str	r1, [sp, #44]                   @ 4-byte Spill
	adds	r0, r0, r1
	.loc	1 1983 9                        @ ../../../../../Library/StdDriver/src/crypto.c:1983:9
	bl	clean_reg
	ldr	r2, [sp, #44]                   @ 4-byte Reload
	.loc	1 1984 9 is_stmt 1              @ ../../../../../Library/StdDriver/src/crypto.c:1984:9
	ldr	r1, [sp, #360]
	movs	r0, #1
	.loc	1 1984 25 is_stmt 0             @ ../../../../../Library/StdDriver/src/crypto.c:1984:25
	str	r0, [r1, r2]
	.loc	1 1987 19 is_stmt 1             @ ../../../../../Library/StdDriver/src/crypto.c:1987:19
	ldr	r0, [sp, #360]
	ldr	r1, .LCPI33_7
	.loc	1 1987 25 is_stmt 0             @ ../../../../../Library/StdDriver/src/crypto.c:1987:25
	str	r1, [sp, #48]                   @ 4-byte Spill
	adds	r0, r0, r1
	.loc	1 1987 9                        @ ../../../../../Library/StdDriver/src/crypto.c:1987:9
	bl	clean_reg
	ldr	r2, [sp, #48]                   @ 4-byte Reload
	.loc	1 1988 17 is_stmt 1             @ ../../../../../Library/StdDriver/src/crypto.c:1988:17
	ldr	r0, [sp, #384]
	.loc	1 1988 20 is_stmt 0             @ ../../../../../Library/StdDriver/src/crypto.c:1988:20
	ldr	r1, [sp, #360]
	.loc	1 1988 26                       @ ../../../../../Library/StdDriver/src/crypto.c:1988:26
	adds	r1, r1, r2
	.loc	1 1988 9                        @ ../../../../../Library/StdDriver/src/crypto.c:1988:9
	bl	Hex2Reg
	.loc	1 1990 23 is_stmt 1             @ ../../../../../Library/StdDriver/src/crypto.c:1990:23
	ldr	r0, [sp, #360]
	movw	r1, #512
	.loc	1 1990 9 is_stmt 0              @ ../../../../../Library/StdDriver/src/crypto.c:1990:9
	bl	run_ecc_codec
	movs	r0, #0
.Ltmp444:
	.loc	1 1993 15 is_stmt 1             @ ../../../../../Library/StdDriver/src/crypto.c:1993:15
	str	r0, [sp, #56]
	.loc	1 1993 13 is_stmt 0             @ ../../../../../Library/StdDriver/src/crypto.c:1993:13
	b	.LBB33_4
.LBB33_4:                               @ =>This Inner Loop Header: Depth=1
.Ltmp445:
	.loc	1 1993 20                       @ ../../../../../Library/StdDriver/src/crypto.c:1993:20
	ldr	r0, [sp, #56]
.Ltmp446:
	.loc	1 1993 9                        @ ../../../../../Library/StdDriver/src/crypto.c:1993:9
	cmp	r0, #17
	bgt	.LBB33_7
	b	.LBB33_5
.LBB33_5:                               @   in Loop: Header=BB33_4 Depth=1
.Ltmp447:
	.loc	1 1995 31 is_stmt 1             @ ../../../../../Library/StdDriver/src/crypto.c:1995:31
	ldr	r0, [sp, #360]
	.loc	1 1995 44 is_stmt 0             @ ../../../../../Library/StdDriver/src/crypto.c:1995:44
	ldr	r1, [sp, #56]
	.loc	1 1995 31                       @ ../../../../../Library/StdDriver/src/crypto.c:1995:31
	lsls	r1, r1, #2
	.loc	1 1995 37                       @ ../../../../../Library/StdDriver/src/crypto.c:1995:37
	adds	r0, r0, r1
	ldr	r1, .LCPI33_7
	.loc	1 1995 31                       @ ../../../../../Library/StdDriver/src/crypto.c:1995:31
	ldr	r0, [r0, r1]
	.loc	1 1995 26                       @ ../../../../../Library/StdDriver/src/crypto.c:1995:26
	ldr	r1, [sp, #56]
	.loc	1 1995 13                       @ ../../../../../Library/StdDriver/src/crypto.c:1995:13
	lsls	r2, r1, #2
	add	r1, sp, #204
	.loc	1 1995 29                       @ ../../../../../Library/StdDriver/src/crypto.c:1995:29
	str	r0, [r1, r2]
	.loc	1 1996 9 is_stmt 1              @ ../../../../../Library/StdDriver/src/crypto.c:1996:9
	b	.LBB33_6
.Ltmp448:
.LBB33_6:                               @   in Loop: Header=BB33_4 Depth=1
	.loc	1 1993 29                       @ ../../../../../Library/StdDriver/src/crypto.c:1993:29
	ldr	r0, [sp, #56]
	adds	r0, r0, #1
	str	r0, [sp, #56]
	.loc	1 1993 9 is_stmt 0              @ ../../../../../Library/StdDriver/src/crypto.c:1993:9
	b	.LBB33_4
.Ltmp449:
.LBB33_7:
	.loc	1 2024 19 is_stmt 1             @ ../../../../../Library/StdDriver/src/crypto.c:2024:19
	ldr	r0, [sp, #360]
	ldr	r1, __arm_cp.33_0
	.loc	1 2024 25 is_stmt 0             @ ../../../../../Library/StdDriver/src/crypto.c:2024:25
	str	r1, [sp, #32]                   @ 4-byte Spill
	adds	r0, r0, r1
	.loc	1 2024 9                        @ ../../../../../Library/StdDriver/src/crypto.c:2024:9
	bl	clean_reg
	ldr	r2, [sp, #32]                   @ 4-byte Reload
	.loc	1 2025 17 is_stmt 1             @ ../../../../../Library/StdDriver/src/crypto.c:2025:17
	ldr	r0, __arm_cp.33_1
	ldr	r0, [r0]
	movw	r1, #768
	.loc	1 2025 25 is_stmt 0             @ ../../../../../Library/StdDriver/src/crypto.c:2025:25
	adds	r0, r0, r1
	.loc	1 2025 33                       @ ../../../../../Library/StdDriver/src/crypto.c:2025:33
	ldr	r1, [sp, #360]
	.loc	1 2025 39                       @ ../../../../../Library/StdDriver/src/crypto.c:2025:39
	adds	r1, r1, r2
	.loc	1 2025 9                        @ ../../../../../Library/StdDriver/src/crypto.c:2025:9
	bl	Hex2Reg
	.loc	1 2028 19 is_stmt 1             @ ../../../../../Library/StdDriver/src/crypto.c:2028:19
	ldr	r0, [sp, #360]
	ldr	r1, __arm_cp.33_2
	.loc	1 2028 25 is_stmt 0             @ ../../../../../Library/StdDriver/src/crypto.c:2028:25
	str	r1, [sp, #36]                   @ 4-byte Spill
	adds	r0, r0, r1
	.loc	1 2028 9                        @ ../../../../../Library/StdDriver/src/crypto.c:2028:9
	bl	clean_reg
	ldr	r2, [sp, #36]                   @ 4-byte Reload
	.loc	1 2029 17 is_stmt 1             @ ../../../../../Library/StdDriver/src/crypto.c:2029:17
	ldr	r0, [sp, #352]
	.loc	1 2029 26 is_stmt 0             @ ../../../../../Library/StdDriver/src/crypto.c:2029:26
	ldr	r1, [sp, #360]
	.loc	1 2029 32                       @ ../../../../../Library/StdDriver/src/crypto.c:2029:32
	adds	r1, r1, r2
	.loc	1 2029 9                        @ ../../../../../Library/StdDriver/src/crypto.c:2029:9
	bl	Hex2Reg
	movs	r0, #0
.Ltmp450:
	.loc	1 2031 15 is_stmt 1             @ ../../../../../Library/StdDriver/src/crypto.c:2031:15
	str	r0, [sp, #56]
	.loc	1 2031 13 is_stmt 0             @ ../../../../../Library/StdDriver/src/crypto.c:2031:13
	b	.LBB33_8
.LBB33_8:                               @ =>This Inner Loop Header: Depth=1
.Ltmp451:
	.loc	1 2031 20                       @ ../../../../../Library/StdDriver/src/crypto.c:2031:20
	ldr	r0, [sp, #56]
.Ltmp452:
	.loc	1 2031 9                        @ ../../../../../Library/StdDriver/src/crypto.c:2031:9
	cmp	r0, #17
	bgt	.LBB33_11
	b	.LBB33_9
.LBB33_9:                               @   in Loop: Header=BB33_8 Depth=1
.Ltmp453:
	.loc	1 2033 44 is_stmt 1             @ ../../../../../Library/StdDriver/src/crypto.c:2033:44
	ldr	r0, [sp, #56]
	.loc	1 2033 31 is_stmt 0             @ ../../../../../Library/StdDriver/src/crypto.c:2033:31
	lsls	r2, r0, #2
	add	r0, sp, #204
	ldr	r0, [r0, r2]
	.loc	1 2033 13                       @ ../../../../../Library/StdDriver/src/crypto.c:2033:13
	ldr	r1, [sp, #360]
	.loc	1 2033 19                       @ ../../../../../Library/StdDriver/src/crypto.c:2033:19
	adds	r1, r1, r2
	movw	r2, #2128
	.loc	1 2033 29                       @ ../../../../../Library/StdDriver/src/crypto.c:2033:29
	str	r0, [r1, r2]
	.loc	1 2034 9 is_stmt 1              @ ../../../../../Library/StdDriver/src/crypto.c:2034:9
	b	.LBB33_10
.Ltmp454:
.LBB33_10:                              @   in Loop: Header=BB33_8 Depth=1
	.loc	1 2031 29                       @ ../../../../../Library/StdDriver/src/crypto.c:2031:29
	ldr	r0, [sp, #56]
	adds	r0, r0, #1
	str	r0, [sp, #56]
	.loc	1 2031 9 is_stmt 0              @ ../../../../../Library/StdDriver/src/crypto.c:2031:9
	b	.LBB33_8
.Ltmp455:
.LBB33_11:
	.loc	1 2036 23 is_stmt 1             @ ../../../../../Library/StdDriver/src/crypto.c:2036:23
	ldr	r0, [sp, #360]
	movw	r1, #2560
	.loc	1 2036 9 is_stmt 0              @ ../../../../../Library/StdDriver/src/crypto.c:2036:9
	bl	run_ecc_codec
	movs	r0, #0
.Ltmp456:
	.loc	1 2039 15 is_stmt 1             @ ../../../../../Library/StdDriver/src/crypto.c:2039:15
	str	r0, [sp, #56]
	.loc	1 2039 13 is_stmt 0             @ ../../../../../Library/StdDriver/src/crypto.c:2039:13
	b	.LBB33_12
.LBB33_12:                              @ =>This Inner Loop Header: Depth=1
.Ltmp457:
	.loc	1 2039 20                       @ ../../../../../Library/StdDriver/src/crypto.c:2039:20
	ldr	r0, [sp, #56]
.Ltmp458:
	.loc	1 2039 9                        @ ../../../../../Library/StdDriver/src/crypto.c:2039:9
	cmp	r0, #17
	bgt	.LBB33_15
	b	.LBB33_13
.LBB33_13:                              @   in Loop: Header=BB33_12 Depth=1
.Ltmp459:
	.loc	1 2041 31 is_stmt 1             @ ../../../../../Library/StdDriver/src/crypto.c:2041:31
	ldr	r0, [sp, #360]
	.loc	1 2041 44 is_stmt 0             @ ../../../../../Library/StdDriver/src/crypto.c:2041:44
	ldr	r1, [sp, #56]
	.loc	1 2041 31                       @ ../../../../../Library/StdDriver/src/crypto.c:2041:31
	lsls	r1, r1, #2
	.loc	1 2041 37                       @ ../../../../../Library/StdDriver/src/crypto.c:2041:37
	adds	r0, r0, r1
	ldr	r1, __arm_cp.33_2
	.loc	1 2041 31                       @ ../../../../../Library/StdDriver/src/crypto.c:2041:31
	ldr	r0, [r0, r1]
	.loc	1 2041 26                       @ ../../../../../Library/StdDriver/src/crypto.c:2041:26
	ldr	r1, [sp, #56]
	.loc	1 2041 13                       @ ../../../../../Library/StdDriver/src/crypto.c:2041:13
	lsls	r2, r1, #2
	add	r1, sp, #276
	.loc	1 2041 29                       @ ../../../../../Library/StdDriver/src/crypto.c:2041:29
	str	r0, [r1, r2]
	.loc	1 2042 9 is_stmt 1              @ ../../../../../Library/StdDriver/src/crypto.c:2042:9
	b	.LBB33_14
.Ltmp460:
.LBB33_14:                              @   in Loop: Header=BB33_12 Depth=1
	.loc	1 2039 29                       @ ../../../../../Library/StdDriver/src/crypto.c:2039:29
	ldr	r0, [sp, #56]
	adds	r0, r0, #1
	str	r0, [sp, #56]
	.loc	1 2039 9 is_stmt 0              @ ../../../../../Library/StdDriver/src/crypto.c:2039:9
	b	.LBB33_12
.Ltmp461:
.LBB33_15:
	.loc	1 2050 19 is_stmt 1             @ ../../../../../Library/StdDriver/src/crypto.c:2050:19
	ldr	r0, [sp, #360]
	ldr	r1, __arm_cp.33_0
	.loc	1 2050 25 is_stmt 0             @ ../../../../../Library/StdDriver/src/crypto.c:2050:25
	str	r1, [sp, #24]                   @ 4-byte Spill
	adds	r0, r0, r1
	.loc	1 2050 9                        @ ../../../../../Library/StdDriver/src/crypto.c:2050:9
	bl	clean_reg
	ldr	r2, [sp, #24]                   @ 4-byte Reload
	.loc	1 2051 17 is_stmt 1             @ ../../../../../Library/StdDriver/src/crypto.c:2051:17
	ldr	r0, __arm_cp.33_1
	ldr	r0, [r0]
	movw	r1, #768
	.loc	1 2051 25 is_stmt 0             @ ../../../../../Library/StdDriver/src/crypto.c:2051:25
	adds	r0, r0, r1
	.loc	1 2051 33                       @ ../../../../../Library/StdDriver/src/crypto.c:2051:33
	ldr	r1, [sp, #360]
	.loc	1 2051 39                       @ ../../../../../Library/StdDriver/src/crypto.c:2051:39
	adds	r1, r1, r2
	.loc	1 2051 9                        @ ../../../../../Library/StdDriver/src/crypto.c:2051:9
	bl	Hex2Reg
	.loc	1 2054 19 is_stmt 1             @ ../../../../../Library/StdDriver/src/crypto.c:2054:19
	ldr	r0, [sp, #360]
	ldr	r1, __arm_cp.33_2
	.loc	1 2054 25 is_stmt 0             @ ../../../../../Library/StdDriver/src/crypto.c:2054:25
	str	r1, [sp, #28]                   @ 4-byte Spill
	adds	r0, r0, r1
	.loc	1 2054 9                        @ ../../../../../Library/StdDriver/src/crypto.c:2054:9
	bl	clean_reg
	ldr	r2, [sp, #28]                   @ 4-byte Reload
	.loc	1 2055 17 is_stmt 1             @ ../../../../../Library/StdDriver/src/crypto.c:2055:17
	ldr	r0, [sp, #380]
	.loc	1 2055 20 is_stmt 0             @ ../../../../../Library/StdDriver/src/crypto.c:2055:20
	ldr	r1, [sp, #360]
	.loc	1 2055 26                       @ ../../../../../Library/StdDriver/src/crypto.c:2055:26
	adds	r1, r1, r2
	.loc	1 2055 9                        @ ../../../../../Library/StdDriver/src/crypto.c:2055:9
	bl	Hex2Reg
	movs	r0, #0
.Ltmp462:
	.loc	1 2057 15 is_stmt 1             @ ../../../../../Library/StdDriver/src/crypto.c:2057:15
	str	r0, [sp, #56]
	.loc	1 2057 13 is_stmt 0             @ ../../../../../Library/StdDriver/src/crypto.c:2057:13
	b	.LBB33_16
.LBB33_16:                              @ =>This Inner Loop Header: Depth=1
.Ltmp463:
	.loc	1 2057 20                       @ ../../../../../Library/StdDriver/src/crypto.c:2057:20
	ldr	r0, [sp, #56]
.Ltmp464:
	.loc	1 2057 9                        @ ../../../../../Library/StdDriver/src/crypto.c:2057:9
	cmp	r0, #17
	bgt	.LBB33_19
	b	.LBB33_17
.LBB33_17:                              @   in Loop: Header=BB33_16 Depth=1
.Ltmp465:
	.loc	1 2059 44 is_stmt 1             @ ../../../../../Library/StdDriver/src/crypto.c:2059:44
	ldr	r0, [sp, #56]
	.loc	1 2059 31 is_stmt 0             @ ../../../../../Library/StdDriver/src/crypto.c:2059:31
	lsls	r2, r0, #2
	add	r0, sp, #204
	ldr	r0, [r0, r2]
	.loc	1 2059 13                       @ ../../../../../Library/StdDriver/src/crypto.c:2059:13
	ldr	r1, [sp, #360]
	.loc	1 2059 19                       @ ../../../../../Library/StdDriver/src/crypto.c:2059:19
	adds	r1, r1, r2
	movw	r2, #2128
	.loc	1 2059 29                       @ ../../../../../Library/StdDriver/src/crypto.c:2059:29
	str	r0, [r1, r2]
	.loc	1 2060 9 is_stmt 1              @ ../../../../../Library/StdDriver/src/crypto.c:2060:9
	b	.LBB33_18
.Ltmp466:
.LBB33_18:                              @   in Loop: Header=BB33_16 Depth=1
	.loc	1 2057 29                       @ ../../../../../Library/StdDriver/src/crypto.c:2057:29
	ldr	r0, [sp, #56]
	adds	r0, r0, #1
	str	r0, [sp, #56]
	.loc	1 2057 9 is_stmt 0              @ ../../../../../Library/StdDriver/src/crypto.c:2057:9
	b	.LBB33_16
.Ltmp467:
.LBB33_19:
	.loc	1 2062 23 is_stmt 1             @ ../../../../../Library/StdDriver/src/crypto.c:2062:23
	ldr	r0, [sp, #360]
	movw	r1, #2560
	.loc	1 2062 9 is_stmt 0              @ ../../../../../Library/StdDriver/src/crypto.c:2062:9
	bl	run_ecc_codec
	movs	r0, #0
.Ltmp468:
	.loc	1 2065 15 is_stmt 1             @ ../../../../../Library/StdDriver/src/crypto.c:2065:15
	str	r0, [sp, #56]
	.loc	1 2065 13 is_stmt 0             @ ../../../../../Library/StdDriver/src/crypto.c:2065:13
	b	.LBB33_20
.LBB33_20:                              @ =>This Inner Loop Header: Depth=1
.Ltmp469:
	.loc	1 2065 20                       @ ../../../../../Library/StdDriver/src/crypto.c:2065:20
	ldr	r0, [sp, #56]
.Ltmp470:
	.loc	1 2065 9                        @ ../../../../../Library/StdDriver/src/crypto.c:2065:9
	cmp	r0, #17
	bgt	.LBB33_23
	b	.LBB33_21
.LBB33_21:                              @   in Loop: Header=BB33_20 Depth=1
.Ltmp471:
	.loc	1 2067 31 is_stmt 1             @ ../../../../../Library/StdDriver/src/crypto.c:2067:31
	ldr	r0, [sp, #360]
	.loc	1 2067 44 is_stmt 0             @ ../../../../../Library/StdDriver/src/crypto.c:2067:44
	ldr	r1, [sp, #56]
	.loc	1 2067 31                       @ ../../../../../Library/StdDriver/src/crypto.c:2067:31
	lsls	r1, r1, #2
	.loc	1 2067 37                       @ ../../../../../Library/StdDriver/src/crypto.c:2067:37
	adds	r0, r0, r1
	ldr	r1, __arm_cp.33_2
	.loc	1 2067 31                       @ ../../../../../Library/StdDriver/src/crypto.c:2067:31
	ldr	r0, [r0, r1]
	.loc	1 2067 26                       @ ../../../../../Library/StdDriver/src/crypto.c:2067:26
	ldr	r1, [sp, #56]
	.loc	1 2067 13                       @ ../../../../../Library/StdDriver/src/crypto.c:2067:13
	lsls	r2, r1, #2
	add	r1, sp, #204
	.loc	1 2067 29                       @ ../../../../../Library/StdDriver/src/crypto.c:2067:29
	str	r0, [r1, r2]
	.loc	1 2068 9 is_stmt 1              @ ../../../../../Library/StdDriver/src/crypto.c:2068:9
	b	.LBB33_22
.Ltmp472:
.LBB33_22:                              @   in Loop: Header=BB33_20 Depth=1
	.loc	1 2065 29                       @ ../../../../../Library/StdDriver/src/crypto.c:2065:29
	ldr	r0, [sp, #56]
	adds	r0, r0, #1
	str	r0, [sp, #56]
	.loc	1 2065 9 is_stmt 0              @ ../../../../../Library/StdDriver/src/crypto.c:2065:9
	b	.LBB33_20
.Ltmp473:
.LBB33_23:
	.loc	1 2112 27 is_stmt 1             @ ../../../../../Library/StdDriver/src/crypto.c:2112:27
	ldr	r0, [sp, #360]
	.loc	1 2112 33 is_stmt 0             @ ../../../../../Library/StdDriver/src/crypto.c:2112:33
	ldr	r1, [sp, #356]
	.loc	1 2112 12                       @ ../../../../../Library/StdDriver/src/crypto.c:2112:12
	bl	ecc_init_curve
.Ltmp474:
	.loc	1 2112 12                       @ ../../../../../Library/StdDriver/src/crypto.c:2112:12
	cmp	r0, #0
	bpl	.LBB33_25
	b	.LBB33_24
.LBB33_24:
	.loc	1 0 12                          @ ../../../../../Library/StdDriver/src/crypto.c:0:12
	movs	r0, #0
	mvns	r0, r0
.Ltmp475:
	.loc	1 2113 13 is_stmt 1             @ ../../../../../Library/StdDriver/src/crypto.c:2113:13
	str	r0, [sp, #364]
	b	.LBB33_70
.Ltmp476:
.LBB33_25:
	.loc	1 0 13 is_stmt 0                @ ../../../../../Library/StdDriver/src/crypto.c:0:13
	movs	r0, #0
.Ltmp477:
	.loc	1 2116 15 is_stmt 1             @ ../../../../../Library/StdDriver/src/crypto.c:2116:15
	str	r0, [sp, #56]
	.loc	1 2116 13 is_stmt 0             @ ../../../../../Library/StdDriver/src/crypto.c:2116:13
	b	.LBB33_26
.LBB33_26:                              @ =>This Inner Loop Header: Depth=1
.Ltmp478:
	.loc	1 2116 20                       @ ../../../../../Library/StdDriver/src/crypto.c:2116:20
	ldr	r0, [sp, #56]
.Ltmp479:
	.loc	1 2116 9                        @ ../../../../../Library/StdDriver/src/crypto.c:2116:9
	cmp	r0, #17
	bgt	.LBB33_29
	b	.LBB33_27
.LBB33_27:                              @   in Loop: Header=BB33_26 Depth=1
.Ltmp480:
	.loc	1 2118 43 is_stmt 1             @ ../../../../../Library/StdDriver/src/crypto.c:2118:43
	ldr	r0, [sp, #56]
	.loc	1 2118 30 is_stmt 0             @ ../../../../../Library/StdDriver/src/crypto.c:2118:30
	lsls	r2, r0, #2
	add	r0, sp, #276
	ldr	r0, [r0, r2]
	.loc	1 2118 13                       @ ../../../../../Library/StdDriver/src/crypto.c:2118:13
	ldr	r1, [sp, #360]
	.loc	1 2118 19                       @ ../../../../../Library/StdDriver/src/crypto.c:2118:19
	adds	r1, r1, r2
	movw	r2, #2560
	.loc	1 2118 28                       @ ../../../../../Library/StdDriver/src/crypto.c:2118:28
	str	r0, [r1, r2]
	.loc	1 2119 9 is_stmt 1              @ ../../../../../Library/StdDriver/src/crypto.c:2119:9
	b	.LBB33_28
.Ltmp481:
.LBB33_28:                              @   in Loop: Header=BB33_26 Depth=1
	.loc	1 2116 29                       @ ../../../../../Library/StdDriver/src/crypto.c:2116:29
	ldr	r0, [sp, #56]
	adds	r0, r0, #1
	str	r0, [sp, #56]
	.loc	1 2116 9 is_stmt 0              @ ../../../../../Library/StdDriver/src/crypto.c:2116:9
	b	.LBB33_26
.Ltmp482:
.LBB33_29:
	.loc	1 2121 23 is_stmt 1             @ ../../../../../Library/StdDriver/src/crypto.c:2121:23
	ldr	r0, [sp, #360]
	movs	r1, #0
	.loc	1 2121 9 is_stmt 0              @ ../../../../../Library/StdDriver/src/crypto.c:2121:9
	str	r1, [sp, #20]                   @ 4-byte Spill
	bl	run_ecc_codec
                                        @ kill: def $r1 killed $r0
.Ltmp483:
	.loc	1 2124 15 is_stmt 1             @ ../../../../../Library/StdDriver/src/crypto.c:2124:15
	ldr	r0, [sp, #20]                   @ 4-byte Reload
	str	r0, [sp, #56]
	.loc	1 2124 13 is_stmt 0             @ ../../../../../Library/StdDriver/src/crypto.c:2124:13
	b	.LBB33_30
.LBB33_30:                              @ =>This Inner Loop Header: Depth=1
.Ltmp484:
	.loc	1 2124 20                       @ ../../../../../Library/StdDriver/src/crypto.c:2124:20
	ldr	r0, [sp, #56]
.Ltmp485:
	.loc	1 2124 9                        @ ../../../../../Library/StdDriver/src/crypto.c:2124:9
	cmp	r0, #17
	bgt	.LBB33_33
	b	.LBB33_31
.LBB33_31:                              @   in Loop: Header=BB33_30 Depth=1
.Ltmp486:
	.loc	1 2126 25 is_stmt 1             @ ../../../../../Library/StdDriver/src/crypto.c:2126:25
	ldr	r0, [sp, #360]
	.loc	1 2126 38 is_stmt 0             @ ../../../../../Library/StdDriver/src/crypto.c:2126:38
	ldr	r1, [sp, #56]
	.loc	1 2126 25                       @ ../../../../../Library/StdDriver/src/crypto.c:2126:25
	lsls	r1, r1, #2
	.loc	1 2126 31                       @ ../../../../../Library/StdDriver/src/crypto.c:2126:31
	adds	r0, r0, r1
	ldr	r1, __arm_cp.33_2
	.loc	1 2126 25                       @ ../../../../../Library/StdDriver/src/crypto.c:2126:25
	ldr	r0, [r0, r1]
	.loc	1 2126 20                       @ ../../../../../Library/StdDriver/src/crypto.c:2126:20
	ldr	r1, [sp, #56]
	.loc	1 2126 13                       @ ../../../../../Library/StdDriver/src/crypto.c:2126:13
	lsls	r2, r1, #2
	add	r1, sp, #132
	.loc	1 2126 23                       @ ../../../../../Library/StdDriver/src/crypto.c:2126:23
	str	r0, [r1, r2]
	.loc	1 2127 25 is_stmt 1             @ ../../../../../Library/StdDriver/src/crypto.c:2127:25
	ldr	r0, [sp, #360]
	.loc	1 2127 38 is_stmt 0             @ ../../../../../Library/StdDriver/src/crypto.c:2127:38
	ldr	r1, [sp, #56]
	.loc	1 2127 25                       @ ../../../../../Library/StdDriver/src/crypto.c:2127:25
	lsls	r1, r1, #2
	.loc	1 2127 31                       @ ../../../../../Library/StdDriver/src/crypto.c:2127:31
	adds	r0, r0, r1
	movw	r1, #2128
	.loc	1 2127 25                       @ ../../../../../Library/StdDriver/src/crypto.c:2127:25
	ldr	r0, [r0, r1]
	.loc	1 2127 20                       @ ../../../../../Library/StdDriver/src/crypto.c:2127:20
	ldr	r1, [sp, #56]
	.loc	1 2127 13                       @ ../../../../../Library/StdDriver/src/crypto.c:2127:13
	lsls	r2, r1, #2
	add	r1, sp, #60
	.loc	1 2127 23                       @ ../../../../../Library/StdDriver/src/crypto.c:2127:23
	str	r0, [r1, r2]
	.loc	1 2128 9 is_stmt 1              @ ../../../../../Library/StdDriver/src/crypto.c:2128:9
	b	.LBB33_32
.Ltmp487:
.LBB33_32:                              @   in Loop: Header=BB33_30 Depth=1
	.loc	1 2124 29                       @ ../../../../../Library/StdDriver/src/crypto.c:2124:29
	ldr	r0, [sp, #56]
	adds	r0, r0, #1
	str	r0, [sp, #56]
	.loc	1 2124 9 is_stmt 0              @ ../../../../../Library/StdDriver/src/crypto.c:2124:9
	b	.LBB33_30
.Ltmp488:
.LBB33_33:
	.loc	1 2138 24 is_stmt 1             @ ../../../../../Library/StdDriver/src/crypto.c:2138:24
	ldr	r0, [sp, #360]
	.loc	1 2138 30 is_stmt 0             @ ../../../../../Library/StdDriver/src/crypto.c:2138:30
	ldr	r1, [sp, #356]
	.loc	1 2138 9                        @ ../../../../../Library/StdDriver/src/crypto.c:2138:9
	bl	ecc_init_curve
	.loc	1 2141 19 is_stmt 1             @ ../../../../../Library/StdDriver/src/crypto.c:2141:19
	ldr	r0, [sp, #360]
	ldr	r1, __arm_cp.33_2
	.loc	1 2141 25 is_stmt 0             @ ../../../../../Library/StdDriver/src/crypto.c:2141:25
	str	r1, [sp, #12]                   @ 4-byte Spill
	adds	r0, r0, r1
	.loc	1 2141 9                        @ ../../../../../Library/StdDriver/src/crypto.c:2141:9
	bl	clean_reg
	.loc	1 2142 19 is_stmt 1             @ ../../../../../Library/StdDriver/src/crypto.c:2142:19
	ldr	r0, [sp, #360]
	movw	r1, #2128
	.loc	1 2142 25 is_stmt 0             @ ../../../../../Library/StdDriver/src/crypto.c:2142:25
	str	r1, [sp, #16]                   @ 4-byte Spill
	adds	r0, r0, r1
	.loc	1 2142 9                        @ ../../../../../Library/StdDriver/src/crypto.c:2142:9
	bl	clean_reg
	ldr	r2, [sp, #12]                   @ 4-byte Reload
	.loc	1 2143 17 is_stmt 1             @ ../../../../../Library/StdDriver/src/crypto.c:2143:17
	ldr	r0, [sp, #348]
	.loc	1 2143 28 is_stmt 0             @ ../../../../../Library/StdDriver/src/crypto.c:2143:28
	ldr	r1, [sp, #360]
	.loc	1 2143 34                       @ ../../../../../Library/StdDriver/src/crypto.c:2143:34
	adds	r1, r1, r2
	.loc	1 2143 9                        @ ../../../../../Library/StdDriver/src/crypto.c:2143:9
	bl	Hex2Reg
	ldr	r2, [sp, #16]                   @ 4-byte Reload
	.loc	1 2144 17 is_stmt 1             @ ../../../../../Library/StdDriver/src/crypto.c:2144:17
	ldr	r0, [sp, #376]
	.loc	1 2144 28 is_stmt 0             @ ../../../../../Library/StdDriver/src/crypto.c:2144:28
	ldr	r1, [sp, #360]
	.loc	1 2144 34                       @ ../../../../../Library/StdDriver/src/crypto.c:2144:34
	adds	r1, r1, r2
	.loc	1 2144 9                        @ ../../../../../Library/StdDriver/src/crypto.c:2144:9
	bl	Hex2Reg
	movs	r0, #0
.Ltmp489:
	.loc	1 2147 15 is_stmt 1             @ ../../../../../Library/StdDriver/src/crypto.c:2147:15
	str	r0, [sp, #56]
	.loc	1 2147 13 is_stmt 0             @ ../../../../../Library/StdDriver/src/crypto.c:2147:13
	b	.LBB33_34
.LBB33_34:                              @ =>This Inner Loop Header: Depth=1
.Ltmp490:
	.loc	1 2147 20                       @ ../../../../../Library/StdDriver/src/crypto.c:2147:20
	ldr	r0, [sp, #56]
.Ltmp491:
	.loc	1 2147 9                        @ ../../../../../Library/StdDriver/src/crypto.c:2147:9
	cmp	r0, #17
	bgt	.LBB33_37
	b	.LBB33_35
.LBB33_35:                              @   in Loop: Header=BB33_34 Depth=1
.Ltmp492:
	.loc	1 2149 43 is_stmt 1             @ ../../../../../Library/StdDriver/src/crypto.c:2149:43
	ldr	r0, [sp, #56]
	.loc	1 2149 30 is_stmt 0             @ ../../../../../Library/StdDriver/src/crypto.c:2149:30
	lsls	r2, r0, #2
	add	r0, sp, #204
	ldr	r0, [r0, r2]
	.loc	1 2149 13                       @ ../../../../../Library/StdDriver/src/crypto.c:2149:13
	ldr	r1, [sp, #360]
	.loc	1 2149 19                       @ ../../../../../Library/StdDriver/src/crypto.c:2149:19
	adds	r1, r1, r2
	movw	r2, #2560
	.loc	1 2149 28                       @ ../../../../../Library/StdDriver/src/crypto.c:2149:28
	str	r0, [r1, r2]
	.loc	1 2150 9 is_stmt 1              @ ../../../../../Library/StdDriver/src/crypto.c:2150:9
	b	.LBB33_36
.Ltmp493:
.LBB33_36:                              @   in Loop: Header=BB33_34 Depth=1
	.loc	1 2147 29                       @ ../../../../../Library/StdDriver/src/crypto.c:2147:29
	ldr	r0, [sp, #56]
	adds	r0, r0, #1
	str	r0, [sp, #56]
	.loc	1 2147 9 is_stmt 0              @ ../../../../../Library/StdDriver/src/crypto.c:2147:9
	b	.LBB33_34
.Ltmp494:
.LBB33_37:
	.loc	1 2152 23 is_stmt 1             @ ../../../../../Library/StdDriver/src/crypto.c:2152:23
	ldr	r0, [sp, #360]
	movs	r1, #0
	.loc	1 2152 9 is_stmt 0              @ ../../../../../Library/StdDriver/src/crypto.c:2152:9
	str	r1, [sp, #8]                    @ 4-byte Spill
	bl	run_ecc_codec
                                        @ kill: def $r1 killed $r0
.Ltmp495:
	.loc	1 2154 15 is_stmt 1             @ ../../../../../Library/StdDriver/src/crypto.c:2154:15
	ldr	r0, [sp, #8]                    @ 4-byte Reload
	str	r0, [sp, #56]
	.loc	1 2154 13 is_stmt 0             @ ../../../../../Library/StdDriver/src/crypto.c:2154:13
	b	.LBB33_38
.LBB33_38:                              @ =>This Inner Loop Header: Depth=1
.Ltmp496:
	.loc	1 2154 20                       @ ../../../../../Library/StdDriver/src/crypto.c:2154:20
	ldr	r0, [sp, #56]
.Ltmp497:
	.loc	1 2154 9                        @ ../../../../../Library/StdDriver/src/crypto.c:2154:9
	cmp	r0, #17
	bgt	.LBB33_41
	b	.LBB33_39
.LBB33_39:                              @   in Loop: Header=BB33_38 Depth=1
.Ltmp498:
	.loc	1 2156 31 is_stmt 1             @ ../../../../../Library/StdDriver/src/crypto.c:2156:31
	ldr	r0, [sp, #360]
	.loc	1 2156 44 is_stmt 0             @ ../../../../../Library/StdDriver/src/crypto.c:2156:44
	ldr	r1, [sp, #56]
	.loc	1 2156 31                       @ ../../../../../Library/StdDriver/src/crypto.c:2156:31
	lsls	r1, r1, #2
	.loc	1 2156 37                       @ ../../../../../Library/StdDriver/src/crypto.c:2156:37
	adds	r0, r0, r1
	ldr	r1, __arm_cp.33_2
	.loc	1 2156 31                       @ ../../../../../Library/StdDriver/src/crypto.c:2156:31
	ldr	r0, [r0, r1]
	.loc	1 2156 26                       @ ../../../../../Library/StdDriver/src/crypto.c:2156:26
	ldr	r1, [sp, #56]
	.loc	1 2156 13                       @ ../../../../../Library/StdDriver/src/crypto.c:2156:13
	lsls	r2, r1, #2
	add	r1, sp, #276
	.loc	1 2156 29                       @ ../../../../../Library/StdDriver/src/crypto.c:2156:29
	str	r0, [r1, r2]
	.loc	1 2157 31 is_stmt 1             @ ../../../../../Library/StdDriver/src/crypto.c:2157:31
	ldr	r0, [sp, #360]
	.loc	1 2157 44 is_stmt 0             @ ../../../../../Library/StdDriver/src/crypto.c:2157:44
	ldr	r1, [sp, #56]
	.loc	1 2157 31                       @ ../../../../../Library/StdDriver/src/crypto.c:2157:31
	lsls	r1, r1, #2
	.loc	1 2157 37                       @ ../../../../../Library/StdDriver/src/crypto.c:2157:37
	adds	r0, r0, r1
	movw	r1, #2128
	.loc	1 2157 31                       @ ../../../../../Library/StdDriver/src/crypto.c:2157:31
	ldr	r0, [r0, r1]
	.loc	1 2157 26                       @ ../../../../../Library/StdDriver/src/crypto.c:2157:26
	ldr	r1, [sp, #56]
	.loc	1 2157 13                       @ ../../../../../Library/StdDriver/src/crypto.c:2157:13
	lsls	r2, r1, #2
	add	r1, sp, #204
	.loc	1 2157 29                       @ ../../../../../Library/StdDriver/src/crypto.c:2157:29
	str	r0, [r1, r2]
	.loc	1 2158 9 is_stmt 1              @ ../../../../../Library/StdDriver/src/crypto.c:2158:9
	b	.LBB33_40
.Ltmp499:
.LBB33_40:                              @   in Loop: Header=BB33_38 Depth=1
	.loc	1 2154 29                       @ ../../../../../Library/StdDriver/src/crypto.c:2154:29
	ldr	r0, [sp, #56]
	adds	r0, r0, #1
	str	r0, [sp, #56]
	.loc	1 2154 9 is_stmt 0              @ ../../../../../Library/StdDriver/src/crypto.c:2154:9
	b	.LBB33_38
.Ltmp500:
.LBB33_41:
	.loc	1 2168 24 is_stmt 1             @ ../../../../../Library/StdDriver/src/crypto.c:2168:24
	ldr	r0, [sp, #360]
	.loc	1 2168 30 is_stmt 0             @ ../../../../../Library/StdDriver/src/crypto.c:2168:30
	ldr	r1, [sp, #356]
	.loc	1 2168 9                        @ ../../../../../Library/StdDriver/src/crypto.c:2168:9
	bl	ecc_init_curve
	movs	r0, #0
.Ltmp501:
	.loc	1 2171 15 is_stmt 1             @ ../../../../../Library/StdDriver/src/crypto.c:2171:15
	str	r0, [sp, #56]
	.loc	1 2171 13 is_stmt 0             @ ../../../../../Library/StdDriver/src/crypto.c:2171:13
	b	.LBB33_42
.LBB33_42:                              @ =>This Inner Loop Header: Depth=1
.Ltmp502:
	.loc	1 2171 20                       @ ../../../../../Library/StdDriver/src/crypto.c:2171:20
	ldr	r0, [sp, #56]
.Ltmp503:
	.loc	1 2171 9                        @ ../../../../../Library/StdDriver/src/crypto.c:2171:9
	cmp	r0, #17
	bgt	.LBB33_45
	b	.LBB33_43
.LBB33_43:                              @   in Loop: Header=BB33_42 Depth=1
.Ltmp504:
	.loc	1 2173 44 is_stmt 1             @ ../../../../../Library/StdDriver/src/crypto.c:2173:44
	ldr	r0, [sp, #56]
	.loc	1 2173 31 is_stmt 0             @ ../../../../../Library/StdDriver/src/crypto.c:2173:31
	lsls	r2, r0, #2
	add	r0, sp, #276
	ldr	r0, [r0, r2]
	.loc	1 2173 13                       @ ../../../../../Library/StdDriver/src/crypto.c:2173:13
	ldr	r1, [sp, #360]
	.loc	1 2173 19                       @ ../../../../../Library/StdDriver/src/crypto.c:2173:19
	adds	r1, r1, r2
	ldr	r2, __arm_cp.33_2
	.loc	1 2173 29                       @ ../../../../../Library/StdDriver/src/crypto.c:2173:29
	str	r0, [r1, r2]
	.loc	1 2174 44 is_stmt 1             @ ../../../../../Library/StdDriver/src/crypto.c:2174:44
	ldr	r0, [sp, #56]
	.loc	1 2174 31 is_stmt 0             @ ../../../../../Library/StdDriver/src/crypto.c:2174:31
	lsls	r2, r0, #2
	add	r0, sp, #204
	ldr	r0, [r0, r2]
	.loc	1 2174 13                       @ ../../../../../Library/StdDriver/src/crypto.c:2174:13
	ldr	r1, [sp, #360]
	.loc	1 2174 19                       @ ../../../../../Library/StdDriver/src/crypto.c:2174:19
	adds	r1, r1, r2
	movw	r2, #2128
	.loc	1 2174 29                       @ ../../../../../Library/StdDriver/src/crypto.c:2174:29
	str	r0, [r1, r2]
	.loc	1 2175 9 is_stmt 1              @ ../../../../../Library/StdDriver/src/crypto.c:2175:9
	b	.LBB33_44
.Ltmp505:
.LBB33_44:                              @   in Loop: Header=BB33_42 Depth=1
	.loc	1 2171 29                       @ ../../../../../Library/StdDriver/src/crypto.c:2171:29
	ldr	r0, [sp, #56]
	adds	r0, r0, #1
	str	r0, [sp, #56]
	.loc	1 2171 9 is_stmt 0              @ ../../../../../Library/StdDriver/src/crypto.c:2171:9
	b	.LBB33_42
.Ltmp506:
.LBB33_45:
	.loc	1 0 9                           @ ../../../../../Library/StdDriver/src/crypto.c:0:9
	movs	r0, #0
.Ltmp507:
	.loc	1 2178 15 is_stmt 1             @ ../../../../../Library/StdDriver/src/crypto.c:2178:15
	str	r0, [sp, #56]
	.loc	1 2178 13 is_stmt 0             @ ../../../../../Library/StdDriver/src/crypto.c:2178:13
	b	.LBB33_46
.LBB33_46:                              @ =>This Inner Loop Header: Depth=1
.Ltmp508:
	.loc	1 2178 20                       @ ../../../../../Library/StdDriver/src/crypto.c:2178:20
	ldr	r0, [sp, #56]
.Ltmp509:
	.loc	1 2178 9                        @ ../../../../../Library/StdDriver/src/crypto.c:2178:9
	cmp	r0, #17
	bgt	.LBB33_49
	b	.LBB33_47
.LBB33_47:                              @   in Loop: Header=BB33_46 Depth=1
.Ltmp510:
	.loc	1 2180 38 is_stmt 1             @ ../../../../../Library/StdDriver/src/crypto.c:2180:38
	ldr	r0, [sp, #56]
	.loc	1 2180 31 is_stmt 0             @ ../../../../../Library/StdDriver/src/crypto.c:2180:31
	lsls	r2, r0, #2
	add	r0, sp, #132
	ldr	r0, [r0, r2]
	.loc	1 2180 13                       @ ../../../../../Library/StdDriver/src/crypto.c:2180:13
	ldr	r1, [sp, #360]
	.loc	1 2180 19                       @ ../../../../../Library/StdDriver/src/crypto.c:2180:19
	adds	r1, r1, r2
	ldr	r2, __arm_cp.33_4
	.loc	1 2180 29                       @ ../../../../../Library/StdDriver/src/crypto.c:2180:29
	str	r0, [r1, r2]
	.loc	1 2181 38 is_stmt 1             @ ../../../../../Library/StdDriver/src/crypto.c:2181:38
	ldr	r0, [sp, #56]
	.loc	1 2181 31 is_stmt 0             @ ../../../../../Library/StdDriver/src/crypto.c:2181:31
	lsls	r2, r0, #2
	add	r0, sp, #60
	ldr	r0, [r0, r2]
	.loc	1 2181 13                       @ ../../../../../Library/StdDriver/src/crypto.c:2181:13
	ldr	r1, [sp, #360]
	.loc	1 2181 19                       @ ../../../../../Library/StdDriver/src/crypto.c:2181:19
	adds	r1, r1, r2
	movw	r2, #2272
	.loc	1 2181 29                       @ ../../../../../Library/StdDriver/src/crypto.c:2181:29
	str	r0, [r1, r2]
	.loc	1 2182 9 is_stmt 1              @ ../../../../../Library/StdDriver/src/crypto.c:2182:9
	b	.LBB33_48
.Ltmp511:
.LBB33_48:                              @   in Loop: Header=BB33_46 Depth=1
	.loc	1 2178 29                       @ ../../../../../Library/StdDriver/src/crypto.c:2178:29
	ldr	r0, [sp, #56]
	adds	r0, r0, #1
	str	r0, [sp, #56]
	.loc	1 2178 9 is_stmt 0              @ ../../../../../Library/StdDriver/src/crypto.c:2178:9
	b	.LBB33_46
.Ltmp512:
.LBB33_49:
	.loc	1 2184 23 is_stmt 1             @ ../../../../../Library/StdDriver/src/crypto.c:2184:23
	ldr	r0, [sp, #360]
	movw	r1, #1024
	.loc	1 2184 9 is_stmt 0              @ ../../../../../Library/StdDriver/src/crypto.c:2184:9
	bl	run_ecc_codec
	movs	r0, #0
.Ltmp513:
	.loc	1 2187 15 is_stmt 1             @ ../../../../../Library/StdDriver/src/crypto.c:2187:15
	str	r0, [sp, #56]
	.loc	1 2187 13 is_stmt 0             @ ../../../../../Library/StdDriver/src/crypto.c:2187:13
	b	.LBB33_50
.LBB33_50:                              @ =>This Inner Loop Header: Depth=1
.Ltmp514:
	.loc	1 2187 20                       @ ../../../../../Library/StdDriver/src/crypto.c:2187:20
	ldr	r0, [sp, #56]
.Ltmp515:
	.loc	1 2187 9                        @ ../../../../../Library/StdDriver/src/crypto.c:2187:9
	cmp	r0, #17
	bgt	.LBB33_53
	b	.LBB33_51
.LBB33_51:                              @   in Loop: Header=BB33_50 Depth=1
.Ltmp516:
	.loc	1 2189 25 is_stmt 1             @ ../../../../../Library/StdDriver/src/crypto.c:2189:25
	ldr	r0, [sp, #360]
	.loc	1 2189 38 is_stmt 0             @ ../../../../../Library/StdDriver/src/crypto.c:2189:38
	ldr	r1, [sp, #56]
	.loc	1 2189 25                       @ ../../../../../Library/StdDriver/src/crypto.c:2189:25
	lsls	r1, r1, #2
	.loc	1 2189 31                       @ ../../../../../Library/StdDriver/src/crypto.c:2189:31
	adds	r0, r0, r1
	ldr	r1, __arm_cp.33_2
	.loc	1 2189 25                       @ ../../../../../Library/StdDriver/src/crypto.c:2189:25
	ldr	r0, [r0, r1]
	.loc	1 2189 20                       @ ../../../../../Library/StdDriver/src/crypto.c:2189:20
	ldr	r1, [sp, #56]
	.loc	1 2189 13                       @ ../../../../../Library/StdDriver/src/crypto.c:2189:13
	lsls	r2, r1, #2
	add	r1, sp, #132
	.loc	1 2189 23                       @ ../../../../../Library/StdDriver/src/crypto.c:2189:23
	str	r0, [r1, r2]
	.loc	1 2190 25 is_stmt 1             @ ../../../../../Library/StdDriver/src/crypto.c:2190:25
	ldr	r0, [sp, #360]
	.loc	1 2190 38 is_stmt 0             @ ../../../../../Library/StdDriver/src/crypto.c:2190:38
	ldr	r1, [sp, #56]
	.loc	1 2190 25                       @ ../../../../../Library/StdDriver/src/crypto.c:2190:25
	lsls	r1, r1, #2
	.loc	1 2190 31                       @ ../../../../../Library/StdDriver/src/crypto.c:2190:31
	adds	r0, r0, r1
	movw	r1, #2128
	.loc	1 2190 25                       @ ../../../../../Library/StdDriver/src/crypto.c:2190:25
	ldr	r0, [r0, r1]
	.loc	1 2190 20                       @ ../../../../../Library/StdDriver/src/crypto.c:2190:20
	ldr	r1, [sp, #56]
	.loc	1 2190 13                       @ ../../../../../Library/StdDriver/src/crypto.c:2190:13
	lsls	r2, r1, #2
	add	r1, sp, #60
	.loc	1 2190 23                       @ ../../../../../Library/StdDriver/src/crypto.c:2190:23
	str	r0, [r1, r2]
	.loc	1 2191 9 is_stmt 1              @ ../../../../../Library/StdDriver/src/crypto.c:2191:9
	b	.LBB33_52
.Ltmp517:
.LBB33_52:                              @   in Loop: Header=BB33_50 Depth=1
	.loc	1 2187 29                       @ ../../../../../Library/StdDriver/src/crypto.c:2187:29
	ldr	r0, [sp, #56]
	adds	r0, r0, #1
	str	r0, [sp, #56]
	.loc	1 2187 9 is_stmt 0              @ ../../../../../Library/StdDriver/src/crypto.c:2187:9
	b	.LBB33_50
.Ltmp518:
.LBB33_53:
	.loc	1 2201 19 is_stmt 1             @ ../../../../../Library/StdDriver/src/crypto.c:2201:19
	ldr	r0, [sp, #360]
	ldr	r1, __arm_cp.33_0
	.loc	1 2201 25 is_stmt 0             @ ../../../../../Library/StdDriver/src/crypto.c:2201:25
	str	r1, [sp, #4]                    @ 4-byte Spill
	adds	r0, r0, r1
	.loc	1 2201 9                        @ ../../../../../Library/StdDriver/src/crypto.c:2201:9
	bl	clean_reg
	ldr	r2, [sp, #4]                    @ 4-byte Reload
	.loc	1 2202 17 is_stmt 1             @ ../../../../../Library/StdDriver/src/crypto.c:2202:17
	ldr	r0, __arm_cp.33_1
	ldr	r0, [r0]
	movw	r1, #768
	.loc	1 2202 25 is_stmt 0             @ ../../../../../Library/StdDriver/src/crypto.c:2202:25
	adds	r0, r0, r1
	.loc	1 2202 33                       @ ../../../../../Library/StdDriver/src/crypto.c:2202:33
	ldr	r1, [sp, #360]
	.loc	1 2202 39                       @ ../../../../../Library/StdDriver/src/crypto.c:2202:39
	adds	r1, r1, r2
	.loc	1 2202 9                        @ ../../../../../Library/StdDriver/src/crypto.c:2202:9
	bl	Hex2Reg
	movs	r0, #0
.Ltmp519:
	.loc	1 2208 15 is_stmt 1             @ ../../../../../Library/StdDriver/src/crypto.c:2208:15
	str	r0, [sp, #56]
	.loc	1 2208 13 is_stmt 0             @ ../../../../../Library/StdDriver/src/crypto.c:2208:13
	b	.LBB33_54
.LBB33_54:                              @ =>This Inner Loop Header: Depth=1
.Ltmp520:
	.loc	1 2208 20                       @ ../../../../../Library/StdDriver/src/crypto.c:2208:20
	ldr	r0, [sp, #56]
.Ltmp521:
	.loc	1 2208 9                        @ ../../../../../Library/StdDriver/src/crypto.c:2208:9
	cmp	r0, #17
	bgt	.LBB33_60
	b	.LBB33_58
	.p2align	2
@ %bb.55:
	.loc	1 0 9                           @ ../../../../../Library/StdDriver/src/crypto.c:0:9
.LCPI33_5:
	.long	2488                            @ 0x9b8
	.p2align	2
@ %bb.56:
.LCPI33_6:
	.long	pCurve
	.p2align	2
@ %bb.57:
.LCPI33_7:
	.long	2056                            @ 0x808
	.p2align	1
.LBB33_58:                              @   in Loop: Header=BB33_54 Depth=1
.Ltmp522:
	.loc	1 2210 38 is_stmt 1             @ ../../../../../Library/StdDriver/src/crypto.c:2210:38
	ldr	r0, [sp, #56]
	.loc	1 2210 31 is_stmt 0             @ ../../../../../Library/StdDriver/src/crypto.c:2210:31
	lsls	r2, r0, #2
	add	r0, sp, #132
	ldr	r0, [r0, r2]
	.loc	1 2210 13                       @ ../../../../../Library/StdDriver/src/crypto.c:2210:13
	ldr	r1, [sp, #360]
	.loc	1 2210 19                       @ ../../../../../Library/StdDriver/src/crypto.c:2210:19
	adds	r1, r1, r2
	ldr	r2, __arm_cp.33_2
	.loc	1 2210 29                       @ ../../../../../Library/StdDriver/src/crypto.c:2210:29
	str	r0, [r1, r2]
	.loc	1 2211 13 is_stmt 1             @ ../../../../../Library/StdDriver/src/crypto.c:2211:13
	ldr	r0, [sp, #360]
	.loc	1 2211 26 is_stmt 0             @ ../../../../../Library/StdDriver/src/crypto.c:2211:26
	ldr	r1, [sp, #56]
	.loc	1 2211 13                       @ ../../../../../Library/StdDriver/src/crypto.c:2211:13
	lsls	r1, r1, #2
	.loc	1 2211 19                       @ ../../../../../Library/StdDriver/src/crypto.c:2211:19
	adds	r1, r0, r1
	movw	r2, #2128
	movs	r0, #0
	.loc	1 2211 29                       @ ../../../../../Library/StdDriver/src/crypto.c:2211:29
	str	r0, [r1, r2]
	.loc	1 2212 9 is_stmt 1              @ ../../../../../Library/StdDriver/src/crypto.c:2212:9
	b	.LBB33_59
.Ltmp523:
.LBB33_59:                              @   in Loop: Header=BB33_54 Depth=1
	.loc	1 2208 29                       @ ../../../../../Library/StdDriver/src/crypto.c:2208:29
	ldr	r0, [sp, #56]
	adds	r0, r0, #1
	str	r0, [sp, #56]
	.loc	1 2208 9 is_stmt 0              @ ../../../../../Library/StdDriver/src/crypto.c:2208:9
	b	.LBB33_54
.Ltmp524:
.LBB33_60:
	.loc	1 2221 23 is_stmt 1             @ ../../../../../Library/StdDriver/src/crypto.c:2221:23
	ldr	r0, [sp, #360]
	movw	r1, #4608
	.loc	1 2221 9 is_stmt 0              @ ../../../../../Library/StdDriver/src/crypto.c:2221:9
	bl	run_ecc_codec
	.loc	1 2224 17 is_stmt 1             @ ../../../../../Library/StdDriver/src/crypto.c:2224:17
	ldr	r0, __arm_cp.33_1
	ldr	r0, [r0]
	.loc	1 2224 25 is_stmt 0             @ ../../../../../Library/StdDriver/src/crypto.c:2224:25
	ldr	r0, [r0, #4]
	.loc	1 2224 32                       @ ../../../../../Library/StdDriver/src/crypto.c:2224:32
	ldr	r1, [sp, #360]
	ldr	r2, __arm_cp.33_2
	.loc	1 2224 38                       @ ../../../../../Library/StdDriver/src/crypto.c:2224:38
	adds	r1, r1, r2
	.loc	1 2224 9                        @ ../../../../../Library/StdDriver/src/crypto.c:2224:9
	ldr	r2, __arm_cp.33_3
	bl	Reg2Hex
	.loc	1 2225 9 is_stmt 1              @ ../../../../../Library/StdDriver/src/crypto.c:2225:9
	b	.LBB33_61
.LBB33_61:
.Ltmp525:
	.loc	1 2225 9 is_stmt 0              @ ../../../../../Library/StdDriver/src/crypto.c:2225:9
	b	.LBB33_62
.Ltmp526:
.LBB33_62:
	.loc	1 2230 37 is_stmt 1             @ ../../../../../Library/StdDriver/src/crypto.c:2230:37
	ldr	r1, [sp, #380]
	.loc	1 2230 12 is_stmt 0             @ ../../../../../Library/StdDriver/src/crypto.c:2230:12
	ldr	r0, __arm_cp.33_3
	bl	strcasecmp
.Ltmp527:
	.loc	1 2230 12                       @ ../../../../../Library/StdDriver/src/crypto.c:2230:12
	cbz	r0, .LBB33_68
	b	.LBB33_63
.LBB33_63:
.Ltmp528:
	.loc	1 2232 13 is_stmt 1             @ ../../../../../Library/StdDriver/src/crypto.c:2232:13
	b	.LBB33_64
.LBB33_64:
.Ltmp529:
	.loc	1 2232 13 is_stmt 0             @ ../../../../../Library/StdDriver/src/crypto.c:2232:13
	b	.LBB33_65
.Ltmp530:
.LBB33_65:
	.loc	1 2233 13 is_stmt 1             @ ../../../../../Library/StdDriver/src/crypto.c:2233:13
	b	.LBB33_66
.LBB33_66:
.Ltmp531:
	.loc	1 2233 13 is_stmt 0             @ ../../../../../Library/StdDriver/src/crypto.c:2233:13
	b	.LBB33_67
.Ltmp532:
.LBB33_67:
	.loc	1 0 13                          @ ../../../../../Library/StdDriver/src/crypto.c:0:13
	movs	r0, #1
	mvns	r0, r0
	.loc	1 2234 17 is_stmt 1             @ ../../../../../Library/StdDriver/src/crypto.c:2234:17
	str	r0, [sp, #52]
	.loc	1 2235 9                        @ ../../../../../Library/StdDriver/src/crypto.c:2235:9
	b	.LBB33_68
.Ltmp533:
.LBB33_68:
	.loc	1 2236 5                        @ ../../../../../Library/StdDriver/src/crypto.c:2236:5
	b	.LBB33_69
.Ltmp534:
.LBB33_69:
	.loc	1 2238 12                       @ ../../../../../Library/StdDriver/src/crypto.c:2238:12
	ldr	r0, [sp, #52]
	.loc	1 2238 5 is_stmt 0              @ ../../../../../Library/StdDriver/src/crypto.c:2238:5
	str	r0, [sp, #364]
	b	.LBB33_70
.LBB33_70:
	.loc	1 2239 1 is_stmt 1              @ ../../../../../Library/StdDriver/src/crypto.c:2239:1
	ldr	r0, [sp, #364]
	add	sp, #368
	pop	{r4, pc}
.Ltmp535:
	.p2align	2
@ %bb.71:
	.loc	1 0 1 is_stmt 0                 @ ../../../../../Library/StdDriver/src/crypto.c:0:1
__arm_cp.33_0:
	.long	2488                            @ 0x9b8
.Lcpi_end63:
	.size	__arm_cp.33_0, .Lcpi_end63-__arm_cp.33_0
__arm_cp.33_1:
	.long	pCurve
.Lcpi_end64:
	.size	__arm_cp.33_1, .Lcpi_end64-__arm_cp.33_1
__arm_cp.33_2:
	.long	2056                            @ 0x808
.Lcpi_end65:
	.size	__arm_cp.33_2, .Lcpi_end65-__arm_cp.33_2
__arm_cp.33_3:
	.long	temp_hex_str
.Lcpi_end66:
	.size	__arm_cp.33_3, .Lcpi_end66-__arm_cp.33_3
__arm_cp.33_4:
	.long	2200                            @ 0x898
.Lcpi_end67:
	.size	__arm_cp.33_4, .Lcpi_end67-__arm_cp.33_4
.Lfunc_end33:
	.size	ECC_VerifySignature, .Lfunc_end33-ECC_VerifySignature
	.cfi_endproc
	.fnend
                                        @ -- End function
	.section	.text.ECC_VerifySignature_KS,"ax",%progbits
	.hidden	ECC_VerifySignature_KS          @ -- Begin function ECC_VerifySignature_KS
	.globl	ECC_VerifySignature_KS
	.p2align	2
	.type	ECC_VerifySignature_KS,%function
	.code	16                              @ @ECC_VerifySignature_KS
	.thumb_func
ECC_VerifySignature_KS:
.Lfunc_begin34:
	.loc	1 2257 0 is_stmt 1              @ ../../../../../Library/StdDriver/src/crypto.c:2257:0
	.fnstart
	.cfi_startproc
@ %bb.0:
	.save	{r4, lr}
	push	{r4, lr}
	.cfi_def_cfa_offset 8
	.cfi_offset lr, -4
	.cfi_offset r4, -8
	.pad	#360
	sub	sp, #360
	.cfi_def_cfa_offset 368
	ldr	r4, [sp, #384]
	ldr	r4, [sp, #380]
	ldr	r4, [sp, #376]
	ldr	r4, [sp, #372]
	ldr	r4, [sp, #368]
	str	r0, [sp, #356]
	str	r1, [sp, #352]
	str	r2, [sp, #348]
	str	r3, [sp, #344]
	movs	r0, #0
.Ltmp536:
	.loc	1 2260 18 prologue_end          @ ../../../../../Library/StdDriver/src/crypto.c:2260:18
	str	r0, [sp, #48]
.Ltmp537:
	.loc	1 2281 23                       @ ../../../../../Library/StdDriver/src/crypto.c:2281:23
	ldr	r0, [sp, #356]
	.loc	1 2281 29 is_stmt 0             @ ../../../../../Library/StdDriver/src/crypto.c:2281:29
	ldr	r1, [sp, #352]
	.loc	1 2281 8                        @ ../../../../../Library/StdDriver/src/crypto.c:2281:8
	bl	ecc_init_curve
.Ltmp538:
	.loc	1 2281 8                        @ ../../../../../Library/StdDriver/src/crypto.c:2281:8
	cbz	r0, .LBB34_2
	b	.LBB34_1
.LBB34_1:
	.loc	1 0 8                           @ ../../../../../Library/StdDriver/src/crypto.c:0:8
	movs	r0, #0
	mvns	r0, r0
.Ltmp539:
	.loc	1 2283 13 is_stmt 1             @ ../../../../../Library/StdDriver/src/crypto.c:2283:13
	str	r0, [sp, #48]
	.loc	1 2284 5                        @ ../../../../../Library/StdDriver/src/crypto.c:2284:5
	b	.LBB34_2
.Ltmp540:
.LBB34_2:
	.loc	1 2286 8                        @ ../../../../../Library/StdDriver/src/crypto.c:2286:8
	ldr	r0, [sp, #48]
.Ltmp541:
	.loc	1 2286 8 is_stmt 0              @ ../../../../../Library/StdDriver/src/crypto.c:2286:8
	cbz	r0, .LBB34_3
	b	.LBB34_68
.LBB34_3:
.Ltmp542:
	.loc	1 2288 9 is_stmt 1              @ ../../../../../Library/StdDriver/src/crypto.c:2288:9
	ldr	r1, [sp, #356]
	movw	r2, #3904
	movs	r0, #0
	.loc	1 2288 25 is_stmt 0             @ ../../../../../Library/StdDriver/src/crypto.c:2288:25
	str	r0, [sp, #44]                   @ 4-byte Spill
	str	r0, [r1, r2]
	.loc	1 2289 9 is_stmt 1              @ ../../../../../Library/StdDriver/src/crypto.c:2289:9
	ldr	r1, [sp, #356]
	ldr	r2, .LCPI34_6
	.loc	1 2289 25 is_stmt 0             @ ../../../../../Library/StdDriver/src/crypto.c:2289:25
	str	r0, [r1, r2]
	.loc	1 2292 19 is_stmt 1             @ ../../../../../Library/StdDriver/src/crypto.c:2292:19
	ldr	r0, [sp, #356]
	ldr	r1, .LCPI34_7
	.loc	1 2292 25 is_stmt 0             @ ../../../../../Library/StdDriver/src/crypto.c:2292:25
	str	r1, [sp, #32]                   @ 4-byte Spill
	adds	r0, r0, r1
	.loc	1 2292 9                        @ ../../../../../Library/StdDriver/src/crypto.c:2292:9
	bl	clean_reg
	ldr	r2, [sp, #32]                   @ 4-byte Reload
	.loc	1 2293 17 is_stmt 1             @ ../../../../../Library/StdDriver/src/crypto.c:2293:17
	ldr	r0, .LCPI34_8
	ldr	r0, [r0]
	movw	r1, #768
	.loc	1 2293 25 is_stmt 0             @ ../../../../../Library/StdDriver/src/crypto.c:2293:25
	adds	r0, r0, r1
	.loc	1 2293 33                       @ ../../../../../Library/StdDriver/src/crypto.c:2293:33
	ldr	r1, [sp, #356]
	.loc	1 2293 39                       @ ../../../../../Library/StdDriver/src/crypto.c:2293:39
	adds	r1, r1, r2
	.loc	1 2293 9                        @ ../../../../../Library/StdDriver/src/crypto.c:2293:9
	bl	Hex2Reg
	.loc	1 2296 19 is_stmt 1             @ ../../../../../Library/StdDriver/src/crypto.c:2296:19
	ldr	r0, [sp, #356]
	movw	r1, #2128
	.loc	1 2296 25 is_stmt 0             @ ../../../../../Library/StdDriver/src/crypto.c:2296:25
	str	r1, [sp, #36]                   @ 4-byte Spill
	adds	r0, r0, r1
	.loc	1 2296 9                        @ ../../../../../Library/StdDriver/src/crypto.c:2296:9
	bl	clean_reg
	ldr	r2, [sp, #36]                   @ 4-byte Reload
	.loc	1 2297 9 is_stmt 1              @ ../../../../../Library/StdDriver/src/crypto.c:2297:9
	ldr	r1, [sp, #356]
	movs	r0, #1
	.loc	1 2297 25 is_stmt 0             @ ../../../../../Library/StdDriver/src/crypto.c:2297:25
	str	r0, [r1, r2]
	.loc	1 2300 19 is_stmt 1             @ ../../../../../Library/StdDriver/src/crypto.c:2300:19
	ldr	r0, [sp, #356]
	ldr	r1, .LCPI34_9
	.loc	1 2300 25 is_stmt 0             @ ../../../../../Library/StdDriver/src/crypto.c:2300:25
	str	r1, [sp, #40]                   @ 4-byte Spill
	adds	r0, r0, r1
	.loc	1 2300 9                        @ ../../../../../Library/StdDriver/src/crypto.c:2300:9
	bl	clean_reg
	ldr	r2, [sp, #40]                   @ 4-byte Reload
	.loc	1 2301 17 is_stmt 1             @ ../../../../../Library/StdDriver/src/crypto.c:2301:17
	ldr	r0, [sp, #384]
	.loc	1 2301 20 is_stmt 0             @ ../../../../../Library/StdDriver/src/crypto.c:2301:20
	ldr	r1, [sp, #356]
	.loc	1 2301 26                       @ ../../../../../Library/StdDriver/src/crypto.c:2301:26
	adds	r1, r1, r2
	.loc	1 2301 9                        @ ../../../../../Library/StdDriver/src/crypto.c:2301:9
	bl	Hex2Reg
	.loc	1 2303 23 is_stmt 1             @ ../../../../../Library/StdDriver/src/crypto.c:2303:23
	ldr	r0, [sp, #356]
	movw	r1, #512
	.loc	1 2303 9 is_stmt 0              @ ../../../../../Library/StdDriver/src/crypto.c:2303:9
	bl	run_ecc_codec
                                        @ kill: def $r1 killed $r0
.Ltmp543:
	.loc	1 2306 15 is_stmt 1             @ ../../../../../Library/StdDriver/src/crypto.c:2306:15
	ldr	r0, [sp, #44]                   @ 4-byte Reload
	str	r0, [sp, #52]
	.loc	1 2306 13 is_stmt 0             @ ../../../../../Library/StdDriver/src/crypto.c:2306:13
	b	.LBB34_4
.LBB34_4:                               @ =>This Inner Loop Header: Depth=1
.Ltmp544:
	.loc	1 2306 20                       @ ../../../../../Library/StdDriver/src/crypto.c:2306:20
	ldr	r0, [sp, #52]
.Ltmp545:
	.loc	1 2306 9                        @ ../../../../../Library/StdDriver/src/crypto.c:2306:9
	cmp	r0, #17
	bgt	.LBB34_7
	b	.LBB34_5
.LBB34_5:                               @   in Loop: Header=BB34_4 Depth=1
.Ltmp546:
	.loc	1 2308 31 is_stmt 1             @ ../../../../../Library/StdDriver/src/crypto.c:2308:31
	ldr	r0, [sp, #356]
	.loc	1 2308 44 is_stmt 0             @ ../../../../../Library/StdDriver/src/crypto.c:2308:44
	ldr	r1, [sp, #52]
	.loc	1 2308 31                       @ ../../../../../Library/StdDriver/src/crypto.c:2308:31
	lsls	r1, r1, #2
	.loc	1 2308 37                       @ ../../../../../Library/StdDriver/src/crypto.c:2308:37
	adds	r0, r0, r1
	ldr	r1, .LCPI34_9
	.loc	1 2308 31                       @ ../../../../../Library/StdDriver/src/crypto.c:2308:31
	ldr	r0, [r0, r1]
	.loc	1 2308 26                       @ ../../../../../Library/StdDriver/src/crypto.c:2308:26
	ldr	r1, [sp, #52]
	.loc	1 2308 13                       @ ../../../../../Library/StdDriver/src/crypto.c:2308:13
	lsls	r2, r1, #2
	add	r1, sp, #200
	.loc	1 2308 29                       @ ../../../../../Library/StdDriver/src/crypto.c:2308:29
	str	r0, [r1, r2]
	.loc	1 2309 9 is_stmt 1              @ ../../../../../Library/StdDriver/src/crypto.c:2309:9
	b	.LBB34_6
.Ltmp547:
.LBB34_6:                               @   in Loop: Header=BB34_4 Depth=1
	.loc	1 2306 29                       @ ../../../../../Library/StdDriver/src/crypto.c:2306:29
	ldr	r0, [sp, #52]
	adds	r0, r0, #1
	str	r0, [sp, #52]
	.loc	1 2306 9 is_stmt 0              @ ../../../../../Library/StdDriver/src/crypto.c:2306:9
	b	.LBB34_4
.Ltmp548:
.LBB34_7:
	.loc	1 2337 19 is_stmt 1             @ ../../../../../Library/StdDriver/src/crypto.c:2337:19
	ldr	r0, [sp, #356]
	ldr	r1, __arm_cp.34_1
	.loc	1 2337 25 is_stmt 0             @ ../../../../../Library/StdDriver/src/crypto.c:2337:25
	str	r1, [sp, #24]                   @ 4-byte Spill
	adds	r0, r0, r1
	.loc	1 2337 9                        @ ../../../../../Library/StdDriver/src/crypto.c:2337:9
	bl	clean_reg
	ldr	r2, [sp, #24]                   @ 4-byte Reload
	.loc	1 2338 17 is_stmt 1             @ ../../../../../Library/StdDriver/src/crypto.c:2338:17
	ldr	r0, __arm_cp.34_2
	ldr	r0, [r0]
	movw	r1, #768
	.loc	1 2338 25 is_stmt 0             @ ../../../../../Library/StdDriver/src/crypto.c:2338:25
	adds	r0, r0, r1
	.loc	1 2338 33                       @ ../../../../../Library/StdDriver/src/crypto.c:2338:33
	ldr	r1, [sp, #356]
	.loc	1 2338 39                       @ ../../../../../Library/StdDriver/src/crypto.c:2338:39
	adds	r1, r1, r2
	.loc	1 2338 9                        @ ../../../../../Library/StdDriver/src/crypto.c:2338:9
	bl	Hex2Reg
	.loc	1 2341 19 is_stmt 1             @ ../../../../../Library/StdDriver/src/crypto.c:2341:19
	ldr	r0, [sp, #356]
	ldr	r1, __arm_cp.34_3
	.loc	1 2341 25 is_stmt 0             @ ../../../../../Library/StdDriver/src/crypto.c:2341:25
	str	r1, [sp, #28]                   @ 4-byte Spill
	adds	r0, r0, r1
	.loc	1 2341 9                        @ ../../../../../Library/StdDriver/src/crypto.c:2341:9
	bl	clean_reg
	ldr	r2, [sp, #28]                   @ 4-byte Reload
	.loc	1 2342 17 is_stmt 1             @ ../../../../../Library/StdDriver/src/crypto.c:2342:17
	ldr	r0, [sp, #348]
	.loc	1 2342 26 is_stmt 0             @ ../../../../../Library/StdDriver/src/crypto.c:2342:26
	ldr	r1, [sp, #356]
	.loc	1 2342 32                       @ ../../../../../Library/StdDriver/src/crypto.c:2342:32
	adds	r1, r1, r2
	.loc	1 2342 9                        @ ../../../../../Library/StdDriver/src/crypto.c:2342:9
	bl	Hex2Reg
	movs	r0, #0
.Ltmp549:
	.loc	1 2344 15 is_stmt 1             @ ../../../../../Library/StdDriver/src/crypto.c:2344:15
	str	r0, [sp, #52]
	.loc	1 2344 13 is_stmt 0             @ ../../../../../Library/StdDriver/src/crypto.c:2344:13
	b	.LBB34_8
.LBB34_8:                               @ =>This Inner Loop Header: Depth=1
.Ltmp550:
	.loc	1 2344 20                       @ ../../../../../Library/StdDriver/src/crypto.c:2344:20
	ldr	r0, [sp, #52]
.Ltmp551:
	.loc	1 2344 9                        @ ../../../../../Library/StdDriver/src/crypto.c:2344:9
	cmp	r0, #17
	bgt	.LBB34_11
	b	.LBB34_9
.LBB34_9:                               @   in Loop: Header=BB34_8 Depth=1
.Ltmp552:
	.loc	1 2346 44 is_stmt 1             @ ../../../../../Library/StdDriver/src/crypto.c:2346:44
	ldr	r0, [sp, #52]
	.loc	1 2346 31 is_stmt 0             @ ../../../../../Library/StdDriver/src/crypto.c:2346:31
	lsls	r2, r0, #2
	add	r0, sp, #200
	ldr	r0, [r0, r2]
	.loc	1 2346 13                       @ ../../../../../Library/StdDriver/src/crypto.c:2346:13
	ldr	r1, [sp, #356]
	.loc	1 2346 19                       @ ../../../../../Library/StdDriver/src/crypto.c:2346:19
	adds	r1, r1, r2
	movw	r2, #2128
	.loc	1 2346 29                       @ ../../../../../Library/StdDriver/src/crypto.c:2346:29
	str	r0, [r1, r2]
	.loc	1 2347 9 is_stmt 1              @ ../../../../../Library/StdDriver/src/crypto.c:2347:9
	b	.LBB34_10
.Ltmp553:
.LBB34_10:                              @   in Loop: Header=BB34_8 Depth=1
	.loc	1 2344 29                       @ ../../../../../Library/StdDriver/src/crypto.c:2344:29
	ldr	r0, [sp, #52]
	adds	r0, r0, #1
	str	r0, [sp, #52]
	.loc	1 2344 9 is_stmt 0              @ ../../../../../Library/StdDriver/src/crypto.c:2344:9
	b	.LBB34_8
.Ltmp554:
.LBB34_11:
	.loc	1 2349 23 is_stmt 1             @ ../../../../../Library/StdDriver/src/crypto.c:2349:23
	ldr	r0, [sp, #356]
	movw	r1, #2560
	.loc	1 2349 9 is_stmt 0              @ ../../../../../Library/StdDriver/src/crypto.c:2349:9
	bl	run_ecc_codec
	movs	r0, #0
.Ltmp555:
	.loc	1 2352 15 is_stmt 1             @ ../../../../../Library/StdDriver/src/crypto.c:2352:15
	str	r0, [sp, #52]
	.loc	1 2352 13 is_stmt 0             @ ../../../../../Library/StdDriver/src/crypto.c:2352:13
	b	.LBB34_12
.LBB34_12:                              @ =>This Inner Loop Header: Depth=1
.Ltmp556:
	.loc	1 2352 20                       @ ../../../../../Library/StdDriver/src/crypto.c:2352:20
	ldr	r0, [sp, #52]
.Ltmp557:
	.loc	1 2352 9                        @ ../../../../../Library/StdDriver/src/crypto.c:2352:9
	cmp	r0, #17
	bgt	.LBB34_15
	b	.LBB34_13
.LBB34_13:                              @   in Loop: Header=BB34_12 Depth=1
.Ltmp558:
	.loc	1 2354 31 is_stmt 1             @ ../../../../../Library/StdDriver/src/crypto.c:2354:31
	ldr	r0, [sp, #356]
	.loc	1 2354 44 is_stmt 0             @ ../../../../../Library/StdDriver/src/crypto.c:2354:44
	ldr	r1, [sp, #52]
	.loc	1 2354 31                       @ ../../../../../Library/StdDriver/src/crypto.c:2354:31
	lsls	r1, r1, #2
	.loc	1 2354 37                       @ ../../../../../Library/StdDriver/src/crypto.c:2354:37
	adds	r0, r0, r1
	ldr	r1, __arm_cp.34_3
	.loc	1 2354 31                       @ ../../../../../Library/StdDriver/src/crypto.c:2354:31
	ldr	r0, [r0, r1]
	.loc	1 2354 26                       @ ../../../../../Library/StdDriver/src/crypto.c:2354:26
	ldr	r1, [sp, #52]
	.loc	1 2354 13                       @ ../../../../../Library/StdDriver/src/crypto.c:2354:13
	lsls	r2, r1, #2
	add	r1, sp, #272
	.loc	1 2354 29                       @ ../../../../../Library/StdDriver/src/crypto.c:2354:29
	str	r0, [r1, r2]
	.loc	1 2355 9 is_stmt 1              @ ../../../../../Library/StdDriver/src/crypto.c:2355:9
	b	.LBB34_14
.Ltmp559:
.LBB34_14:                              @   in Loop: Header=BB34_12 Depth=1
	.loc	1 2352 29                       @ ../../../../../Library/StdDriver/src/crypto.c:2352:29
	ldr	r0, [sp, #52]
	adds	r0, r0, #1
	str	r0, [sp, #52]
	.loc	1 2352 9 is_stmt 0              @ ../../../../../Library/StdDriver/src/crypto.c:2352:9
	b	.LBB34_12
.Ltmp560:
.LBB34_15:
	.loc	1 2363 19 is_stmt 1             @ ../../../../../Library/StdDriver/src/crypto.c:2363:19
	ldr	r0, [sp, #356]
	ldr	r1, __arm_cp.34_1
	.loc	1 2363 25 is_stmt 0             @ ../../../../../Library/StdDriver/src/crypto.c:2363:25
	str	r1, [sp, #16]                   @ 4-byte Spill
	adds	r0, r0, r1
	.loc	1 2363 9                        @ ../../../../../Library/StdDriver/src/crypto.c:2363:9
	bl	clean_reg
	ldr	r2, [sp, #16]                   @ 4-byte Reload
	.loc	1 2364 17 is_stmt 1             @ ../../../../../Library/StdDriver/src/crypto.c:2364:17
	ldr	r0, __arm_cp.34_2
	ldr	r0, [r0]
	movw	r1, #768
	.loc	1 2364 25 is_stmt 0             @ ../../../../../Library/StdDriver/src/crypto.c:2364:25
	adds	r0, r0, r1
	.loc	1 2364 33                       @ ../../../../../Library/StdDriver/src/crypto.c:2364:33
	ldr	r1, [sp, #356]
	.loc	1 2364 39                       @ ../../../../../Library/StdDriver/src/crypto.c:2364:39
	adds	r1, r1, r2
	.loc	1 2364 9                        @ ../../../../../Library/StdDriver/src/crypto.c:2364:9
	bl	Hex2Reg
	.loc	1 2367 19 is_stmt 1             @ ../../../../../Library/StdDriver/src/crypto.c:2367:19
	ldr	r0, [sp, #356]
	ldr	r1, __arm_cp.34_3
	.loc	1 2367 25 is_stmt 0             @ ../../../../../Library/StdDriver/src/crypto.c:2367:25
	str	r1, [sp, #20]                   @ 4-byte Spill
	adds	r0, r0, r1
	.loc	1 2367 9                        @ ../../../../../Library/StdDriver/src/crypto.c:2367:9
	bl	clean_reg
	ldr	r2, [sp, #20]                   @ 4-byte Reload
	.loc	1 2368 17 is_stmt 1             @ ../../../../../Library/StdDriver/src/crypto.c:2368:17
	ldr	r0, [sp, #380]
	.loc	1 2368 20 is_stmt 0             @ ../../../../../Library/StdDriver/src/crypto.c:2368:20
	ldr	r1, [sp, #356]
	.loc	1 2368 26                       @ ../../../../../Library/StdDriver/src/crypto.c:2368:26
	adds	r1, r1, r2
	.loc	1 2368 9                        @ ../../../../../Library/StdDriver/src/crypto.c:2368:9
	bl	Hex2Reg
	movs	r0, #0
.Ltmp561:
	.loc	1 2370 15 is_stmt 1             @ ../../../../../Library/StdDriver/src/crypto.c:2370:15
	str	r0, [sp, #52]
	.loc	1 2370 13 is_stmt 0             @ ../../../../../Library/StdDriver/src/crypto.c:2370:13
	b	.LBB34_16
.LBB34_16:                              @ =>This Inner Loop Header: Depth=1
.Ltmp562:
	.loc	1 2370 20                       @ ../../../../../Library/StdDriver/src/crypto.c:2370:20
	ldr	r0, [sp, #52]
.Ltmp563:
	.loc	1 2370 9                        @ ../../../../../Library/StdDriver/src/crypto.c:2370:9
	cmp	r0, #17
	bgt	.LBB34_19
	b	.LBB34_17
.LBB34_17:                              @   in Loop: Header=BB34_16 Depth=1
.Ltmp564:
	.loc	1 2372 44 is_stmt 1             @ ../../../../../Library/StdDriver/src/crypto.c:2372:44
	ldr	r0, [sp, #52]
	.loc	1 2372 31 is_stmt 0             @ ../../../../../Library/StdDriver/src/crypto.c:2372:31
	lsls	r2, r0, #2
	add	r0, sp, #200
	ldr	r0, [r0, r2]
	.loc	1 2372 13                       @ ../../../../../Library/StdDriver/src/crypto.c:2372:13
	ldr	r1, [sp, #356]
	.loc	1 2372 19                       @ ../../../../../Library/StdDriver/src/crypto.c:2372:19
	adds	r1, r1, r2
	movw	r2, #2128
	.loc	1 2372 29                       @ ../../../../../Library/StdDriver/src/crypto.c:2372:29
	str	r0, [r1, r2]
	.loc	1 2373 9 is_stmt 1              @ ../../../../../Library/StdDriver/src/crypto.c:2373:9
	b	.LBB34_18
.Ltmp565:
.LBB34_18:                              @   in Loop: Header=BB34_16 Depth=1
	.loc	1 2370 29                       @ ../../../../../Library/StdDriver/src/crypto.c:2370:29
	ldr	r0, [sp, #52]
	adds	r0, r0, #1
	str	r0, [sp, #52]
	.loc	1 2370 9 is_stmt 0              @ ../../../../../Library/StdDriver/src/crypto.c:2370:9
	b	.LBB34_16
.Ltmp566:
.LBB34_19:
	.loc	1 2375 23 is_stmt 1             @ ../../../../../Library/StdDriver/src/crypto.c:2375:23
	ldr	r0, [sp, #356]
	movw	r1, #2560
	.loc	1 2375 9 is_stmt 0              @ ../../../../../Library/StdDriver/src/crypto.c:2375:9
	bl	run_ecc_codec
	movs	r0, #0
.Ltmp567:
	.loc	1 2378 15 is_stmt 1             @ ../../../../../Library/StdDriver/src/crypto.c:2378:15
	str	r0, [sp, #52]
	.loc	1 2378 13 is_stmt 0             @ ../../../../../Library/StdDriver/src/crypto.c:2378:13
	b	.LBB34_20
.LBB34_20:                              @ =>This Inner Loop Header: Depth=1
.Ltmp568:
	.loc	1 2378 20                       @ ../../../../../Library/StdDriver/src/crypto.c:2378:20
	ldr	r0, [sp, #52]
.Ltmp569:
	.loc	1 2378 9                        @ ../../../../../Library/StdDriver/src/crypto.c:2378:9
	cmp	r0, #17
	bgt	.LBB34_23
	b	.LBB34_21
.LBB34_21:                              @   in Loop: Header=BB34_20 Depth=1
.Ltmp570:
	.loc	1 2380 31 is_stmt 1             @ ../../../../../Library/StdDriver/src/crypto.c:2380:31
	ldr	r0, [sp, #356]
	.loc	1 2380 44 is_stmt 0             @ ../../../../../Library/StdDriver/src/crypto.c:2380:44
	ldr	r1, [sp, #52]
	.loc	1 2380 31                       @ ../../../../../Library/StdDriver/src/crypto.c:2380:31
	lsls	r1, r1, #2
	.loc	1 2380 37                       @ ../../../../../Library/StdDriver/src/crypto.c:2380:37
	adds	r0, r0, r1
	ldr	r1, __arm_cp.34_3
	.loc	1 2380 31                       @ ../../../../../Library/StdDriver/src/crypto.c:2380:31
	ldr	r0, [r0, r1]
	.loc	1 2380 26                       @ ../../../../../Library/StdDriver/src/crypto.c:2380:26
	ldr	r1, [sp, #52]
	.loc	1 2380 13                       @ ../../../../../Library/StdDriver/src/crypto.c:2380:13
	lsls	r2, r1, #2
	add	r1, sp, #200
	.loc	1 2380 29                       @ ../../../../../Library/StdDriver/src/crypto.c:2380:29
	str	r0, [r1, r2]
	.loc	1 2381 9 is_stmt 1              @ ../../../../../Library/StdDriver/src/crypto.c:2381:9
	b	.LBB34_22
.Ltmp571:
.LBB34_22:                              @   in Loop: Header=BB34_20 Depth=1
	.loc	1 2378 29                       @ ../../../../../Library/StdDriver/src/crypto.c:2378:29
	ldr	r0, [sp, #52]
	adds	r0, r0, #1
	str	r0, [sp, #52]
	.loc	1 2378 9 is_stmt 0              @ ../../../../../Library/StdDriver/src/crypto.c:2378:9
	b	.LBB34_20
.Ltmp572:
.LBB34_23:
	.loc	1 2425 24 is_stmt 1             @ ../../../../../Library/StdDriver/src/crypto.c:2425:24
	ldr	r0, [sp, #356]
	.loc	1 2425 30 is_stmt 0             @ ../../../../../Library/StdDriver/src/crypto.c:2425:30
	ldr	r1, [sp, #352]
	.loc	1 2425 9                        @ ../../../../../Library/StdDriver/src/crypto.c:2425:9
	bl	ecc_init_curve
	movs	r0, #0
.Ltmp573:
	.loc	1 2428 15 is_stmt 1             @ ../../../../../Library/StdDriver/src/crypto.c:2428:15
	str	r0, [sp, #52]
	.loc	1 2428 13 is_stmt 0             @ ../../../../../Library/StdDriver/src/crypto.c:2428:13
	b	.LBB34_24
.LBB34_24:                              @ =>This Inner Loop Header: Depth=1
.Ltmp574:
	.loc	1 2428 20                       @ ../../../../../Library/StdDriver/src/crypto.c:2428:20
	ldr	r0, [sp, #52]
.Ltmp575:
	.loc	1 2428 9                        @ ../../../../../Library/StdDriver/src/crypto.c:2428:9
	cmp	r0, #17
	bgt	.LBB34_27
	b	.LBB34_25
.LBB34_25:                              @   in Loop: Header=BB34_24 Depth=1
.Ltmp576:
	.loc	1 2430 43 is_stmt 1             @ ../../../../../Library/StdDriver/src/crypto.c:2430:43
	ldr	r0, [sp, #52]
	.loc	1 2430 30 is_stmt 0             @ ../../../../../Library/StdDriver/src/crypto.c:2430:30
	lsls	r2, r0, #2
	add	r0, sp, #272
	ldr	r0, [r0, r2]
	.loc	1 2430 13                       @ ../../../../../Library/StdDriver/src/crypto.c:2430:13
	ldr	r1, [sp, #356]
	.loc	1 2430 19                       @ ../../../../../Library/StdDriver/src/crypto.c:2430:19
	adds	r1, r1, r2
	movw	r2, #2560
	.loc	1 2430 28                       @ ../../../../../Library/StdDriver/src/crypto.c:2430:28
	str	r0, [r1, r2]
	.loc	1 2431 9 is_stmt 1              @ ../../../../../Library/StdDriver/src/crypto.c:2431:9
	b	.LBB34_26
.Ltmp577:
.LBB34_26:                              @   in Loop: Header=BB34_24 Depth=1
	.loc	1 2428 29                       @ ../../../../../Library/StdDriver/src/crypto.c:2428:29
	ldr	r0, [sp, #52]
	adds	r0, r0, #1
	str	r0, [sp, #52]
	.loc	1 2428 9 is_stmt 0              @ ../../../../../Library/StdDriver/src/crypto.c:2428:9
	b	.LBB34_24
.Ltmp578:
.LBB34_27:
	.loc	1 2433 23 is_stmt 1             @ ../../../../../Library/StdDriver/src/crypto.c:2433:23
	ldr	r0, [sp, #356]
	movs	r1, #0
	.loc	1 2433 9 is_stmt 0              @ ../../../../../Library/StdDriver/src/crypto.c:2433:9
	str	r1, [sp, #12]                   @ 4-byte Spill
	bl	run_ecc_codec
                                        @ kill: def $r1 killed $r0
.Ltmp579:
	.loc	1 2436 15 is_stmt 1             @ ../../../../../Library/StdDriver/src/crypto.c:2436:15
	ldr	r0, [sp, #12]                   @ 4-byte Reload
	str	r0, [sp, #52]
	.loc	1 2436 13 is_stmt 0             @ ../../../../../Library/StdDriver/src/crypto.c:2436:13
	b	.LBB34_28
.LBB34_28:                              @ =>This Inner Loop Header: Depth=1
.Ltmp580:
	.loc	1 2436 20                       @ ../../../../../Library/StdDriver/src/crypto.c:2436:20
	ldr	r0, [sp, #52]
.Ltmp581:
	.loc	1 2436 9                        @ ../../../../../Library/StdDriver/src/crypto.c:2436:9
	cmp	r0, #17
	bgt	.LBB34_31
	b	.LBB34_29
.LBB34_29:                              @   in Loop: Header=BB34_28 Depth=1
.Ltmp582:
	.loc	1 2438 25 is_stmt 1             @ ../../../../../Library/StdDriver/src/crypto.c:2438:25
	ldr	r0, [sp, #356]
	.loc	1 2438 38 is_stmt 0             @ ../../../../../Library/StdDriver/src/crypto.c:2438:38
	ldr	r1, [sp, #52]
	.loc	1 2438 25                       @ ../../../../../Library/StdDriver/src/crypto.c:2438:25
	lsls	r1, r1, #2
	.loc	1 2438 31                       @ ../../../../../Library/StdDriver/src/crypto.c:2438:31
	adds	r0, r0, r1
	ldr	r1, __arm_cp.34_3
	.loc	1 2438 25                       @ ../../../../../Library/StdDriver/src/crypto.c:2438:25
	ldr	r0, [r0, r1]
	.loc	1 2438 20                       @ ../../../../../Library/StdDriver/src/crypto.c:2438:20
	ldr	r1, [sp, #52]
	.loc	1 2438 13                       @ ../../../../../Library/StdDriver/src/crypto.c:2438:13
	lsls	r2, r1, #2
	add	r1, sp, #128
	.loc	1 2438 23                       @ ../../../../../Library/StdDriver/src/crypto.c:2438:23
	str	r0, [r1, r2]
	.loc	1 2439 25 is_stmt 1             @ ../../../../../Library/StdDriver/src/crypto.c:2439:25
	ldr	r0, [sp, #356]
	.loc	1 2439 38 is_stmt 0             @ ../../../../../Library/StdDriver/src/crypto.c:2439:38
	ldr	r1, [sp, #52]
	.loc	1 2439 25                       @ ../../../../../Library/StdDriver/src/crypto.c:2439:25
	lsls	r1, r1, #2
	.loc	1 2439 31                       @ ../../../../../Library/StdDriver/src/crypto.c:2439:31
	adds	r0, r0, r1
	movw	r1, #2128
	.loc	1 2439 25                       @ ../../../../../Library/StdDriver/src/crypto.c:2439:25
	ldr	r0, [r0, r1]
	.loc	1 2439 20                       @ ../../../../../Library/StdDriver/src/crypto.c:2439:20
	ldr	r1, [sp, #52]
	.loc	1 2439 13                       @ ../../../../../Library/StdDriver/src/crypto.c:2439:13
	lsls	r2, r1, #2
	add	r1, sp, #56
	.loc	1 2439 23                       @ ../../../../../Library/StdDriver/src/crypto.c:2439:23
	str	r0, [r1, r2]
	.loc	1 2440 9 is_stmt 1              @ ../../../../../Library/StdDriver/src/crypto.c:2440:9
	b	.LBB34_30
.Ltmp583:
.LBB34_30:                              @   in Loop: Header=BB34_28 Depth=1
	.loc	1 2436 29                       @ ../../../../../Library/StdDriver/src/crypto.c:2436:29
	ldr	r0, [sp, #52]
	adds	r0, r0, #1
	str	r0, [sp, #52]
	.loc	1 2436 9 is_stmt 0              @ ../../../../../Library/StdDriver/src/crypto.c:2436:9
	b	.LBB34_28
.Ltmp584:
.LBB34_31:
	.loc	1 2450 24 is_stmt 1             @ ../../../../../Library/StdDriver/src/crypto.c:2450:24
	ldr	r0, [sp, #356]
	.loc	1 2450 30 is_stmt 0             @ ../../../../../Library/StdDriver/src/crypto.c:2450:30
	ldr	r1, [sp, #352]
	.loc	1 2450 9                        @ ../../../../../Library/StdDriver/src/crypto.c:2450:9
	bl	ecc_init_curve
	.loc	1 2453 19 is_stmt 1             @ ../../../../../Library/StdDriver/src/crypto.c:2453:19
	ldr	r0, [sp, #356]
	ldr	r1, __arm_cp.34_3
	.loc	1 2453 25 is_stmt 0             @ ../../../../../Library/StdDriver/src/crypto.c:2453:25
	adds	r0, r0, r1
	.loc	1 2453 9                        @ ../../../../../Library/StdDriver/src/crypto.c:2453:9
	bl	clean_reg
	.loc	1 2454 19 is_stmt 1             @ ../../../../../Library/StdDriver/src/crypto.c:2454:19
	ldr	r0, [sp, #356]
	movw	r1, #2128
	.loc	1 2454 25 is_stmt 0             @ ../../../../../Library/StdDriver/src/crypto.c:2454:25
	adds	r0, r0, r1
	.loc	1 2454 9                        @ ../../../../../Library/StdDriver/src/crypto.c:2454:9
	bl	clean_reg
	.loc	1 2463 9 is_stmt 1              @ ../../../../../Library/StdDriver/src/crypto.c:2463:9
	ldr	r1, [sp, #356]
	movw	r2, #3904
	movs	r0, #0
	.loc	1 2463 25 is_stmt 0             @ ../../../../../Library/StdDriver/src/crypto.c:2463:25
	str	r0, [r1, r2]
	.loc	1 2465 37 is_stmt 1             @ ../../../../../Library/StdDriver/src/crypto.c:2465:37
	ldr	r1, [sp, #344]
	.loc	1 2465 45 is_stmt 0             @ ../../../../../Library/StdDriver/src/crypto.c:2465:45
	lsls	r1, r1, #6
	.loc	1 2465 87                       @ ../../../../../Library/StdDriver/src/crypto.c:2465:87
	ldr	r2, [sp, #368]
	.loc	1 2464 51 is_stmt 1             @ ../../../../../Library/StdDriver/src/crypto.c:2464:51
	orrs	r1, r2
	.loc	1 2466 37                       @ ../../../../../Library/StdDriver/src/crypto.c:2466:37
	ldr	r2, [sp, #372]
	.loc	1 2466 45 is_stmt 0             @ ../../../../../Library/StdDriver/src/crypto.c:2466:45
	lsls	r2, r2, #14
	.loc	1 2465 74 is_stmt 1             @ ../../../../../Library/StdDriver/src/crypto.c:2465:74
	orrs	r1, r2
	.loc	1 2466 87                       @ ../../../../../Library/StdDriver/src/crypto.c:2466:87
	ldr	r2, [sp, #376]
	.loc	1 2466 101 is_stmt 0            @ ../../../../../Library/StdDriver/src/crypto.c:2466:101
	lsls	r2, r2, #8
	.loc	1 2465 128 is_stmt 1            @ ../../../../../Library/StdDriver/src/crypto.c:2465:128
	orrs	r1, r2
	movs	r2, #32
	.loc	1 2466 74                       @ ../../../../../Library/StdDriver/src/crypto.c:2466:74
	orrs	r1, r2
	.loc	1 2464 9                        @ ../../../../../Library/StdDriver/src/crypto.c:2464:9
	ldr	r2, [sp, #356]
	ldr	r3, __arm_cp.34_0
	.loc	1 2464 24 is_stmt 0             @ ../../../../../Library/StdDriver/src/crypto.c:2464:24
	str	r1, [r2, r3]
.Ltmp585:
	.loc	1 2471 15 is_stmt 1             @ ../../../../../Library/StdDriver/src/crypto.c:2471:15
	str	r0, [sp, #52]
	.loc	1 2471 13 is_stmt 0             @ ../../../../../Library/StdDriver/src/crypto.c:2471:13
	b	.LBB34_32
.LBB34_32:                              @ =>This Inner Loop Header: Depth=1
.Ltmp586:
	.loc	1 2471 20                       @ ../../../../../Library/StdDriver/src/crypto.c:2471:20
	ldr	r0, [sp, #52]
.Ltmp587:
	.loc	1 2471 9                        @ ../../../../../Library/StdDriver/src/crypto.c:2471:9
	cmp	r0, #17
	bgt	.LBB34_35
	b	.LBB34_33
.LBB34_33:                              @   in Loop: Header=BB34_32 Depth=1
.Ltmp588:
	.loc	1 2473 43 is_stmt 1             @ ../../../../../Library/StdDriver/src/crypto.c:2473:43
	ldr	r0, [sp, #52]
	.loc	1 2473 30 is_stmt 0             @ ../../../../../Library/StdDriver/src/crypto.c:2473:30
	lsls	r2, r0, #2
	add	r0, sp, #200
	ldr	r0, [r0, r2]
	.loc	1 2473 13                       @ ../../../../../Library/StdDriver/src/crypto.c:2473:13
	ldr	r1, [sp, #356]
	.loc	1 2473 19                       @ ../../../../../Library/StdDriver/src/crypto.c:2473:19
	adds	r1, r1, r2
	movw	r2, #2560
	.loc	1 2473 28                       @ ../../../../../Library/StdDriver/src/crypto.c:2473:28
	str	r0, [r1, r2]
	.loc	1 2474 9 is_stmt 1              @ ../../../../../Library/StdDriver/src/crypto.c:2474:9
	b	.LBB34_34
.Ltmp589:
.LBB34_34:                              @   in Loop: Header=BB34_32 Depth=1
	.loc	1 2471 29                       @ ../../../../../Library/StdDriver/src/crypto.c:2471:29
	ldr	r0, [sp, #52]
	adds	r0, r0, #1
	str	r0, [sp, #52]
	.loc	1 2471 9 is_stmt 0              @ ../../../../../Library/StdDriver/src/crypto.c:2471:9
	b	.LBB34_32
.Ltmp590:
.LBB34_35:
	.loc	1 2476 23 is_stmt 1             @ ../../../../../Library/StdDriver/src/crypto.c:2476:23
	ldr	r0, [sp, #356]
	movs	r1, #0
	.loc	1 2476 9 is_stmt 0              @ ../../../../../Library/StdDriver/src/crypto.c:2476:9
	str	r1, [sp, #8]                    @ 4-byte Spill
	bl	run_ecc_codec
                                        @ kill: def $r1 killed $r0
.Ltmp591:
	.loc	1 2478 15 is_stmt 1             @ ../../../../../Library/StdDriver/src/crypto.c:2478:15
	ldr	r0, [sp, #8]                    @ 4-byte Reload
	str	r0, [sp, #52]
	.loc	1 2478 13 is_stmt 0             @ ../../../../../Library/StdDriver/src/crypto.c:2478:13
	b	.LBB34_36
.LBB34_36:                              @ =>This Inner Loop Header: Depth=1
.Ltmp592:
	.loc	1 2478 20                       @ ../../../../../Library/StdDriver/src/crypto.c:2478:20
	ldr	r0, [sp, #52]
.Ltmp593:
	.loc	1 2478 9                        @ ../../../../../Library/StdDriver/src/crypto.c:2478:9
	cmp	r0, #17
	bgt	.LBB34_39
	b	.LBB34_37
.LBB34_37:                              @   in Loop: Header=BB34_36 Depth=1
.Ltmp594:
	.loc	1 2480 31 is_stmt 1             @ ../../../../../Library/StdDriver/src/crypto.c:2480:31
	ldr	r0, [sp, #356]
	.loc	1 2480 44 is_stmt 0             @ ../../../../../Library/StdDriver/src/crypto.c:2480:44
	ldr	r1, [sp, #52]
	.loc	1 2480 31                       @ ../../../../../Library/StdDriver/src/crypto.c:2480:31
	lsls	r1, r1, #2
	.loc	1 2480 37                       @ ../../../../../Library/StdDriver/src/crypto.c:2480:37
	adds	r0, r0, r1
	ldr	r1, __arm_cp.34_3
	.loc	1 2480 31                       @ ../../../../../Library/StdDriver/src/crypto.c:2480:31
	ldr	r0, [r0, r1]
	.loc	1 2480 26                       @ ../../../../../Library/StdDriver/src/crypto.c:2480:26
	ldr	r1, [sp, #52]
	.loc	1 2480 13                       @ ../../../../../Library/StdDriver/src/crypto.c:2480:13
	lsls	r2, r1, #2
	add	r1, sp, #272
	.loc	1 2480 29                       @ ../../../../../Library/StdDriver/src/crypto.c:2480:29
	str	r0, [r1, r2]
	.loc	1 2481 31 is_stmt 1             @ ../../../../../Library/StdDriver/src/crypto.c:2481:31
	ldr	r0, [sp, #356]
	.loc	1 2481 44 is_stmt 0             @ ../../../../../Library/StdDriver/src/crypto.c:2481:44
	ldr	r1, [sp, #52]
	.loc	1 2481 31                       @ ../../../../../Library/StdDriver/src/crypto.c:2481:31
	lsls	r1, r1, #2
	.loc	1 2481 37                       @ ../../../../../Library/StdDriver/src/crypto.c:2481:37
	adds	r0, r0, r1
	movw	r1, #2128
	.loc	1 2481 31                       @ ../../../../../Library/StdDriver/src/crypto.c:2481:31
	ldr	r0, [r0, r1]
	.loc	1 2481 26                       @ ../../../../../Library/StdDriver/src/crypto.c:2481:26
	ldr	r1, [sp, #52]
	.loc	1 2481 13                       @ ../../../../../Library/StdDriver/src/crypto.c:2481:13
	lsls	r2, r1, #2
	add	r1, sp, #200
	.loc	1 2481 29                       @ ../../../../../Library/StdDriver/src/crypto.c:2481:29
	str	r0, [r1, r2]
	.loc	1 2482 9 is_stmt 1              @ ../../../../../Library/StdDriver/src/crypto.c:2482:9
	b	.LBB34_38
.Ltmp595:
.LBB34_38:                              @   in Loop: Header=BB34_36 Depth=1
	.loc	1 2478 29                       @ ../../../../../Library/StdDriver/src/crypto.c:2478:29
	ldr	r0, [sp, #52]
	adds	r0, r0, #1
	str	r0, [sp, #52]
	.loc	1 2478 9 is_stmt 0              @ ../../../../../Library/StdDriver/src/crypto.c:2478:9
	b	.LBB34_36
.Ltmp596:
.LBB34_39:
	.loc	1 2492 24 is_stmt 1             @ ../../../../../Library/StdDriver/src/crypto.c:2492:24
	ldr	r0, [sp, #356]
	.loc	1 2492 30 is_stmt 0             @ ../../../../../Library/StdDriver/src/crypto.c:2492:30
	ldr	r1, [sp, #352]
	.loc	1 2492 9                        @ ../../../../../Library/StdDriver/src/crypto.c:2492:9
	bl	ecc_init_curve
	movs	r0, #0
.Ltmp597:
	.loc	1 2495 15 is_stmt 1             @ ../../../../../Library/StdDriver/src/crypto.c:2495:15
	str	r0, [sp, #52]
	.loc	1 2495 13 is_stmt 0             @ ../../../../../Library/StdDriver/src/crypto.c:2495:13
	b	.LBB34_40
.LBB34_40:                              @ =>This Inner Loop Header: Depth=1
.Ltmp598:
	.loc	1 2495 20                       @ ../../../../../Library/StdDriver/src/crypto.c:2495:20
	ldr	r0, [sp, #52]
.Ltmp599:
	.loc	1 2495 9                        @ ../../../../../Library/StdDriver/src/crypto.c:2495:9
	cmp	r0, #17
	bgt	.LBB34_43
	b	.LBB34_41
.LBB34_41:                              @   in Loop: Header=BB34_40 Depth=1
.Ltmp600:
	.loc	1 2497 44 is_stmt 1             @ ../../../../../Library/StdDriver/src/crypto.c:2497:44
	ldr	r0, [sp, #52]
	.loc	1 2497 31 is_stmt 0             @ ../../../../../Library/StdDriver/src/crypto.c:2497:31
	lsls	r2, r0, #2
	add	r0, sp, #272
	ldr	r0, [r0, r2]
	.loc	1 2497 13                       @ ../../../../../Library/StdDriver/src/crypto.c:2497:13
	ldr	r1, [sp, #356]
	.loc	1 2497 19                       @ ../../../../../Library/StdDriver/src/crypto.c:2497:19
	adds	r1, r1, r2
	ldr	r2, __arm_cp.34_3
	.loc	1 2497 29                       @ ../../../../../Library/StdDriver/src/crypto.c:2497:29
	str	r0, [r1, r2]
	.loc	1 2498 44 is_stmt 1             @ ../../../../../Library/StdDriver/src/crypto.c:2498:44
	ldr	r0, [sp, #52]
	.loc	1 2498 31 is_stmt 0             @ ../../../../../Library/StdDriver/src/crypto.c:2498:31
	lsls	r2, r0, #2
	add	r0, sp, #200
	ldr	r0, [r0, r2]
	.loc	1 2498 13                       @ ../../../../../Library/StdDriver/src/crypto.c:2498:13
	ldr	r1, [sp, #356]
	.loc	1 2498 19                       @ ../../../../../Library/StdDriver/src/crypto.c:2498:19
	adds	r1, r1, r2
	movw	r2, #2128
	.loc	1 2498 29                       @ ../../../../../Library/StdDriver/src/crypto.c:2498:29
	str	r0, [r1, r2]
	.loc	1 2499 9 is_stmt 1              @ ../../../../../Library/StdDriver/src/crypto.c:2499:9
	b	.LBB34_42
.Ltmp601:
.LBB34_42:                              @   in Loop: Header=BB34_40 Depth=1
	.loc	1 2495 29                       @ ../../../../../Library/StdDriver/src/crypto.c:2495:29
	ldr	r0, [sp, #52]
	adds	r0, r0, #1
	str	r0, [sp, #52]
	.loc	1 2495 9 is_stmt 0              @ ../../../../../Library/StdDriver/src/crypto.c:2495:9
	b	.LBB34_40
.Ltmp602:
.LBB34_43:
	.loc	1 0 9                           @ ../../../../../Library/StdDriver/src/crypto.c:0:9
	movs	r0, #0
.Ltmp603:
	.loc	1 2502 15 is_stmt 1             @ ../../../../../Library/StdDriver/src/crypto.c:2502:15
	str	r0, [sp, #52]
	.loc	1 2502 13 is_stmt 0             @ ../../../../../Library/StdDriver/src/crypto.c:2502:13
	b	.LBB34_44
.LBB34_44:                              @ =>This Inner Loop Header: Depth=1
.Ltmp604:
	.loc	1 2502 20                       @ ../../../../../Library/StdDriver/src/crypto.c:2502:20
	ldr	r0, [sp, #52]
.Ltmp605:
	.loc	1 2502 9                        @ ../../../../../Library/StdDriver/src/crypto.c:2502:9
	cmp	r0, #17
	bgt	.LBB34_47
	b	.LBB34_45
.LBB34_45:                              @   in Loop: Header=BB34_44 Depth=1
.Ltmp606:
	.loc	1 2504 38 is_stmt 1             @ ../../../../../Library/StdDriver/src/crypto.c:2504:38
	ldr	r0, [sp, #52]
	.loc	1 2504 31 is_stmt 0             @ ../../../../../Library/StdDriver/src/crypto.c:2504:31
	lsls	r2, r0, #2
	add	r0, sp, #128
	ldr	r0, [r0, r2]
	.loc	1 2504 13                       @ ../../../../../Library/StdDriver/src/crypto.c:2504:13
	ldr	r1, [sp, #356]
	.loc	1 2504 19                       @ ../../../../../Library/StdDriver/src/crypto.c:2504:19
	adds	r1, r1, r2
	ldr	r2, __arm_cp.34_5
	.loc	1 2504 29                       @ ../../../../../Library/StdDriver/src/crypto.c:2504:29
	str	r0, [r1, r2]
	.loc	1 2505 38 is_stmt 1             @ ../../../../../Library/StdDriver/src/crypto.c:2505:38
	ldr	r0, [sp, #52]
	.loc	1 2505 31 is_stmt 0             @ ../../../../../Library/StdDriver/src/crypto.c:2505:31
	lsls	r2, r0, #2
	add	r0, sp, #56
	ldr	r0, [r0, r2]
	.loc	1 2505 13                       @ ../../../../../Library/StdDriver/src/crypto.c:2505:13
	ldr	r1, [sp, #356]
	.loc	1 2505 19                       @ ../../../../../Library/StdDriver/src/crypto.c:2505:19
	adds	r1, r1, r2
	movw	r2, #2272
	.loc	1 2505 29                       @ ../../../../../Library/StdDriver/src/crypto.c:2505:29
	str	r0, [r1, r2]
	.loc	1 2506 9 is_stmt 1              @ ../../../../../Library/StdDriver/src/crypto.c:2506:9
	b	.LBB34_46
.Ltmp607:
.LBB34_46:                              @   in Loop: Header=BB34_44 Depth=1
	.loc	1 2502 29                       @ ../../../../../Library/StdDriver/src/crypto.c:2502:29
	ldr	r0, [sp, #52]
	adds	r0, r0, #1
	str	r0, [sp, #52]
	.loc	1 2502 9 is_stmt 0              @ ../../../../../Library/StdDriver/src/crypto.c:2502:9
	b	.LBB34_44
.Ltmp608:
.LBB34_47:
	.loc	1 2508 23 is_stmt 1             @ ../../../../../Library/StdDriver/src/crypto.c:2508:23
	ldr	r0, [sp, #356]
	movw	r1, #1024
	.loc	1 2508 9 is_stmt 0              @ ../../../../../Library/StdDriver/src/crypto.c:2508:9
	bl	run_ecc_codec
	movs	r0, #0
.Ltmp609:
	.loc	1 2511 15 is_stmt 1             @ ../../../../../Library/StdDriver/src/crypto.c:2511:15
	str	r0, [sp, #52]
	.loc	1 2511 13 is_stmt 0             @ ../../../../../Library/StdDriver/src/crypto.c:2511:13
	b	.LBB34_48
.LBB34_48:                              @ =>This Inner Loop Header: Depth=1
.Ltmp610:
	.loc	1 2511 20                       @ ../../../../../Library/StdDriver/src/crypto.c:2511:20
	ldr	r0, [sp, #52]
.Ltmp611:
	.loc	1 2511 9                        @ ../../../../../Library/StdDriver/src/crypto.c:2511:9
	cmp	r0, #17
	bgt	.LBB34_51
	b	.LBB34_49
.LBB34_49:                              @   in Loop: Header=BB34_48 Depth=1
.Ltmp612:
	.loc	1 2513 25 is_stmt 1             @ ../../../../../Library/StdDriver/src/crypto.c:2513:25
	ldr	r0, [sp, #356]
	.loc	1 2513 38 is_stmt 0             @ ../../../../../Library/StdDriver/src/crypto.c:2513:38
	ldr	r1, [sp, #52]
	.loc	1 2513 25                       @ ../../../../../Library/StdDriver/src/crypto.c:2513:25
	lsls	r1, r1, #2
	.loc	1 2513 31                       @ ../../../../../Library/StdDriver/src/crypto.c:2513:31
	adds	r0, r0, r1
	ldr	r1, __arm_cp.34_3
	.loc	1 2513 25                       @ ../../../../../Library/StdDriver/src/crypto.c:2513:25
	ldr	r0, [r0, r1]
	.loc	1 2513 20                       @ ../../../../../Library/StdDriver/src/crypto.c:2513:20
	ldr	r1, [sp, #52]
	.loc	1 2513 13                       @ ../../../../../Library/StdDriver/src/crypto.c:2513:13
	lsls	r2, r1, #2
	add	r1, sp, #128
	.loc	1 2513 23                       @ ../../../../../Library/StdDriver/src/crypto.c:2513:23
	str	r0, [r1, r2]
	.loc	1 2514 25 is_stmt 1             @ ../../../../../Library/StdDriver/src/crypto.c:2514:25
	ldr	r0, [sp, #356]
	.loc	1 2514 38 is_stmt 0             @ ../../../../../Library/StdDriver/src/crypto.c:2514:38
	ldr	r1, [sp, #52]
	.loc	1 2514 25                       @ ../../../../../Library/StdDriver/src/crypto.c:2514:25
	lsls	r1, r1, #2
	.loc	1 2514 31                       @ ../../../../../Library/StdDriver/src/crypto.c:2514:31
	adds	r0, r0, r1
	movw	r1, #2128
	.loc	1 2514 25                       @ ../../../../../Library/StdDriver/src/crypto.c:2514:25
	ldr	r0, [r0, r1]
	.loc	1 2514 20                       @ ../../../../../Library/StdDriver/src/crypto.c:2514:20
	ldr	r1, [sp, #52]
	.loc	1 2514 13                       @ ../../../../../Library/StdDriver/src/crypto.c:2514:13
	lsls	r2, r1, #2
	add	r1, sp, #56
	.loc	1 2514 23                       @ ../../../../../Library/StdDriver/src/crypto.c:2514:23
	str	r0, [r1, r2]
	.loc	1 2515 9 is_stmt 1              @ ../../../../../Library/StdDriver/src/crypto.c:2515:9
	b	.LBB34_50
.Ltmp613:
.LBB34_50:                              @   in Loop: Header=BB34_48 Depth=1
	.loc	1 2511 29                       @ ../../../../../Library/StdDriver/src/crypto.c:2511:29
	ldr	r0, [sp, #52]
	adds	r0, r0, #1
	str	r0, [sp, #52]
	.loc	1 2511 9 is_stmt 0              @ ../../../../../Library/StdDriver/src/crypto.c:2511:9
	b	.LBB34_48
.Ltmp614:
.LBB34_51:
	.loc	1 2525 19 is_stmt 1             @ ../../../../../Library/StdDriver/src/crypto.c:2525:19
	ldr	r0, [sp, #356]
	ldr	r1, __arm_cp.34_1
	.loc	1 2525 25 is_stmt 0             @ ../../../../../Library/StdDriver/src/crypto.c:2525:25
	str	r1, [sp, #4]                    @ 4-byte Spill
	adds	r0, r0, r1
	.loc	1 2525 9                        @ ../../../../../Library/StdDriver/src/crypto.c:2525:9
	bl	clean_reg
	ldr	r2, [sp, #4]                    @ 4-byte Reload
	.loc	1 2526 17 is_stmt 1             @ ../../../../../Library/StdDriver/src/crypto.c:2526:17
	ldr	r0, __arm_cp.34_2
	ldr	r0, [r0]
	movw	r1, #768
	.loc	1 2526 25 is_stmt 0             @ ../../../../../Library/StdDriver/src/crypto.c:2526:25
	adds	r0, r0, r1
	.loc	1 2526 33                       @ ../../../../../Library/StdDriver/src/crypto.c:2526:33
	ldr	r1, [sp, #356]
	.loc	1 2526 39                       @ ../../../../../Library/StdDriver/src/crypto.c:2526:39
	adds	r1, r1, r2
	.loc	1 2526 9                        @ ../../../../../Library/StdDriver/src/crypto.c:2526:9
	bl	Hex2Reg
	movs	r0, #0
.Ltmp615:
	.loc	1 2532 15 is_stmt 1             @ ../../../../../Library/StdDriver/src/crypto.c:2532:15
	str	r0, [sp, #52]
	.loc	1 2532 13 is_stmt 0             @ ../../../../../Library/StdDriver/src/crypto.c:2532:13
	b	.LBB34_52
.LBB34_52:                              @ =>This Inner Loop Header: Depth=1
.Ltmp616:
	.loc	1 2532 20                       @ ../../../../../Library/StdDriver/src/crypto.c:2532:20
	ldr	r0, [sp, #52]
.Ltmp617:
	.loc	1 2532 9                        @ ../../../../../Library/StdDriver/src/crypto.c:2532:9
	cmp	r0, #17
	bgt	.LBB34_59
	b	.LBB34_57
	.p2align	2
@ %bb.53:
	.loc	1 0 9                           @ ../../../../../Library/StdDriver/src/crypto.c:0:9
.LCPI34_6:
	.long	3912                            @ 0xf48
	.p2align	2
@ %bb.54:
.LCPI34_7:
	.long	2488                            @ 0x9b8
	.p2align	2
@ %bb.55:
.LCPI34_8:
	.long	pCurve
	.p2align	2
@ %bb.56:
.LCPI34_9:
	.long	2056                            @ 0x808
	.p2align	1
.LBB34_57:                              @   in Loop: Header=BB34_52 Depth=1
.Ltmp618:
	.loc	1 2534 38 is_stmt 1             @ ../../../../../Library/StdDriver/src/crypto.c:2534:38
	ldr	r0, [sp, #52]
	.loc	1 2534 31 is_stmt 0             @ ../../../../../Library/StdDriver/src/crypto.c:2534:31
	lsls	r2, r0, #2
	add	r0, sp, #128
	ldr	r0, [r0, r2]
	.loc	1 2534 13                       @ ../../../../../Library/StdDriver/src/crypto.c:2534:13
	ldr	r1, [sp, #356]
	.loc	1 2534 19                       @ ../../../../../Library/StdDriver/src/crypto.c:2534:19
	adds	r1, r1, r2
	ldr	r2, __arm_cp.34_3
	.loc	1 2534 29                       @ ../../../../../Library/StdDriver/src/crypto.c:2534:29
	str	r0, [r1, r2]
	.loc	1 2535 13 is_stmt 1             @ ../../../../../Library/StdDriver/src/crypto.c:2535:13
	ldr	r0, [sp, #356]
	.loc	1 2535 26 is_stmt 0             @ ../../../../../Library/StdDriver/src/crypto.c:2535:26
	ldr	r1, [sp, #52]
	.loc	1 2535 13                       @ ../../../../../Library/StdDriver/src/crypto.c:2535:13
	lsls	r1, r1, #2
	.loc	1 2535 19                       @ ../../../../../Library/StdDriver/src/crypto.c:2535:19
	adds	r1, r0, r1
	movw	r2, #2128
	movs	r0, #0
	.loc	1 2535 29                       @ ../../../../../Library/StdDriver/src/crypto.c:2535:29
	str	r0, [r1, r2]
	.loc	1 2536 9 is_stmt 1              @ ../../../../../Library/StdDriver/src/crypto.c:2536:9
	b	.LBB34_58
.Ltmp619:
.LBB34_58:                              @   in Loop: Header=BB34_52 Depth=1
	.loc	1 2532 29                       @ ../../../../../Library/StdDriver/src/crypto.c:2532:29
	ldr	r0, [sp, #52]
	adds	r0, r0, #1
	str	r0, [sp, #52]
	.loc	1 2532 9 is_stmt 0              @ ../../../../../Library/StdDriver/src/crypto.c:2532:9
	b	.LBB34_52
.Ltmp620:
.LBB34_59:
	.loc	1 2545 23 is_stmt 1             @ ../../../../../Library/StdDriver/src/crypto.c:2545:23
	ldr	r0, [sp, #356]
	movw	r1, #4608
	.loc	1 2545 9 is_stmt 0              @ ../../../../../Library/StdDriver/src/crypto.c:2545:9
	bl	run_ecc_codec
	.loc	1 2548 17 is_stmt 1             @ ../../../../../Library/StdDriver/src/crypto.c:2548:17
	ldr	r0, __arm_cp.34_2
	ldr	r0, [r0]
	.loc	1 2548 25 is_stmt 0             @ ../../../../../Library/StdDriver/src/crypto.c:2548:25
	ldr	r0, [r0, #4]
	.loc	1 2548 32                       @ ../../../../../Library/StdDriver/src/crypto.c:2548:32
	ldr	r1, [sp, #356]
	ldr	r2, __arm_cp.34_3
	.loc	1 2548 38                       @ ../../../../../Library/StdDriver/src/crypto.c:2548:38
	adds	r1, r1, r2
	.loc	1 2548 9                        @ ../../../../../Library/StdDriver/src/crypto.c:2548:9
	ldr	r2, __arm_cp.34_4
	bl	Reg2Hex
	.loc	1 2549 9 is_stmt 1              @ ../../../../../Library/StdDriver/src/crypto.c:2549:9
	b	.LBB34_60
.LBB34_60:
.Ltmp621:
	.loc	1 2549 9 is_stmt 0              @ ../../../../../Library/StdDriver/src/crypto.c:2549:9
	b	.LBB34_61
.Ltmp622:
.LBB34_61:
	.loc	1 2554 37 is_stmt 1             @ ../../../../../Library/StdDriver/src/crypto.c:2554:37
	ldr	r1, [sp, #380]
	.loc	1 2554 12 is_stmt 0             @ ../../../../../Library/StdDriver/src/crypto.c:2554:12
	ldr	r0, __arm_cp.34_4
	bl	strcasecmp
.Ltmp623:
	.loc	1 2554 12                       @ ../../../../../Library/StdDriver/src/crypto.c:2554:12
	cbz	r0, .LBB34_67
	b	.LBB34_62
.LBB34_62:
.Ltmp624:
	.loc	1 2556 13 is_stmt 1             @ ../../../../../Library/StdDriver/src/crypto.c:2556:13
	b	.LBB34_63
.LBB34_63:
.Ltmp625:
	.loc	1 2556 13 is_stmt 0             @ ../../../../../Library/StdDriver/src/crypto.c:2556:13
	b	.LBB34_64
.Ltmp626:
.LBB34_64:
	.loc	1 2557 13 is_stmt 1             @ ../../../../../Library/StdDriver/src/crypto.c:2557:13
	b	.LBB34_65
.LBB34_65:
.Ltmp627:
	.loc	1 2557 13 is_stmt 0             @ ../../../../../Library/StdDriver/src/crypto.c:2557:13
	b	.LBB34_66
.Ltmp628:
.LBB34_66:
	.loc	1 0 13                          @ ../../../../../Library/StdDriver/src/crypto.c:0:13
	movs	r0, #1
	mvns	r0, r0
	.loc	1 2558 17 is_stmt 1             @ ../../../../../Library/StdDriver/src/crypto.c:2558:17
	str	r0, [sp, #48]
	.loc	1 2559 9                        @ ../../../../../Library/StdDriver/src/crypto.c:2559:9
	b	.LBB34_67
.Ltmp629:
.LBB34_67:
	.loc	1 2560 5                        @ ../../../../../Library/StdDriver/src/crypto.c:2560:5
	b	.LBB34_68
.Ltmp630:
.LBB34_68:
	.loc	1 2562 12                       @ ../../../../../Library/StdDriver/src/crypto.c:2562:12
	ldr	r0, [sp, #48]
	.loc	1 2562 5 is_stmt 0              @ ../../../../../Library/StdDriver/src/crypto.c:2562:5
	add	sp, #360
	pop	{r4, pc}
.Ltmp631:
	.p2align	2
@ %bb.69:
	.loc	1 0 5                           @ ../../../../../Library/StdDriver/src/crypto.c:0:5
__arm_cp.34_0:
	.long	3912                            @ 0xf48
.Lcpi_end68:
	.size	__arm_cp.34_0, .Lcpi_end68-__arm_cp.34_0
__arm_cp.34_1:
	.long	2488                            @ 0x9b8
.Lcpi_end69:
	.size	__arm_cp.34_1, .Lcpi_end69-__arm_cp.34_1
__arm_cp.34_2:
	.long	pCurve
.Lcpi_end70:
	.size	__arm_cp.34_2, .Lcpi_end70-__arm_cp.34_2
__arm_cp.34_3:
	.long	2056                            @ 0x808
.Lcpi_end71:
	.size	__arm_cp.34_3, .Lcpi_end71-__arm_cp.34_3
__arm_cp.34_4:
	.long	temp_hex_str
.Lcpi_end72:
	.size	__arm_cp.34_4, .Lcpi_end72-__arm_cp.34_4
__arm_cp.34_5:
	.long	2200                            @ 0x898
.Lcpi_end73:
	.size	__arm_cp.34_5, .Lcpi_end73-__arm_cp.34_5
.Lfunc_end34:
	.size	ECC_VerifySignature_KS, .Lfunc_end34-ECC_VerifySignature_KS
	.cfi_endproc
	.fnend
                                        @ -- End function
	.section	.text.ECC_Complete,"ax",%progbits
	.hidden	ECC_Complete                    @ -- Begin function ECC_Complete
	.globl	ECC_Complete
	.p2align	2
	.type	ECC_Complete,%function
	.code	16                              @ @ECC_Complete
	.thumb_func
ECC_Complete:
.Lfunc_begin35:
	.loc	1 2594 0 is_stmt 1              @ ../../../../../Library/StdDriver/src/crypto.c:2594:0
	.fnstart
	.cfi_startproc
@ %bb.0:
	.save	{r7, lr}
	push	{r7, lr}
	.cfi_def_cfa_offset 8
	.cfi_offset lr, -4
	.cfi_offset r7, -8
	.pad	#8
	sub	sp, #8
	.cfi_def_cfa_offset 16
	str	r0, [sp, #4]
.Ltmp632:
	.loc	1 2595 8 prologue_end           @ ../../../../../Library/StdDriver/src/crypto.c:2595:8
	ldr	r0, [sp, #4]
	.loc	1 2595 14 is_stmt 0             @ ../../../../../Library/StdDriver/src/crypto.c:2595:14
	ldr	r0, [r0, #4]
.Ltmp633:
	.loc	1 2595 8                        @ ../../../../../Library/StdDriver/src/crypto.c:2595:8
	lsls	r0, r0, #9
	cmp	r0, #0
	bpl	.LBB35_2
	b	.LBB35_1
.LBB35_1:
.Ltmp634:
	.loc	1 2597 20 is_stmt 1             @ ../../../../../Library/StdDriver/src/crypto.c:2597:20
	ldr	r1, __arm_cp.35_0
	movs	r0, #1
	str	r0, [r1]
	.loc	1 2598 9                        @ ../../../../../Library/StdDriver/src/crypto.c:2598:9
	ldr	r1, [sp, #4]
	lsls	r0, r0, #22
	.loc	1 2598 22 is_stmt 0             @ ../../../../../Library/StdDriver/src/crypto.c:2598:22
	str	r0, [r1, #4]
	.loc	1 2600 5 is_stmt 1              @ ../../../../../Library/StdDriver/src/crypto.c:2600:5
	b	.LBB35_2
.Ltmp635:
.LBB35_2:
	.loc	1 2602 8                        @ ../../../../../Library/StdDriver/src/crypto.c:2602:8
	ldr	r0, [sp, #4]
	.loc	1 2602 14 is_stmt 0             @ ../../../../../Library/StdDriver/src/crypto.c:2602:14
	ldr	r0, [r0, #4]
.Ltmp636:
	.loc	1 2602 8                        @ ../../../../../Library/StdDriver/src/crypto.c:2602:8
	lsls	r0, r0, #8
	cmp	r0, #0
	bpl	.LBB35_4
	b	.LBB35_3
.LBB35_3:
.Ltmp637:
	.loc	1 2604 23 is_stmt 1             @ ../../../../../Library/StdDriver/src/crypto.c:2604:23
	ldr	r1, __arm_cp.35_1
	movs	r0, #1
	str	r0, [r1]
	.loc	1 2605 9                        @ ../../../../../Library/StdDriver/src/crypto.c:2605:9
	ldr	r1, [sp, #4]
	lsls	r0, r0, #23
	.loc	1 2605 22 is_stmt 0             @ ../../../../../Library/StdDriver/src/crypto.c:2605:22
	str	r0, [r1, #4]
	.loc	1 2606 9 is_stmt 1              @ ../../../../../Library/StdDriver/src/crypto.c:2606:9
	ldr	r0, __arm_cp.35_2
	bl	printf
	.loc	1 2607 5                        @ ../../../../../Library/StdDriver/src/crypto.c:2607:5
	b	.LBB35_4
.Ltmp638:
.LBB35_4:
	.loc	1 2608 1                        @ ../../../../../Library/StdDriver/src/crypto.c:2608:1
	add	sp, #8
	pop	{r7, pc}
.Ltmp639:
	.p2align	2
@ %bb.5:
	.loc	1 0 1 is_stmt 0                 @ ../../../../../Library/StdDriver/src/crypto.c:0:1
__arm_cp.35_0:
	.long	g_ECC_done
.Lcpi_end74:
	.size	__arm_cp.35_0, .Lcpi_end74-__arm_cp.35_0
__arm_cp.35_1:
	.long	g_ECCERR_done
.Lcpi_end75:
	.size	__arm_cp.35_1, .Lcpi_end75-__arm_cp.35_1
__arm_cp.35_2:
	.long	.L.str.1
.Lcpi_end76:
	.size	__arm_cp.35_2, .Lcpi_end76-__arm_cp.35_2
.Lfunc_end35:
	.size	ECC_Complete, .Lfunc_end35-ECC_Complete
	.cfi_endproc
	.cantunwind
	.fnend
                                        @ -- End function
	.section	.text.ECC_GetCurve,"ax",%progbits
	.hidden	ECC_GetCurve                    @ -- Begin function ECC_GetCurve
	.globl	ECC_GetCurve
	.p2align	2
	.type	ECC_GetCurve,%function
	.code	16                              @ @ECC_GetCurve
	.thumb_func
ECC_GetCurve:
.Lfunc_begin36:
	.loc	1 2612 0 is_stmt 1              @ ../../../../../Library/StdDriver/src/crypto.c:2612:0
	.fnstart
	.cfi_startproc
@ %bb.0:
	.save	{r7, lr}
	push	{r7, lr}
	.cfi_def_cfa_offset 8
	.cfi_offset lr, -4
	.cfi_offset r7, -8
	.pad	#16
	sub	sp, #16
	.cfi_def_cfa_offset 24
	str	r0, [sp, #12]
	str	r1, [sp, #8]
	str	r2, [sp, #4]
.Ltmp640:
	.loc	1 2616 26 prologue_end          @ ../../../../../Library/StdDriver/src/crypto.c:2616:26
	ldr	r0, [sp, #12]
	.loc	1 2616 32 is_stmt 0             @ ../../../../../Library/StdDriver/src/crypto.c:2616:32
	ldr	r1, [sp, #8]
	.loc	1 2616 11                       @ ../../../../../Library/StdDriver/src/crypto.c:2616:11
	bl	ecc_init_curve
	.loc	1 2616 9                        @ ../../../../../Library/StdDriver/src/crypto.c:2616:9
	str	r0, [sp]
.Ltmp641:
	.loc	1 2617 8 is_stmt 1              @ ../../../../../Library/StdDriver/src/crypto.c:2617:8
	ldr	r0, [sp]
.Ltmp642:
	.loc	1 2617 8 is_stmt 0              @ ../../../../../Library/StdDriver/src/crypto.c:2617:8
	cbnz	r0, .LBB36_2
	b	.LBB36_1
.LBB36_1:
.Ltmp643:
	.loc	1 2620 16 is_stmt 1             @ ../../../../../Library/StdDriver/src/crypto.c:2620:16
	ldr	r0, [sp, #4]
	.loc	1 2620 23 is_stmt 0             @ ../../../../../Library/StdDriver/src/crypto.c:2620:23
	ldr	r1, __arm_cp.36_0
	ldr	r1, [r1]
	movw	r2, #964
	.loc	1 2620 9                        @ ../../../../../Library/StdDriver/src/crypto.c:2620:9
	bl	__aeabi_memcpy4
	.loc	1 2621 5 is_stmt 1              @ ../../../../../Library/StdDriver/src/crypto.c:2621:5
	b	.LBB36_2
.Ltmp644:
.LBB36_2:
	.loc	1 2623 12                       @ ../../../../../Library/StdDriver/src/crypto.c:2623:12
	ldr	r0, [sp]
	.loc	1 2623 5 is_stmt 0              @ ../../../../../Library/StdDriver/src/crypto.c:2623:5
	add	sp, #16
	pop	{r7, pc}
.Ltmp645:
	.p2align	2
@ %bb.3:
	.loc	1 0 5                           @ ../../../../../Library/StdDriver/src/crypto.c:0:5
__arm_cp.36_0:
	.long	pCurve
.Lcpi_end77:
	.size	__arm_cp.36_0, .Lcpi_end77-__arm_cp.36_0
.Lfunc_end36:
	.size	ECC_GetCurve, .Lfunc_end36-ECC_GetCurve
	.cfi_endproc
	.fnend
                                        @ -- End function
	.section	.text.RSA_Open,"ax",%progbits
	.hidden	RSA_Open                        @ -- Begin function RSA_Open
	.globl	RSA_Open
	.p2align	2
	.type	RSA_Open,%function
	.code	16                              @ @RSA_Open
	.thumb_func
RSA_Open:
.Lfunc_begin37:
	.loc	1 2733 0 is_stmt 1              @ ../../../../../Library/StdDriver/src/crypto.c:2733:0
	.fnstart
	.cfi_startproc
@ %bb.0:
	.save	{r4, lr}
	push	{r4, lr}
	.cfi_def_cfa_offset 8
	.cfi_offset lr, -4
	.cfi_offset r4, -8
	.pad	#24
	sub	sp, #24
	.cfi_def_cfa_offset 32
	ldr	r4, [sp, #36]
	ldr	r4, [sp, #32]
	str	r0, [sp, #16]
	str	r1, [sp, #12]
	str	r2, [sp, #8]
	str	r3, [sp, #4]
.Ltmp646:
	.loc	1 2734 8 prologue_end           @ ../../../../../Library/StdDriver/src/crypto.c:2734:8
	ldr	r0, [sp, #4]
.Ltmp647:
	.loc	1 2734 8 is_stmt 0              @ ../../../../../Library/StdDriver/src/crypto.c:2734:8
	cbnz	r0, .LBB37_2
	b	.LBB37_1
.LBB37_1:
	.loc	1 0 8                           @ ../../../../../Library/StdDriver/src/crypto.c:0:8
	movs	r0, #0
	mvns	r0, r0
.Ltmp648:
	.loc	1 2736 9 is_stmt 1              @ ../../../../../Library/StdDriver/src/crypto.c:2736:9
	str	r0, [sp, #20]
	b	.LBB37_5
.Ltmp649:
.LBB37_2:
	.loc	1 2738 27                       @ ../../../../../Library/StdDriver/src/crypto.c:2738:27
	ldr	r0, [sp, #12]
	.loc	1 2738 38 is_stmt 0             @ ../../../../../Library/StdDriver/src/crypto.c:2738:38
	ldr	r1, [sp, #32]
	.loc	1 2738 50                       @ ../../../../../Library/StdDriver/src/crypto.c:2738:50
	ldr	r2, [sp, #36]
	.loc	1 2738 8                        @ ../../../../../Library/StdDriver/src/crypto.c:2738:8
	bl	CheckRsaBufferSize
.Ltmp650:
	.loc	1 2738 8                        @ ../../../../../Library/StdDriver/src/crypto.c:2738:8
	cbz	r0, .LBB37_4
	b	.LBB37_3
.LBB37_3:
	.loc	1 0 8                           @ ../../../../../Library/StdDriver/src/crypto.c:0:8
	movs	r0, #0
	mvns	r0, r0
.Ltmp651:
	.loc	1 2740 9 is_stmt 1              @ ../../../../../Library/StdDriver/src/crypto.c:2740:9
	str	r0, [sp, #20]
	b	.LBB37_5
.Ltmp652:
.LBB37_4:
	.loc	1 2743 22                       @ ../../../../../Library/StdDriver/src/crypto.c:2743:22
	ldr	r0, [sp, #12]
	.loc	1 2743 20 is_stmt 0             @ ../../../../../Library/StdDriver/src/crypto.c:2743:20
	ldr	r1, __arm_cp.37_0
	str	r0, [r1]
	.loc	1 2744 17 is_stmt 1             @ ../../../../../Library/StdDriver/src/crypto.c:2744:17
	ldr	r0, [sp, #4]
	.loc	1 2744 15 is_stmt 0             @ ../../../../../Library/StdDriver/src/crypto.c:2744:15
	ldr	r1, __arm_cp.37_1
	str	r0, [r1]
	.loc	1 2745 22 is_stmt 1             @ ../../../../../Library/StdDriver/src/crypto.c:2745:22
	ldr	r0, [sp, #12]
	.loc	1 2745 36 is_stmt 0             @ ../../../../../Library/StdDriver/src/crypto.c:2745:36
	ldr	r1, [sp, #8]
	.loc	1 2745 47                       @ ../../../../../Library/StdDriver/src/crypto.c:2745:47
	lsls	r1, r1, #4
	.loc	1 2745 33                       @ ../../../../../Library/StdDriver/src/crypto.c:2745:33
	orrs	r0, r1
	.loc	1 2745 5                        @ ../../../../../Library/StdDriver/src/crypto.c:2745:5
	ldr	r1, [sp, #16]
	movw	r2, #2816
	.loc	1 2745 19                       @ ../../../../../Library/StdDriver/src/crypto.c:2745:19
	str	r0, [r1, r2]
	movs	r0, #0
	.loc	1 2747 5 is_stmt 1              @ ../../../../../Library/StdDriver/src/crypto.c:2747:5
	str	r0, [sp, #20]
	b	.LBB37_5
.LBB37_5:
	.loc	1 2748 1                        @ ../../../../../Library/StdDriver/src/crypto.c:2748:1
	ldr	r0, [sp, #20]
	add	sp, #24
	pop	{r4, pc}
.Ltmp653:
	.p2align	2
@ %bb.6:
	.loc	1 0 1 is_stmt 0                 @ ../../../../../Library/StdDriver/src/crypto.c:0:1
__arm_cp.37_0:
	.long	s_u32RsaOpMode
.Lcpi_end78:
	.size	__arm_cp.37_0, .Lcpi_end78-__arm_cp.37_0
__arm_cp.37_1:
	.long	s_pRSABuf
.Lcpi_end79:
	.size	__arm_cp.37_1, .Lcpi_end79-__arm_cp.37_1
.Lfunc_end37:
	.size	RSA_Open, .Lfunc_end37-RSA_Open
	.cfi_endproc
	.fnend
                                        @ -- End function
	.section	.text.CheckRsaBufferSize,"ax",%progbits
	.p2align	2                               @ -- Begin function CheckRsaBufferSize
	.type	CheckRsaBufferSize,%function
	.code	16                              @ @CheckRsaBufferSize
	.thumb_func
CheckRsaBufferSize:
.Lfunc_begin38:
	.loc	1 2655 0 is_stmt 1              @ ../../../../../Library/StdDriver/src/crypto.c:2655:0
	.fnstart
	.cfi_startproc
@ %bb.0:
	.save	{r4, r5, r7, lr}
	push	{r4, r5, r7, lr}
	.cfi_def_cfa_offset 16
	.cfi_offset lr, -4
	.cfi_offset r7, -8
	.cfi_offset r5, -12
	.cfi_offset r4, -16
	.pad	#48
	sub	sp, #48
	.cfi_def_cfa_offset 64
	str	r0, [sp, #40]
	str	r1, [sp, #36]
	str	r2, [sp, #32]
.Ltmp654:
	.loc	1 2657 14 prologue_end          @ ../../../../../Library/StdDriver/src/crypto.c:2657:14
	ldr	r1, __arm_cp.38_0
	add	r0, sp, #4
	ldm	r1!, {r2, r3, r4}
	stm	r0!, {r2, r3, r4}
	ldm	r1!, {r2, r3, r4, r5}
	stm	r0!, {r2, r3, r4, r5}
.Ltmp655:
	.loc	1 2662 8                        @ ../../../../../Library/StdDriver/src/crypto.c:2662:8
	ldr	r0, [sp, #32]
.Ltmp656:
	.loc	1 2662 8 is_stmt 0              @ ../../../../../Library/StdDriver/src/crypto.c:2662:8
	cbz	r0, .LBB38_4
	b	.LBB38_1
.LBB38_1:
.Ltmp657:
	.loc	1 2664 12 is_stmt 1             @ ../../../../../Library/StdDriver/src/crypto.c:2664:12
	ldr	r0, [sp, #36]
	.loc	1 2664 26 is_stmt 0             @ ../../../../../Library/StdDriver/src/crypto.c:2664:26
	ldr	r1, [sp, #28]
.Ltmp658:
	.loc	1 2664 12                       @ ../../../../../Library/StdDriver/src/crypto.c:2664:12
	cmp	r0, r1
	beq	.LBB38_3
	b	.LBB38_2
.LBB38_2:
	.loc	1 0 12                          @ ../../../../../Library/StdDriver/src/crypto.c:0:12
	movs	r0, #0
	mvns	r0, r0
.Ltmp659:
	.loc	1 2665 13 is_stmt 1             @ ../../../../../Library/StdDriver/src/crypto.c:2665:13
	str	r0, [sp, #44]
	b	.LBB38_31
.Ltmp660:
.LBB38_3:
	.loc	1 2666 5                        @ ../../../../../Library/StdDriver/src/crypto.c:2666:5
	b	.LBB38_30
.Ltmp661:
.LBB38_4:
	.loc	1 2669 16                       @ ../../../../../Library/StdDriver/src/crypto.c:2669:16
	ldr	r0, [sp, #40]
	.loc	1 2669 9 is_stmt 0              @ ../../../../../Library/StdDriver/src/crypto.c:2669:9
	str	r0, [sp]                        @ 4-byte Spill
	cbz	r0, .LBB38_10
	b	.LBB38_5
.LBB38_5:
	ldr	r0, [sp]                        @ 4-byte Reload
	cmp	r0, #4
	beq	.LBB38_13
	b	.LBB38_6
.LBB38_6:
	ldr	r0, [sp]                        @ 4-byte Reload
	cmp	r0, #12
	beq	.LBB38_16
	b	.LBB38_7
.LBB38_7:
	.loc	1 0 9                           @ ../../../../../Library/StdDriver/src/crypto.c:0:9
	ldr	r0, [sp]                        @ 4-byte Reload
	movw	r1, #256
	.loc	1 2669 9                        @ ../../../../../Library/StdDriver/src/crypto.c:2669:9
	cmp	r0, r1
	beq	.LBB38_19
	b	.LBB38_8
.LBB38_8:
	.loc	1 0 9                           @ ../../../../../Library/StdDriver/src/crypto.c:0:9
	ldr	r0, [sp]                        @ 4-byte Reload
	movw	r1, #260
	.loc	1 2669 9                        @ ../../../../../Library/StdDriver/src/crypto.c:2669:9
	cmp	r0, r1
	beq	.LBB38_22
	b	.LBB38_9
.LBB38_9:
	.loc	1 0 9                           @ ../../../../../Library/StdDriver/src/crypto.c:0:9
	ldr	r0, [sp]                        @ 4-byte Reload
	movw	r1, #268
	.loc	1 2669 9                        @ ../../../../../Library/StdDriver/src/crypto.c:2669:9
	cmp	r0, r1
	beq	.LBB38_25
	b	.LBB38_28
.LBB38_10:
.Ltmp662:
	.loc	1 2672 20 is_stmt 1             @ ../../../../../Library/StdDriver/src/crypto.c:2672:20
	ldr	r0, [sp, #36]
	.loc	1 2672 34 is_stmt 0             @ ../../../../../Library/StdDriver/src/crypto.c:2672:34
	ldr	r1, [sp, #4]
.Ltmp663:
	.loc	1 2672 20                       @ ../../../../../Library/StdDriver/src/crypto.c:2672:20
	cmp	r0, r1
	beq	.LBB38_12
	b	.LBB38_11
.LBB38_11:
	.loc	1 0 20                          @ ../../../../../Library/StdDriver/src/crypto.c:0:20
	movs	r0, #0
	mvns	r0, r0
.Ltmp664:
	.loc	1 2673 21 is_stmt 1             @ ../../../../../Library/StdDriver/src/crypto.c:2673:21
	str	r0, [sp, #44]
	b	.LBB38_31
.Ltmp665:
.LBB38_12:
	.loc	1 2674 17                       @ ../../../../../Library/StdDriver/src/crypto.c:2674:17
	b	.LBB38_29
.LBB38_13:
.Ltmp666:
	.loc	1 2676 20                       @ ../../../../../Library/StdDriver/src/crypto.c:2676:20
	ldr	r0, [sp, #36]
	.loc	1 2676 34 is_stmt 0             @ ../../../../../Library/StdDriver/src/crypto.c:2676:34
	ldr	r1, [sp, #8]
.Ltmp667:
	.loc	1 2676 20                       @ ../../../../../Library/StdDriver/src/crypto.c:2676:20
	cmp	r0, r1
	beq	.LBB38_15
	b	.LBB38_14
.LBB38_14:
	.loc	1 0 20                          @ ../../../../../Library/StdDriver/src/crypto.c:0:20
	movs	r0, #0
	mvns	r0, r0
.Ltmp668:
	.loc	1 2677 21 is_stmt 1             @ ../../../../../Library/StdDriver/src/crypto.c:2677:21
	str	r0, [sp, #44]
	b	.LBB38_31
.Ltmp669:
.LBB38_15:
	.loc	1 2678 17                       @ ../../../../../Library/StdDriver/src/crypto.c:2678:17
	b	.LBB38_29
.LBB38_16:
.Ltmp670:
	.loc	1 2680 20                       @ ../../../../../Library/StdDriver/src/crypto.c:2680:20
	ldr	r0, [sp, #36]
	.loc	1 2680 34 is_stmt 0             @ ../../../../../Library/StdDriver/src/crypto.c:2680:34
	ldr	r1, [sp, #12]
.Ltmp671:
	.loc	1 2680 20                       @ ../../../../../Library/StdDriver/src/crypto.c:2680:20
	cmp	r0, r1
	beq	.LBB38_18
	b	.LBB38_17
.LBB38_17:
	.loc	1 0 20                          @ ../../../../../Library/StdDriver/src/crypto.c:0:20
	movs	r0, #0
	mvns	r0, r0
.Ltmp672:
	.loc	1 2681 21 is_stmt 1             @ ../../../../../Library/StdDriver/src/crypto.c:2681:21
	str	r0, [sp, #44]
	b	.LBB38_31
.Ltmp673:
.LBB38_18:
	.loc	1 2682 17                       @ ../../../../../Library/StdDriver/src/crypto.c:2682:17
	b	.LBB38_29
.LBB38_19:
.Ltmp674:
	.loc	1 2684 20                       @ ../../../../../Library/StdDriver/src/crypto.c:2684:20
	ldr	r0, [sp, #36]
	.loc	1 2684 34 is_stmt 0             @ ../../../../../Library/StdDriver/src/crypto.c:2684:34
	ldr	r1, [sp, #16]
.Ltmp675:
	.loc	1 2684 20                       @ ../../../../../Library/StdDriver/src/crypto.c:2684:20
	cmp	r0, r1
	beq	.LBB38_21
	b	.LBB38_20
.LBB38_20:
	.loc	1 0 20                          @ ../../../../../Library/StdDriver/src/crypto.c:0:20
	movs	r0, #0
	mvns	r0, r0
.Ltmp676:
	.loc	1 2685 21 is_stmt 1             @ ../../../../../Library/StdDriver/src/crypto.c:2685:21
	str	r0, [sp, #44]
	b	.LBB38_31
.Ltmp677:
.LBB38_21:
	.loc	1 2686 17                       @ ../../../../../Library/StdDriver/src/crypto.c:2686:17
	b	.LBB38_29
.LBB38_22:
.Ltmp678:
	.loc	1 2688 20                       @ ../../../../../Library/StdDriver/src/crypto.c:2688:20
	ldr	r0, [sp, #36]
	.loc	1 2688 34 is_stmt 0             @ ../../../../../Library/StdDriver/src/crypto.c:2688:34
	ldr	r1, [sp, #20]
.Ltmp679:
	.loc	1 2688 20                       @ ../../../../../Library/StdDriver/src/crypto.c:2688:20
	cmp	r0, r1
	beq	.LBB38_24
	b	.LBB38_23
.LBB38_23:
	.loc	1 0 20                          @ ../../../../../Library/StdDriver/src/crypto.c:0:20
	movs	r0, #0
	mvns	r0, r0
.Ltmp680:
	.loc	1 2689 21 is_stmt 1             @ ../../../../../Library/StdDriver/src/crypto.c:2689:21
	str	r0, [sp, #44]
	b	.LBB38_31
.Ltmp681:
.LBB38_24:
	.loc	1 2690 17                       @ ../../../../../Library/StdDriver/src/crypto.c:2690:17
	b	.LBB38_29
.LBB38_25:
.Ltmp682:
	.loc	1 2692 20                       @ ../../../../../Library/StdDriver/src/crypto.c:2692:20
	ldr	r0, [sp, #36]
	.loc	1 2692 34 is_stmt 0             @ ../../../../../Library/StdDriver/src/crypto.c:2692:34
	ldr	r1, [sp, #24]
.Ltmp683:
	.loc	1 2692 20                       @ ../../../../../Library/StdDriver/src/crypto.c:2692:20
	cmp	r0, r1
	beq	.LBB38_27
	b	.LBB38_26
.LBB38_26:
	.loc	1 0 20                          @ ../../../../../Library/StdDriver/src/crypto.c:0:20
	movs	r0, #0
	mvns	r0, r0
.Ltmp684:
	.loc	1 2693 21 is_stmt 1             @ ../../../../../Library/StdDriver/src/crypto.c:2693:21
	str	r0, [sp, #44]
	b	.LBB38_31
.Ltmp685:
.LBB38_27:
	.loc	1 2694 17                       @ ../../../../../Library/StdDriver/src/crypto.c:2694:17
	b	.LBB38_29
.LBB38_28:
	.loc	1 0 17 is_stmt 0                @ ../../../../../Library/StdDriver/src/crypto.c:0:17
	movs	r0, #0
	mvns	r0, r0
	.loc	1 2696 17 is_stmt 1             @ ../../../../../Library/StdDriver/src/crypto.c:2696:17
	str	r0, [sp, #44]
	b	.LBB38_31
.Ltmp686:
.LBB38_29:
	.loc	1 0 17 is_stmt 0                @ ../../../../../Library/StdDriver/src/crypto.c:0:17
	b	.LBB38_30
.LBB38_30:
	movs	r0, #0
	.loc	1 2700 5 is_stmt 1              @ ../../../../../Library/StdDriver/src/crypto.c:2700:5
	str	r0, [sp, #44]
	b	.LBB38_31
.LBB38_31:
	.loc	1 2701 1                        @ ../../../../../Library/StdDriver/src/crypto.c:2701:1
	ldr	r0, [sp, #44]
	add	sp, #48
	pop	{r4, r5, r7, pc}
.Ltmp687:
	.p2align	2
@ %bb.32:
	.loc	1 0 1 is_stmt 0                 @ ../../../../../Library/StdDriver/src/crypto.c:0:1
__arm_cp.38_0:
	.long	.L__const.CheckRsaBufferSize.s_au32RsaBufSizeTbl
.Lcpi_end80:
	.size	__arm_cp.38_0, .Lcpi_end80-__arm_cp.38_0
.Lfunc_end38:
	.size	CheckRsaBufferSize, .Lfunc_end38-CheckRsaBufferSize
	.cfi_endproc
	.cantunwind
	.fnend
                                        @ -- End function
	.section	.text.RSA_SetKey,"ax",%progbits
	.hidden	RSA_SetKey                      @ -- Begin function RSA_SetKey
	.globl	RSA_SetKey
	.p2align	2
	.type	RSA_SetKey,%function
	.code	16                              @ @RSA_SetKey
	.thumb_func
RSA_SetKey:
.Lfunc_begin39:
	.loc	1 2758 0 is_stmt 1              @ ../../../../../Library/StdDriver/src/crypto.c:2758:0
	.fnstart
	.cfi_startproc
@ %bb.0:
	.save	{r7, lr}
	push	{r7, lr}
	.cfi_def_cfa_offset 8
	.cfi_offset lr, -4
	.cfi_offset r7, -8
	.pad	#24
	sub	sp, #24
	.cfi_def_cfa_offset 32
	str	r0, [sp, #16]
	str	r1, [sp, #12]
.Ltmp688:
	.loc	1 2759 8 prologue_end           @ ../../../../../Library/StdDriver/src/crypto.c:2759:8
	ldr	r0, __arm_cp.39_0
	ldr	r0, [r0]
.Ltmp689:
	.loc	1 2759 8 is_stmt 0              @ ../../../../../Library/StdDriver/src/crypto.c:2759:8
	cbnz	r0, .LBB39_2
	b	.LBB39_1
.LBB39_1:
	.loc	1 0 8                           @ ../../../../../Library/StdDriver/src/crypto.c:0:8
	movs	r0, #0
	mvns	r0, r0
.Ltmp690:
	.loc	1 2761 9 is_stmt 1              @ ../../../../../Library/StdDriver/src/crypto.c:2761:9
	str	r0, [sp, #20]
	b	.LBB39_3
.Ltmp691:
.LBB39_2:
	.loc	1 2763 13                       @ ../../../../../Library/StdDriver/src/crypto.c:2763:13
	ldr	r0, [sp, #12]
	.loc	1 2763 39 is_stmt 0             @ ../../../../../Library/StdDriver/src/crypto.c:2763:39
	ldr	r1, __arm_cp.39_0
	str	r1, [sp, #4]                    @ 4-byte Spill
	ldr	r1, [r1]
	movw	r2, #1536
	.loc	1 2763 51                       @ ../../../../../Library/StdDriver/src/crypto.c:2763:51
	str	r2, [sp, #8]                    @ 4-byte Spill
	adds	r1, r1, r2
	.loc	1 2763 5                        @ ../../../../../Library/StdDriver/src/crypto.c:2763:5
	bl	Hex2Reg
	ldr	r0, [sp, #4]                    @ 4-byte Reload
	ldr	r1, [sp, #8]                    @ 4-byte Reload
	.loc	1 2764 60 is_stmt 1             @ ../../../../../Library/StdDriver/src/crypto.c:2764:60
	ldr	r0, [r0]
	.loc	1 2764 72 is_stmt 0             @ ../../../../../Library/StdDriver/src/crypto.c:2764:72
	adds	r0, r0, r1
	.loc	1 2764 5                        @ ../../../../../Library/StdDriver/src/crypto.c:2764:5
	ldr	r1, [sp, #16]
	movw	r2, #2832
	.loc	1 2764 24                       @ ../../../../../Library/StdDriver/src/crypto.c:2764:24
	str	r0, [r1, r2]
	movs	r0, #0
	.loc	1 2766 5 is_stmt 1              @ ../../../../../Library/StdDriver/src/crypto.c:2766:5
	str	r0, [sp, #20]
	b	.LBB39_3
.LBB39_3:
	.loc	1 2767 1                        @ ../../../../../Library/StdDriver/src/crypto.c:2767:1
	ldr	r0, [sp, #20]
	add	sp, #24
	pop	{r7, pc}
.Ltmp692:
	.p2align	2
@ %bb.4:
	.loc	1 0 1 is_stmt 0                 @ ../../../../../Library/StdDriver/src/crypto.c:0:1
__arm_cp.39_0:
	.long	s_pRSABuf
.Lcpi_end81:
	.size	__arm_cp.39_0, .Lcpi_end81-__arm_cp.39_0
.Lfunc_end39:
	.size	RSA_SetKey, .Lfunc_end39-RSA_SetKey
	.cfi_endproc
	.fnend
                                        @ -- End function
	.section	.text.RSA_SetDMATransfer,"ax",%progbits
	.hidden	RSA_SetDMATransfer              @ -- Begin function RSA_SetDMATransfer
	.globl	RSA_SetDMATransfer
	.p2align	2
	.type	RSA_SetDMATransfer,%function
	.code	16                              @ @RSA_SetDMATransfer
	.thumb_func
RSA_SetDMATransfer:
.Lfunc_begin40:
	.loc	1 2780 0 is_stmt 1              @ ../../../../../Library/StdDriver/src/crypto.c:2780:0
	.fnstart
	.cfi_startproc
@ %bb.0:
	.save	{r4, lr}
	push	{r4, lr}
	.cfi_def_cfa_offset 8
	.cfi_offset lr, -4
	.cfi_offset r4, -8
	.pad	#72
	sub	sp, #72
	.cfi_def_cfa_offset 80
	ldr	r4, [sp, #80]
	str	r0, [sp, #64]
	str	r1, [sp, #60]
	str	r2, [sp, #56]
	str	r3, [sp, #52]
.Ltmp693:
	.loc	1 2781 8 prologue_end           @ ../../../../../Library/StdDriver/src/crypto.c:2781:8
	ldr	r0, __arm_cp.40_0
	ldr	r0, [r0]
.Ltmp694:
	.loc	1 2781 8 is_stmt 0              @ ../../../../../Library/StdDriver/src/crypto.c:2781:8
	cbnz	r0, .LBB40_2
	b	.LBB40_1
.LBB40_1:
	.loc	1 0 8                           @ ../../../../../Library/StdDriver/src/crypto.c:0:8
	movs	r0, #0
	mvns	r0, r0
.Ltmp695:
	.loc	1 2783 9 is_stmt 1              @ ../../../../../Library/StdDriver/src/crypto.c:2783:9
	str	r0, [sp, #68]
	b	.LBB40_12
.Ltmp696:
.LBB40_2:
	.loc	1 2785 13                       @ ../../../../../Library/StdDriver/src/crypto.c:2785:13
	ldr	r0, [sp, #60]
	.loc	1 2785 39 is_stmt 0             @ ../../../../../Library/StdDriver/src/crypto.c:2785:39
	ldr	r1, __arm_cp.40_0
	str	r1, [sp, #48]                   @ 4-byte Spill
	ldr	r1, [r1]
	movw	r2, #1024
	.loc	1 2785 51                       @ ../../../../../Library/StdDriver/src/crypto.c:2785:51
	str	r2, [sp, #40]                   @ 4-byte Spill
	adds	r1, r1, r2
	.loc	1 2785 5                        @ ../../../../../Library/StdDriver/src/crypto.c:2785:5
	bl	Hex2Reg
	ldr	r1, [sp, #48]                   @ 4-byte Reload
	.loc	1 2786 13 is_stmt 1             @ ../../../../../Library/StdDriver/src/crypto.c:2786:13
	ldr	r0, [sp, #56]
	.loc	1 2786 37 is_stmt 0             @ ../../../../../Library/StdDriver/src/crypto.c:2786:37
	ldr	r1, [r1]
	movw	r2, #512
	.loc	1 2786 49                       @ ../../../../../Library/StdDriver/src/crypto.c:2786:49
	str	r2, [sp, #44]                   @ 4-byte Spill
	adds	r1, r1, r2
	.loc	1 2786 5                        @ ../../../../../Library/StdDriver/src/crypto.c:2786:5
	bl	Hex2Reg
	ldr	r3, [sp, #40]                   @ 4-byte Reload
	ldr	r2, [sp, #44]                   @ 4-byte Reload
	ldr	r0, [sp, #48]                   @ 4-byte Reload
	.loc	1 2789 60 is_stmt 1             @ ../../../../../Library/StdDriver/src/crypto.c:2789:60
	ldr	r1, [r0]
	.loc	1 2789 72 is_stmt 0             @ ../../../../../Library/StdDriver/src/crypto.c:2789:72
	adds	r1, r1, r3
	.loc	1 2789 5                        @ ../../../../../Library/StdDriver/src/crypto.c:2789:5
	ldr	r3, [sp, #64]
	ldr	r4, __arm_cp.40_1
	.loc	1 2789 24                       @ ../../../../../Library/StdDriver/src/crypto.c:2789:24
	str	r1, [r3, r4]
	.loc	1 2790 60 is_stmt 1             @ ../../../../../Library/StdDriver/src/crypto.c:2790:60
	ldr	r1, [r0]
	.loc	1 2790 72 is_stmt 0             @ ../../../../../Library/StdDriver/src/crypto.c:2790:72
	adds	r1, r1, r2
	.loc	1 2790 5                        @ ../../../../../Library/StdDriver/src/crypto.c:2790:5
	ldr	r2, [sp, #64]
	ldr	r3, __arm_cp.40_2
	.loc	1 2790 24                       @ ../../../../../Library/StdDriver/src/crypto.c:2790:24
	str	r1, [r2, r3]
	.loc	1 2791 60 is_stmt 1             @ ../../../../../Library/StdDriver/src/crypto.c:2791:60
	ldr	r0, [r0]
	.loc	1 2791 5 is_stmt 0              @ ../../../../../Library/StdDriver/src/crypto.c:2791:5
	ldr	r1, [sp, #64]
	ldr	r2, __arm_cp.40_3
	.loc	1 2791 24                       @ ../../../../../Library/StdDriver/src/crypto.c:2791:24
	str	r0, [r1, r2]
.Ltmp697:
	.loc	1 2793 9 is_stmt 1              @ ../../../../../Library/StdDriver/src/crypto.c:2793:9
	ldr	r0, __arm_cp.40_4
	.loc	1 2793 48 is_stmt 0             @ ../../../../../Library/StdDriver/src/crypto.c:2793:48
	ldrb	r0, [r0]
	lsls	r0, r0, #29
	cmp	r0, #0
	bpl	.LBB40_5
	b	.LBB40_3
.LBB40_3:
	.loc	1 2793 52                       @ ../../../../../Library/StdDriver/src/crypto.c:2793:52
	ldr	r0, __arm_cp.40_4
.Ltmp698:
	.loc	1 2793 8                        @ ../../../../../Library/StdDriver/src/crypto.c:2793:8
	ldrb	r0, [r0, #1]
	lsls	r0, r0, #31
	cmp	r0, #0
	beq	.LBB40_5
	b	.LBB40_4
.LBB40_4:
.Ltmp699:
	.loc	1 2796 17 is_stmt 1             @ ../../../../../Library/StdDriver/src/crypto.c:2796:17
	ldr	r0, [sp, #52]
	.loc	1 2796 43 is_stmt 0             @ ../../../../../Library/StdDriver/src/crypto.c:2796:43
	ldr	r1, __arm_cp.40_0
	str	r1, [sp, #36]                   @ 4-byte Spill
	ldr	r1, [r1]
	movw	r2, #2048
	.loc	1 2796 55                       @ ../../../../../Library/StdDriver/src/crypto.c:2796:55
	str	r2, [sp, #28]                   @ 4-byte Spill
	adds	r1, r1, r2
	.loc	1 2796 9                        @ ../../../../../Library/StdDriver/src/crypto.c:2796:9
	bl	Hex2Reg
	ldr	r1, [sp, #36]                   @ 4-byte Reload
	.loc	1 2797 17 is_stmt 1             @ ../../../../../Library/StdDriver/src/crypto.c:2797:17
	ldr	r0, [sp, #80]
	.loc	1 2797 43 is_stmt 0             @ ../../../../../Library/StdDriver/src/crypto.c:2797:43
	ldr	r1, [r1]
	movw	r2, #2560
	.loc	1 2797 55                       @ ../../../../../Library/StdDriver/src/crypto.c:2797:55
	str	r2, [sp, #32]                   @ 4-byte Spill
	adds	r1, r1, r2
	.loc	1 2797 9                        @ ../../../../../Library/StdDriver/src/crypto.c:2797:9
	bl	Hex2Reg
	ldr	r3, [sp, #28]                   @ 4-byte Reload
	ldr	r2, [sp, #32]                   @ 4-byte Reload
	ldr	r0, [sp, #36]                   @ 4-byte Reload
	.loc	1 2799 66 is_stmt 1             @ ../../../../../Library/StdDriver/src/crypto.c:2799:66
	ldr	r1, [r0]
	.loc	1 2799 78 is_stmt 0             @ ../../../../../Library/StdDriver/src/crypto.c:2799:78
	adds	r1, r1, r3
	.loc	1 2799 9                        @ ../../../../../Library/StdDriver/src/crypto.c:2799:9
	ldr	r3, [sp, #64]
	ldr	r4, __arm_cp.40_5
	.loc	1 2799 28                       @ ../../../../../Library/StdDriver/src/crypto.c:2799:28
	str	r1, [r3, r4]
	.loc	1 2800 66 is_stmt 1             @ ../../../../../Library/StdDriver/src/crypto.c:2800:66
	ldr	r1, [r0]
	.loc	1 2800 78 is_stmt 0             @ ../../../../../Library/StdDriver/src/crypto.c:2800:78
	adds	r1, r1, r2
	.loc	1 2800 9                        @ ../../../../../Library/StdDriver/src/crypto.c:2800:9
	ldr	r2, [sp, #64]
	ldr	r3, __arm_cp.40_6
	.loc	1 2800 28                       @ ../../../../../Library/StdDriver/src/crypto.c:2800:28
	str	r1, [r2, r3]
	.loc	1 2802 66 is_stmt 1             @ ../../../../../Library/StdDriver/src/crypto.c:2802:66
	ldr	r1, [r0]
	movw	r2, #3072
	.loc	1 2802 78 is_stmt 0             @ ../../../../../Library/StdDriver/src/crypto.c:2802:78
	adds	r1, r1, r2
	.loc	1 2802 9                        @ ../../../../../Library/StdDriver/src/crypto.c:2802:9
	ldr	r2, [sp, #64]
	movw	r3, #2848
	.loc	1 2802 28                       @ ../../../../../Library/StdDriver/src/crypto.c:2802:28
	str	r1, [r2, r3]
	.loc	1 2803 66 is_stmt 1             @ ../../../../../Library/StdDriver/src/crypto.c:2803:66
	ldr	r1, [r0]
	movw	r2, #3584
	.loc	1 2803 78 is_stmt 0             @ ../../../../../Library/StdDriver/src/crypto.c:2803:78
	adds	r1, r1, r2
	.loc	1 2803 9                        @ ../../../../../Library/StdDriver/src/crypto.c:2803:9
	ldr	r2, [sp, #64]
	ldr	r3, __arm_cp.40_8
	.loc	1 2803 28                       @ ../../../../../Library/StdDriver/src/crypto.c:2803:28
	str	r1, [r2, r3]
	.loc	1 2804 66 is_stmt 1             @ ../../../../../Library/StdDriver/src/crypto.c:2804:66
	ldr	r1, [r0]
	movw	r2, #4096
	.loc	1 2804 78 is_stmt 0             @ ../../../../../Library/StdDriver/src/crypto.c:2804:78
	adds	r1, r1, r2
	.loc	1 2804 9                        @ ../../../../../Library/StdDriver/src/crypto.c:2804:9
	ldr	r2, [sp, #64]
	ldr	r3, __arm_cp.40_9
	.loc	1 2804 28                       @ ../../../../../Library/StdDriver/src/crypto.c:2804:28
	str	r1, [r2, r3]
	.loc	1 2805 66 is_stmt 1             @ ../../../../../Library/StdDriver/src/crypto.c:2805:66
	ldr	r1, [r0]
	movw	r2, #4608
	.loc	1 2805 78 is_stmt 0             @ ../../../../../Library/StdDriver/src/crypto.c:2805:78
	adds	r1, r1, r2
	.loc	1 2805 9                        @ ../../../../../Library/StdDriver/src/crypto.c:2805:9
	ldr	r2, [sp, #64]
	ldr	r3, __arm_cp.40_10
	.loc	1 2805 28                       @ ../../../../../Library/StdDriver/src/crypto.c:2805:28
	str	r1, [r2, r3]
	.loc	1 2806 66 is_stmt 1             @ ../../../../../Library/StdDriver/src/crypto.c:2806:66
	ldr	r1, [r0]
	movw	r2, #5120
	.loc	1 2806 78 is_stmt 0             @ ../../../../../Library/StdDriver/src/crypto.c:2806:78
	adds	r1, r1, r2
	.loc	1 2806 9                        @ ../../../../../Library/StdDriver/src/crypto.c:2806:9
	ldr	r2, [sp, #64]
	movw	r3, #2864
	.loc	1 2806 28                       @ ../../../../../Library/StdDriver/src/crypto.c:2806:28
	str	r1, [r2, r3]
	.loc	1 2807 66 is_stmt 1             @ ../../../../../Library/StdDriver/src/crypto.c:2807:66
	ldr	r1, [r0]
	movw	r2, #5632
	.loc	1 2807 78 is_stmt 0             @ ../../../../../Library/StdDriver/src/crypto.c:2807:78
	adds	r1, r1, r2
	.loc	1 2807 9                        @ ../../../../../Library/StdDriver/src/crypto.c:2807:9
	ldr	r2, [sp, #64]
	ldr	r3, __arm_cp.40_11
	.loc	1 2807 28                       @ ../../../../../Library/StdDriver/src/crypto.c:2807:28
	str	r1, [r2, r3]
	.loc	1 2810 66 is_stmt 1             @ ../../../../../Library/StdDriver/src/crypto.c:2810:66
	ldr	r0, [r0]
	movw	r1, #6144
	.loc	1 2810 78 is_stmt 0             @ ../../../../../Library/StdDriver/src/crypto.c:2810:78
	adds	r0, r0, r1
	.loc	1 2810 9                        @ ../../../../../Library/StdDriver/src/crypto.c:2810:9
	ldr	r1, [sp, #64]
	ldr	r2, __arm_cp.40_7
	.loc	1 2810 28                       @ ../../../../../Library/StdDriver/src/crypto.c:2810:28
	str	r0, [r1, r2]
	.loc	1 2811 5 is_stmt 1              @ ../../../../../Library/StdDriver/src/crypto.c:2811:5
	b	.LBB40_11
.Ltmp700:
.LBB40_5:
	.loc	1 2812 13                       @ ../../../../../Library/StdDriver/src/crypto.c:2812:13
	ldr	r0, __arm_cp.40_4
.Ltmp701:
	.loc	1 2812 13 is_stmt 0             @ ../../../../../Library/StdDriver/src/crypto.c:2812:13
	ldrb	r0, [r0]
	lsls	r0, r0, #29
	cmp	r0, #0
	bpl	.LBB40_7
	b	.LBB40_6
.LBB40_6:
.Ltmp702:
	.loc	1 2815 17 is_stmt 1             @ ../../../../../Library/StdDriver/src/crypto.c:2815:17
	ldr	r0, [sp, #52]
	.loc	1 2815 38 is_stmt 0             @ ../../../../../Library/StdDriver/src/crypto.c:2815:38
	ldr	r1, __arm_cp.40_0
	str	r1, [sp, #24]                   @ 4-byte Spill
	ldr	r1, [r1]
	movw	r2, #2048
	.loc	1 2815 50                       @ ../../../../../Library/StdDriver/src/crypto.c:2815:50
	str	r2, [sp, #16]                   @ 4-byte Spill
	adds	r1, r1, r2
	.loc	1 2815 9                        @ ../../../../../Library/StdDriver/src/crypto.c:2815:9
	bl	Hex2Reg
	ldr	r1, [sp, #24]                   @ 4-byte Reload
	.loc	1 2816 17 is_stmt 1             @ ../../../../../Library/StdDriver/src/crypto.c:2816:17
	ldr	r0, [sp, #80]
	.loc	1 2816 38 is_stmt 0             @ ../../../../../Library/StdDriver/src/crypto.c:2816:38
	ldr	r1, [r1]
	movw	r2, #2560
	.loc	1 2816 50                       @ ../../../../../Library/StdDriver/src/crypto.c:2816:50
	str	r2, [sp, #20]                   @ 4-byte Spill
	adds	r1, r1, r2
	.loc	1 2816 9                        @ ../../../../../Library/StdDriver/src/crypto.c:2816:9
	bl	Hex2Reg
	ldr	r3, [sp, #16]                   @ 4-byte Reload
	ldr	r2, [sp, #20]                   @ 4-byte Reload
	ldr	r0, [sp, #24]                   @ 4-byte Reload
	.loc	1 2818 61 is_stmt 1             @ ../../../../../Library/StdDriver/src/crypto.c:2818:61
	ldr	r1, [r0]
	.loc	1 2818 73 is_stmt 0             @ ../../../../../Library/StdDriver/src/crypto.c:2818:73
	adds	r1, r1, r3
	.loc	1 2818 9                        @ ../../../../../Library/StdDriver/src/crypto.c:2818:9
	ldr	r3, [sp, #64]
	ldr	r4, __arm_cp.40_5
	.loc	1 2818 28                       @ ../../../../../Library/StdDriver/src/crypto.c:2818:28
	str	r1, [r3, r4]
	.loc	1 2819 61 is_stmt 1             @ ../../../../../Library/StdDriver/src/crypto.c:2819:61
	ldr	r1, [r0]
	.loc	1 2819 73 is_stmt 0             @ ../../../../../Library/StdDriver/src/crypto.c:2819:73
	adds	r1, r1, r2
	.loc	1 2819 9                        @ ../../../../../Library/StdDriver/src/crypto.c:2819:9
	ldr	r2, [sp, #64]
	ldr	r3, __arm_cp.40_6
	.loc	1 2819 28                       @ ../../../../../Library/StdDriver/src/crypto.c:2819:28
	str	r1, [r2, r3]
	.loc	1 2821 61 is_stmt 1             @ ../../../../../Library/StdDriver/src/crypto.c:2821:61
	ldr	r1, [r0]
	movw	r2, #3072
	.loc	1 2821 73 is_stmt 0             @ ../../../../../Library/StdDriver/src/crypto.c:2821:73
	adds	r1, r1, r2
	.loc	1 2821 9                        @ ../../../../../Library/StdDriver/src/crypto.c:2821:9
	ldr	r2, [sp, #64]
	movw	r3, #2848
	.loc	1 2821 28                       @ ../../../../../Library/StdDriver/src/crypto.c:2821:28
	str	r1, [r2, r3]
	.loc	1 2822 61 is_stmt 1             @ ../../../../../Library/StdDriver/src/crypto.c:2822:61
	ldr	r1, [r0]
	movw	r2, #3584
	.loc	1 2822 73 is_stmt 0             @ ../../../../../Library/StdDriver/src/crypto.c:2822:73
	adds	r1, r1, r2
	.loc	1 2822 9                        @ ../../../../../Library/StdDriver/src/crypto.c:2822:9
	ldr	r2, [sp, #64]
	ldr	r3, __arm_cp.40_8
	.loc	1 2822 28                       @ ../../../../../Library/StdDriver/src/crypto.c:2822:28
	str	r1, [r2, r3]
	.loc	1 2823 61 is_stmt 1             @ ../../../../../Library/StdDriver/src/crypto.c:2823:61
	ldr	r1, [r0]
	movw	r2, #4096
	.loc	1 2823 73 is_stmt 0             @ ../../../../../Library/StdDriver/src/crypto.c:2823:73
	adds	r1, r1, r2
	.loc	1 2823 9                        @ ../../../../../Library/StdDriver/src/crypto.c:2823:9
	ldr	r2, [sp, #64]
	ldr	r3, __arm_cp.40_9
	.loc	1 2823 28                       @ ../../../../../Library/StdDriver/src/crypto.c:2823:28
	str	r1, [r2, r3]
	.loc	1 2824 61 is_stmt 1             @ ../../../../../Library/StdDriver/src/crypto.c:2824:61
	ldr	r1, [r0]
	movw	r2, #4608
	.loc	1 2824 73 is_stmt 0             @ ../../../../../Library/StdDriver/src/crypto.c:2824:73
	adds	r1, r1, r2
	.loc	1 2824 9                        @ ../../../../../Library/StdDriver/src/crypto.c:2824:9
	ldr	r2, [sp, #64]
	ldr	r3, __arm_cp.40_10
	.loc	1 2824 28                       @ ../../../../../Library/StdDriver/src/crypto.c:2824:28
	str	r1, [r2, r3]
	.loc	1 2825 61 is_stmt 1             @ ../../../../../Library/StdDriver/src/crypto.c:2825:61
	ldr	r1, [r0]
	movw	r2, #5120
	.loc	1 2825 73 is_stmt 0             @ ../../../../../Library/StdDriver/src/crypto.c:2825:73
	adds	r1, r1, r2
	.loc	1 2825 9                        @ ../../../../../Library/StdDriver/src/crypto.c:2825:9
	ldr	r2, [sp, #64]
	movw	r3, #2864
	.loc	1 2825 28                       @ ../../../../../Library/StdDriver/src/crypto.c:2825:28
	str	r1, [r2, r3]
	.loc	1 2826 61 is_stmt 1             @ ../../../../../Library/StdDriver/src/crypto.c:2826:61
	ldr	r0, [r0]
	movw	r1, #5632
	.loc	1 2826 73 is_stmt 0             @ ../../../../../Library/StdDriver/src/crypto.c:2826:73
	adds	r0, r0, r1
	.loc	1 2826 9                        @ ../../../../../Library/StdDriver/src/crypto.c:2826:9
	ldr	r1, [sp, #64]
	ldr	r2, __arm_cp.40_11
	.loc	1 2826 28                       @ ../../../../../Library/StdDriver/src/crypto.c:2826:28
	str	r0, [r1, r2]
	.loc	1 2827 5 is_stmt 1              @ ../../../../../Library/StdDriver/src/crypto.c:2827:5
	b	.LBB40_10
.Ltmp703:
.LBB40_7:
	.loc	1 2828 13                       @ ../../../../../Library/StdDriver/src/crypto.c:2828:13
	ldr	r0, __arm_cp.40_4
.Ltmp704:
	.loc	1 2828 13 is_stmt 0             @ ../../../../../Library/StdDriver/src/crypto.c:2828:13
	ldrb	r0, [r0, #1]
	lsls	r0, r0, #31
	cbz	r0, .LBB40_9
	b	.LBB40_8
.LBB40_8:
.Ltmp705:
	.loc	1 2831 17 is_stmt 1             @ ../../../../../Library/StdDriver/src/crypto.c:2831:17
	ldr	r0, [sp, #52]
	.loc	1 2831 39 is_stmt 0             @ ../../../../../Library/StdDriver/src/crypto.c:2831:39
	ldr	r1, __arm_cp.40_0
	str	r1, [sp, #12]                   @ 4-byte Spill
	ldr	r1, [r1]
	movw	r2, #2048
	.loc	1 2831 51                       @ ../../../../../Library/StdDriver/src/crypto.c:2831:51
	str	r2, [sp, #4]                    @ 4-byte Spill
	adds	r1, r1, r2
	.loc	1 2831 9                        @ ../../../../../Library/StdDriver/src/crypto.c:2831:9
	bl	Hex2Reg
	ldr	r1, [sp, #12]                   @ 4-byte Reload
	.loc	1 2832 17 is_stmt 1             @ ../../../../../Library/StdDriver/src/crypto.c:2832:17
	ldr	r0, [sp, #80]
	.loc	1 2832 39 is_stmt 0             @ ../../../../../Library/StdDriver/src/crypto.c:2832:39
	ldr	r1, [r1]
	movw	r2, #2560
	.loc	1 2832 51                       @ ../../../../../Library/StdDriver/src/crypto.c:2832:51
	str	r2, [sp, #8]                    @ 4-byte Spill
	adds	r1, r1, r2
	.loc	1 2832 9                        @ ../../../../../Library/StdDriver/src/crypto.c:2832:9
	bl	Hex2Reg
	ldr	r3, [sp, #4]                    @ 4-byte Reload
	ldr	r2, [sp, #8]                    @ 4-byte Reload
	ldr	r0, [sp, #12]                   @ 4-byte Reload
	.loc	1 2834 62 is_stmt 1             @ ../../../../../Library/StdDriver/src/crypto.c:2834:62
	ldr	r1, [r0]
	.loc	1 2834 74 is_stmt 0             @ ../../../../../Library/StdDriver/src/crypto.c:2834:74
	adds	r1, r1, r3
	.loc	1 2834 9                        @ ../../../../../Library/StdDriver/src/crypto.c:2834:9
	ldr	r3, [sp, #64]
	ldr	r4, __arm_cp.40_5
	.loc	1 2834 28                       @ ../../../../../Library/StdDriver/src/crypto.c:2834:28
	str	r1, [r3, r4]
	.loc	1 2835 62 is_stmt 1             @ ../../../../../Library/StdDriver/src/crypto.c:2835:62
	ldr	r1, [r0]
	.loc	1 2835 74 is_stmt 0             @ ../../../../../Library/StdDriver/src/crypto.c:2835:74
	adds	r1, r1, r2
	.loc	1 2835 9                        @ ../../../../../Library/StdDriver/src/crypto.c:2835:9
	ldr	r2, [sp, #64]
	ldr	r3, __arm_cp.40_6
	.loc	1 2835 28                       @ ../../../../../Library/StdDriver/src/crypto.c:2835:28
	str	r1, [r2, r3]
	.loc	1 2838 62 is_stmt 1             @ ../../../../../Library/StdDriver/src/crypto.c:2838:62
	ldr	r0, [r0]
	movw	r1, #3072
	.loc	1 2838 74 is_stmt 0             @ ../../../../../Library/StdDriver/src/crypto.c:2838:74
	adds	r0, r0, r1
	.loc	1 2838 9                        @ ../../../../../Library/StdDriver/src/crypto.c:2838:9
	ldr	r1, [sp, #64]
	ldr	r2, __arm_cp.40_7
	.loc	1 2838 28                       @ ../../../../../Library/StdDriver/src/crypto.c:2838:28
	str	r0, [r1, r2]
	.loc	1 2839 5 is_stmt 1              @ ../../../../../Library/StdDriver/src/crypto.c:2839:5
	b	.LBB40_9
.Ltmp706:
.LBB40_9:
	.loc	1 0 5 is_stmt 0                 @ ../../../../../Library/StdDriver/src/crypto.c:0:5
	b	.LBB40_10
.LBB40_10:
	b	.LBB40_11
.LBB40_11:
	movs	r0, #0
	.loc	1 2841 5 is_stmt 1              @ ../../../../../Library/StdDriver/src/crypto.c:2841:5
	str	r0, [sp, #68]
	b	.LBB40_12
.LBB40_12:
	.loc	1 2842 1                        @ ../../../../../Library/StdDriver/src/crypto.c:2842:1
	ldr	r0, [sp, #68]
	add	sp, #72
	pop	{r4, pc}
.Ltmp707:
	.p2align	2
@ %bb.13:
	.loc	1 0 1 is_stmt 0                 @ ../../../../../Library/StdDriver/src/crypto.c:0:1
__arm_cp.40_0:
	.long	s_pRSABuf
.Lcpi_end82:
	.size	__arm_cp.40_0, .Lcpi_end82-__arm_cp.40_0
__arm_cp.40_1:
	.long	2824                            @ 0xb08
.Lcpi_end83:
	.size	__arm_cp.40_1, .Lcpi_end83-__arm_cp.40_1
__arm_cp.40_2:
	.long	2828                            @ 0xb0c
.Lcpi_end84:
	.size	__arm_cp.40_2, .Lcpi_end84-__arm_cp.40_2
__arm_cp.40_3:
	.long	2844                            @ 0xb1c
.Lcpi_end85:
	.size	__arm_cp.40_3, .Lcpi_end85-__arm_cp.40_3
__arm_cp.40_4:
	.long	s_u32RsaOpMode
.Lcpi_end86:
	.size	__arm_cp.40_4, .Lcpi_end86-__arm_cp.40_4
__arm_cp.40_5:
	.long	2836                            @ 0xb14
.Lcpi_end87:
	.size	__arm_cp.40_5, .Lcpi_end87-__arm_cp.40_5
__arm_cp.40_6:
	.long	2840                            @ 0xb18
.Lcpi_end88:
	.size	__arm_cp.40_6, .Lcpi_end88-__arm_cp.40_6
__arm_cp.40_7:
	.long	2872                            @ 0xb38
.Lcpi_end89:
	.size	__arm_cp.40_7, .Lcpi_end89-__arm_cp.40_7
__arm_cp.40_8:
	.long	2852                            @ 0xb24
.Lcpi_end90:
	.size	__arm_cp.40_8, .Lcpi_end90-__arm_cp.40_8
__arm_cp.40_9:
	.long	2856                            @ 0xb28
.Lcpi_end91:
	.size	__arm_cp.40_9, .Lcpi_end91-__arm_cp.40_9
__arm_cp.40_10:
	.long	2860                            @ 0xb2c
.Lcpi_end92:
	.size	__arm_cp.40_10, .Lcpi_end92-__arm_cp.40_10
__arm_cp.40_11:
	.long	2868                            @ 0xb34
.Lcpi_end93:
	.size	__arm_cp.40_11, .Lcpi_end93-__arm_cp.40_11
.Lfunc_end40:
	.size	RSA_SetDMATransfer, .Lfunc_end40-RSA_SetDMATransfer
	.cfi_endproc
	.fnend
                                        @ -- End function
	.section	.text.RSA_Start,"ax",%progbits
	.hidden	RSA_Start                       @ -- Begin function RSA_Start
	.globl	RSA_Start
	.p2align	1
	.type	RSA_Start,%function
	.code	16                              @ @RSA_Start
	.thumb_func
RSA_Start:
.Lfunc_begin41:
	.loc	1 2850 0 is_stmt 1              @ ../../../../../Library/StdDriver/src/crypto.c:2850:0
	.fnstart
	.cfi_startproc
@ %bb.0:
	.pad	#4
	sub	sp, #4
	.cfi_def_cfa_offset 4
	str	r0, [sp]
.Ltmp708:
	.loc	1 2851 5 prologue_end           @ ../../../../../Library/StdDriver/src/crypto.c:2851:5
	ldr	r1, [sp]
	movw	r2, #2816
	.loc	1 2851 19 is_stmt 0             @ ../../../../../Library/StdDriver/src/crypto.c:2851:19
	ldr	r0, [r1, r2]
	movs	r3, #1
	orrs	r0, r3
	str	r0, [r1, r2]
	.loc	1 2852 1 is_stmt 1              @ ../../../../../Library/StdDriver/src/crypto.c:2852:1
	add	sp, #4
	bx	lr
.Ltmp709:
.Lfunc_end41:
	.size	RSA_Start, .Lfunc_end41-RSA_Start
	.cfi_endproc
	.cantunwind
	.fnend
                                        @ -- End function
	.section	.text.RSA_Read,"ax",%progbits
	.hidden	RSA_Read                        @ -- Begin function RSA_Read
	.globl	RSA_Read
	.p2align	2
	.type	RSA_Read,%function
	.code	16                              @ @RSA_Read
	.thumb_func
RSA_Read:
.Lfunc_begin42:
	.loc	1 2862 0                        @ ../../../../../Library/StdDriver/src/crypto.c:2862:0
	.fnstart
	.cfi_startproc
@ %bb.0:
	.save	{r7, lr}
	push	{r7, lr}
	.cfi_def_cfa_offset 8
	.cfi_offset lr, -4
	.cfi_offset r7, -8
	.pad	#40
	sub	sp, #40
	.cfi_def_cfa_offset 48
	str	r0, [sp, #32]
	str	r1, [sp, #28]
.Ltmp710:
	.loc	1 2863 8 prologue_end           @ ../../../../../Library/StdDriver/src/crypto.c:2863:8
	ldr	r0, __arm_cp.42_0
	ldr	r0, [r0]
.Ltmp711:
	.loc	1 2863 8 is_stmt 0              @ ../../../../../Library/StdDriver/src/crypto.c:2863:8
	cbnz	r0, .LBB42_2
	b	.LBB42_1
.LBB42_1:
	.loc	1 0 8                           @ ../../../../../Library/StdDriver/src/crypto.c:0:8
	movs	r0, #0
	mvns	r0, r0
.Ltmp712:
	.loc	1 2865 9 is_stmt 1              @ ../../../../../Library/StdDriver/src/crypto.c:2865:9
	str	r0, [sp, #36]
	b	.LBB42_3
.Ltmp713:
.LBB42_2:
	.loc	1 0 9 is_stmt 0                 @ ../../../../../Library/StdDriver/src/crypto.c:0:9
	movw	r0, #1024
	.loc	1 2867 14 is_stmt 1             @ ../../../../../Library/StdDriver/src/crypto.c:2867:14
	str	r0, [sp, #24]
	movw	r0, #768
	str	r0, [sp, #20]
	movw	r0, #512
	str	r0, [sp, #16]
	movw	r0, #256
	str	r0, [sp, #12]
	movs	r0, #0
	.loc	1 2868 14                       @ ../../../../../Library/StdDriver/src/crypto.c:2868:14
	str	r0, [sp, #4]                    @ 4-byte Spill
	str	r0, [sp, #8]
	.loc	1 2870 18                       @ ../../../../../Library/StdDriver/src/crypto.c:2870:18
	ldr	r0, [sp, #32]
	movw	r1, #2816
	.loc	1 2870 24 is_stmt 0             @ ../../../../../Library/StdDriver/src/crypto.c:2870:24
	ldr	r0, [r0, r1]
	movs	r1, #48
	.loc	1 2870 32                       @ ../../../../../Library/StdDriver/src/crypto.c:2870:32
	ands	r0, r1
	.loc	1 2870 60                       @ ../../../../../Library/StdDriver/src/crypto.c:2870:60
	lsrs	r0, r0, #4
	.loc	1 2870 15                       @ ../../../../../Library/StdDriver/src/crypto.c:2870:15
	str	r0, [sp, #8]
	.loc	1 2871 33 is_stmt 1             @ ../../../../../Library/StdDriver/src/crypto.c:2871:33
	ldr	r0, [sp, #8]
	.loc	1 2871 22 is_stmt 0             @ ../../../../../Library/StdDriver/src/crypto.c:2871:22
	lsls	r1, r0, #2
	add	r0, sp, #12
	ldr	r0, [r0, r1]
	.loc	1 2871 66                       @ ../../../../../Library/StdDriver/src/crypto.c:2871:66
	ldr	r1, __arm_cp.42_0
	ldr	r1, [r1]
	.loc	1 2871 93                       @ ../../../../../Library/StdDriver/src/crypto.c:2871:93
	ldr	r2, [sp, #28]
	.loc	1 2871 5                        @ ../../../../../Library/StdDriver/src/crypto.c:2871:5
	bl	Reg2Hex
	ldr	r0, [sp, #4]                    @ 4-byte Reload
	.loc	1 2873 5 is_stmt 1              @ ../../../../../Library/StdDriver/src/crypto.c:2873:5
	str	r0, [sp, #36]
	b	.LBB42_3
.LBB42_3:
	.loc	1 2874 1                        @ ../../../../../Library/StdDriver/src/crypto.c:2874:1
	ldr	r0, [sp, #36]
	add	sp, #40
	pop	{r7, pc}
.Ltmp714:
	.p2align	2
@ %bb.4:
	.loc	1 0 1 is_stmt 0                 @ ../../../../../Library/StdDriver/src/crypto.c:0:1
__arm_cp.42_0:
	.long	s_pRSABuf
.Lcpi_end94:
	.size	__arm_cp.42_0, .Lcpi_end94-__arm_cp.42_0
.Lfunc_end42:
	.size	RSA_Read, .Lfunc_end42-RSA_Read
	.cfi_endproc
	.fnend
                                        @ -- End function
	.section	.text.RSA_SetKey_KS,"ax",%progbits
	.hidden	RSA_SetKey_KS                   @ -- Begin function RSA_SetKey_KS
	.globl	RSA_SetKey_KS
	.p2align	2
	.type	RSA_SetKey_KS,%function
	.code	16                              @ @RSA_SetKey_KS
	.thumb_func
RSA_SetKey_KS:
.Lfunc_begin43:
	.loc	1 2889 0 is_stmt 1              @ ../../../../../Library/StdDriver/src/crypto.c:2889:0
	.fnstart
	.cfi_startproc
@ %bb.0:
	.pad	#16
	sub	sp, #16
	.cfi_def_cfa_offset 16
	str	r0, [sp, #12]
	str	r1, [sp, #8]
	str	r2, [sp, #4]
	str	r3, [sp]
.Ltmp715:
	.loc	1 2890 8 prologue_end           @ ../../../../../Library/StdDriver/src/crypto.c:2890:8
	ldr	r0, __arm_cp.43_0
.Ltmp716:
	.loc	1 2890 8 is_stmt 0              @ ../../../../../Library/StdDriver/src/crypto.c:2890:8
	ldrb	r0, [r0, #1]
	lsls	r0, r0, #31
	cbz	r0, .LBB43_2
	b	.LBB43_1
.LBB43_1:
.Ltmp717:
	.loc	1 2892 28 is_stmt 1             @ ../../../../../Library/StdDriver/src/crypto.c:2892:28
	ldr	r0, [sp]
	.loc	1 2892 43 is_stmt 0             @ ../../../../../Library/StdDriver/src/crypto.c:2892:43
	lsls	r0, r0, #8
	.loc	1 2892 52                       @ ../../../../../Library/StdDriver/src/crypto.c:2892:52
	ldr	r1, [sp, #4]
	.loc	1 2892 65                       @ ../../../../../Library/StdDriver/src/crypto.c:2892:65
	lsls	r1, r1, #6
	.loc	1 2892 49                       @ ../../../../../Library/StdDriver/src/crypto.c:2892:49
	orrs	r0, r1
	.loc	1 2892 122                      @ ../../../../../Library/StdDriver/src/crypto.c:2892:122
	ldr	r1, [sp, #8]
	.loc	1 2892 94                       @ ../../../../../Library/StdDriver/src/crypto.c:2892:94
	orrs	r0, r1
	movs	r1, #32
	.loc	1 2892 120                      @ ../../../../../Library/StdDriver/src/crypto.c:2892:120
	orrs	r0, r1
	.loc	1 2892 9                        @ ../../../../../Library/StdDriver/src/crypto.c:2892:9
	ldr	r1, [sp, #12]
	movw	r2, #3920
	.loc	1 2892 25                       @ ../../../../../Library/StdDriver/src/crypto.c:2892:25
	str	r0, [r1, r2]
	.loc	1 2893 5 is_stmt 1              @ ../../../../../Library/StdDriver/src/crypto.c:2893:5
	b	.LBB43_3
.Ltmp718:
.LBB43_2:
	.loc	1 2896 28                       @ ../../../../../Library/StdDriver/src/crypto.c:2896:28
	ldr	r0, [sp, #4]
	.loc	1 2896 41 is_stmt 0             @ ../../../../../Library/StdDriver/src/crypto.c:2896:41
	lsls	r0, r0, #6
	.loc	1 2896 98                       @ ../../../../../Library/StdDriver/src/crypto.c:2896:98
	ldr	r1, [sp, #8]
	.loc	1 2896 70                       @ ../../../../../Library/StdDriver/src/crypto.c:2896:70
	orrs	r0, r1
	movs	r1, #32
	.loc	1 2896 96                       @ ../../../../../Library/StdDriver/src/crypto.c:2896:96
	orrs	r0, r1
	.loc	1 2896 9                        @ ../../../../../Library/StdDriver/src/crypto.c:2896:9
	ldr	r1, [sp, #12]
	movw	r2, #3920
	.loc	1 2896 25                       @ ../../../../../Library/StdDriver/src/crypto.c:2896:25
	str	r0, [r1, r2]
	b	.LBB43_3
.Ltmp719:
.LBB43_3:
	.loc	1 0 25                          @ ../../../../../Library/StdDriver/src/crypto.c:0:25
	movs	r0, #0
	.loc	1 2898 5 is_stmt 1              @ ../../../../../Library/StdDriver/src/crypto.c:2898:5
	add	sp, #16
	bx	lr
.Ltmp720:
	.p2align	2
@ %bb.4:
	.loc	1 0 5 is_stmt 0                 @ ../../../../../Library/StdDriver/src/crypto.c:0:5
__arm_cp.43_0:
	.long	s_u32RsaOpMode
.Lcpi_end95:
	.size	__arm_cp.43_0, .Lcpi_end95-__arm_cp.43_0
.Lfunc_end43:
	.size	RSA_SetKey_KS, .Lfunc_end43-RSA_SetKey_KS
	.cfi_endproc
	.cantunwind
	.fnend
                                        @ -- End function
	.section	.text.RSA_SetDMATransfer_KS,"ax",%progbits
	.hidden	RSA_SetDMATransfer_KS           @ -- Begin function RSA_SetDMATransfer_KS
	.globl	RSA_SetDMATransfer_KS
	.p2align	2
	.type	RSA_SetDMATransfer_KS,%function
	.code	16                              @ @RSA_SetDMATransfer_KS
	.thumb_func
RSA_SetDMATransfer_KS:
.Lfunc_begin44:
	.loc	1 2928 0 is_stmt 1              @ ../../../../../Library/StdDriver/src/crypto.c:2928:0
	.fnstart
	.cfi_startproc
@ %bb.0:
	.save	{r4, lr}
	push	{r4, lr}
	.cfi_def_cfa_offset 8
	.cfi_offset lr, -4
	.cfi_offset r4, -8
	.pad	#32
	sub	sp, #32
	.cfi_def_cfa_offset 40
	ldr	r4, [sp, #64]
	ldr	r4, [sp, #60]
	ldr	r4, [sp, #56]
	ldr	r4, [sp, #52]
	ldr	r4, [sp, #48]
	ldr	r4, [sp, #44]
	ldr	r4, [sp, #40]
	str	r0, [sp, #24]
	str	r1, [sp, #20]
	str	r2, [sp, #16]
	str	r3, [sp, #12]
.Ltmp721:
	.loc	1 2929 8 prologue_end           @ ../../../../../Library/StdDriver/src/crypto.c:2929:8
	ldr	r0, __arm_cp.44_0
	ldr	r0, [r0]
.Ltmp722:
	.loc	1 2929 8 is_stmt 0              @ ../../../../../Library/StdDriver/src/crypto.c:2929:8
	cbnz	r0, .LBB44_2
	b	.LBB44_1
.LBB44_1:
	.loc	1 0 8                           @ ../../../../../Library/StdDriver/src/crypto.c:0:8
	movs	r0, #0
	mvns	r0, r0
.Ltmp723:
	.loc	1 2931 9 is_stmt 1              @ ../../../../../Library/StdDriver/src/crypto.c:2931:9
	str	r0, [sp, #28]
	b	.LBB44_8
.Ltmp724:
.LBB44_2:
	.loc	1 2933 13                       @ ../../../../../Library/StdDriver/src/crypto.c:2933:13
	ldr	r0, [sp, #20]
	.loc	1 2933 35 is_stmt 0             @ ../../../../../Library/StdDriver/src/crypto.c:2933:35
	ldr	r1, __arm_cp.44_0
	str	r1, [sp, #8]                    @ 4-byte Spill
	ldr	r1, [r1]
	movw	r2, #1024
	.loc	1 2933 47                       @ ../../../../../Library/StdDriver/src/crypto.c:2933:47
	str	r2, [sp]                        @ 4-byte Spill
	adds	r1, r1, r2
	.loc	1 2933 5                        @ ../../../../../Library/StdDriver/src/crypto.c:2933:5
	bl	Hex2Reg
	ldr	r1, [sp, #8]                    @ 4-byte Reload
	.loc	1 2934 13 is_stmt 1             @ ../../../../../Library/StdDriver/src/crypto.c:2934:13
	ldr	r0, [sp, #16]
	.loc	1 2934 33 is_stmt 0             @ ../../../../../Library/StdDriver/src/crypto.c:2934:33
	ldr	r1, [r1]
	movw	r2, #512
	.loc	1 2934 45                       @ ../../../../../Library/StdDriver/src/crypto.c:2934:45
	str	r2, [sp, #4]                    @ 4-byte Spill
	adds	r1, r1, r2
	.loc	1 2934 5                        @ ../../../../../Library/StdDriver/src/crypto.c:2934:5
	bl	Hex2Reg
	ldr	r3, [sp]                        @ 4-byte Reload
	ldr	r2, [sp, #4]                    @ 4-byte Reload
	ldr	r0, [sp, #8]                    @ 4-byte Reload
	.loc	1 2937 56 is_stmt 1             @ ../../../../../Library/StdDriver/src/crypto.c:2937:56
	ldr	r1, [r0]
	.loc	1 2937 68 is_stmt 0             @ ../../../../../Library/StdDriver/src/crypto.c:2937:68
	adds	r1, r1, r3
	.loc	1 2937 5                        @ ../../../../../Library/StdDriver/src/crypto.c:2937:5
	ldr	r3, [sp, #24]
	ldr	r4, __arm_cp.44_1
	.loc	1 2937 24                       @ ../../../../../Library/StdDriver/src/crypto.c:2937:24
	str	r1, [r3, r4]
	.loc	1 2938 56 is_stmt 1             @ ../../../../../Library/StdDriver/src/crypto.c:2938:56
	ldr	r1, [r0]
	.loc	1 2938 68 is_stmt 0             @ ../../../../../Library/StdDriver/src/crypto.c:2938:68
	adds	r1, r1, r2
	.loc	1 2938 5                        @ ../../../../../Library/StdDriver/src/crypto.c:2938:5
	ldr	r2, [sp, #24]
	ldr	r3, __arm_cp.44_2
	.loc	1 2938 24                       @ ../../../../../Library/StdDriver/src/crypto.c:2938:24
	str	r1, [r2, r3]
	.loc	1 2939 56 is_stmt 1             @ ../../../../../Library/StdDriver/src/crypto.c:2939:56
	ldr	r0, [r0]
	.loc	1 2939 5 is_stmt 0              @ ../../../../../Library/StdDriver/src/crypto.c:2939:5
	ldr	r1, [sp, #24]
	ldr	r2, __arm_cp.44_3
	.loc	1 2939 24                       @ ../../../../../Library/StdDriver/src/crypto.c:2939:24
	str	r0, [r1, r2]
.Ltmp725:
	.loc	1 2941 9 is_stmt 1              @ ../../../../../Library/StdDriver/src/crypto.c:2941:9
	ldr	r0, __arm_cp.44_4
	.loc	1 2941 48 is_stmt 0             @ ../../../../../Library/StdDriver/src/crypto.c:2941:48
	ldrb	r0, [r0]
	lsls	r0, r0, #29
	cmp	r0, #0
	bmi	.LBB44_4
	b	.LBB44_3
.LBB44_3:
	.loc	1 2941 52                       @ ../../../../../Library/StdDriver/src/crypto.c:2941:52
	ldr	r0, __arm_cp.44_4
.Ltmp726:
	.loc	1 2941 8                        @ ../../../../../Library/StdDriver/src/crypto.c:2941:8
	ldrb	r0, [r0, #1]
	lsls	r0, r0, #31
	cbz	r0, .LBB44_5
	b	.LBB44_4
.LBB44_4:
.Ltmp727:
	.loc	1 2944 31 is_stmt 1             @ ../../../../../Library/StdDriver/src/crypto.c:2944:31
	ldr	r0, [sp, #24]
	ldr	r2, __arm_cp.44_5
	ldr	r0, [r0, r2]
	ldr	r1, __arm_cp.44_6
	.loc	1 2944 50 is_stmt 0             @ ../../../../../Library/StdDriver/src/crypto.c:2944:50
	ands	r0, r1
	.loc	1 2945 31 is_stmt 1             @ ../../../../../Library/StdDriver/src/crypto.c:2945:31
	ldr	r1, [sp, #12]
	.loc	1 2944 110                      @ ../../../../../Library/StdDriver/src/crypto.c:2944:110
	orrs	r0, r1
	.loc	1 2945 71                       @ ../../../../../Library/StdDriver/src/crypto.c:2945:71
	ldr	r1, [sp, #40]
	.loc	1 2945 79 is_stmt 0             @ ../../../../../Library/StdDriver/src/crypto.c:2945:79
	lsls	r1, r1, #8
	.loc	1 2945 68                       @ ../../../../../Library/StdDriver/src/crypto.c:2945:68
	orrs	r0, r1
	.loc	1 2944 9 is_stmt 1              @ ../../../../../Library/StdDriver/src/crypto.c:2944:9
	ldr	r1, [sp, #24]
	.loc	1 2944 28 is_stmt 0             @ ../../../../../Library/StdDriver/src/crypto.c:2944:28
	str	r0, [r1, r2]
	.loc	1 2947 5 is_stmt 1              @ ../../../../../Library/StdDriver/src/crypto.c:2947:5
	b	.LBB44_5
.Ltmp728:
.LBB44_5:
	.loc	1 2948 8                        @ ../../../../../Library/StdDriver/src/crypto.c:2948:8
	ldr	r0, __arm_cp.44_4
.Ltmp729:
	.loc	1 2948 8 is_stmt 0              @ ../../../../../Library/StdDriver/src/crypto.c:2948:8
	ldrb	r0, [r0]
	lsls	r0, r0, #29
	cmp	r0, #0
	bpl	.LBB44_7
	b	.LBB44_6
.LBB44_6:
.Ltmp730:
	.loc	1 2951 31 is_stmt 1             @ ../../../../../Library/StdDriver/src/crypto.c:2951:31
	ldr	r0, [sp, #24]
	ldr	r2, __arm_cp.44_5
	ldr	r0, [r0, r2]
	ldr	r1, __arm_cp.44_7
	.loc	1 2951 50 is_stmt 0             @ ../../../../../Library/StdDriver/src/crypto.c:2951:50
	ands	r0, r1
	.loc	1 2952 31 is_stmt 1             @ ../../../../../Library/StdDriver/src/crypto.c:2952:31
	ldr	r1, [sp, #44]
	.loc	1 2952 40 is_stmt 0             @ ../../../../../Library/StdDriver/src/crypto.c:2952:40
	lsls	r1, r1, #16
	.loc	1 2951 110 is_stmt 1            @ ../../../../../Library/StdDriver/src/crypto.c:2951:110
	orrs	r0, r1
	.loc	1 2952 72                       @ ../../../../../Library/StdDriver/src/crypto.c:2952:72
	ldr	r1, [sp, #48]
	.loc	1 2952 81 is_stmt 0             @ ../../../../../Library/StdDriver/src/crypto.c:2952:81
	lsls	r1, r1, #24
	.loc	1 2952 69                       @ ../../../../../Library/StdDriver/src/crypto.c:2952:69
	orrs	r0, r1
	.loc	1 2951 9 is_stmt 1              @ ../../../../../Library/StdDriver/src/crypto.c:2951:9
	ldr	r1, [sp, #24]
	.loc	1 2951 28 is_stmt 0             @ ../../../../../Library/StdDriver/src/crypto.c:2951:28
	str	r0, [r1, r2]
	.loc	1 2953 31 is_stmt 1             @ ../../../../../Library/StdDriver/src/crypto.c:2953:31
	ldr	r0, [sp, #52]
	.loc	1 2953 72 is_stmt 0             @ ../../../../../Library/StdDriver/src/crypto.c:2953:72
	ldr	r1, [sp, #56]
	.loc	1 2953 81                       @ ../../../../../Library/StdDriver/src/crypto.c:2953:81
	lsls	r1, r1, #8
	.loc	1 2953 69                       @ ../../../../../Library/StdDriver/src/crypto.c:2953:69
	orrs	r0, r1
	.loc	1 2954 31 is_stmt 1             @ ../../../../../Library/StdDriver/src/crypto.c:2954:31
	ldr	r1, [sp, #60]
	.loc	1 2954 40 is_stmt 0             @ ../../../../../Library/StdDriver/src/crypto.c:2954:40
	lsls	r1, r1, #16
	.loc	1 2953 110 is_stmt 1            @ ../../../../../Library/StdDriver/src/crypto.c:2953:110
	orrs	r0, r1
	.loc	1 2954 72                       @ ../../../../../Library/StdDriver/src/crypto.c:2954:72
	ldr	r1, [sp, #64]
	.loc	1 2954 81 is_stmt 0             @ ../../../../../Library/StdDriver/src/crypto.c:2954:81
	lsls	r1, r1, #24
	.loc	1 2954 69                       @ ../../../../../Library/StdDriver/src/crypto.c:2954:69
	orrs	r0, r1
	.loc	1 2953 9 is_stmt 1              @ ../../../../../Library/StdDriver/src/crypto.c:2953:9
	ldr	r1, [sp, #24]
	ldr	r2, __arm_cp.44_8
	.loc	1 2953 28 is_stmt 0             @ ../../../../../Library/StdDriver/src/crypto.c:2953:28
	str	r0, [r1, r2]
	.loc	1 2955 5 is_stmt 1              @ ../../../../../Library/StdDriver/src/crypto.c:2955:5
	b	.LBB44_7
.Ltmp731:
.LBB44_7:
	.loc	1 0 5 is_stmt 0                 @ ../../../../../Library/StdDriver/src/crypto.c:0:5
	movs	r0, #0
	.loc	1 2957 5 is_stmt 1              @ ../../../../../Library/StdDriver/src/crypto.c:2957:5
	str	r0, [sp, #28]
	b	.LBB44_8
.LBB44_8:
	.loc	1 2958 1                        @ ../../../../../Library/StdDriver/src/crypto.c:2958:1
	ldr	r0, [sp, #28]
	add	sp, #32
	pop	{r4, pc}
.Ltmp732:
	.p2align	2
@ %bb.9:
	.loc	1 0 1 is_stmt 0                 @ ../../../../../Library/StdDriver/src/crypto.c:0:1
__arm_cp.44_0:
	.long	s_pRSABuf
.Lcpi_end96:
	.size	__arm_cp.44_0, .Lcpi_end96-__arm_cp.44_0
__arm_cp.44_1:
	.long	2824                            @ 0xb08
.Lcpi_end97:
	.size	__arm_cp.44_1, .Lcpi_end97-__arm_cp.44_1
__arm_cp.44_2:
	.long	2828                            @ 0xb0c
.Lcpi_end98:
	.size	__arm_cp.44_2, .Lcpi_end98-__arm_cp.44_2
__arm_cp.44_3:
	.long	2844                            @ 0xb1c
.Lcpi_end99:
	.size	__arm_cp.44_3, .Lcpi_end99-__arm_cp.44_3
__arm_cp.44_4:
	.long	s_u32RsaOpMode
.Lcpi_end100:
	.size	__arm_cp.44_4, .Lcpi_end100-__arm_cp.44_4
__arm_cp.44_5:
	.long	3924                            @ 0xf54
.Lcpi_end101:
	.size	__arm_cp.44_5, .Lcpi_end101-__arm_cp.44_5
__arm_cp.44_6:
	.long	4294959328                      @ 0xffffe0e0
.Lcpi_end102:
	.size	__arm_cp.44_6, .Lcpi_end102-__arm_cp.44_6
__arm_cp.44_7:
	.long	3772841983                      @ 0xe0e0ffff
.Lcpi_end103:
	.size	__arm_cp.44_7, .Lcpi_end103-__arm_cp.44_7
__arm_cp.44_8:
	.long	3928                            @ 0xf58
.Lcpi_end104:
	.size	__arm_cp.44_8, .Lcpi_end104-__arm_cp.44_8
.Lfunc_end44:
	.size	RSA_SetDMATransfer_KS, .Lfunc_end44-RSA_SetDMATransfer_KS
	.cfi_endproc
	.fnend
                                        @ -- End function
	.section	.text.SM2_Sign,"ax",%progbits
	.hidden	SM2_Sign                        @ -- Begin function SM2_Sign
	.globl	SM2_Sign
	.p2align	2
	.type	SM2_Sign,%function
	.code	16                              @ @SM2_Sign
	.thumb_func
SM2_Sign:
.Lfunc_begin45:
	.loc	1 2975 0 is_stmt 1              @ ../../../../../Library/StdDriver/src/crypto.c:2975:0
	.fnstart
	.cfi_startproc
@ %bb.0:
	.save	{r4, lr}
	push	{r4, lr}
	.cfi_def_cfa_offset 8
	.cfi_offset lr, -4
	.cfi_offset r4, -8
	.pad	#160
	sub	sp, #160
	.cfi_def_cfa_offset 168
	ldr	r4, [sp, #176]
	ldr	r4, [sp, #172]
	ldr	r4, [sp, #168]
	str	r0, [sp, #152]
	str	r1, [sp, #148]
	str	r2, [sp, #144]
	str	r3, [sp, #140]
	movs	r0, #0
.Ltmp733:
	.loc	1 2977 17 prologue_end          @ ../../../../../Library/StdDriver/src/crypto.c:2977:17
	str	r0, [sp, #56]                   @ 4-byte Spill
	str	r0, [sp, #60]
	.loc	1 2993 15                       @ ../../../../../Library/StdDriver/src/crypto.c:2993:15
	ldr	r0, [sp, #152]
	ldr	r1, __arm_cp.45_0
	.loc	1 2993 21 is_stmt 0             @ ../../../../../Library/StdDriver/src/crypto.c:2993:21
	str	r1, [sp, #48]                   @ 4-byte Spill
	adds	r0, r0, r1
	.loc	1 2993 5                        @ ../../../../../Library/StdDriver/src/crypto.c:2993:5
	bl	clean_reg
	ldr	r2, [sp, #48]                   @ 4-byte Reload
	.loc	1 2994 13 is_stmt 1             @ ../../../../../Library/StdDriver/src/crypto.c:2994:13
	ldr	r0, __arm_cp.45_1
	ldr	r0, [r0]
	movw	r1, #768
	.loc	1 2994 21 is_stmt 0             @ ../../../../../Library/StdDriver/src/crypto.c:2994:21
	adds	r0, r0, r1
	.loc	1 2994 29                       @ ../../../../../Library/StdDriver/src/crypto.c:2994:29
	ldr	r1, [sp, #152]
	.loc	1 2994 35                       @ ../../../../../Library/StdDriver/src/crypto.c:2994:35
	adds	r1, r1, r2
	.loc	1 2994 5                        @ ../../../../../Library/StdDriver/src/crypto.c:2994:5
	bl	Hex2Reg
	.loc	1 2997 15 is_stmt 1             @ ../../../../../Library/StdDriver/src/crypto.c:2997:15
	ldr	r0, [sp, #152]
	ldr	r1, __arm_cp.45_2
	.loc	1 2997 21 is_stmt 0             @ ../../../../../Library/StdDriver/src/crypto.c:2997:21
	str	r1, [sp, #52]                   @ 4-byte Spill
	adds	r0, r0, r1
	.loc	1 2997 5                        @ ../../../../../Library/StdDriver/src/crypto.c:2997:5
	bl	clean_reg
	ldr	r2, [sp, #52]                   @ 4-byte Reload
	.loc	1 2998 13 is_stmt 1             @ ../../../../../Library/StdDriver/src/crypto.c:2998:13
	ldr	r0, [sp, #144]
	.loc	1 2998 16 is_stmt 0             @ ../../../../../Library/StdDriver/src/crypto.c:2998:16
	ldr	r1, [sp, #152]
	.loc	1 2998 22                       @ ../../../../../Library/StdDriver/src/crypto.c:2998:22
	adds	r1, r1, r2
	.loc	1 2998 5                        @ ../../../../../Library/StdDriver/src/crypto.c:2998:5
	bl	Hex2Reg
	.loc	1 3001 15 is_stmt 1             @ ../../../../../Library/StdDriver/src/crypto.c:3001:15
	ldr	r0, [sp, #152]
	movw	r1, #2128
	.loc	1 3001 21 is_stmt 0             @ ../../../../../Library/StdDriver/src/crypto.c:3001:21
	adds	r0, r0, r1
	.loc	1 3001 5                        @ ../../../../../Library/StdDriver/src/crypto.c:3001:5
	bl	clean_reg
	.loc	1 3004 19 is_stmt 1             @ ../../../../../Library/StdDriver/src/crypto.c:3004:19
	ldr	r0, [sp, #152]
	movw	r1, #4608
	.loc	1 3004 5 is_stmt 0              @ ../../../../../Library/StdDriver/src/crypto.c:3004:5
	bl	run_ecc_codec
                                        @ kill: def $r1 killed $r0
.Ltmp734:
	.loc	1 3007 11 is_stmt 1             @ ../../../../../Library/StdDriver/src/crypto.c:3007:11
	ldr	r0, [sp, #56]                   @ 4-byte Reload
	str	r0, [sp, #64]
	.loc	1 3007 9 is_stmt 0              @ ../../../../../Library/StdDriver/src/crypto.c:3007:9
	b	.LBB45_1
.LBB45_1:                               @ =>This Inner Loop Header: Depth=1
.Ltmp735:
	.loc	1 3007 16                       @ ../../../../../Library/StdDriver/src/crypto.c:3007:16
	ldr	r0, [sp, #64]
.Ltmp736:
	.loc	1 3007 5                        @ ../../../../../Library/StdDriver/src/crypto.c:3007:5
	cmp	r0, #17
	bgt	.LBB45_4
	b	.LBB45_2
.LBB45_2:                               @   in Loop: Header=BB45_1 Depth=1
.Ltmp737:
	.loc	1 3009 16 is_stmt 1             @ ../../../../../Library/StdDriver/src/crypto.c:3009:16
	ldr	r0, [sp, #152]
	.loc	1 3009 29 is_stmt 0             @ ../../../../../Library/StdDriver/src/crypto.c:3009:29
	ldr	r1, [sp, #64]
	.loc	1 3009 16                       @ ../../../../../Library/StdDriver/src/crypto.c:3009:16
	lsls	r1, r1, #2
	.loc	1 3009 22                       @ ../../../../../Library/StdDriver/src/crypto.c:3009:22
	adds	r0, r0, r1
	ldr	r1, __arm_cp.45_2
	.loc	1 3009 16                       @ ../../../../../Library/StdDriver/src/crypto.c:3009:16
	ldr	r0, [r0, r1]
	.loc	1 3009 11                       @ ../../../../../Library/StdDriver/src/crypto.c:3009:11
	ldr	r1, [sp, #64]
	.loc	1 3009 9                        @ ../../../../../Library/StdDriver/src/crypto.c:3009:9
	lsls	r2, r1, #2
	add	r1, sp, #68
	.loc	1 3009 14                       @ ../../../../../Library/StdDriver/src/crypto.c:3009:14
	str	r0, [r1, r2]
	.loc	1 3010 5 is_stmt 1              @ ../../../../../Library/StdDriver/src/crypto.c:3010:5
	b	.LBB45_3
.Ltmp738:
.LBB45_3:                               @   in Loop: Header=BB45_1 Depth=1
	.loc	1 3007 25                       @ ../../../../../Library/StdDriver/src/crypto.c:3007:25
	ldr	r0, [sp, #64]
	adds	r0, r0, #1
	str	r0, [sp, #64]
	.loc	1 3007 5 is_stmt 0              @ ../../../../../Library/StdDriver/src/crypto.c:3007:5
	b	.LBB45_1
.Ltmp739:
.LBB45_4:
	.loc	1 3013 23 is_stmt 1             @ ../../../../../Library/StdDriver/src/crypto.c:3013:23
	ldr	r0, [sp, #152]
	.loc	1 3013 29 is_stmt 0             @ ../../../../../Library/StdDriver/src/crypto.c:3013:29
	ldr	r1, [sp, #148]
	.loc	1 3013 8                        @ ../../../../../Library/StdDriver/src/crypto.c:3013:8
	bl	ecc_init_curve
.Ltmp740:
	.loc	1 3013 8                        @ ../../../../../Library/StdDriver/src/crypto.c:3013:8
	cbz	r0, .LBB45_6
	b	.LBB45_5
.LBB45_5:
	.loc	1 0 8                           @ ../../../../../Library/StdDriver/src/crypto.c:0:8
	movs	r0, #0
	mvns	r0, r0
.Ltmp741:
	.loc	1 3015 13 is_stmt 1             @ ../../../../../Library/StdDriver/src/crypto.c:3015:13
	str	r0, [sp, #60]
	.loc	1 3016 5                        @ ../../../../../Library/StdDriver/src/crypto.c:3016:5
	b	.LBB45_6
.Ltmp742:
.LBB45_6:
	.loc	1 3018 8                        @ ../../../../../Library/StdDriver/src/crypto.c:3018:8
	ldr	r0, [sp, #60]
.Ltmp743:
	.loc	1 3018 8 is_stmt 0              @ ../../../../../Library/StdDriver/src/crypto.c:3018:8
	cbz	r0, .LBB45_7
	b	.LBB45_48
.LBB45_7:
	.loc	1 0 8                           @ ../../../../../Library/StdDriver/src/crypto.c:0:8
	ldr	r1, __arm_cp.45_3
	movs	r0, #0
.Ltmp744:
	.loc	1 3020 25 is_stmt 1             @ ../../../../../Library/StdDriver/src/crypto.c:3020:25
	str	r0, [sp, #44]                   @ 4-byte Spill
	str	r0, [r1]
	.loc	1 3044 19                       @ ../../../../../Library/StdDriver/src/crypto.c:3044:19
	ldr	r0, [sp, #152]
	movw	r1, #2560
	.loc	1 3044 25 is_stmt 0             @ ../../../../../Library/StdDriver/src/crypto.c:3044:25
	str	r1, [sp, #32]                   @ 4-byte Spill
	adds	r0, r0, r1
	.loc	1 3044 9                        @ ../../../../../Library/StdDriver/src/crypto.c:3044:9
	bl	clean_reg
	ldr	r2, [sp, #32]                   @ 4-byte Reload
	.loc	1 3045 17 is_stmt 1             @ ../../../../../Library/StdDriver/src/crypto.c:3045:17
	ldr	r0, [sp, #168]
	.loc	1 3045 20 is_stmt 0             @ ../../../../../Library/StdDriver/src/crypto.c:3045:20
	ldr	r1, [sp, #152]
	.loc	1 3045 26                       @ ../../../../../Library/StdDriver/src/crypto.c:3045:26
	adds	r1, r1, r2
	.loc	1 3045 9                        @ ../../../../../Library/StdDriver/src/crypto.c:3045:9
	bl	Hex2Reg
	ldr	r1, [sp, #44]                   @ 4-byte Reload
	.loc	1 3047 23 is_stmt 1             @ ../../../../../Library/StdDriver/src/crypto.c:3047:23
	ldr	r0, [sp, #152]
	.loc	1 3047 9 is_stmt 0              @ ../../../../../Library/StdDriver/src/crypto.c:3047:9
	bl	run_ecc_codec
	.loc	1 3050 19 is_stmt 1             @ ../../../../../Library/StdDriver/src/crypto.c:3050:19
	ldr	r0, [sp, #152]
	ldr	r1, __arm_cp.45_0
	.loc	1 3050 25 is_stmt 0             @ ../../../../../Library/StdDriver/src/crypto.c:3050:25
	str	r1, [sp, #36]                   @ 4-byte Spill
	adds	r0, r0, r1
	.loc	1 3050 9                        @ ../../../../../Library/StdDriver/src/crypto.c:3050:9
	bl	clean_reg
	ldr	r2, [sp, #36]                   @ 4-byte Reload
	.loc	1 3051 17 is_stmt 1             @ ../../../../../Library/StdDriver/src/crypto.c:3051:17
	ldr	r0, __arm_cp.45_1
	ldr	r0, [r0]
	movw	r1, #768
	.loc	1 3051 25 is_stmt 0             @ ../../../../../Library/StdDriver/src/crypto.c:3051:25
	adds	r0, r0, r1
	.loc	1 3051 33                       @ ../../../../../Library/StdDriver/src/crypto.c:3051:33
	ldr	r1, [sp, #152]
	.loc	1 3051 39                       @ ../../../../../Library/StdDriver/src/crypto.c:3051:39
	adds	r1, r1, r2
	.loc	1 3051 9                        @ ../../../../../Library/StdDriver/src/crypto.c:3051:9
	bl	Hex2Reg
	.loc	1 3053 19 is_stmt 1             @ ../../../../../Library/StdDriver/src/crypto.c:3053:19
	ldr	r0, [sp, #152]
	movw	r1, #2128
	.loc	1 3053 25 is_stmt 0             @ ../../../../../Library/StdDriver/src/crypto.c:3053:25
	str	r1, [sp, #40]                   @ 4-byte Spill
	adds	r0, r0, r1
	.loc	1 3053 9                        @ ../../../../../Library/StdDriver/src/crypto.c:3053:9
	bl	clean_reg
	.loc	1 3054 23 is_stmt 1             @ ../../../../../Library/StdDriver/src/crypto.c:3054:23
	ldr	r0, [sp, #152]
	movw	r1, #4608
	.loc	1 3054 9 is_stmt 0              @ ../../../../../Library/StdDriver/src/crypto.c:3054:9
	bl	run_ecc_codec
	ldr	r1, [sp, #40]                   @ 4-byte Reload
	.loc	1 3079 19 is_stmt 1             @ ../../../../../Library/StdDriver/src/crypto.c:3079:19
	ldr	r0, [sp, #152]
	.loc	1 3079 25 is_stmt 0             @ ../../../../../Library/StdDriver/src/crypto.c:3079:25
	adds	r0, r0, r1
	.loc	1 3079 9                        @ ../../../../../Library/StdDriver/src/crypto.c:3079:9
	bl	clean_reg
	ldr	r0, [sp, #44]                   @ 4-byte Reload
.Ltmp745:
	.loc	1 3082 15 is_stmt 1             @ ../../../../../Library/StdDriver/src/crypto.c:3082:15
	str	r0, [sp, #64]
	.loc	1 3082 13 is_stmt 0             @ ../../../../../Library/StdDriver/src/crypto.c:3082:13
	b	.LBB45_8
.LBB45_8:                               @ =>This Inner Loop Header: Depth=1
.Ltmp746:
	.loc	1 3082 20                       @ ../../../../../Library/StdDriver/src/crypto.c:3082:20
	ldr	r0, [sp, #64]
.Ltmp747:
	.loc	1 3082 9                        @ ../../../../../Library/StdDriver/src/crypto.c:3082:9
	cmp	r0, #17
	bgt	.LBB45_11
	b	.LBB45_9
.LBB45_9:                               @   in Loop: Header=BB45_8 Depth=1
.Ltmp748:
	.loc	1 3084 33 is_stmt 1             @ ../../../../../Library/StdDriver/src/crypto.c:3084:33
	ldr	r0, [sp, #64]
	.loc	1 3084 31 is_stmt 0             @ ../../../../../Library/StdDriver/src/crypto.c:3084:31
	lsls	r2, r0, #2
	add	r0, sp, #68
	ldr	r0, [r0, r2]
	.loc	1 3084 13                       @ ../../../../../Library/StdDriver/src/crypto.c:3084:13
	ldr	r1, [sp, #152]
	.loc	1 3084 19                       @ ../../../../../Library/StdDriver/src/crypto.c:3084:19
	adds	r1, r1, r2
	movw	r2, #2128
	.loc	1 3084 29                       @ ../../../../../Library/StdDriver/src/crypto.c:3084:29
	str	r0, [r1, r2]
	.loc	1 3085 9 is_stmt 1              @ ../../../../../Library/StdDriver/src/crypto.c:3085:9
	b	.LBB45_10
.Ltmp749:
.LBB45_10:                              @   in Loop: Header=BB45_8 Depth=1
	.loc	1 3082 29                       @ ../../../../../Library/StdDriver/src/crypto.c:3082:29
	ldr	r0, [sp, #64]
	adds	r0, r0, #1
	str	r0, [sp, #64]
	.loc	1 3082 9 is_stmt 0              @ ../../../../../Library/StdDriver/src/crypto.c:3082:9
	b	.LBB45_8
.Ltmp750:
.LBB45_11:
	.loc	1 3088 23 is_stmt 1             @ ../../../../../Library/StdDriver/src/crypto.c:3088:23
	ldr	r0, [sp, #152]
	movw	r1, #4608
	.loc	1 3088 9 is_stmt 0              @ ../../../../../Library/StdDriver/src/crypto.c:3088:9
	bl	run_ecc_codec
	movs	r0, #0
.Ltmp751:
	.loc	1 3092 15 is_stmt 1             @ ../../../../../Library/StdDriver/src/crypto.c:3092:15
	str	r0, [sp, #64]
	.loc	1 3092 13 is_stmt 0             @ ../../../../../Library/StdDriver/src/crypto.c:3092:13
	b	.LBB45_12
.LBB45_12:                              @ =>This Inner Loop Header: Depth=1
.Ltmp752:
	.loc	1 3092 20                       @ ../../../../../Library/StdDriver/src/crypto.c:3092:20
	ldr	r0, [sp, #64]
.Ltmp753:
	.loc	1 3092 9                        @ ../../../../../Library/StdDriver/src/crypto.c:3092:9
	cmp	r0, #17
	bgt	.LBB45_17
	b	.LBB45_13
.LBB45_13:                              @   in Loop: Header=BB45_12 Depth=1
.Ltmp754:
	.loc	1 3094 16 is_stmt 1             @ ../../../../../Library/StdDriver/src/crypto.c:3094:16
	ldr	r0, [sp, #152]
	.loc	1 3094 29 is_stmt 0             @ ../../../../../Library/StdDriver/src/crypto.c:3094:29
	ldr	r1, [sp, #64]
	.loc	1 3094 16                       @ ../../../../../Library/StdDriver/src/crypto.c:3094:16
	lsls	r1, r1, #2
	.loc	1 3094 22                       @ ../../../../../Library/StdDriver/src/crypto.c:3094:22
	adds	r0, r0, r1
	ldr	r1, __arm_cp.45_2
	.loc	1 3094 16                       @ ../../../../../Library/StdDriver/src/crypto.c:3094:16
	ldr	r0, [r0, r1]
.Ltmp755:
	.loc	1 3094 16                       @ ../../../../../Library/StdDriver/src/crypto.c:3094:16
	cbz	r0, .LBB45_15
	b	.LBB45_14
.LBB45_14:
.Ltmp756:
	.loc	1 3095 17 is_stmt 1             @ ../../../../../Library/StdDriver/src/crypto.c:3095:17
	b	.LBB45_17
.Ltmp757:
.LBB45_15:                              @   in Loop: Header=BB45_12 Depth=1
	.loc	1 3096 9                        @ ../../../../../Library/StdDriver/src/crypto.c:3096:9
	b	.LBB45_16
.Ltmp758:
.LBB45_16:                              @   in Loop: Header=BB45_12 Depth=1
	.loc	1 3092 29                       @ ../../../../../Library/StdDriver/src/crypto.c:3092:29
	ldr	r0, [sp, #64]
	adds	r0, r0, #1
	str	r0, [sp, #64]
	.loc	1 3092 9 is_stmt 0              @ ../../../../../Library/StdDriver/src/crypto.c:3092:9
	b	.LBB45_12
.Ltmp759:
.LBB45_17:
	.loc	1 3097 12 is_stmt 1             @ ../../../../../Library/StdDriver/src/crypto.c:3097:12
	ldr	r0, [sp, #64]
.Ltmp760:
	.loc	1 3097 12 is_stmt 0             @ ../../../../../Library/StdDriver/src/crypto.c:3097:12
	cmp	r0, #18
	bne	.LBB45_19
	b	.LBB45_18
.LBB45_18:
	.loc	1 0 12                          @ ../../../../../Library/StdDriver/src/crypto.c:0:12
	movs	r0, #0
	mvns	r0, r0
.Ltmp761:
	.loc	1 3100 13 is_stmt 1             @ ../../../../../Library/StdDriver/src/crypto.c:3100:13
	str	r0, [sp, #156]
	b	.LBB45_49
.Ltmp762:
.LBB45_19:
	.loc	1 0 13 is_stmt 0                @ ../../../../../Library/StdDriver/src/crypto.c:0:13
	movs	r0, #0
.Ltmp763:
	.loc	1 3104 15 is_stmt 1             @ ../../../../../Library/StdDriver/src/crypto.c:3104:15
	str	r0, [sp, #64]
	.loc	1 3104 13 is_stmt 0             @ ../../../../../Library/StdDriver/src/crypto.c:3104:13
	b	.LBB45_20
.LBB45_20:                              @ =>This Inner Loop Header: Depth=1
.Ltmp764:
	.loc	1 3104 20                       @ ../../../../../Library/StdDriver/src/crypto.c:3104:20
	ldr	r0, [sp, #64]
.Ltmp765:
	.loc	1 3104 9                        @ ../../../../../Library/StdDriver/src/crypto.c:3104:9
	cmp	r0, #17
	bgt	.LBB45_23
	b	.LBB45_21
.LBB45_21:                              @   in Loop: Header=BB45_20 Depth=1
.Ltmp766:
	.loc	1 3106 20 is_stmt 1             @ ../../../../../Library/StdDriver/src/crypto.c:3106:20
	ldr	r0, [sp, #152]
	.loc	1 3106 33 is_stmt 0             @ ../../../../../Library/StdDriver/src/crypto.c:3106:33
	ldr	r1, [sp, #64]
	.loc	1 3106 20                       @ ../../../../../Library/StdDriver/src/crypto.c:3106:20
	lsls	r1, r1, #2
	.loc	1 3106 26                       @ ../../../../../Library/StdDriver/src/crypto.c:3106:26
	adds	r0, r0, r1
	ldr	r1, __arm_cp.45_2
	.loc	1 3106 20                       @ ../../../../../Library/StdDriver/src/crypto.c:3106:20
	ldr	r0, [r0, r1]
	.loc	1 3106 15                       @ ../../../../../Library/StdDriver/src/crypto.c:3106:15
	ldr	r1, [sp, #64]
	.loc	1 3106 13                       @ ../../../../../Library/StdDriver/src/crypto.c:3106:13
	lsls	r2, r1, #2
	add	r1, sp, #68
	.loc	1 3106 18                       @ ../../../../../Library/StdDriver/src/crypto.c:3106:18
	str	r0, [r1, r2]
	.loc	1 3107 9 is_stmt 1              @ ../../../../../Library/StdDriver/src/crypto.c:3107:9
	b	.LBB45_22
.Ltmp767:
.LBB45_22:                              @   in Loop: Header=BB45_20 Depth=1
	.loc	1 3104 29                       @ ../../../../../Library/StdDriver/src/crypto.c:3104:29
	ldr	r0, [sp, #64]
	adds	r0, r0, #1
	str	r0, [sp, #64]
	.loc	1 3104 9 is_stmt 0              @ ../../../../../Library/StdDriver/src/crypto.c:3104:9
	b	.LBB45_20
.Ltmp768:
.LBB45_23:
	.loc	1 3110 19 is_stmt 1             @ ../../../../../Library/StdDriver/src/crypto.c:3110:19
	ldr	r0, [sp, #152]
	movw	r1, #2128
	.loc	1 3110 25 is_stmt 0             @ ../../../../../Library/StdDriver/src/crypto.c:3110:25
	str	r1, [sp, #28]                   @ 4-byte Spill
	adds	r0, r0, r1
	.loc	1 3110 9                        @ ../../../../../Library/StdDriver/src/crypto.c:3110:9
	bl	clean_reg
	ldr	r2, [sp, #28]                   @ 4-byte Reload
	.loc	1 3111 17 is_stmt 1             @ ../../../../../Library/StdDriver/src/crypto.c:3111:17
	ldr	r0, [sp, #168]
	.loc	1 3111 20 is_stmt 0             @ ../../../../../Library/StdDriver/src/crypto.c:3111:20
	ldr	r1, [sp, #152]
	.loc	1 3111 26                       @ ../../../../../Library/StdDriver/src/crypto.c:3111:26
	adds	r1, r1, r2
	.loc	1 3111 9                        @ ../../../../../Library/StdDriver/src/crypto.c:3111:9
	bl	Hex2Reg
	.loc	1 3114 23 is_stmt 1             @ ../../../../../Library/StdDriver/src/crypto.c:3114:23
	ldr	r0, [sp, #152]
	movw	r1, #4608
	.loc	1 3114 9 is_stmt 0              @ ../../../../../Library/StdDriver/src/crypto.c:3114:9
	bl	run_ecc_codec
	movs	r0, #0
.Ltmp769:
	.loc	1 3118 15 is_stmt 1             @ ../../../../../Library/StdDriver/src/crypto.c:3118:15
	str	r0, [sp, #64]
	.loc	1 3118 13 is_stmt 0             @ ../../../../../Library/StdDriver/src/crypto.c:3118:13
	b	.LBB45_24
.LBB45_24:                              @ =>This Inner Loop Header: Depth=1
.Ltmp770:
	.loc	1 3118 20                       @ ../../../../../Library/StdDriver/src/crypto.c:3118:20
	ldr	r0, [sp, #64]
.Ltmp771:
	.loc	1 3118 9                        @ ../../../../../Library/StdDriver/src/crypto.c:3118:9
	cmp	r0, #17
	bgt	.LBB45_29
	b	.LBB45_25
.LBB45_25:                              @   in Loop: Header=BB45_24 Depth=1
.Ltmp772:
	.loc	1 3120 16 is_stmt 1             @ ../../../../../Library/StdDriver/src/crypto.c:3120:16
	ldr	r0, [sp, #152]
	.loc	1 3120 29 is_stmt 0             @ ../../../../../Library/StdDriver/src/crypto.c:3120:29
	ldr	r1, [sp, #64]
	.loc	1 3120 16                       @ ../../../../../Library/StdDriver/src/crypto.c:3120:16
	lsls	r1, r1, #2
	.loc	1 3120 22                       @ ../../../../../Library/StdDriver/src/crypto.c:3120:22
	adds	r0, r0, r1
	ldr	r1, __arm_cp.45_2
	.loc	1 3120 16                       @ ../../../../../Library/StdDriver/src/crypto.c:3120:16
	ldr	r0, [r0, r1]
.Ltmp773:
	.loc	1 3120 16                       @ ../../../../../Library/StdDriver/src/crypto.c:3120:16
	cbz	r0, .LBB45_27
	b	.LBB45_26
.LBB45_26:
.Ltmp774:
	.loc	1 3121 17 is_stmt 1             @ ../../../../../Library/StdDriver/src/crypto.c:3121:17
	b	.LBB45_29
.Ltmp775:
.LBB45_27:                              @   in Loop: Header=BB45_24 Depth=1
	.loc	1 3122 9                        @ ../../../../../Library/StdDriver/src/crypto.c:3122:9
	b	.LBB45_28
.Ltmp776:
.LBB45_28:                              @   in Loop: Header=BB45_24 Depth=1
	.loc	1 3118 29                       @ ../../../../../Library/StdDriver/src/crypto.c:3118:29
	ldr	r0, [sp, #64]
	adds	r0, r0, #1
	str	r0, [sp, #64]
	.loc	1 3118 9 is_stmt 0              @ ../../../../../Library/StdDriver/src/crypto.c:3118:9
	b	.LBB45_24
.Ltmp777:
.LBB45_29:
	.loc	1 3123 12 is_stmt 1             @ ../../../../../Library/StdDriver/src/crypto.c:3123:12
	ldr	r0, [sp, #64]
.Ltmp778:
	.loc	1 3123 12 is_stmt 0             @ ../../../../../Library/StdDriver/src/crypto.c:3123:12
	cmp	r0, #18
	bne	.LBB45_31
	b	.LBB45_30
.LBB45_30:
	.loc	1 0 12                          @ ../../../../../Library/StdDriver/src/crypto.c:0:12
	movs	r0, #0
	mvns	r0, r0
.Ltmp779:
	.loc	1 3126 13 is_stmt 1             @ ../../../../../Library/StdDriver/src/crypto.c:3126:13
	str	r0, [sp, #156]
	b	.LBB45_49
.Ltmp780:
.LBB45_31:
	.loc	1 3130 17                       @ ../../../../../Library/StdDriver/src/crypto.c:3130:17
	ldr	r0, __arm_cp.45_1
	str	r0, [sp, #16]                   @ 4-byte Spill
	ldr	r0, [r0]
	.loc	1 3130 25 is_stmt 0             @ ../../../../../Library/StdDriver/src/crypto.c:3130:25
	ldr	r0, [r0, #4]
	.loc	1 3130 35                       @ ../../../../../Library/StdDriver/src/crypto.c:3130:35
	ldr	r2, [sp, #172]
	add	r1, sp, #68
	.loc	1 3130 9                        @ ../../../../../Library/StdDriver/src/crypto.c:3130:9
	bl	Reg2Hex
	.loc	1 3170 19 is_stmt 1             @ ../../../../../Library/StdDriver/src/crypto.c:3170:19
	ldr	r0, [sp, #152]
	ldr	r1, __arm_cp.45_0
	.loc	1 3170 25 is_stmt 0             @ ../../../../../Library/StdDriver/src/crypto.c:3170:25
	str	r1, [sp, #20]                   @ 4-byte Spill
	adds	r0, r0, r1
	.loc	1 3170 9                        @ ../../../../../Library/StdDriver/src/crypto.c:3170:9
	bl	clean_reg
	ldr	r0, [sp, #16]                   @ 4-byte Reload
	ldr	r2, [sp, #20]                   @ 4-byte Reload
	.loc	1 3171 17 is_stmt 1             @ ../../../../../Library/StdDriver/src/crypto.c:3171:17
	ldr	r0, [r0]
	movw	r1, #768
	.loc	1 3171 25 is_stmt 0             @ ../../../../../Library/StdDriver/src/crypto.c:3171:25
	adds	r0, r0, r1
	.loc	1 3171 33                       @ ../../../../../Library/StdDriver/src/crypto.c:3171:33
	ldr	r1, [sp, #152]
	.loc	1 3171 39                       @ ../../../../../Library/StdDriver/src/crypto.c:3171:39
	adds	r1, r1, r2
	.loc	1 3171 9                        @ ../../../../../Library/StdDriver/src/crypto.c:3171:9
	bl	Hex2Reg
	.loc	1 3174 19 is_stmt 1             @ ../../../../../Library/StdDriver/src/crypto.c:3174:19
	ldr	r0, [sp, #152]
	ldr	r1, __arm_cp.45_2
	.loc	1 3174 25 is_stmt 0             @ ../../../../../Library/StdDriver/src/crypto.c:3174:25
	str	r1, [sp, #24]                   @ 4-byte Spill
	adds	r0, r0, r1
	.loc	1 3174 9                        @ ../../../../../Library/StdDriver/src/crypto.c:3174:9
	bl	clean_reg
	ldr	r2, [sp, #24]                   @ 4-byte Reload
	.loc	1 3175 17 is_stmt 1             @ ../../../../../Library/StdDriver/src/crypto.c:3175:17
	ldr	r0, [sp, #140]
	.loc	1 3175 20 is_stmt 0             @ ../../../../../Library/StdDriver/src/crypto.c:3175:20
	ldr	r1, [sp, #152]
	.loc	1 3175 26                       @ ../../../../../Library/StdDriver/src/crypto.c:3175:26
	adds	r1, r1, r2
	.loc	1 3175 9                        @ ../../../../../Library/StdDriver/src/crypto.c:3175:9
	bl	Hex2Reg
	movs	r0, #0
.Ltmp781:
	.loc	1 3178 15 is_stmt 1             @ ../../../../../Library/StdDriver/src/crypto.c:3178:15
	str	r0, [sp, #64]
	.loc	1 3178 13 is_stmt 0             @ ../../../../../Library/StdDriver/src/crypto.c:3178:13
	b	.LBB45_32
.LBB45_32:                              @ =>This Inner Loop Header: Depth=1
.Ltmp782:
	.loc	1 3178 20                       @ ../../../../../Library/StdDriver/src/crypto.c:3178:20
	ldr	r0, [sp, #64]
.Ltmp783:
	.loc	1 3178 9                        @ ../../../../../Library/StdDriver/src/crypto.c:3178:9
	cmp	r0, #17
	bgt	.LBB45_35
	b	.LBB45_33
.LBB45_33:                              @   in Loop: Header=BB45_32 Depth=1
.Ltmp784:
	.loc	1 3180 33 is_stmt 1             @ ../../../../../Library/StdDriver/src/crypto.c:3180:33
	ldr	r0, [sp, #64]
	.loc	1 3180 31 is_stmt 0             @ ../../../../../Library/StdDriver/src/crypto.c:3180:31
	lsls	r2, r0, #2
	add	r0, sp, #68
	ldr	r0, [r0, r2]
	.loc	1 3180 13                       @ ../../../../../Library/StdDriver/src/crypto.c:3180:13
	ldr	r1, [sp, #152]
	.loc	1 3180 19                       @ ../../../../../Library/StdDriver/src/crypto.c:3180:19
	adds	r1, r1, r2
	movw	r2, #2128
	.loc	1 3180 29                       @ ../../../../../Library/StdDriver/src/crypto.c:3180:29
	str	r0, [r1, r2]
	.loc	1 3181 9 is_stmt 1              @ ../../../../../Library/StdDriver/src/crypto.c:3181:9
	b	.LBB45_34
.Ltmp785:
.LBB45_34:                              @   in Loop: Header=BB45_32 Depth=1
	.loc	1 3178 29                       @ ../../../../../Library/StdDriver/src/crypto.c:3178:29
	ldr	r0, [sp, #64]
	adds	r0, r0, #1
	str	r0, [sp, #64]
	.loc	1 3178 9 is_stmt 0              @ ../../../../../Library/StdDriver/src/crypto.c:3178:9
	b	.LBB45_32
.Ltmp786:
.LBB45_35:
	.loc	1 3184 23 is_stmt 1             @ ../../../../../Library/StdDriver/src/crypto.c:3184:23
	ldr	r0, [sp, #152]
	movw	r1, #2560
	.loc	1 3184 9 is_stmt 0              @ ../../../../../Library/StdDriver/src/crypto.c:3184:9
	bl	run_ecc_codec
	movs	r0, #0
.Ltmp787:
	.loc	1 3187 15 is_stmt 1             @ ../../../../../Library/StdDriver/src/crypto.c:3187:15
	str	r0, [sp, #64]
	.loc	1 3187 13 is_stmt 0             @ ../../../../../Library/StdDriver/src/crypto.c:3187:13
	b	.LBB45_36
.LBB45_36:                              @ =>This Inner Loop Header: Depth=1
.Ltmp788:
	.loc	1 3187 20                       @ ../../../../../Library/StdDriver/src/crypto.c:3187:20
	ldr	r0, [sp, #64]
.Ltmp789:
	.loc	1 3187 9                        @ ../../../../../Library/StdDriver/src/crypto.c:3187:9
	cmp	r0, #17
	bgt	.LBB45_39
	b	.LBB45_37
.LBB45_37:                              @   in Loop: Header=BB45_36 Depth=1
.Ltmp790:
	.loc	1 3189 31 is_stmt 1             @ ../../../../../Library/StdDriver/src/crypto.c:3189:31
	ldr	r0, [sp, #152]
	.loc	1 3189 44 is_stmt 0             @ ../../../../../Library/StdDriver/src/crypto.c:3189:44
	ldr	r1, [sp, #64]
	.loc	1 3189 31                       @ ../../../../../Library/StdDriver/src/crypto.c:3189:31
	lsls	r1, r1, #2
	.loc	1 3189 37                       @ ../../../../../Library/StdDriver/src/crypto.c:3189:37
	adds	r0, r0, r1
	ldr	r1, __arm_cp.45_2
	.loc	1 3189 31                       @ ../../../../../Library/StdDriver/src/crypto.c:3189:31
	ldr	r0, [r0, r1]
	.loc	1 3189 13                       @ ../../../../../Library/StdDriver/src/crypto.c:3189:13
	ldr	r1, [sp, #152]
	.loc	1 3189 26                       @ ../../../../../Library/StdDriver/src/crypto.c:3189:26
	ldr	r2, [sp, #64]
	.loc	1 3189 13                       @ ../../../../../Library/StdDriver/src/crypto.c:3189:13
	lsls	r2, r2, #2
	.loc	1 3189 19                       @ ../../../../../Library/StdDriver/src/crypto.c:3189:19
	adds	r1, r1, r2
	movw	r2, #2128
	.loc	1 3189 29                       @ ../../../../../Library/StdDriver/src/crypto.c:3189:29
	str	r0, [r1, r2]
	.loc	1 3190 9 is_stmt 1              @ ../../../../../Library/StdDriver/src/crypto.c:3190:9
	b	.LBB45_38
.Ltmp791:
.LBB45_38:                              @   in Loop: Header=BB45_36 Depth=1
	.loc	1 3187 29                       @ ../../../../../Library/StdDriver/src/crypto.c:3187:29
	ldr	r0, [sp, #64]
	adds	r0, r0, #1
	str	r0, [sp, #64]
	.loc	1 3187 9 is_stmt 0              @ ../../../../../Library/StdDriver/src/crypto.c:3187:9
	b	.LBB45_36
.Ltmp792:
.LBB45_39:
	.loc	1 3193 19 is_stmt 1             @ ../../../../../Library/StdDriver/src/crypto.c:3193:19
	ldr	r0, [sp, #152]
	ldr	r1, __arm_cp.45_2
	.loc	1 3193 25 is_stmt 0             @ ../../../../../Library/StdDriver/src/crypto.c:3193:25
	str	r1, [sp, #12]                   @ 4-byte Spill
	adds	r0, r0, r1
	.loc	1 3193 9                        @ ../../../../../Library/StdDriver/src/crypto.c:3193:9
	bl	clean_reg
	ldr	r2, [sp, #12]                   @ 4-byte Reload
	.loc	1 3194 17 is_stmt 1             @ ../../../../../Library/StdDriver/src/crypto.c:3194:17
	ldr	r0, [sp, #168]
	.loc	1 3194 20 is_stmt 0             @ ../../../../../Library/StdDriver/src/crypto.c:3194:20
	ldr	r1, [sp, #152]
	.loc	1 3194 26                       @ ../../../../../Library/StdDriver/src/crypto.c:3194:26
	adds	r1, r1, r2
	.loc	1 3194 9                        @ ../../../../../Library/StdDriver/src/crypto.c:3194:9
	bl	Hex2Reg
	.loc	1 3197 23 is_stmt 1             @ ../../../../../Library/StdDriver/src/crypto.c:3197:23
	ldr	r0, [sp, #152]
	movw	r1, #6656
	.loc	1 3197 9 is_stmt 0              @ ../../../../../Library/StdDriver/src/crypto.c:3197:9
	bl	run_ecc_codec
	movs	r0, #0
.Ltmp793:
	.loc	1 3200 15 is_stmt 1             @ ../../../../../Library/StdDriver/src/crypto.c:3200:15
	str	r0, [sp, #64]
	.loc	1 3200 13 is_stmt 0             @ ../../../../../Library/StdDriver/src/crypto.c:3200:13
	b	.LBB45_40
.LBB45_40:                              @ =>This Inner Loop Header: Depth=1
.Ltmp794:
	.loc	1 3200 20                       @ ../../../../../Library/StdDriver/src/crypto.c:3200:20
	ldr	r0, [sp, #64]
.Ltmp795:
	.loc	1 3200 9                        @ ../../../../../Library/StdDriver/src/crypto.c:3200:9
	cmp	r0, #17
	bgt	.LBB45_43
	b	.LBB45_41
.LBB45_41:                              @   in Loop: Header=BB45_40 Depth=1
.Ltmp796:
	.loc	1 3202 20 is_stmt 1             @ ../../../../../Library/StdDriver/src/crypto.c:3202:20
	ldr	r0, [sp, #152]
	.loc	1 3202 33 is_stmt 0             @ ../../../../../Library/StdDriver/src/crypto.c:3202:33
	ldr	r1, [sp, #64]
	.loc	1 3202 20                       @ ../../../../../Library/StdDriver/src/crypto.c:3202:20
	lsls	r1, r1, #2
	.loc	1 3202 26                       @ ../../../../../Library/StdDriver/src/crypto.c:3202:26
	adds	r0, r0, r1
	ldr	r1, __arm_cp.45_2
	.loc	1 3202 20                       @ ../../../../../Library/StdDriver/src/crypto.c:3202:20
	ldr	r0, [r0, r1]
	.loc	1 3202 15                       @ ../../../../../Library/StdDriver/src/crypto.c:3202:15
	ldr	r1, [sp, #64]
	.loc	1 3202 13                       @ ../../../../../Library/StdDriver/src/crypto.c:3202:13
	lsls	r2, r1, #2
	add	r1, sp, #68
	.loc	1 3202 18                       @ ../../../../../Library/StdDriver/src/crypto.c:3202:18
	str	r0, [r1, r2]
	.loc	1 3203 9 is_stmt 1              @ ../../../../../Library/StdDriver/src/crypto.c:3203:9
	b	.LBB45_42
.Ltmp797:
.LBB45_42:                              @   in Loop: Header=BB45_40 Depth=1
	.loc	1 3200 29                       @ ../../../../../Library/StdDriver/src/crypto.c:3200:29
	ldr	r0, [sp, #64]
	adds	r0, r0, #1
	str	r0, [sp, #64]
	.loc	1 3200 9 is_stmt 0              @ ../../../../../Library/StdDriver/src/crypto.c:3200:9
	b	.LBB45_40
.Ltmp798:
.LBB45_43:
	.loc	1 3206 19 is_stmt 1             @ ../../../../../Library/StdDriver/src/crypto.c:3206:19
	ldr	r0, [sp, #152]
	ldr	r1, __arm_cp.45_2
	.loc	1 3206 25 is_stmt 0             @ ../../../../../Library/StdDriver/src/crypto.c:3206:25
	str	r1, [sp, #4]                    @ 4-byte Spill
	adds	r0, r0, r1
	.loc	1 3206 9                        @ ../../../../../Library/StdDriver/src/crypto.c:3206:9
	bl	clean_reg
	ldr	r2, [sp, #4]                    @ 4-byte Reload
	.loc	1 3207 17 is_stmt 1             @ ../../../../../Library/StdDriver/src/crypto.c:3207:17
	ldr	r0, [sp, #140]
	.loc	1 3207 20 is_stmt 0             @ ../../../../../Library/StdDriver/src/crypto.c:3207:20
	ldr	r1, [sp, #152]
	.loc	1 3207 26                       @ ../../../../../Library/StdDriver/src/crypto.c:3207:26
	adds	r1, r1, r2
	.loc	1 3207 9                        @ ../../../../../Library/StdDriver/src/crypto.c:3207:9
	bl	Hex2Reg
	.loc	1 3209 19 is_stmt 1             @ ../../../../../Library/StdDriver/src/crypto.c:3209:19
	ldr	r0, [sp, #152]
	movw	r1, #2128
	.loc	1 3209 25 is_stmt 0             @ ../../../../../Library/StdDriver/src/crypto.c:3209:25
	str	r1, [sp, #8]                    @ 4-byte Spill
	adds	r0, r0, r1
	.loc	1 3209 9                        @ ../../../../../Library/StdDriver/src/crypto.c:3209:9
	bl	clean_reg
	ldr	r2, [sp, #8]                    @ 4-byte Reload
	.loc	1 3210 9 is_stmt 1              @ ../../../../../Library/StdDriver/src/crypto.c:3210:9
	ldr	r1, [sp, #152]
	movs	r0, #1
	.loc	1 3210 25 is_stmt 0             @ ../../../../../Library/StdDriver/src/crypto.c:3210:25
	str	r0, [r1, r2]
	.loc	1 3213 23 is_stmt 1             @ ../../../../../Library/StdDriver/src/crypto.c:3213:23
	ldr	r0, [sp, #152]
	movw	r1, #4608
	.loc	1 3213 9 is_stmt 0              @ ../../../../../Library/StdDriver/src/crypto.c:3213:9
	bl	run_ecc_codec
	movs	r0, #0
.Ltmp799:
	.loc	1 3216 15 is_stmt 1             @ ../../../../../Library/StdDriver/src/crypto.c:3216:15
	str	r0, [sp, #64]
	.loc	1 3216 13 is_stmt 0             @ ../../../../../Library/StdDriver/src/crypto.c:3216:13
	b	.LBB45_44
.LBB45_44:                              @ =>This Inner Loop Header: Depth=1
.Ltmp800:
	.loc	1 3216 20                       @ ../../../../../Library/StdDriver/src/crypto.c:3216:20
	ldr	r0, [sp, #64]
.Ltmp801:
	.loc	1 3216 9                        @ ../../../../../Library/StdDriver/src/crypto.c:3216:9
	cmp	r0, #17
	bgt	.LBB45_47
	b	.LBB45_45
.LBB45_45:                              @   in Loop: Header=BB45_44 Depth=1
.Ltmp802:
	.loc	1 3218 33 is_stmt 1             @ ../../../../../Library/StdDriver/src/crypto.c:3218:33
	ldr	r0, [sp, #64]
	.loc	1 3218 31 is_stmt 0             @ ../../../../../Library/StdDriver/src/crypto.c:3218:31
	lsls	r2, r0, #2
	add	r0, sp, #68
	ldr	r0, [r0, r2]
	.loc	1 3218 13                       @ ../../../../../Library/StdDriver/src/crypto.c:3218:13
	ldr	r1, [sp, #152]
	.loc	1 3218 19                       @ ../../../../../Library/StdDriver/src/crypto.c:3218:19
	adds	r1, r1, r2
	movw	r2, #2128
	.loc	1 3218 29                       @ ../../../../../Library/StdDriver/src/crypto.c:3218:29
	str	r0, [r1, r2]
	.loc	1 3219 9 is_stmt 1              @ ../../../../../Library/StdDriver/src/crypto.c:3219:9
	b	.LBB45_46
.Ltmp803:
.LBB45_46:                              @   in Loop: Header=BB45_44 Depth=1
	.loc	1 3216 29                       @ ../../../../../Library/StdDriver/src/crypto.c:3216:29
	ldr	r0, [sp, #64]
	adds	r0, r0, #1
	str	r0, [sp, #64]
	.loc	1 3216 9 is_stmt 0              @ ../../../../../Library/StdDriver/src/crypto.c:3216:9
	b	.LBB45_44
.Ltmp804:
.LBB45_47:
	.loc	1 3222 23 is_stmt 1             @ ../../../../../Library/StdDriver/src/crypto.c:3222:23
	ldr	r0, [sp, #152]
	movw	r1, #512
	.loc	1 3222 9 is_stmt 0              @ ../../../../../Library/StdDriver/src/crypto.c:3222:9
	bl	run_ecc_codec
	.loc	1 3225 17 is_stmt 1             @ ../../../../../Library/StdDriver/src/crypto.c:3225:17
	ldr	r0, __arm_cp.45_1
	ldr	r0, [r0]
	.loc	1 3225 25 is_stmt 0             @ ../../../../../Library/StdDriver/src/crypto.c:3225:25
	ldr	r0, [r0, #4]
	.loc	1 3225 32                       @ ../../../../../Library/StdDriver/src/crypto.c:3225:32
	ldr	r1, [sp, #152]
	ldr	r2, __arm_cp.45_2
	.loc	1 3225 38                       @ ../../../../../Library/StdDriver/src/crypto.c:3225:38
	adds	r1, r1, r2
	.loc	1 3225 46                       @ ../../../../../Library/StdDriver/src/crypto.c:3225:46
	ldr	r2, [sp, #176]
	.loc	1 3225 9                        @ ../../../../../Library/StdDriver/src/crypto.c:3225:9
	bl	Reg2Hex
	.loc	1 3227 5 is_stmt 1              @ ../../../../../Library/StdDriver/src/crypto.c:3227:5
	b	.LBB45_48
.Ltmp805:
.LBB45_48:
	.loc	1 3229 12                       @ ../../../../../Library/StdDriver/src/crypto.c:3229:12
	ldr	r0, [sp, #60]
	.loc	1 3229 5 is_stmt 0              @ ../../../../../Library/StdDriver/src/crypto.c:3229:5
	str	r0, [sp, #156]
	b	.LBB45_49
.LBB45_49:
	.loc	1 3230 1 is_stmt 1              @ ../../../../../Library/StdDriver/src/crypto.c:3230:1
	ldr	r0, [sp, #156]
	add	sp, #160
	pop	{r4, pc}
.Ltmp806:
	.p2align	2
@ %bb.50:
	.loc	1 0 1 is_stmt 0                 @ ../../../../../Library/StdDriver/src/crypto.c:0:1
__arm_cp.45_0:
	.long	2488                            @ 0x9b8
.Lcpi_end105:
	.size	__arm_cp.45_0, .Lcpi_end105-__arm_cp.45_0
__arm_cp.45_1:
	.long	pCurve
.Lcpi_end106:
	.size	__arm_cp.45_1, .Lcpi_end106-__arm_cp.45_1
__arm_cp.45_2:
	.long	2056                            @ 0x808
.Lcpi_end107:
	.size	__arm_cp.45_2, .Lcpi_end107-__arm_cp.45_2
__arm_cp.45_3:
	.long	1073950528                      @ 0x40032f40
.Lcpi_end108:
	.size	__arm_cp.45_3, .Lcpi_end108-__arm_cp.45_3
.Lfunc_end45:
	.size	SM2_Sign, .Lfunc_end45-SM2_Sign
	.cfi_endproc
	.fnend
                                        @ -- End function
	.section	.text.SM2_Verify,"ax",%progbits
	.hidden	SM2_Verify                      @ -- Begin function SM2_Verify
	.globl	SM2_Verify
	.p2align	2
	.type	SM2_Verify,%function
	.code	16                              @ @SM2_Verify
	.thumb_func
SM2_Verify:
.Lfunc_begin46:
	.loc	1 3247 0 is_stmt 1              @ ../../../../../Library/StdDriver/src/crypto.c:3247:0
	.fnstart
	.cfi_startproc
@ %bb.0:
	.save	{r4, lr}
	push	{r4, lr}
	.cfi_def_cfa_offset 8
	.cfi_offset lr, -4
	.cfi_offset r4, -8
	.pad	#508
	sub	sp, #508
	.pad	#4
	sub	sp, #4
	.cfi_def_cfa_offset 520
	ldr	r4, [sp, #528]
	ldr	r4, [sp, #524]
	ldr	r4, [sp, #520]
	str	r0, [sp, #504]
	str	r1, [sp, #500]
	str	r2, [sp, #496]
	str	r3, [sp, #492]
	add	r0, sp, #420
	movs	r1, #72
.Ltmp807:
	.loc	1 3248 15 prologue_end          @ ../../../../../Library/StdDriver/src/crypto.c:3248:15
	str	r1, [sp, #52]                   @ 4-byte Spill
	bl	__aeabi_memclr4
	ldr	r1, [sp, #52]                   @ 4-byte Reload
	add	r0, sp, #348
	.loc	1 3248 28 is_stmt 0             @ ../../../../../Library/StdDriver/src/crypto.c:3248:28
	bl	__aeabi_memclr4
.Ltmp808:
	.loc	1 3257 16 is_stmt 1             @ ../../../../../Library/StdDriver/src/crypto.c:3257:16
	ldr	r0, [sp, #524]
	.loc	1 3257 8 is_stmt 0              @ ../../../../../Library/StdDriver/src/crypto.c:3257:8
	bl	is_zero
.Ltmp809:
	.loc	1 3257 8                        @ ../../../../../Library/StdDriver/src/crypto.c:3257:8
	cbz	r0, .LBB46_2
	b	.LBB46_1
.LBB46_1:
	.loc	1 0 8                           @ ../../../../../Library/StdDriver/src/crypto.c:0:8
	movs	r0, #0
	mvns	r0, r0
.Ltmp810:
	.loc	1 3258 9 is_stmt 1              @ ../../../../../Library/StdDriver/src/crypto.c:3258:9
	str	r0, [sp, #508]
	b	.LBB46_66
.Ltmp811:
.LBB46_2:
	.loc	1 3259 16                       @ ../../../../../Library/StdDriver/src/crypto.c:3259:16
	ldr	r0, [sp, #528]
	.loc	1 3259 8 is_stmt 0              @ ../../../../../Library/StdDriver/src/crypto.c:3259:8
	bl	is_zero
.Ltmp812:
	.loc	1 3259 8                        @ ../../../../../Library/StdDriver/src/crypto.c:3259:8
	cbz	r0, .LBB46_4
	b	.LBB46_3
.LBB46_3:
	.loc	1 0 8                           @ ../../../../../Library/StdDriver/src/crypto.c:0:8
	movs	r0, #0
	mvns	r0, r0
.Ltmp813:
	.loc	1 3260 9 is_stmt 1              @ ../../../../../Library/StdDriver/src/crypto.c:3260:9
	str	r0, [sp, #508]
	b	.LBB46_66
.Ltmp814:
.LBB46_4:
	.loc	1 3263 15                       @ ../../../../../Library/StdDriver/src/crypto.c:3263:15
	ldr	r0, [sp, #504]
	ldr	r1, .LCPI46_5
	.loc	1 3263 21 is_stmt 0             @ ../../../../../Library/StdDriver/src/crypto.c:3263:21
	str	r1, [sp, #44]                   @ 4-byte Spill
	adds	r0, r0, r1
	.loc	1 3263 5                        @ ../../../../../Library/StdDriver/src/crypto.c:3263:5
	bl	clean_reg
	ldr	r2, [sp, #44]                   @ 4-byte Reload
	.loc	1 3264 13 is_stmt 1             @ ../../../../../Library/StdDriver/src/crypto.c:3264:13
	ldr	r0, .LCPI46_6
	str	r0, [sp, #36]                   @ 4-byte Spill
	ldr	r0, [r0]
	movw	r1, #768
	.loc	1 3264 21 is_stmt 0             @ ../../../../../Library/StdDriver/src/crypto.c:3264:21
	str	r1, [sp, #40]                   @ 4-byte Spill
	adds	r0, r0, r1
	.loc	1 3264 29                       @ ../../../../../Library/StdDriver/src/crypto.c:3264:29
	ldr	r1, [sp, #504]
	.loc	1 3264 35                       @ ../../../../../Library/StdDriver/src/crypto.c:3264:35
	adds	r1, r1, r2
	.loc	1 3264 5                        @ ../../../../../Library/StdDriver/src/crypto.c:3264:5
	bl	Hex2Reg
	.loc	1 3267 15 is_stmt 1             @ ../../../../../Library/StdDriver/src/crypto.c:3267:15
	ldr	r0, [sp, #504]
	ldr	r1, .LCPI46_7
	.loc	1 3267 21 is_stmt 0             @ ../../../../../Library/StdDriver/src/crypto.c:3267:21
	adds	r0, r0, r1
	.loc	1 3267 5                        @ ../../../../../Library/StdDriver/src/crypto.c:3267:5
	bl	clean_reg
	ldr	r0, [sp, #36]                   @ 4-byte Reload
	ldr	r1, [sp, #40]                   @ 4-byte Reload
	ldr	r2, [sp, #44]                   @ 4-byte Reload
	.loc	1 3268 13 is_stmt 1             @ ../../../../../Library/StdDriver/src/crypto.c:3268:13
	ldr	r0, [r0]
	.loc	1 3268 21 is_stmt 0             @ ../../../../../Library/StdDriver/src/crypto.c:3268:21
	adds	r0, r0, r1
	.loc	1 3268 29                       @ ../../../../../Library/StdDriver/src/crypto.c:3268:29
	ldr	r1, [sp, #504]
	.loc	1 3268 35                       @ ../../../../../Library/StdDriver/src/crypto.c:3268:35
	adds	r1, r1, r2
	.loc	1 3268 5                        @ ../../../../../Library/StdDriver/src/crypto.c:3268:5
	bl	Hex2Reg
	.loc	1 3271 15 is_stmt 1             @ ../../../../../Library/StdDriver/src/crypto.c:3271:15
	ldr	r0, [sp, #504]
	movw	r1, #2128
	.loc	1 3271 21 is_stmt 0             @ ../../../../../Library/StdDriver/src/crypto.c:3271:21
	str	r1, [sp, #48]                   @ 4-byte Spill
	adds	r0, r0, r1
	.loc	1 3271 5                        @ ../../../../../Library/StdDriver/src/crypto.c:3271:5
	bl	clean_reg
	ldr	r2, [sp, #48]                   @ 4-byte Reload
	.loc	1 3272 5 is_stmt 1              @ ../../../../../Library/StdDriver/src/crypto.c:3272:5
	ldr	r1, [sp, #504]
	movs	r0, #1
	.loc	1 3272 21 is_stmt 0             @ ../../../../../Library/StdDriver/src/crypto.c:3272:21
	str	r0, [r1, r2]
	.loc	1 3275 19 is_stmt 1             @ ../../../../../Library/StdDriver/src/crypto.c:3275:19
	ldr	r0, [sp, #504]
	movw	r1, #6656
	.loc	1 3275 5 is_stmt 0              @ ../../../../../Library/StdDriver/src/crypto.c:3275:5
	bl	run_ecc_codec
	.loc	1 3278 13 is_stmt 1             @ ../../../../../Library/StdDriver/src/crypto.c:3278:13
	ldr	r0, [sp, #524]
	add	r1, sp, #420
	.loc	1 3278 5 is_stmt 0              @ ../../../../../Library/StdDriver/src/crypto.c:3278:5
	bl	Hex2Reg
	movs	r0, #17
.Ltmp815:
	.loc	1 3279 11 is_stmt 1             @ ../../../../../Library/StdDriver/src/crypto.c:3279:11
	str	r0, [sp, #56]
	.loc	1 3279 9 is_stmt 0              @ ../../../../../Library/StdDriver/src/crypto.c:3279:9
	b	.LBB46_5
.LBB46_5:                               @ =>This Inner Loop Header: Depth=1
.Ltmp816:
	.loc	1 3279 17                       @ ../../../../../Library/StdDriver/src/crypto.c:3279:17
	ldr	r0, [sp, #56]
.Ltmp817:
	.loc	1 3279 5                        @ ../../../../../Library/StdDriver/src/crypto.c:3279:5
	cmp	r0, #1
	blt	.LBB46_12
	b	.LBB46_6
.LBB46_6:                               @   in Loop: Header=BB46_5 Depth=1
.Ltmp818:
	.loc	1 3281 14 is_stmt 1             @ ../../../../../Library/StdDriver/src/crypto.c:3281:14
	ldr	r0, [sp, #56]
	.loc	1 3281 12 is_stmt 0             @ ../../../../../Library/StdDriver/src/crypto.c:3281:12
	lsls	r2, r0, #2
	add	r0, sp, #420
	ldr	r0, [r0, r2]
	.loc	1 3281 19                       @ ../../../../../Library/StdDriver/src/crypto.c:3281:19
	ldr	r1, [sp, #504]
	.loc	1 3281 25                       @ ../../../../../Library/StdDriver/src/crypto.c:3281:25
	adds	r1, r1, r2
	ldr	r2, __arm_cp.46_2
	.loc	1 3281 19                       @ ../../../../../Library/StdDriver/src/crypto.c:3281:19
	ldr	r1, [r1, r2]
.Ltmp819:
	.loc	1 3281 12                       @ ../../../../../Library/StdDriver/src/crypto.c:3281:12
	cmp	r0, r1
	bls	.LBB46_8
	b	.LBB46_7
.LBB46_7:
	.loc	1 0 12                          @ ../../../../../Library/StdDriver/src/crypto.c:0:12
	movs	r0, #0
	mvns	r0, r0
.Ltmp820:
	.loc	1 3282 13 is_stmt 1             @ ../../../../../Library/StdDriver/src/crypto.c:3282:13
	str	r0, [sp, #508]
	b	.LBB46_66
.Ltmp821:
.LBB46_8:                               @   in Loop: Header=BB46_5 Depth=1
	.loc	1 3283 14                       @ ../../../../../Library/StdDriver/src/crypto.c:3283:14
	ldr	r0, [sp, #56]
	.loc	1 3283 12 is_stmt 0             @ ../../../../../Library/StdDriver/src/crypto.c:3283:12
	lsls	r2, r0, #2
	add	r0, sp, #420
	ldr	r0, [r0, r2]
	.loc	1 3283 19                       @ ../../../../../Library/StdDriver/src/crypto.c:3283:19
	ldr	r1, [sp, #504]
	.loc	1 3283 25                       @ ../../../../../Library/StdDriver/src/crypto.c:3283:25
	adds	r1, r1, r2
	ldr	r2, __arm_cp.46_2
	.loc	1 3283 19                       @ ../../../../../Library/StdDriver/src/crypto.c:3283:19
	ldr	r1, [r1, r2]
.Ltmp822:
	.loc	1 3283 12                       @ ../../../../../Library/StdDriver/src/crypto.c:3283:12
	cmp	r0, r1
	bhs	.LBB46_10
	b	.LBB46_9
.LBB46_9:
.Ltmp823:
	.loc	1 3284 13 is_stmt 1             @ ../../../../../Library/StdDriver/src/crypto.c:3284:13
	b	.LBB46_12
.Ltmp824:
.LBB46_10:                              @   in Loop: Header=BB46_5 Depth=1
	.loc	1 3285 5                        @ ../../../../../Library/StdDriver/src/crypto.c:3285:5
	b	.LBB46_11
.Ltmp825:
.LBB46_11:                              @   in Loop: Header=BB46_5 Depth=1
	.loc	1 3279 24                       @ ../../../../../Library/StdDriver/src/crypto.c:3279:24
	ldr	r0, [sp, #56]
	subs	r0, r0, #1
	str	r0, [sp, #56]
	.loc	1 3279 5 is_stmt 0              @ ../../../../../Library/StdDriver/src/crypto.c:3279:5
	b	.LBB46_5
.Ltmp826:
.LBB46_12:
	.loc	1 3287 13 is_stmt 1             @ ../../../../../Library/StdDriver/src/crypto.c:3287:13
	ldr	r0, [sp, #528]
	add	r1, sp, #348
	.loc	1 3287 5 is_stmt 0              @ ../../../../../Library/StdDriver/src/crypto.c:3287:5
	bl	Hex2Reg
	movs	r0, #17
.Ltmp827:
	.loc	1 3288 11 is_stmt 1             @ ../../../../../Library/StdDriver/src/crypto.c:3288:11
	str	r0, [sp, #56]
	.loc	1 3288 9 is_stmt 0              @ ../../../../../Library/StdDriver/src/crypto.c:3288:9
	b	.LBB46_13
.LBB46_13:                              @ =>This Inner Loop Header: Depth=1
.Ltmp828:
	.loc	1 3288 17                       @ ../../../../../Library/StdDriver/src/crypto.c:3288:17
	ldr	r0, [sp, #56]
.Ltmp829:
	.loc	1 3288 5                        @ ../../../../../Library/StdDriver/src/crypto.c:3288:5
	cmp	r0, #1
	blt	.LBB46_20
	b	.LBB46_14
.LBB46_14:                              @   in Loop: Header=BB46_13 Depth=1
.Ltmp830:
	.loc	1 3290 14 is_stmt 1             @ ../../../../../Library/StdDriver/src/crypto.c:3290:14
	ldr	r0, [sp, #56]
	.loc	1 3290 12 is_stmt 0             @ ../../../../../Library/StdDriver/src/crypto.c:3290:12
	lsls	r2, r0, #2
	add	r0, sp, #348
	ldr	r0, [r0, r2]
	.loc	1 3290 19                       @ ../../../../../Library/StdDriver/src/crypto.c:3290:19
	ldr	r1, [sp, #504]
	.loc	1 3290 25                       @ ../../../../../Library/StdDriver/src/crypto.c:3290:25
	adds	r1, r1, r2
	ldr	r2, __arm_cp.46_2
	.loc	1 3290 19                       @ ../../../../../Library/StdDriver/src/crypto.c:3290:19
	ldr	r1, [r1, r2]
.Ltmp831:
	.loc	1 3290 12                       @ ../../../../../Library/StdDriver/src/crypto.c:3290:12
	cmp	r0, r1
	bls	.LBB46_16
	b	.LBB46_15
.LBB46_15:
	.loc	1 0 12                          @ ../../../../../Library/StdDriver/src/crypto.c:0:12
	movs	r0, #0
	mvns	r0, r0
.Ltmp832:
	.loc	1 3291 13 is_stmt 1             @ ../../../../../Library/StdDriver/src/crypto.c:3291:13
	str	r0, [sp, #508]
	b	.LBB46_66
.Ltmp833:
.LBB46_16:                              @   in Loop: Header=BB46_13 Depth=1
	.loc	1 3292 14                       @ ../../../../../Library/StdDriver/src/crypto.c:3292:14
	ldr	r0, [sp, #56]
	.loc	1 3292 12 is_stmt 0             @ ../../../../../Library/StdDriver/src/crypto.c:3292:12
	lsls	r2, r0, #2
	add	r0, sp, #348
	ldr	r0, [r0, r2]
	.loc	1 3292 19                       @ ../../../../../Library/StdDriver/src/crypto.c:3292:19
	ldr	r1, [sp, #504]
	.loc	1 3292 25                       @ ../../../../../Library/StdDriver/src/crypto.c:3292:25
	adds	r1, r1, r2
	ldr	r2, __arm_cp.46_2
	.loc	1 3292 19                       @ ../../../../../Library/StdDriver/src/crypto.c:3292:19
	ldr	r1, [r1, r2]
.Ltmp834:
	.loc	1 3292 12                       @ ../../../../../Library/StdDriver/src/crypto.c:3292:12
	cmp	r0, r1
	bhs	.LBB46_18
	b	.LBB46_17
.LBB46_17:
.Ltmp835:
	.loc	1 3293 13 is_stmt 1             @ ../../../../../Library/StdDriver/src/crypto.c:3293:13
	b	.LBB46_20
.Ltmp836:
.LBB46_18:                              @   in Loop: Header=BB46_13 Depth=1
	.loc	1 3294 5                        @ ../../../../../Library/StdDriver/src/crypto.c:3294:5
	b	.LBB46_19
.Ltmp837:
.LBB46_19:                              @   in Loop: Header=BB46_13 Depth=1
	.loc	1 3288 24                       @ ../../../../../Library/StdDriver/src/crypto.c:3288:24
	ldr	r0, [sp, #56]
	subs	r0, r0, #1
	str	r0, [sp, #56]
	.loc	1 3288 5 is_stmt 0              @ ../../../../../Library/StdDriver/src/crypto.c:3288:5
	b	.LBB46_13
.Ltmp838:
.LBB46_20:
	.loc	1 3309 15 is_stmt 1             @ ../../../../../Library/StdDriver/src/crypto.c:3309:15
	ldr	r0, [sp, #504]
	ldr	r1, __arm_cp.46_2
	.loc	1 3309 21 is_stmt 0             @ ../../../../../Library/StdDriver/src/crypto.c:3309:21
	str	r1, [sp, #32]                   @ 4-byte Spill
	adds	r0, r0, r1
	.loc	1 3309 5                        @ ../../../../../Library/StdDriver/src/crypto.c:3309:5
	bl	clean_reg
	ldr	r2, [sp, #32]                   @ 4-byte Reload
	.loc	1 3310 13 is_stmt 1             @ ../../../../../Library/StdDriver/src/crypto.c:3310:13
	ldr	r0, [sp, #496]
	.loc	1 3310 16 is_stmt 0             @ ../../../../../Library/StdDriver/src/crypto.c:3310:16
	ldr	r1, [sp, #504]
	.loc	1 3310 22                       @ ../../../../../Library/StdDriver/src/crypto.c:3310:22
	adds	r1, r1, r2
	.loc	1 3310 5                        @ ../../../../../Library/StdDriver/src/crypto.c:3310:5
	bl	Hex2Reg
	.loc	1 3313 15 is_stmt 1             @ ../../../../../Library/StdDriver/src/crypto.c:3313:15
	ldr	r0, [sp, #504]
	movw	r1, #2128
	.loc	1 3313 21 is_stmt 0             @ ../../../../../Library/StdDriver/src/crypto.c:3313:21
	adds	r0, r0, r1
	.loc	1 3313 5                        @ ../../../../../Library/StdDriver/src/crypto.c:3313:5
	bl	clean_reg
	.loc	1 3316 19 is_stmt 1             @ ../../../../../Library/StdDriver/src/crypto.c:3316:19
	ldr	r0, [sp, #504]
	movw	r1, #4608
	.loc	1 3316 5 is_stmt 0              @ ../../../../../Library/StdDriver/src/crypto.c:3316:5
	bl	run_ecc_codec
	movs	r0, #0
.Ltmp839:
	.loc	1 3319 11 is_stmt 1             @ ../../../../../Library/StdDriver/src/crypto.c:3319:11
	str	r0, [sp, #56]
	.loc	1 3319 9 is_stmt 0              @ ../../../../../Library/StdDriver/src/crypto.c:3319:9
	b	.LBB46_21
.LBB46_21:                              @ =>This Inner Loop Header: Depth=1
.Ltmp840:
	.loc	1 3319 16                       @ ../../../../../Library/StdDriver/src/crypto.c:3319:16
	ldr	r0, [sp, #56]
.Ltmp841:
	.loc	1 3319 5                        @ ../../../../../Library/StdDriver/src/crypto.c:3319:5
	cmp	r0, #17
	bgt	.LBB46_24
	b	.LBB46_22
.LBB46_22:                              @   in Loop: Header=BB46_21 Depth=1
.Ltmp842:
	.loc	1 3321 17 is_stmt 1             @ ../../../../../Library/StdDriver/src/crypto.c:3321:17
	ldr	r0, [sp, #504]
	.loc	1 3321 30 is_stmt 0             @ ../../../../../Library/StdDriver/src/crypto.c:3321:30
	ldr	r1, [sp, #56]
	.loc	1 3321 17                       @ ../../../../../Library/StdDriver/src/crypto.c:3321:17
	lsls	r1, r1, #2
	.loc	1 3321 23                       @ ../../../../../Library/StdDriver/src/crypto.c:3321:23
	adds	r0, r0, r1
	ldr	r1, __arm_cp.46_2
	.loc	1 3321 17                       @ ../../../../../Library/StdDriver/src/crypto.c:3321:17
	ldr	r0, [r0, r1]
	.loc	1 3321 12                       @ ../../../../../Library/StdDriver/src/crypto.c:3321:12
	ldr	r1, [sp, #56]
	.loc	1 3321 9                        @ ../../../../../Library/StdDriver/src/crypto.c:3321:9
	lsls	r2, r1, #2
	add	r1, sp, #204
	.loc	1 3321 15                       @ ../../../../../Library/StdDriver/src/crypto.c:3321:15
	str	r0, [r1, r2]
	.loc	1 3322 5 is_stmt 1              @ ../../../../../Library/StdDriver/src/crypto.c:3322:5
	b	.LBB46_23
.Ltmp843:
.LBB46_23:                              @   in Loop: Header=BB46_21 Depth=1
	.loc	1 3319 25                       @ ../../../../../Library/StdDriver/src/crypto.c:3319:25
	ldr	r0, [sp, #56]
	adds	r0, r0, #1
	str	r0, [sp, #56]
	.loc	1 3319 5 is_stmt 0              @ ../../../../../Library/StdDriver/src/crypto.c:3319:5
	b	.LBB46_21
.Ltmp844:
.LBB46_24:
	.loc	1 0 5                           @ ../../../../../Library/StdDriver/src/crypto.c:0:5
	movs	r0, #0
.Ltmp845:
	.loc	1 3339 11 is_stmt 1             @ ../../../../../Library/StdDriver/src/crypto.c:3339:11
	str	r0, [sp, #56]
	.loc	1 3339 9 is_stmt 0              @ ../../../../../Library/StdDriver/src/crypto.c:3339:9
	b	.LBB46_25
.LBB46_25:                              @ =>This Inner Loop Header: Depth=1
.Ltmp846:
	.loc	1 3339 16                       @ ../../../../../Library/StdDriver/src/crypto.c:3339:16
	ldr	r0, [sp, #56]
.Ltmp847:
	.loc	1 3339 5                        @ ../../../../../Library/StdDriver/src/crypto.c:3339:5
	cmp	r0, #17
	bgt	.LBB46_28
	b	.LBB46_26
.LBB46_26:                              @   in Loop: Header=BB46_25 Depth=1
.Ltmp848:
	.loc	1 3341 29 is_stmt 1             @ ../../../../../Library/StdDriver/src/crypto.c:3341:29
	ldr	r0, [sp, #56]
	.loc	1 3341 27 is_stmt 0             @ ../../../../../Library/StdDriver/src/crypto.c:3341:27
	lsls	r2, r0, #2
	add	r0, sp, #420
	ldr	r0, [r0, r2]
	.loc	1 3341 9                        @ ../../../../../Library/StdDriver/src/crypto.c:3341:9
	ldr	r1, [sp, #504]
	.loc	1 3341 15                       @ ../../../../../Library/StdDriver/src/crypto.c:3341:15
	adds	r1, r1, r2
	ldr	r2, __arm_cp.46_2
	.loc	1 3341 25                       @ ../../../../../Library/StdDriver/src/crypto.c:3341:25
	str	r0, [r1, r2]
	.loc	1 3342 29 is_stmt 1             @ ../../../../../Library/StdDriver/src/crypto.c:3342:29
	ldr	r0, [sp, #56]
	.loc	1 3342 27 is_stmt 0             @ ../../../../../Library/StdDriver/src/crypto.c:3342:27
	lsls	r2, r0, #2
	add	r0, sp, #348
	ldr	r0, [r0, r2]
	.loc	1 3342 9                        @ ../../../../../Library/StdDriver/src/crypto.c:3342:9
	ldr	r1, [sp, #504]
	.loc	1 3342 15                       @ ../../../../../Library/StdDriver/src/crypto.c:3342:15
	adds	r1, r1, r2
	movw	r2, #2128
	.loc	1 3342 25                       @ ../../../../../Library/StdDriver/src/crypto.c:3342:25
	str	r0, [r1, r2]
	.loc	1 3343 5 is_stmt 1              @ ../../../../../Library/StdDriver/src/crypto.c:3343:5
	b	.LBB46_27
.Ltmp849:
.LBB46_27:                              @   in Loop: Header=BB46_25 Depth=1
	.loc	1 3339 25                       @ ../../../../../Library/StdDriver/src/crypto.c:3339:25
	ldr	r0, [sp, #56]
	adds	r0, r0, #1
	str	r0, [sp, #56]
	.loc	1 3339 5 is_stmt 0              @ ../../../../../Library/StdDriver/src/crypto.c:3339:5
	b	.LBB46_25
.Ltmp850:
.LBB46_28:
	.loc	1 3346 19 is_stmt 1             @ ../../../../../Library/StdDriver/src/crypto.c:3346:19
	ldr	r0, [sp, #504]
	movw	r1, #4608
	.loc	1 3346 5 is_stmt 0              @ ../../../../../Library/StdDriver/src/crypto.c:3346:5
	bl	run_ecc_codec
	movs	r0, #0
.Ltmp851:
	.loc	1 3349 11 is_stmt 1             @ ../../../../../Library/StdDriver/src/crypto.c:3349:11
	str	r0, [sp, #56]
	.loc	1 3349 9 is_stmt 0              @ ../../../../../Library/StdDriver/src/crypto.c:3349:9
	b	.LBB46_29
.LBB46_29:                              @ =>This Inner Loop Header: Depth=1
.Ltmp852:
	.loc	1 3349 16                       @ ../../../../../Library/StdDriver/src/crypto.c:3349:16
	ldr	r0, [sp, #56]
.Ltmp853:
	.loc	1 3349 5                        @ ../../../../../Library/StdDriver/src/crypto.c:3349:5
	cmp	r0, #17
	bgt	.LBB46_32
	b	.LBB46_30
.LBB46_30:                              @   in Loop: Header=BB46_29 Depth=1
.Ltmp854:
	.loc	1 3351 16 is_stmt 1             @ ../../../../../Library/StdDriver/src/crypto.c:3351:16
	ldr	r0, [sp, #504]
	.loc	1 3351 29 is_stmt 0             @ ../../../../../Library/StdDriver/src/crypto.c:3351:29
	ldr	r1, [sp, #56]
	.loc	1 3351 16                       @ ../../../../../Library/StdDriver/src/crypto.c:3351:16
	lsls	r1, r1, #2
	.loc	1 3351 22                       @ ../../../../../Library/StdDriver/src/crypto.c:3351:22
	adds	r0, r0, r1
	ldr	r1, __arm_cp.46_2
	.loc	1 3351 16                       @ ../../../../../Library/StdDriver/src/crypto.c:3351:16
	ldr	r0, [r0, r1]
	.loc	1 3351 11                       @ ../../../../../Library/StdDriver/src/crypto.c:3351:11
	ldr	r1, [sp, #56]
	.loc	1 3351 9                        @ ../../../../../Library/StdDriver/src/crypto.c:3351:9
	lsls	r2, r1, #2
	add	r1, sp, #276
	.loc	1 3351 14                       @ ../../../../../Library/StdDriver/src/crypto.c:3351:14
	str	r0, [r1, r2]
	.loc	1 3352 5 is_stmt 1              @ ../../../../../Library/StdDriver/src/crypto.c:3352:5
	b	.LBB46_31
.Ltmp855:
.LBB46_31:                              @   in Loop: Header=BB46_29 Depth=1
	.loc	1 3349 25                       @ ../../../../../Library/StdDriver/src/crypto.c:3349:25
	ldr	r0, [sp, #56]
	adds	r0, r0, #1
	str	r0, [sp, #56]
	.loc	1 3349 5 is_stmt 0              @ ../../../../../Library/StdDriver/src/crypto.c:3349:5
	b	.LBB46_29
.Ltmp856:
.LBB46_32:
	.loc	1 3389 23 is_stmt 1             @ ../../../../../Library/StdDriver/src/crypto.c:3389:23
	ldr	r0, [sp, #504]
	.loc	1 3389 29 is_stmt 0             @ ../../../../../Library/StdDriver/src/crypto.c:3389:29
	ldr	r1, [sp, #500]
	.loc	1 3389 8                        @ ../../../../../Library/StdDriver/src/crypto.c:3389:8
	bl	ecc_init_curve
.Ltmp857:
	.loc	1 3389 8                        @ ../../../../../Library/StdDriver/src/crypto.c:3389:8
	cmp	r0, #0
	bpl	.LBB46_34
	b	.LBB46_33
.LBB46_33:
	.loc	1 0 8                           @ ../../../../../Library/StdDriver/src/crypto.c:0:8
	movs	r0, #0
	mvns	r0, r0
.Ltmp858:
	.loc	1 3390 9 is_stmt 1              @ ../../../../../Library/StdDriver/src/crypto.c:3390:9
	str	r0, [sp, #508]
	b	.LBB46_66
.Ltmp859:
.LBB46_34:
	.loc	1 0 9 is_stmt 0                 @ ../../../../../Library/StdDriver/src/crypto.c:0:9
	movs	r0, #0
.Ltmp860:
	.loc	1 3393 11 is_stmt 1             @ ../../../../../Library/StdDriver/src/crypto.c:3393:11
	str	r0, [sp, #56]
	.loc	1 3393 9 is_stmt 0              @ ../../../../../Library/StdDriver/src/crypto.c:3393:9
	b	.LBB46_35
.LBB46_35:                              @ =>This Inner Loop Header: Depth=1
.Ltmp861:
	.loc	1 3393 16                       @ ../../../../../Library/StdDriver/src/crypto.c:3393:16
	ldr	r0, [sp, #56]
.Ltmp862:
	.loc	1 3393 5                        @ ../../../../../Library/StdDriver/src/crypto.c:3393:5
	cmp	r0, #17
	bgt	.LBB46_38
	b	.LBB46_36
.LBB46_36:                              @   in Loop: Header=BB46_35 Depth=1
.Ltmp863:
	.loc	1 3395 28 is_stmt 1             @ ../../../../../Library/StdDriver/src/crypto.c:3395:28
	ldr	r0, [sp, #56]
	.loc	1 3395 26 is_stmt 0             @ ../../../../../Library/StdDriver/src/crypto.c:3395:26
	lsls	r2, r0, #2
	add	r0, sp, #348
	ldr	r0, [r0, r2]
	.loc	1 3395 9                        @ ../../../../../Library/StdDriver/src/crypto.c:3395:9
	ldr	r1, [sp, #504]
	.loc	1 3395 15                       @ ../../../../../Library/StdDriver/src/crypto.c:3395:15
	adds	r1, r1, r2
	movw	r2, #2560
	.loc	1 3395 24                       @ ../../../../../Library/StdDriver/src/crypto.c:3395:24
	str	r0, [r1, r2]
	.loc	1 3396 5 is_stmt 1              @ ../../../../../Library/StdDriver/src/crypto.c:3396:5
	b	.LBB46_37
.Ltmp864:
.LBB46_37:                              @   in Loop: Header=BB46_35 Depth=1
	.loc	1 3393 25                       @ ../../../../../Library/StdDriver/src/crypto.c:3393:25
	ldr	r0, [sp, #56]
	adds	r0, r0, #1
	str	r0, [sp, #56]
	.loc	1 3393 5 is_stmt 0              @ ../../../../../Library/StdDriver/src/crypto.c:3393:5
	b	.LBB46_35
.Ltmp865:
.LBB46_38:
	.loc	1 3399 19 is_stmt 1             @ ../../../../../Library/StdDriver/src/crypto.c:3399:19
	ldr	r0, [sp, #504]
	movs	r1, #0
	.loc	1 3399 5 is_stmt 0              @ ../../../../../Library/StdDriver/src/crypto.c:3399:5
	str	r1, [sp, #28]                   @ 4-byte Spill
	bl	run_ecc_codec
                                        @ kill: def $r1 killed $r0
.Ltmp866:
	.loc	1 3403 11 is_stmt 1             @ ../../../../../Library/StdDriver/src/crypto.c:3403:11
	ldr	r0, [sp, #28]                   @ 4-byte Reload
	str	r0, [sp, #56]
	.loc	1 3403 9 is_stmt 0              @ ../../../../../Library/StdDriver/src/crypto.c:3403:9
	b	.LBB46_39
.LBB46_39:                              @ =>This Inner Loop Header: Depth=1
.Ltmp867:
	.loc	1 3403 16                       @ ../../../../../Library/StdDriver/src/crypto.c:3403:16
	ldr	r0, [sp, #56]
.Ltmp868:
	.loc	1 3403 5                        @ ../../../../../Library/StdDriver/src/crypto.c:3403:5
	cmp	r0, #17
	bgt	.LBB46_42
	b	.LBB46_40
.LBB46_40:                              @   in Loop: Header=BB46_39 Depth=1
.Ltmp869:
	.loc	1 3405 16 is_stmt 1             @ ../../../../../Library/StdDriver/src/crypto.c:3405:16
	ldr	r0, [sp, #504]
	.loc	1 3405 29 is_stmt 0             @ ../../../../../Library/StdDriver/src/crypto.c:3405:29
	ldr	r1, [sp, #56]
	.loc	1 3405 16                       @ ../../../../../Library/StdDriver/src/crypto.c:3405:16
	lsls	r1, r1, #2
	.loc	1 3405 22                       @ ../../../../../Library/StdDriver/src/crypto.c:3405:22
	adds	r0, r0, r1
	ldr	r1, __arm_cp.46_2
	.loc	1 3405 16                       @ ../../../../../Library/StdDriver/src/crypto.c:3405:16
	ldr	r0, [r0, r1]
	.loc	1 3405 11                       @ ../../../../../Library/StdDriver/src/crypto.c:3405:11
	ldr	r1, [sp, #56]
	.loc	1 3405 9                        @ ../../../../../Library/StdDriver/src/crypto.c:3405:9
	lsls	r2, r1, #2
	add	r1, sp, #132
	.loc	1 3405 14                       @ ../../../../../Library/StdDriver/src/crypto.c:3405:14
	str	r0, [r1, r2]
	.loc	1 3406 16 is_stmt 1             @ ../../../../../Library/StdDriver/src/crypto.c:3406:16
	ldr	r0, [sp, #504]
	.loc	1 3406 29 is_stmt 0             @ ../../../../../Library/StdDriver/src/crypto.c:3406:29
	ldr	r1, [sp, #56]
	.loc	1 3406 16                       @ ../../../../../Library/StdDriver/src/crypto.c:3406:16
	lsls	r1, r1, #2
	.loc	1 3406 22                       @ ../../../../../Library/StdDriver/src/crypto.c:3406:22
	adds	r0, r0, r1
	movw	r1, #2128
	.loc	1 3406 16                       @ ../../../../../Library/StdDriver/src/crypto.c:3406:16
	ldr	r0, [r0, r1]
	.loc	1 3406 11                       @ ../../../../../Library/StdDriver/src/crypto.c:3406:11
	ldr	r1, [sp, #56]
	.loc	1 3406 9                        @ ../../../../../Library/StdDriver/src/crypto.c:3406:9
	lsls	r2, r1, #2
	add	r1, sp, #60
	.loc	1 3406 14                       @ ../../../../../Library/StdDriver/src/crypto.c:3406:14
	str	r0, [r1, r2]
	.loc	1 3407 5 is_stmt 1              @ ../../../../../Library/StdDriver/src/crypto.c:3407:5
	b	.LBB46_41
.Ltmp870:
.LBB46_41:                              @   in Loop: Header=BB46_39 Depth=1
	.loc	1 3403 25                       @ ../../../../../Library/StdDriver/src/crypto.c:3403:25
	ldr	r0, [sp, #56]
	adds	r0, r0, #1
	str	r0, [sp, #56]
	.loc	1 3403 5 is_stmt 0              @ ../../../../../Library/StdDriver/src/crypto.c:3403:5
	b	.LBB46_39
.Ltmp871:
.LBB46_42:
	.loc	1 3410 23 is_stmt 1             @ ../../../../../Library/StdDriver/src/crypto.c:3410:23
	ldr	r0, [sp, #504]
	.loc	1 3410 29 is_stmt 0             @ ../../../../../Library/StdDriver/src/crypto.c:3410:29
	ldr	r1, [sp, #500]
	.loc	1 3410 8                        @ ../../../../../Library/StdDriver/src/crypto.c:3410:8
	bl	ecc_init_curve
.Ltmp872:
	.loc	1 3410 8                        @ ../../../../../Library/StdDriver/src/crypto.c:3410:8
	cmp	r0, #0
	bpl	.LBB46_44
	b	.LBB46_43
.LBB46_43:
	.loc	1 0 8                           @ ../../../../../Library/StdDriver/src/crypto.c:0:8
	movs	r0, #0
	mvns	r0, r0
.Ltmp873:
	.loc	1 3411 9 is_stmt 1              @ ../../../../../Library/StdDriver/src/crypto.c:3411:9
	str	r0, [sp, #508]
	b	.LBB46_66
.Ltmp874:
.LBB46_44:
	.loc	1 3415 15                       @ ../../../../../Library/StdDriver/src/crypto.c:3415:15
	ldr	r0, [sp, #504]
	ldr	r1, __arm_cp.46_2
	.loc	1 3415 21 is_stmt 0             @ ../../../../../Library/StdDriver/src/crypto.c:3415:21
	str	r1, [sp, #20]                   @ 4-byte Spill
	adds	r0, r0, r1
	.loc	1 3415 5                        @ ../../../../../Library/StdDriver/src/crypto.c:3415:5
	bl	clean_reg
	ldr	r2, [sp, #20]                   @ 4-byte Reload
	.loc	1 3416 13 is_stmt 1             @ ../../../../../Library/StdDriver/src/crypto.c:3416:13
	ldr	r0, [sp, #492]
	.loc	1 3416 24 is_stmt 0             @ ../../../../../Library/StdDriver/src/crypto.c:3416:24
	ldr	r1, [sp, #504]
	.loc	1 3416 30                       @ ../../../../../Library/StdDriver/src/crypto.c:3416:30
	adds	r1, r1, r2
	.loc	1 3416 5                        @ ../../../../../Library/StdDriver/src/crypto.c:3416:5
	bl	Hex2Reg
	.loc	1 3419 15 is_stmt 1             @ ../../../../../Library/StdDriver/src/crypto.c:3419:15
	ldr	r0, [sp, #504]
	movw	r1, #2128
	.loc	1 3419 21 is_stmt 0             @ ../../../../../Library/StdDriver/src/crypto.c:3419:21
	str	r1, [sp, #24]                   @ 4-byte Spill
	adds	r0, r0, r1
	.loc	1 3419 5                        @ ../../../../../Library/StdDriver/src/crypto.c:3419:5
	bl	clean_reg
	ldr	r2, [sp, #24]                   @ 4-byte Reload
	.loc	1 3420 13 is_stmt 1             @ ../../../../../Library/StdDriver/src/crypto.c:3420:13
	ldr	r0, [sp, #520]
	.loc	1 3420 24 is_stmt 0             @ ../../../../../Library/StdDriver/src/crypto.c:3420:24
	ldr	r1, [sp, #504]
	.loc	1 3420 30                       @ ../../../../../Library/StdDriver/src/crypto.c:3420:30
	adds	r1, r1, r2
	.loc	1 3420 5                        @ ../../../../../Library/StdDriver/src/crypto.c:3420:5
	bl	Hex2Reg
	movs	r0, #0
.Ltmp875:
	.loc	1 3424 11 is_stmt 1             @ ../../../../../Library/StdDriver/src/crypto.c:3424:11
	str	r0, [sp, #56]
	.loc	1 3424 9 is_stmt 0              @ ../../../../../Library/StdDriver/src/crypto.c:3424:9
	b	.LBB46_45
.LBB46_45:                              @ =>This Inner Loop Header: Depth=1
.Ltmp876:
	.loc	1 3424 16                       @ ../../../../../Library/StdDriver/src/crypto.c:3424:16
	ldr	r0, [sp, #56]
.Ltmp877:
	.loc	1 3424 5                        @ ../../../../../Library/StdDriver/src/crypto.c:3424:5
	cmp	r0, #17
	bgt	.LBB46_48
	b	.LBB46_46
.LBB46_46:                              @   in Loop: Header=BB46_45 Depth=1
.Ltmp878:
	.loc	1 3426 28 is_stmt 1             @ ../../../../../Library/StdDriver/src/crypto.c:3426:28
	ldr	r0, [sp, #56]
	.loc	1 3426 26 is_stmt 0             @ ../../../../../Library/StdDriver/src/crypto.c:3426:26
	lsls	r2, r0, #2
	add	r0, sp, #276
	ldr	r0, [r0, r2]
	.loc	1 3426 9                        @ ../../../../../Library/StdDriver/src/crypto.c:3426:9
	ldr	r1, [sp, #504]
	.loc	1 3426 15                       @ ../../../../../Library/StdDriver/src/crypto.c:3426:15
	adds	r1, r1, r2
	movw	r2, #2560
	.loc	1 3426 24                       @ ../../../../../Library/StdDriver/src/crypto.c:3426:24
	str	r0, [r1, r2]
	.loc	1 3427 5 is_stmt 1              @ ../../../../../Library/StdDriver/src/crypto.c:3427:5
	b	.LBB46_47
.Ltmp879:
.LBB46_47:                              @   in Loop: Header=BB46_45 Depth=1
	.loc	1 3424 25                       @ ../../../../../Library/StdDriver/src/crypto.c:3424:25
	ldr	r0, [sp, #56]
	adds	r0, r0, #1
	str	r0, [sp, #56]
	.loc	1 3424 5 is_stmt 0              @ ../../../../../Library/StdDriver/src/crypto.c:3424:5
	b	.LBB46_45
.Ltmp880:
.LBB46_48:
	.loc	1 3430 19 is_stmt 1             @ ../../../../../Library/StdDriver/src/crypto.c:3430:19
	ldr	r0, [sp, #504]
	movs	r1, #0
	.loc	1 3430 5 is_stmt 0              @ ../../../../../Library/StdDriver/src/crypto.c:3430:5
	str	r1, [sp, #16]                   @ 4-byte Spill
	bl	run_ecc_codec
	.loc	1 3433 15 is_stmt 1             @ ../../../../../Library/StdDriver/src/crypto.c:3433:15
	ldr	r0, [sp, #504]
	ldr	r1, __arm_cp.46_3
	.loc	1 3433 21 is_stmt 0             @ ../../../../../Library/StdDriver/src/crypto.c:3433:21
	str	r1, [sp, #4]                    @ 4-byte Spill
	adds	r0, r0, r1
	.loc	1 3433 5                        @ ../../../../../Library/StdDriver/src/crypto.c:3433:5
	bl	clean_reg
	ldr	r2, [sp, #4]                    @ 4-byte Reload
	.loc	1 3434 13 is_stmt 1             @ ../../../../../Library/StdDriver/src/crypto.c:3434:13
	ldr	r0, __arm_cp.46_1
	str	r0, [sp, #8]                    @ 4-byte Spill
	ldr	r0, [r0]
	.loc	1 3434 21 is_stmt 0             @ ../../../../../Library/StdDriver/src/crypto.c:3434:21
	adds	r0, #8
	.loc	1 3434 25                       @ ../../../../../Library/StdDriver/src/crypto.c:3434:25
	ldr	r1, [sp, #504]
	.loc	1 3434 31                       @ ../../../../../Library/StdDriver/src/crypto.c:3434:31
	adds	r1, r1, r2
	.loc	1 3434 5                        @ ../../../../../Library/StdDriver/src/crypto.c:3434:5
	bl	Hex2Reg
	.loc	1 3436 15 is_stmt 1             @ ../../../../../Library/StdDriver/src/crypto.c:3436:15
	ldr	r0, [sp, #504]
	movw	r1, #2416
	.loc	1 3436 21 is_stmt 0             @ ../../../../../Library/StdDriver/src/crypto.c:3436:21
	str	r1, [sp, #12]                   @ 4-byte Spill
	adds	r0, r0, r1
	.loc	1 3436 5                        @ ../../../../../Library/StdDriver/src/crypto.c:3436:5
	bl	clean_reg
	ldr	r0, [sp, #8]                    @ 4-byte Reload
	ldr	r2, [sp, #12]                   @ 4-byte Reload
	.loc	1 3437 13 is_stmt 1             @ ../../../../../Library/StdDriver/src/crypto.c:3437:13
	ldr	r0, [r0]
	.loc	1 3437 21 is_stmt 0             @ ../../../../../Library/StdDriver/src/crypto.c:3437:21
	adds	r0, #152
	.loc	1 3437 25                       @ ../../../../../Library/StdDriver/src/crypto.c:3437:25
	ldr	r1, [sp, #504]
	.loc	1 3437 31                       @ ../../../../../Library/StdDriver/src/crypto.c:3437:31
	adds	r1, r1, r2
	.loc	1 3437 5                        @ ../../../../../Library/StdDriver/src/crypto.c:3437:5
	bl	Hex2Reg
	ldr	r0, [sp, #16]                   @ 4-byte Reload
.Ltmp881:
	.loc	1 3440 11 is_stmt 1             @ ../../../../../Library/StdDriver/src/crypto.c:3440:11
	str	r0, [sp, #56]
	.loc	1 3440 9 is_stmt 0              @ ../../../../../Library/StdDriver/src/crypto.c:3440:9
	b	.LBB46_49
.LBB46_49:                              @ =>This Inner Loop Header: Depth=1
.Ltmp882:
	.loc	1 3440 16                       @ ../../../../../Library/StdDriver/src/crypto.c:3440:16
	ldr	r0, [sp, #56]
.Ltmp883:
	.loc	1 3440 5                        @ ../../../../../Library/StdDriver/src/crypto.c:3440:5
	cmp	r0, #17
	bgt	.LBB46_52
	b	.LBB46_50
.LBB46_50:                              @   in Loop: Header=BB46_49 Depth=1
.Ltmp884:
	.loc	1 3442 29 is_stmt 1             @ ../../../../../Library/StdDriver/src/crypto.c:3442:29
	ldr	r0, [sp, #56]
	.loc	1 3442 27 is_stmt 0             @ ../../../../../Library/StdDriver/src/crypto.c:3442:27
	lsls	r2, r0, #2
	add	r0, sp, #132
	ldr	r0, [r0, r2]
	.loc	1 3442 9                        @ ../../../../../Library/StdDriver/src/crypto.c:3442:9
	ldr	r1, [sp, #504]
	.loc	1 3442 15                       @ ../../../../../Library/StdDriver/src/crypto.c:3442:15
	adds	r1, r1, r2
	ldr	r2, __arm_cp.46_4
	.loc	1 3442 25                       @ ../../../../../Library/StdDriver/src/crypto.c:3442:25
	str	r0, [r1, r2]
	.loc	1 3443 29 is_stmt 1             @ ../../../../../Library/StdDriver/src/crypto.c:3443:29
	ldr	r0, [sp, #56]
	.loc	1 3443 27 is_stmt 0             @ ../../../../../Library/StdDriver/src/crypto.c:3443:27
	lsls	r2, r0, #2
	add	r0, sp, #60
	ldr	r0, [r0, r2]
	.loc	1 3443 9                        @ ../../../../../Library/StdDriver/src/crypto.c:3443:9
	ldr	r1, [sp, #504]
	.loc	1 3443 15                       @ ../../../../../Library/StdDriver/src/crypto.c:3443:15
	adds	r1, r1, r2
	movw	r2, #2272
	.loc	1 3443 25                       @ ../../../../../Library/StdDriver/src/crypto.c:3443:25
	str	r0, [r1, r2]
	.loc	1 3444 5 is_stmt 1              @ ../../../../../Library/StdDriver/src/crypto.c:3444:5
	b	.LBB46_51
.Ltmp885:
.LBB46_51:                              @   in Loop: Header=BB46_49 Depth=1
	.loc	1 3440 25                       @ ../../../../../Library/StdDriver/src/crypto.c:3440:25
	ldr	r0, [sp, #56]
	adds	r0, r0, #1
	str	r0, [sp, #56]
	.loc	1 3440 5 is_stmt 0              @ ../../../../../Library/StdDriver/src/crypto.c:3440:5
	b	.LBB46_49
.Ltmp886:
.LBB46_52:
	.loc	1 3447 19 is_stmt 1             @ ../../../../../Library/StdDriver/src/crypto.c:3447:19
	ldr	r0, [sp, #504]
	movw	r1, #1024
	.loc	1 3447 5 is_stmt 0              @ ../../../../../Library/StdDriver/src/crypto.c:3447:5
	bl	run_ecc_codec
	.loc	1 3454 15 is_stmt 1             @ ../../../../../Library/StdDriver/src/crypto.c:3454:15
	ldr	r0, [sp, #504]
	ldr	r1, __arm_cp.46_0
	.loc	1 3454 21 is_stmt 0             @ ../../../../../Library/StdDriver/src/crypto.c:3454:21
	str	r1, [sp]                        @ 4-byte Spill
	adds	r0, r0, r1
	.loc	1 3454 5                        @ ../../../../../Library/StdDriver/src/crypto.c:3454:5
	bl	clean_reg
	ldr	r2, [sp]                        @ 4-byte Reload
	.loc	1 3455 13 is_stmt 1             @ ../../../../../Library/StdDriver/src/crypto.c:3455:13
	ldr	r0, __arm_cp.46_1
	ldr	r0, [r0]
	movw	r1, #768
	.loc	1 3455 21 is_stmt 0             @ ../../../../../Library/StdDriver/src/crypto.c:3455:21
	adds	r0, r0, r1
	.loc	1 3455 29                       @ ../../../../../Library/StdDriver/src/crypto.c:3455:29
	ldr	r1, [sp, #504]
	.loc	1 3455 35                       @ ../../../../../Library/StdDriver/src/crypto.c:3455:35
	adds	r1, r1, r2
	.loc	1 3455 5                        @ ../../../../../Library/StdDriver/src/crypto.c:3455:5
	bl	Hex2Reg
	.loc	1 3458 15 is_stmt 1             @ ../../../../../Library/StdDriver/src/crypto.c:3458:15
	ldr	r0, [sp, #504]
	movw	r1, #2128
	.loc	1 3458 21 is_stmt 0             @ ../../../../../Library/StdDriver/src/crypto.c:3458:21
	adds	r0, r0, r1
	.loc	1 3458 5                        @ ../../../../../Library/StdDriver/src/crypto.c:3458:5
	bl	clean_reg
	.loc	1 3461 19 is_stmt 1             @ ../../../../../Library/StdDriver/src/crypto.c:3461:19
	ldr	r0, [sp, #504]
	movw	r1, #4608
	.loc	1 3461 5 is_stmt 0              @ ../../../../../Library/StdDriver/src/crypto.c:3461:5
	bl	run_ecc_codec
	movs	r0, #0
.Ltmp887:
	.loc	1 3464 11 is_stmt 1             @ ../../../../../Library/StdDriver/src/crypto.c:3464:11
	str	r0, [sp, #56]
	.loc	1 3464 9 is_stmt 0              @ ../../../../../Library/StdDriver/src/crypto.c:3464:9
	b	.LBB46_53
.LBB46_53:                              @ =>This Inner Loop Header: Depth=1
.Ltmp888:
	.loc	1 3464 16                       @ ../../../../../Library/StdDriver/src/crypto.c:3464:16
	ldr	r0, [sp, #56]
.Ltmp889:
	.loc	1 3464 5                        @ ../../../../../Library/StdDriver/src/crypto.c:3464:5
	cmp	r0, #17
	bgt	.LBB46_56
	b	.LBB46_54
.LBB46_54:                              @   in Loop: Header=BB46_53 Depth=1
.Ltmp890:
	.loc	1 3466 30 is_stmt 1             @ ../../../../../Library/StdDriver/src/crypto.c:3466:30
	ldr	r0, [sp, #56]
	.loc	1 3466 27 is_stmt 0             @ ../../../../../Library/StdDriver/src/crypto.c:3466:27
	lsls	r2, r0, #2
	add	r0, sp, #204
	ldr	r0, [r0, r2]
	.loc	1 3466 9                        @ ../../../../../Library/StdDriver/src/crypto.c:3466:9
	ldr	r1, [sp, #504]
	.loc	1 3466 15                       @ ../../../../../Library/StdDriver/src/crypto.c:3466:15
	adds	r1, r1, r2
	movw	r2, #2128
	.loc	1 3466 25                       @ ../../../../../Library/StdDriver/src/crypto.c:3466:25
	str	r0, [r1, r2]
	.loc	1 3467 5 is_stmt 1              @ ../../../../../Library/StdDriver/src/crypto.c:3467:5
	b	.LBB46_55
.Ltmp891:
.LBB46_55:                              @   in Loop: Header=BB46_53 Depth=1
	.loc	1 3464 25                       @ ../../../../../Library/StdDriver/src/crypto.c:3464:25
	ldr	r0, [sp, #56]
	adds	r0, r0, #1
	str	r0, [sp, #56]
	.loc	1 3464 5 is_stmt 0              @ ../../../../../Library/StdDriver/src/crypto.c:3464:5
	b	.LBB46_53
.Ltmp892:
.LBB46_56:
	.loc	1 3470 19 is_stmt 1             @ ../../../../../Library/StdDriver/src/crypto.c:3470:19
	ldr	r0, [sp, #504]
	movw	r1, #4608
	.loc	1 3470 5 is_stmt 0              @ ../../../../../Library/StdDriver/src/crypto.c:3470:5
	bl	run_ecc_codec
	movs	r0, #0
.Ltmp893:
	.loc	1 3473 11 is_stmt 1             @ ../../../../../Library/StdDriver/src/crypto.c:3473:11
	str	r0, [sp, #56]
	.loc	1 3473 9 is_stmt 0              @ ../../../../../Library/StdDriver/src/crypto.c:3473:9
	b	.LBB46_57
.LBB46_57:                              @ =>This Inner Loop Header: Depth=1
.Ltmp894:
	.loc	1 3473 16                       @ ../../../../../Library/StdDriver/src/crypto.c:3473:16
	ldr	r0, [sp, #56]
.Ltmp895:
	.loc	1 3473 5                        @ ../../../../../Library/StdDriver/src/crypto.c:3473:5
	cmp	r0, #17
	bgt	.LBB46_65
	b	.LBB46_58
.LBB46_58:                              @   in Loop: Header=BB46_57 Depth=1
.Ltmp896:
	.loc	1 3475 12 is_stmt 1             @ ../../../../../Library/StdDriver/src/crypto.c:3475:12
	ldr	r0, [sp, #504]
	.loc	1 3475 25 is_stmt 0             @ ../../../../../Library/StdDriver/src/crypto.c:3475:25
	ldr	r1, [sp, #56]
	.loc	1 3475 12                       @ ../../../../../Library/StdDriver/src/crypto.c:3475:12
	lsls	r1, r1, #2
	.loc	1 3475 18                       @ ../../../../../Library/StdDriver/src/crypto.c:3475:18
	adds	r0, r0, r1
	ldr	r1, __arm_cp.46_2
	.loc	1 3475 12                       @ ../../../../../Library/StdDriver/src/crypto.c:3475:12
	ldr	r0, [r0, r1]
	.loc	1 3475 33                       @ ../../../../../Library/StdDriver/src/crypto.c:3475:33
	ldr	r1, [sp, #56]
	.loc	1 3475 31                       @ ../../../../../Library/StdDriver/src/crypto.c:3475:31
	lsls	r2, r1, #2
	add	r1, sp, #420
	ldr	r1, [r1, r2]
.Ltmp897:
	.loc	1 3475 12                       @ ../../../../../Library/StdDriver/src/crypto.c:3475:12
	cmp	r0, r1
	beq	.LBB46_63
	b	.LBB46_59
.LBB46_59:
	.loc	1 0 12                          @ ../../../../../Library/StdDriver/src/crypto.c:0:12
	movs	r0, #1
	mvns	r0, r0
.Ltmp898:
	.loc	1 3476 13 is_stmt 1             @ ../../../../../Library/StdDriver/src/crypto.c:3476:13
	str	r0, [sp, #508]
	b	.LBB46_66
.Ltmp899:
	.p2align	2
@ %bb.60:
	.loc	1 0 13 is_stmt 0                @ ../../../../../Library/StdDriver/src/crypto.c:0:13
.LCPI46_5:
	.long	2488                            @ 0x9b8
	.p2align	2
@ %bb.61:
.LCPI46_6:
	.long	pCurve
	.p2align	2
@ %bb.62:
.LCPI46_7:
	.long	2056                            @ 0x808
	.p2align	1
.LBB46_63:                              @   in Loop: Header=BB46_57 Depth=1
	.loc	1 3477 5 is_stmt 1              @ ../../../../../Library/StdDriver/src/crypto.c:3477:5
	b	.LBB46_64
.Ltmp900:
.LBB46_64:                              @   in Loop: Header=BB46_57 Depth=1
	.loc	1 3473 25                       @ ../../../../../Library/StdDriver/src/crypto.c:3473:25
	ldr	r0, [sp, #56]
	adds	r0, r0, #1
	str	r0, [sp, #56]
	.loc	1 3473 5 is_stmt 0              @ ../../../../../Library/StdDriver/src/crypto.c:3473:5
	b	.LBB46_57
.Ltmp901:
.LBB46_65:
	.loc	1 0 5                           @ ../../../../../Library/StdDriver/src/crypto.c:0:5
	movs	r0, #0
	.loc	1 3479 5 is_stmt 1              @ ../../../../../Library/StdDriver/src/crypto.c:3479:5
	str	r0, [sp, #508]
	b	.LBB46_66
.LBB46_66:
	.loc	1 3480 1                        @ ../../../../../Library/StdDriver/src/crypto.c:3480:1
	ldr	r0, [sp, #508]
	add	sp, #508
	add	sp, #4
	pop	{r4, pc}
.Ltmp902:
	.p2align	2
@ %bb.67:
	.loc	1 0 1 is_stmt 0                 @ ../../../../../Library/StdDriver/src/crypto.c:0:1
__arm_cp.46_0:
	.long	2488                            @ 0x9b8
.Lcpi_end109:
	.size	__arm_cp.46_0, .Lcpi_end109-__arm_cp.46_0
__arm_cp.46_1:
	.long	pCurve
.Lcpi_end110:
	.size	__arm_cp.46_1, .Lcpi_end110-__arm_cp.46_1
__arm_cp.46_2:
	.long	2056                            @ 0x808
.Lcpi_end111:
	.size	__arm_cp.46_2, .Lcpi_end111-__arm_cp.46_2
__arm_cp.46_3:
	.long	2344                            @ 0x928
.Lcpi_end112:
	.size	__arm_cp.46_3, .Lcpi_end112-__arm_cp.46_3
__arm_cp.46_4:
	.long	2200                            @ 0x898
.Lcpi_end113:
	.size	__arm_cp.46_4, .Lcpi_end113-__arm_cp.46_4
.Lfunc_end46:
	.size	SM2_Verify, .Lfunc_end46-SM2_Verify
	.cfi_endproc
	.fnend
                                        @ -- End function
	.section	.text.SM3,"ax",%progbits
	.hidden	SM3                             @ -- Begin function SM3
	.globl	SM3
	.p2align	2
	.type	SM3,%function
	.code	16                              @ @SM3
	.thumb_func
SM3:
.Lfunc_begin47:
	.loc	1 3493 0 is_stmt 1              @ ../../../../../Library/StdDriver/src/crypto.c:3493:0
	.fnstart
	.cfi_startproc
@ %bb.0:
	.pad	#24
	sub	sp, #24
	.cfi_def_cfa_offset 24
	str	r0, [sp, #16]
	str	r1, [sp, #12]
	str	r2, [sp, #8]
	ldr	r1, __arm_cp.47_0
.Ltmp903:
	.loc	1 3498 17 prologue_end          @ ../../../../../Library/StdDriver/src/crypto.c:3498:17
	ldr	r0, [r1]
	movw	r2, #4096
	orrs	r0, r2
	str	r0, [r1]
	.loc	1 3499 17                       @ ../../../../../Library/StdDriver/src/crypto.c:3499:17
	ldr	r0, [r1]
	eors	r0, r2
	str	r0, [r1]
	.loc	1 3502 34                       @ ../../../../../Library/StdDriver/src/crypto.c:3502:34
	ldr	r0, [sp, #16]
	ldr	r1, __arm_cp.47_1
	.loc	1 3502 22 is_stmt 0             @ ../../../../../Library/StdDriver/src/crypto.c:3502:22
	str	r0, [r1]
	.loc	1 3503 25 is_stmt 1             @ ../../../../../Library/StdDriver/src/crypto.c:3503:25
	ldr	r0, [sp, #12]
	ldr	r1, __arm_cp.47_2
	.loc	1 3503 23 is_stmt 0             @ ../../../../../Library/StdDriver/src/crypto.c:3503:23
	str	r0, [r1]
	ldr	r1, __arm_cp.47_3
	ldr	r0, __arm_cp.47_4
	.loc	1 3506 20 is_stmt 1             @ ../../../../../Library/StdDriver/src/crypto.c:3506:20
	str	r0, [r1]
	.loc	1 3512 20                       @ ../../../../../Library/StdDriver/src/crypto.c:3512:20
	ldr	r0, [r1]
	movs	r2, #1
	orrs	r0, r2
	str	r0, [r1]
	.loc	1 3514 15                       @ ../../../../../Library/StdDriver/src/crypto.c:3514:15
	ldr	r0, __arm_cp.47_5
	ldr	r0, [r0]
	.loc	1 3514 13 is_stmt 0             @ ../../../../../Library/StdDriver/src/crypto.c:3514:13
	str	r0, [sp]
	.loc	1 3515 5 is_stmt 1              @ ../../../../../Library/StdDriver/src/crypto.c:3515:5
	b	.LBB47_1
.LBB47_1:                               @ =>This Inner Loop Header: Depth=1
	.loc	1 0 5 is_stmt 0                 @ ../../../../../Library/StdDriver/src/crypto.c:0:5
	ldr	r0, __arm_cp.47_6
	.loc	1 3515 18                       @ ../../../../../Library/StdDriver/src/crypto.c:3515:18
	ldr	r0, [r0]
	.loc	1 3515 5                        @ ../../../../../Library/StdDriver/src/crypto.c:3515:5
	lsls	r0, r0, #7
	cmp	r0, #0
	bmi	.LBB47_5
	b	.LBB47_2
.LBB47_2:                               @   in Loop: Header=BB47_1 Depth=1
.Ltmp904:
	.loc	1 3517 19 is_stmt 1             @ ../../../../../Library/StdDriver/src/crypto.c:3517:19
	ldr	r0, [sp]
	subs	r1, r0, #1
	str	r1, [sp]
.Ltmp905:
	.loc	1 3517 12 is_stmt 0             @ ../../../../../Library/StdDriver/src/crypto.c:3517:12
	cmp	r0, #0
	bgt	.LBB47_4
	b	.LBB47_3
.LBB47_3:
	.loc	1 0 12                          @ ../../../../../Library/StdDriver/src/crypto.c:0:12
	movs	r0, #0
	mvns	r0, r0
.Ltmp906:
	.loc	1 3518 13 is_stmt 1             @ ../../../../../Library/StdDriver/src/crypto.c:3518:13
	str	r0, [sp, #20]
	b	.LBB47_12
.Ltmp907:
.LBB47_4:                               @   in Loop: Header=BB47_1 Depth=1
	.loc	1 3515 5                        @ ../../../../../Library/StdDriver/src/crypto.c:3515:5
	b	.LBB47_1
.LBB47_5:
	.loc	1 0 5 is_stmt 0                 @ ../../../../../Library/StdDriver/src/crypto.c:0:5
	ldr	r0, __arm_cp.47_6
.Ltmp908:
	.loc	1 3521 14 is_stmt 1             @ ../../../../../Library/StdDriver/src/crypto.c:3521:14
	ldr	r0, [r0]
.Ltmp909:
	.loc	1 3521 8 is_stmt 0              @ ../../../../../Library/StdDriver/src/crypto.c:3521:8
	lsls	r0, r0, #6
	cmp	r0, #0
	bpl	.LBB47_7
	b	.LBB47_6
.LBB47_6:
	.loc	1 0 8                           @ ../../../../../Library/StdDriver/src/crypto.c:0:8
	movs	r0, #0
	mvns	r0, r0
.Ltmp910:
	.loc	1 3522 9 is_stmt 1              @ ../../../../../Library/StdDriver/src/crypto.c:3522:9
	str	r0, [sp, #20]
	b	.LBB47_12
.Ltmp911:
.LBB47_7:
	.loc	1 0 9 is_stmt 0                 @ ../../../../../Library/StdDriver/src/crypto.c:0:9
	movs	r0, #0
.Ltmp912:
	.loc	1 3525 11 is_stmt 1             @ ../../../../../Library/StdDriver/src/crypto.c:3525:11
	str	r0, [sp, #4]
	.loc	1 3525 9 is_stmt 0              @ ../../../../../Library/StdDriver/src/crypto.c:3525:9
	b	.LBB47_8
.LBB47_8:                               @ =>This Inner Loop Header: Depth=1
.Ltmp913:
	.loc	1 3525 16                       @ ../../../../../Library/StdDriver/src/crypto.c:3525:16
	ldr	r0, [sp, #4]
.Ltmp914:
	.loc	1 3525 5                        @ ../../../../../Library/StdDriver/src/crypto.c:3525:5
	cmp	r0, #7
	bgt	.LBB47_11
	b	.LBB47_9
.LBB47_9:                               @   in Loop: Header=BB47_8 Depth=1
.Ltmp915:
	.loc	1 3526 37 is_stmt 1             @ ../../../../../Library/StdDriver/src/crypto.c:3526:37
	ldr	r0, [sp, #4]
	.loc	1 3526 21 is_stmt 0             @ ../../../../../Library/StdDriver/src/crypto.c:3526:21
	lsls	r0, r0, #2
	ldr	r1, __arm_cp.47_7
	ldr	r0, [r0, r1]
	.loc	1 3526 9                        @ ../../../../../Library/StdDriver/src/crypto.c:3526:9
	ldr	r1, [sp, #8]
	.loc	1 3526 16                       @ ../../../../../Library/StdDriver/src/crypto.c:3526:16
	ldr	r2, [sp, #4]
	.loc	1 3526 9                        @ ../../../../../Library/StdDriver/src/crypto.c:3526:9
	lsls	r2, r2, #2
	.loc	1 3526 19                       @ ../../../../../Library/StdDriver/src/crypto.c:3526:19
	str	r0, [r1, r2]
	.loc	1 3526 9                        @ ../../../../../Library/StdDriver/src/crypto.c:3526:9
	b	.LBB47_10
.LBB47_10:                              @   in Loop: Header=BB47_8 Depth=1
	.loc	1 3525 24 is_stmt 1             @ ../../../../../Library/StdDriver/src/crypto.c:3525:24
	ldr	r0, [sp, #4]
	adds	r0, r0, #1
	str	r0, [sp, #4]
	.loc	1 3525 5 is_stmt 0              @ ../../../../../Library/StdDriver/src/crypto.c:3525:5
	b	.LBB47_8
.Ltmp916:
.LBB47_11:
	.loc	1 0 5                           @ ../../../../../Library/StdDriver/src/crypto.c:0:5
	movs	r0, #0
	.loc	1 3528 5 is_stmt 1              @ ../../../../../Library/StdDriver/src/crypto.c:3528:5
	str	r0, [sp, #20]
	b	.LBB47_12
.LBB47_12:
	.loc	1 3529 1                        @ ../../../../../Library/StdDriver/src/crypto.c:3529:1
	ldr	r0, [sp, #20]
	add	sp, #24
	bx	lr
.Ltmp917:
	.p2align	2
@ %bb.13:
	.loc	1 0 1 is_stmt 0                 @ ../../../../../Library/StdDriver/src/crypto.c:0:1
__arm_cp.47_0:
	.long	1073741832                      @ 0x40000008
.Lcpi_end114:
	.size	__arm_cp.47_0, .Lcpi_end114-__arm_cp.47_0
__arm_cp.47_1:
	.long	1073947468                      @ 0x4003234c
.Lcpi_end115:
	.size	__arm_cp.47_1, .Lcpi_end115-__arm_cp.47_1
__arm_cp.47_2:
	.long	1073947472                      @ 0x40032350
.Lcpi_end116:
	.size	__arm_cp.47_2, .Lcpi_end116-__arm_cp.47_2
__arm_cp.47_3:
	.long	1073947392                      @ 0x40032300
.Lcpi_end117:
	.size	__arm_cp.47_3, .Lcpi_end117-__arm_cp.47_3
__arm_cp.47_4:
	.long	12592288                        @ 0xc024a0
.Lcpi_end118:
	.size	__arm_cp.47_4, .Lcpi_end118-__arm_cp.47_4
__arm_cp.47_5:
	.long	SystemCoreClock
.Lcpi_end119:
	.size	__arm_cp.47_5, .Lcpi_end119-__arm_cp.47_5
__arm_cp.47_6:
	.long	1073946628                      @ 0x40032004
.Lcpi_end120:
	.size	__arm_cp.47_6, .Lcpi_end120-__arm_cp.47_6
__arm_cp.47_7:
	.long	1073947400                      @ 0x40032308
.Lcpi_end121:
	.size	__arm_cp.47_7, .Lcpi_end121-__arm_cp.47_7
.Lfunc_end47:
	.size	SM3, .Lfunc_end47-SM3
	.cfi_endproc
	.cantunwind
	.fnend
                                        @ -- End function
	.section	.text.get_Nth_nibble_char,"ax",%progbits
	.p2align	2                               @ -- Begin function get_Nth_nibble_char
	.type	get_Nth_nibble_char,%function
	.code	16                              @ @get_Nth_nibble_char
	.thumb_func
get_Nth_nibble_char:
.Lfunc_begin48:
	.loc	1 959 0 is_stmt 1               @ ../../../../../Library/StdDriver/src/crypto.c:959:0
	.fnstart
	.cfi_startproc
@ %bb.0:
	.pad	#8
	sub	sp, #8
	.cfi_def_cfa_offset 8
	str	r0, [sp, #4]
	str	r1, [sp]
.Ltmp918:
	.loc	1 960 26 prologue_end           @ ../../../../../Library/StdDriver/src/crypto.c:960:26
	ldr	r1, [sp, #4]
	.loc	1 960 36 is_stmt 0              @ ../../../../../Library/StdDriver/src/crypto.c:960:36
	ldr	r0, [sp]
	.loc	1 960 40                        @ ../../../../../Library/StdDriver/src/crypto.c:960:40
	lsls	r0, r0, #2
	.loc	1 960 32                        @ ../../../../../Library/StdDriver/src/crypto.c:960:32
	lsrs	r1, r0
	movs	r0, #15
	.loc	1 960 47                        @ ../../../../../Library/StdDriver/src/crypto.c:960:47
	ands	r1, r0
	.loc	1 960 12                        @ ../../../../../Library/StdDriver/src/crypto.c:960:12
	ldr	r0, __arm_cp.48_0
	ldrb	r0, [r0, r1]
	.loc	1 960 5                         @ ../../../../../Library/StdDriver/src/crypto.c:960:5
	add	sp, #8
	bx	lr
.Ltmp919:
	.p2align	2
@ %bb.1:
	.loc	1 0 5                           @ ../../../../../Library/StdDriver/src/crypto.c:0:5
__arm_cp.48_0:
	.long	hex_char_tbl
.Lcpi_end122:
	.size	__arm_cp.48_0, .Lcpi_end122-__arm_cp.48_0
.Lfunc_end48:
	.size	get_Nth_nibble_char, .Lfunc_end48-get_Nth_nibble_char
	.cfi_endproc
	.cantunwind
	.fnend
                                        @ -- End function
	.section	.text.ch2hex,"ax",%progbits
	.p2align	1                               @ -- Begin function ch2hex
	.type	ch2hex,%function
	.code	16                              @ @ch2hex
	.thumb_func
ch2hex:
.Lfunc_begin49:
	.loc	1 884 0 is_stmt 1               @ ../../../../../Library/StdDriver/src/crypto.c:884:0
	.fnstart
	.cfi_startproc
@ %bb.0:
	.pad	#8
	sub	sp, #8
	.cfi_def_cfa_offset 8
	mov	r1, r0
                                        @ kill: def $r0 killed $r1
	mov	r0, sp
	strb	r1, [r0]
.Ltmp920:
	.loc	1 885 8 prologue_end            @ ../../../../../Library/StdDriver/src/crypto.c:885:8
	ldrb	r0, [r0]
.Ltmp921:
	.loc	1 885 8 is_stmt 0               @ ../../../../../Library/StdDriver/src/crypto.c:885:8
	cmp	r0, #57
	bgt	.LBB49_2
	b	.LBB49_1
.LBB49_1:
.Ltmp922:
	.loc	1 887 16 is_stmt 1              @ ../../../../../Library/StdDriver/src/crypto.c:887:16
	ldr	r0, [sp]
	.loc	1 887 19 is_stmt 0              @ ../../../../../Library/StdDriver/src/crypto.c:887:19
	subs	r0, #48
	add	r1, sp, #4
	.loc	1 887 9                         @ ../../../../../Library/StdDriver/src/crypto.c:887:9
	strb	r0, [r1]
	b	.LBB49_6
.Ltmp923:
.LBB49_2:
	.loc	1 0 9                           @ ../../../../../Library/StdDriver/src/crypto.c:0:9
	mov	r0, sp
.Ltmp924:
	.loc	1 889 14 is_stmt 1              @ ../../../../../Library/StdDriver/src/crypto.c:889:14
	ldrb	r0, [r0]
	.loc	1 889 25 is_stmt 0              @ ../../../../../Library/StdDriver/src/crypto.c:889:25
	cmp	r0, #122
	bgt	.LBB49_5
	b	.LBB49_3
.LBB49_3:
	.loc	1 0 25                          @ ../../../../../Library/StdDriver/src/crypto.c:0:25
	mov	r0, sp
	.loc	1 889 29                        @ ../../../../../Library/StdDriver/src/crypto.c:889:29
	ldrb	r0, [r0]
.Ltmp925:
	.loc	1 889 13                        @ ../../../../../Library/StdDriver/src/crypto.c:889:13
	cmp	r0, #97
	blt	.LBB49_5
	b	.LBB49_4
.LBB49_4:
.Ltmp926:
	.loc	1 891 16 is_stmt 1              @ ../../../../../Library/StdDriver/src/crypto.c:891:16
	ldr	r0, [sp]
	.loc	1 891 25 is_stmt 0              @ ../../../../../Library/StdDriver/src/crypto.c:891:25
	subs	r0, #87
	add	r1, sp, #4
	.loc	1 891 9                         @ ../../../../../Library/StdDriver/src/crypto.c:891:9
	strb	r0, [r1]
	b	.LBB49_6
.Ltmp927:
.LBB49_5:
	.loc	1 895 16 is_stmt 1              @ ../../../../../Library/StdDriver/src/crypto.c:895:16
	ldr	r0, [sp]
	.loc	1 895 25 is_stmt 0              @ ../../../../../Library/StdDriver/src/crypto.c:895:25
	subs	r0, #55
	add	r1, sp, #4
	.loc	1 895 9                         @ ../../../../../Library/StdDriver/src/crypto.c:895:9
	strb	r0, [r1]
	b	.LBB49_6
.Ltmp928:
.LBB49_6:
	.loc	1 0 9                           @ ../../../../../Library/StdDriver/src/crypto.c:0:9
	add	r0, sp, #4
	.loc	1 897 1 is_stmt 1               @ ../../../../../Library/StdDriver/src/crypto.c:897:1
	ldrb	r0, [r0]
	add	sp, #8
	bx	lr
.Ltmp929:
.Lfunc_end49:
	.size	ch2hex, .Lfunc_end49-ch2hex
	.cfi_endproc
	.cantunwind
	.fnend
                                        @ -- End function
	.section	.text.dump_ecc_reg,"ax",%progbits
	.p2align	1                               @ -- Begin function dump_ecc_reg
	.type	dump_ecc_reg,%function
	.code	16                              @ @dump_ecc_reg
	.thumb_func
dump_ecc_reg:
.Lfunc_begin50:
	.loc	1 877 0                         @ ../../../../../Library/StdDriver/src/crypto.c:877:0
	.fnstart
	.cfi_startproc
@ %bb.0:
	.pad	#12
	sub	sp, #12
	.cfi_def_cfa_offset 12
	str	r0, [sp, #8]
	str	r1, [sp, #4]
	str	r2, [sp]
.Ltmp930:
	.loc	1 881 1 prologue_end            @ ../../../../../Library/StdDriver/src/crypto.c:881:1
	add	sp, #12
	bx	lr
.Ltmp931:
.Lfunc_end50:
	.size	dump_ecc_reg, .Lfunc_end50-dump_ecc_reg
	.cfi_endproc
	.cantunwind
	.fnend
                                        @ -- End function
	.type	.L__const.PRNG_Read.au32WcntTbl,%object @ @__const.PRNG_Read.au32WcntTbl
	.section	.rodata..L__const.PRNG_Read.au32WcntTbl,"a",%progbits
	.p2align	2, 0x0
.L__const.PRNG_Read.au32WcntTbl:
	.long	4                               @ 0x4
	.long	6                               @ 0x6
	.long	6                               @ 0x6
	.long	7                               @ 0x7
	.long	8                               @ 0x8
	.long	8                               @ 0x8
	.long	8                               @ 0x8
	.size	.L__const.PRNG_Read.au32WcntTbl, 28

	.type	g_ECC_done,%object              @ @g_ECC_done
	.section	.bss.g_ECC_done,"aw",%nobits
	.p2align	2, 0x0
g_ECC_done:
	.long	0                               @ 0x0
	.size	g_ECC_done, 4

	.type	g_ECCERR_done,%object           @ @g_ECCERR_done
	.section	.bss.g_ECCERR_done,"aw",%nobits
	.p2align	2, 0x0
g_ECCERR_done:
	.long	0                               @ 0x0
	.size	g_ECCERR_done, 4

	.type	pCurve,%object                  @ @pCurve
	.section	.bss.pCurve,"aw",%nobits
	.p2align	2, 0x0
pCurve:
	.long	0
	.size	pCurve, 4

	.type	.L.str,%object                  @ @.str
	.section	.rodata.str1.1,"aMS",%progbits,1
.L.str:
	.asciz	"!! Is curve-25519 !!\n"
	.size	.L.str, 22

	.type	temp_hex_str,%object            @ @temp_hex_str
	.section	.bss.temp_hex_str,"aw",%nobits
temp_hex_str:
	.zero	160
	.size	temp_hex_str, 160

	.type	.L.str.1,%object                @ @.str.1
	.section	.rodata.str1.1,"aMS",%progbits,1
.L.str.1:
	.asciz	"ECCEIF flag is set!!\n"
	.size	.L.str.1, 22

	.type	s_u32RsaOpMode,%object          @ @s_u32RsaOpMode
	.section	.bss.s_u32RsaOpMode,"aw",%nobits
	.p2align	2, 0x0
s_u32RsaOpMode:
	.long	0                               @ 0x0
	.size	s_u32RsaOpMode, 4

	.type	s_pRSABuf,%object               @ @s_pRSABuf
	.section	.bss.s_pRSABuf,"aw",%nobits
	.p2align	2, 0x0
s_pRSABuf:
	.long	0
	.size	s_pRSABuf, 4

	.type	.L__const.RSA_Read.au32CntTbl,%object @ @__const.RSA_Read.au32CntTbl
	.section	.rodata.cst16,"aM",%progbits,16
	.p2align	2, 0x0
.L__const.RSA_Read.au32CntTbl:
	.long	256                             @ 0x100
	.long	512                             @ 0x200
	.long	768                             @ 0x300
	.long	1024                            @ 0x400
	.size	.L__const.RSA_Read.au32CntTbl, 16

	.type	hex_char_tbl,%object            @ @hex_char_tbl
	.section	.data.hex_char_tbl,"aw",%progbits
hex_char_tbl:
	.asciz	"0123456789abcdef"
	.size	hex_char_tbl, 17

	.type	.L.str.2,%object                @ @.str.2
	.section	.rodata.str1.1,"aMS",%progbits,1
.L.str.2:
	.asciz	"CRPT_ECC_CURVE_A"
	.size	.L.str.2, 17

	.type	.L.str.3,%object                @ @.str.3
.L.str.3:
	.asciz	"CRPT_ECC_CURVE_B"
	.size	.L.str.3, 17

	.type	.L.str.4,%object                @ @.str.4
.L.str.4:
	.asciz	"CRPT_ECC_POINT_X1"
	.size	.L.str.4, 18

	.type	.L.str.5,%object                @ @.str.5
.L.str.5:
	.asciz	"CRPT_ECC_POINT_Y1"
	.size	.L.str.5, 18

	.type	.L.str.6,%object                @ @.str.6
.L.str.6:
	.asciz	"CRPT_ECC_CURVE_N"
	.size	.L.str.6, 17

	.type	_Curve,%object                  @ @_Curve
	.section	.rodata._Curve,"a",%progbits
	.p2align	2, 0x0
_Curve:
	.long	0                               @ 0x0
	.long	48                              @ 0x30
	.asciz	"FFFFFFFFFFFFFFFFFFFFFFFFFFFFFFFEFFFFFFFFFFFFFFFC\000\000\000\000\000\000\000\000\000\000\000\000\000\000\000\000\000\000\000\000\000\000\000\000\000\000\000\000\000\000\000\000\000\000\000\000\000\000\000\000\000\000\000\000\000\000\000\000\000\000\000\000\000\000\000\000\000\000\000\000\000\000\000\000\000\000\000\000\000\000\000\000\000\000\000\000\000\000\000\000\000\000\000\000\000\000\000\000\000\000\000\000\000\000\000"
	.asciz	"64210519e59c80e70fa7e9ab72243049feb8deecc146b9b1\000\000\000\000\000\000\000\000\000\000\000\000\000\000\000\000\000\000\000\000\000\000\000\000\000\000\000\000\000\000\000\000\000\000\000\000\000\000\000\000\000\000\000\000\000\000\000\000\000\000\000\000\000\000\000\000\000\000\000\000\000\000\000\000\000\000\000\000\000\000\000\000\000\000\000\000\000\000\000\000\000\000\000\000\000\000\000\000\000\000\000\000\000\000\000"
	.asciz	"188da80eb03090f67cbf20eb43a18800f4ff0afd82ff1012\000\000\000\000\000\000\000\000\000\000\000\000\000\000\000\000\000\000\000\000\000\000\000\000\000\000\000\000\000\000\000\000\000\000\000\000\000\000\000\000\000\000\000\000\000\000\000\000\000\000\000\000\000\000\000\000\000\000\000\000\000\000\000\000\000\000\000\000\000\000\000\000\000\000\000\000\000\000\000\000\000\000\000\000\000\000\000\000\000\000\000\000\000\000\000"
	.asciz	"07192b95ffc8da78631011ed6b24cdd573f977a11e794811\000\000\000\000\000\000\000\000\000\000\000\000\000\000\000\000\000\000\000\000\000\000\000\000\000\000\000\000\000\000\000\000\000\000\000\000\000\000\000\000\000\000\000\000\000\000\000\000\000\000\000\000\000\000\000\000\000\000\000\000\000\000\000\000\000\000\000\000\000\000\000\000\000\000\000\000\000\000\000\000\000\000\000\000\000\000\000\000\000\000\000\000\000\000\000"
	.long	58                              @ 0x3a
	.asciz	"FFFFFFFFFFFFFFFFFFFFFFFFFFFFFFFEFFFFFFFFFFFFFFFF\000\000\000\000\000\000\000\000\000\000\000\000\000\000\000\000\000\000\000\000\000\000\000\000\000\000\000\000\000\000\000\000\000\000\000\000\000\000\000\000\000\000\000\000\000\000\000\000\000\000\000\000\000\000\000\000\000\000\000\000\000\000\000\000\000\000\000\000\000\000\000\000\000\000\000\000\000\000\000\000\000\000\000\000\000\000\000\000\000\000\000\000\000\000\000\000\000\000\000\000\000\000\000\000\000\000\000\000\000\000\000\000\000\000\000\000\000\000\000\000\000\000\000\000\000\000\000"
	.long	58                              @ 0x3a
	.asciz	"FFFFFFFFFFFFFFFFFFFFFFFF99DEF836146BC9B1B4D22831\000\000\000\000\000\000\000\000\000\000\000\000\000\000\000\000\000\000\000\000\000\000\000\000\000\000\000\000\000\000\000\000\000\000\000\000\000\000\000\000\000\000\000\000\000\000\000\000\000\000\000\000\000\000\000\000\000\000\000\000\000\000\000\000\000\000\000\000\000\000\000\000\000\000\000\000\000\000\000\000\000\000\000\000\000\000\000\000\000\000\000\000\000\000\000\000\000\000\000\000\000\000\000\000\000\000\000\000\000\000\000\000\000\000\000\000\000\000\000\000\000\000\000\000\000\000\000"
	.long	192                             @ 0xc0
	.long	7                               @ 0x7
	.long	2                               @ 0x2
	.long	1                               @ 0x1
	.long	0                               @ 0x0
	.long	1                               @ 0x1
	.long	56                              @ 0x38
	.asciz	"FFFFFFFFFFFFFFFFFFFFFFFFFFFFFFFEFFFFFFFFFFFFFFFFFFFFFFFE\000\000\000\000\000\000\000\000\000\000\000\000\000\000\000\000\000\000\000\000\000\000\000\000\000\000\000\000\000\000\000\000\000\000\000\000\000\000\000\000\000\000\000\000\000\000\000\000\000\000\000\000\000\000\000\000\000\000\000\000\000\000\000\000\000\000\000\000\000\000\000\000\000\000\000\000\000\000\000\000\000\000\000\000\000\000\000"
	.asciz	"b4050a850c04b3abf54132565044b0b7d7bfd8ba270b39432355ffb4\000\000\000\000\000\000\000\000\000\000\000\000\000\000\000\000\000\000\000\000\000\000\000\000\000\000\000\000\000\000\000\000\000\000\000\000\000\000\000\000\000\000\000\000\000\000\000\000\000\000\000\000\000\000\000\000\000\000\000\000\000\000\000\000\000\000\000\000\000\000\000\000\000\000\000\000\000\000\000\000\000\000\000\000\000\000\000"
	.asciz	"b70e0cbd6bb4bf7f321390b94a03c1d356c21122343280d6115c1d21\000\000\000\000\000\000\000\000\000\000\000\000\000\000\000\000\000\000\000\000\000\000\000\000\000\000\000\000\000\000\000\000\000\000\000\000\000\000\000\000\000\000\000\000\000\000\000\000\000\000\000\000\000\000\000\000\000\000\000\000\000\000\000\000\000\000\000\000\000\000\000\000\000\000\000\000\000\000\000\000\000\000\000\000\000\000\000"
	.asciz	"bd376388b5f723fb4c22dfe6cd4375a05a07476444d5819985007e34\000\000\000\000\000\000\000\000\000\000\000\000\000\000\000\000\000\000\000\000\000\000\000\000\000\000\000\000\000\000\000\000\000\000\000\000\000\000\000\000\000\000\000\000\000\000\000\000\000\000\000\000\000\000\000\000\000\000\000\000\000\000\000\000\000\000\000\000\000\000\000\000\000\000\000\000\000\000\000\000\000\000\000\000\000\000\000"
	.long	70                              @ 0x46
	.asciz	"FFFFFFFFFFFFFFFFFFFFFFFFFFFFFFFF000000000000000000000001\000\000\000\000\000\000\000\000\000\000\000\000\000\000\000\000\000\000\000\000\000\000\000\000\000\000\000\000\000\000\000\000\000\000\000\000\000\000\000\000\000\000\000\000\000\000\000\000\000\000\000\000\000\000\000\000\000\000\000\000\000\000\000\000\000\000\000\000\000\000\000\000\000\000\000\000\000\000\000\000\000\000\000\000\000\000\000\000\000\000\000\000\000\000\000\000\000\000\000\000\000\000\000\000\000\000\000\000\000\000\000\000\000\000\000\000\000\000\000"
	.long	70                              @ 0x46
	.asciz	"FFFFFFFFFFFFFFFFFFFFFFFFFFFF16A2E0B8F03E13DD29455C5C2A3D\000\000\000\000\000\000\000\000\000\000\000\000\000\000\000\000\000\000\000\000\000\000\000\000\000\000\000\000\000\000\000\000\000\000\000\000\000\000\000\000\000\000\000\000\000\000\000\000\000\000\000\000\000\000\000\000\000\000\000\000\000\000\000\000\000\000\000\000\000\000\000\000\000\000\000\000\000\000\000\000\000\000\000\000\000\000\000\000\000\000\000\000\000\000\000\000\000\000\000\000\000\000\000\000\000\000\000\000\000\000\000\000\000\000\000\000\000\000\000"
	.long	224                             @ 0xe0
	.long	9                               @ 0x9
	.long	8                               @ 0x8
	.long	3                               @ 0x3
	.long	0                               @ 0x0
	.long	2                               @ 0x2
	.long	64                              @ 0x40
	.asciz	"FFFFFFFF00000001000000000000000000000000FFFFFFFFFFFFFFFFFFFFFFFC\000\000\000\000\000\000\000\000\000\000\000\000\000\000\000\000\000\000\000\000\000\000\000\000\000\000\000\000\000\000\000\000\000\000\000\000\000\000\000\000\000\000\000\000\000\000\000\000\000\000\000\000\000\000\000\000\000\000\000\000\000\000\000\000\000\000\000\000\000\000\000\000\000\000\000\000\000\000\000"
	.asciz	"5ac635d8aa3a93e7b3ebbd55769886bc651d06b0cc53b0f63bce3c3e27d2604b\000\000\000\000\000\000\000\000\000\000\000\000\000\000\000\000\000\000\000\000\000\000\000\000\000\000\000\000\000\000\000\000\000\000\000\000\000\000\000\000\000\000\000\000\000\000\000\000\000\000\000\000\000\000\000\000\000\000\000\000\000\000\000\000\000\000\000\000\000\000\000\000\000\000\000\000\000\000\000"
	.asciz	"6b17d1f2e12c4247f8bce6e563a440f277037d812deb33a0f4a13945d898c296\000\000\000\000\000\000\000\000\000\000\000\000\000\000\000\000\000\000\000\000\000\000\000\000\000\000\000\000\000\000\000\000\000\000\000\000\000\000\000\000\000\000\000\000\000\000\000\000\000\000\000\000\000\000\000\000\000\000\000\000\000\000\000\000\000\000\000\000\000\000\000\000\000\000\000\000\000\000\000"
	.asciz	"4fe342e2fe1a7f9b8ee7eb4a7c0f9e162bce33576b315ececbb6406837bf51f5\000\000\000\000\000\000\000\000\000\000\000\000\000\000\000\000\000\000\000\000\000\000\000\000\000\000\000\000\000\000\000\000\000\000\000\000\000\000\000\000\000\000\000\000\000\000\000\000\000\000\000\000\000\000\000\000\000\000\000\000\000\000\000\000\000\000\000\000\000\000\000\000\000\000\000\000\000\000\000"
	.long	78                              @ 0x4e
	.asciz	"FFFFFFFF00000001000000000000000000000000FFFFFFFFFFFFFFFFFFFFFFFF\000\000\000\000\000\000\000\000\000\000\000\000\000\000\000\000\000\000\000\000\000\000\000\000\000\000\000\000\000\000\000\000\000\000\000\000\000\000\000\000\000\000\000\000\000\000\000\000\000\000\000\000\000\000\000\000\000\000\000\000\000\000\000\000\000\000\000\000\000\000\000\000\000\000\000\000\000\000\000\000\000\000\000\000\000\000\000\000\000\000\000\000\000\000\000\000\000\000\000\000\000\000\000\000\000\000\000\000\000\000\000"
	.long	78                              @ 0x4e
	.asciz	"FFFFFFFF00000000FFFFFFFFFFFFFFFFBCE6FAADA7179E84F3B9CAC2FC632551\000\000\000\000\000\000\000\000\000\000\000\000\000\000\000\000\000\000\000\000\000\000\000\000\000\000\000\000\000\000\000\000\000\000\000\000\000\000\000\000\000\000\000\000\000\000\000\000\000\000\000\000\000\000\000\000\000\000\000\000\000\000\000\000\000\000\000\000\000\000\000\000\000\000\000\000\000\000\000\000\000\000\000\000\000\000\000\000\000\000\000\000\000\000\000\000\000\000\000\000\000\000\000\000\000\000\000\000\000\000\000"
	.long	256                             @ 0x100
	.long	10                              @ 0xa
	.long	5                               @ 0x5
	.long	2                               @ 0x2
	.long	0                               @ 0x0
	.long	3                               @ 0x3
	.long	96                              @ 0x60
	.asciz	"FFFFFFFFFFFFFFFFFFFFFFFFFFFFFFFFFFFFFFFFFFFFFFFFFFFFFFFFFFFFFFFEFFFFFFFF0000000000000000FFFFFFFC\000\000\000\000\000\000\000\000\000\000\000\000\000\000\000\000\000\000\000\000\000\000\000\000\000\000\000\000\000\000\000\000\000\000\000\000\000\000\000\000\000\000\000\000\000\000\000"
	.asciz	"b3312fa7e23ee7e4988e056be3f82d19181d9c6efe8141120314088f5013875ac656398d8a2ed19d2a85c8edd3ec2aef\000\000\000\000\000\000\000\000\000\000\000\000\000\000\000\000\000\000\000\000\000\000\000\000\000\000\000\000\000\000\000\000\000\000\000\000\000\000\000\000\000\000\000\000\000\000\000"
	.asciz	"aa87ca22be8b05378eb1c71ef320ad746e1d3b628ba79b9859f741e082542a385502f25dbf55296c3a545e3872760ab7\000\000\000\000\000\000\000\000\000\000\000\000\000\000\000\000\000\000\000\000\000\000\000\000\000\000\000\000\000\000\000\000\000\000\000\000\000\000\000\000\000\000\000\000\000\000\000"
	.asciz	"3617de4a96262c6f5d9e98bf9292dc29f8f41dbd289a147ce9da3113b5f0b8c00a60b1ce1d7e819d7a431d7c90ea0e5f\000\000\000\000\000\000\000\000\000\000\000\000\000\000\000\000\000\000\000\000\000\000\000\000\000\000\000\000\000\000\000\000\000\000\000\000\000\000\000\000\000\000\000\000\000\000\000"
	.long	116                             @ 0x74
	.asciz	"FFFFFFFFFFFFFFFFFFFFFFFFFFFFFFFFFFFFFFFFFFFFFFFFFFFFFFFFFFFFFFFEFFFFFFFF0000000000000000FFFFFFFF\000\000\000\000\000\000\000\000\000\000\000\000\000\000\000\000\000\000\000\000\000\000\000\000\000\000\000\000\000\000\000\000\000\000\000\000\000\000\000\000\000\000\000\000\000\000\000\000\000\000\000\000\000\000\000\000\000\000\000\000\000\000\000\000\000\000\000\000\000\000\000\000\000\000\000\000\000\000\000"
	.long	116                             @ 0x74
	.asciz	"FFFFFFFFFFFFFFFFFFFFFFFFFFFFFFFFFFFFFFFFFFFFFFFFC7634D81F4372DDF581A0DB248B0A77AECEC196ACCC52973\000\000\000\000\000\000\000\000\000\000\000\000\000\000\000\000\000\000\000\000\000\000\000\000\000\000\000\000\000\000\000\000\000\000\000\000\000\000\000\000\000\000\000\000\000\000\000\000\000\000\000\000\000\000\000\000\000\000\000\000\000\000\000\000\000\000\000\000\000\000\000\000\000\000\000\000\000\000\000"
	.long	384                             @ 0x180
	.long	12                              @ 0xc
	.long	3                               @ 0x3
	.long	2                               @ 0x2
	.long	0                               @ 0x0
	.long	4                               @ 0x4
	.long	131                             @ 0x83
	.asciz	"1FFFFFFFFFFFFFFFFFFFFFFFFFFFFFFFFFFFFFFFFFFFFFFFFFFFFFFFFFFFFFFFFFFFFFFFFFFFFFFFFFFFFFFFFFFFFFFFFFFFFFFFFFFFFFFFFFFFFFFFFFFFFFFFFFC\000\000\000\000\000\000\000\000\000\000\000\000"
	.asciz	"051953eb9618e1c9a1f929a21a0b68540eea2da725b99b315f3b8b489918ef109e156193951ec7e937b1652c0bd3bb1bf073573df883d2c34f1ef451fd46b503f00\000\000\000\000\000\000\000\000\000\000\000\000"
	.asciz	"0c6858e06b70404e9cd9e3ecb662395b4429c648139053fb521f828af606b4d3dbaa14b5e77efe75928fe1dc127a2ffa8de3348b3c1856a429bf97e7e31c2e5bd66\000\000\000\000\000\000\000\000\000\000\000\000"
	.asciz	"11839296a789a3bc0045c8a5fb42c7d1bd998f54449579b446817afbd17273e662c97ee72995ef42640c550b9013fad0761353c7086a272c24088be94769fd16650\000\000\000\000\000\000\000\000\000\000\000\000"
	.long	157                             @ 0x9d
	.asciz	"1FFFFFFFFFFFFFFFFFFFFFFFFFFFFFFFFFFFFFFFFFFFFFFFFFFFFFFFFFFFFFFFFFFFFFFFFFFFFFFFFFFFFFFFFFFFFFFFFFFFFFFFFFFFFFFFFFFFFFFFFFFFFFFFFFF\000\000\000\000\000\000\000\000\000\000\000\000\000\000\000\000\000\000\000\000\000\000\000\000\000\000\000\000\000\000\000\000\000\000\000\000\000\000\000\000\000\000\000\000"
	.long	157                             @ 0x9d
	.asciz	"1FFFFFFFFFFFFFFFFFFFFFFFFFFFFFFFFFFFFFFFFFFFFFFFFFFFFFFFFFFFFFFFFFA51868783BF2F966B7FCC0148F709A5D03BB5C9B8899C47AEBB6FB71E91386409\000\000\000\000\000\000\000\000\000\000\000\000\000\000\000\000\000\000\000\000\000\000\000\000\000\000\000\000\000\000\000\000\000\000\000\000\000\000\000\000\000\000\000\000"
	.long	521                             @ 0x209
	.long	32                              @ 0x20
	.long	32                              @ 0x20
	.long	32                              @ 0x20
	.long	0                               @ 0x0
	.long	10                              @ 0xa
	.long	41                              @ 0x29
	.asciz	"00000000000000000000000000000000000000001\000\000\000\000\000\000\000\000\000\000\000\000\000\000\000\000\000\000\000\000\000\000\000\000\000\000\000\000\000\000\000\000\000\000\000\000\000\000\000\000\000\000\000\000\000\000\000\000\000\000\000\000\000\000\000\000\000\000\000\000\000\000\000\000\000\000\000\000\000\000\000\000\000\000\000\000\000\000\000\000\000\000\000\000\000\000\000\000\000\000\000\000\000\000\000\000\000\000\000\000\000\000"
	.asciz	"20a601907b8c953ca1481eb10512f78744a3205fd\000\000\000\000\000\000\000\000\000\000\000\000\000\000\000\000\000\000\000\000\000\000\000\000\000\000\000\000\000\000\000\000\000\000\000\000\000\000\000\000\000\000\000\000\000\000\000\000\000\000\000\000\000\000\000\000\000\000\000\000\000\000\000\000\000\000\000\000\000\000\000\000\000\000\000\000\000\000\000\000\000\000\000\000\000\000\000\000\000\000\000\000\000\000\000\000\000\000\000\000\000\000"
	.asciz	"3f0eba16286a2d57ea0991168d4994637e8343e36\000\000\000\000\000\000\000\000\000\000\000\000\000\000\000\000\000\000\000\000\000\000\000\000\000\000\000\000\000\000\000\000\000\000\000\000\000\000\000\000\000\000\000\000\000\000\000\000\000\000\000\000\000\000\000\000\000\000\000\000\000\000\000\000\000\000\000\000\000\000\000\000\000\000\000\000\000\000\000\000\000\000\000\000\000\000\000\000\000\000\000\000\000\000\000\000\000\000\000\000\000\000"
	.asciz	"0d51fbc6c71a0094fa2cdd545b11c5c0c797324f1\000\000\000\000\000\000\000\000\000\000\000\000\000\000\000\000\000\000\000\000\000\000\000\000\000\000\000\000\000\000\000\000\000\000\000\000\000\000\000\000\000\000\000\000\000\000\000\000\000\000\000\000\000\000\000\000\000\000\000\000\000\000\000\000\000\000\000\000\000\000\000\000\000\000\000\000\000\000\000\000\000\000\000\000\000\000\000\000\000\000\000\000\000\000\000\000\000\000\000\000\000\000"
	.long	68                              @ 0x44
	.asciz	"FFFFFFFFFFFFFFFFFFFFFFFFFFFFFFFF000000000000000000000001\000\000\000\000\000\000\000\000\000\000\000\000\000\000\000\000\000\000\000\000\000\000\000\000\000\000\000\000\000\000\000\000\000\000\000\000\000\000\000\000\000\000\000\000\000\000\000\000\000\000\000\000\000\000\000\000\000\000\000\000\000\000\000\000\000\000\000\000\000\000\000\000\000\000\000\000\000\000\000\000\000\000\000\000\000\000\000\000\000\000\000\000\000\000\000\000\000\000\000\000\000\000\000\000\000\000\000\000\000\000\000\000\000\000\000\000\000\000\000"
	.long	49                              @ 0x31
	.asciz	"40000000000000000000292FE77E70C12A4234C33\000\000\000\000\000\000\000\000\000\000\000\000\000\000\000\000\000\000\000\000\000\000\000\000\000\000\000\000\000\000\000\000\000\000\000\000\000\000\000\000\000\000\000\000\000\000\000\000\000\000\000\000\000\000\000\000\000\000\000\000\000\000\000\000\000\000\000\000\000\000\000\000\000\000\000\000\000\000\000\000\000\000\000\000\000\000\000\000\000\000\000\000\000\000\000\000\000\000\000\000\000\000\000\000\000\000\000\000\000\000\000\000\000\000\000\000\000\000\000\000\000\000\000\000\000\000\000\000\000\000\000\000\000\000"
	.long	163                             @ 0xa3
	.long	7                               @ 0x7
	.long	6                               @ 0x6
	.long	3                               @ 0x3
	.long	1                               @ 0x1
	.long	11                              @ 0xb
	.long	59                              @ 0x3b
	.asciz	"00000000000000000000000000000000000000000000000000000000001\000\000\000\000\000\000\000\000\000\000\000\000\000\000\000\000\000\000\000\000\000\000\000\000\000\000\000\000\000\000\000\000\000\000\000\000\000\000\000\000\000\000\000\000\000\000\000\000\000\000\000\000\000\000\000\000\000\000\000\000\000\000\000\000\000\000\000\000\000\000\000\000\000\000\000\000\000\000\000\000\000\000\000\000"
	.asciz	"066647ede6c332c7f8c0923bb58213b333b20e9ce4281fe115f7d8f90ad\000\000\000\000\000\000\000\000\000\000\000\000\000\000\000\000\000\000\000\000\000\000\000\000\000\000\000\000\000\000\000\000\000\000\000\000\000\000\000\000\000\000\000\000\000\000\000\000\000\000\000\000\000\000\000\000\000\000\000\000\000\000\000\000\000\000\000\000\000\000\000\000\000\000\000\000\000\000\000\000\000\000\000\000"
	.asciz	"0fac9dfcbac8313bb2139f1bb755fef65bc391f8b36f8f8eb7371fd558b\000\000\000\000\000\000\000\000\000\000\000\000\000\000\000\000\000\000\000\000\000\000\000\000\000\000\000\000\000\000\000\000\000\000\000\000\000\000\000\000\000\000\000\000\000\000\000\000\000\000\000\000\000\000\000\000\000\000\000\000\000\000\000\000\000\000\000\000\000\000\000\000\000\000\000\000\000\000\000\000\000\000\000\000"
	.asciz	"1006a08a41903350678e58528bebf8a0beff867a7ca36716f7e01f81052\000\000\000\000\000\000\000\000\000\000\000\000\000\000\000\000\000\000\000\000\000\000\000\000\000\000\000\000\000\000\000\000\000\000\000\000\000\000\000\000\000\000\000\000\000\000\000\000\000\000\000\000\000\000\000\000\000\000\000\000\000\000\000\000\000\000\000\000\000\000\000\000\000\000\000\000\000\000\000\000\000\000\000\000"
	.long	68                              @ 0x44
	.asciz	"FFFFFFFFFFFFFFFFFFFFFFFFFFFFFFFF000000000000000000000001\000\000\000\000\000\000\000\000\000\000\000\000\000\000\000\000\000\000\000\000\000\000\000\000\000\000\000\000\000\000\000\000\000\000\000\000\000\000\000\000\000\000\000\000\000\000\000\000\000\000\000\000\000\000\000\000\000\000\000\000\000\000\000\000\000\000\000\000\000\000\000\000\000\000\000\000\000\000\000\000\000\000\000\000\000\000\000\000\000\000\000\000\000\000\000\000\000\000\000\000\000\000\000\000\000\000\000\000\000\000\000\000\000\000\000\000\000\000\000"
	.long	70                              @ 0x46
	.asciz	"1000000000000000000000000000013E974E72F8A6922031D2603CFE0D7\000\000\000\000\000\000\000\000\000\000\000\000\000\000\000\000\000\000\000\000\000\000\000\000\000\000\000\000\000\000\000\000\000\000\000\000\000\000\000\000\000\000\000\000\000\000\000\000\000\000\000\000\000\000\000\000\000\000\000\000\000\000\000\000\000\000\000\000\000\000\000\000\000\000\000\000\000\000\000\000\000\000\000\000\000\000\000\000\000\000\000\000\000\000\000\000\000\000\000\000\000\000\000\000\000\000\000\000\000\000\000\000\000\000\000\000"
	.long	233                             @ 0xe9
	.long	74                              @ 0x4a
	.long	74                              @ 0x4a
	.long	74                              @ 0x4a
	.long	1                               @ 0x1
	.long	12                              @ 0xc
	.long	71                              @ 0x47
	.asciz	"00000000000000000000000000000000000000000000000000000000000000000000001\000\000\000\000\000\000\000\000\000\000\000\000\000\000\000\000\000\000\000\000\000\000\000\000\000\000\000\000\000\000\000\000\000\000\000\000\000\000\000\000\000\000\000\000\000\000\000\000\000\000\000\000\000\000\000\000\000\000\000\000\000\000\000\000\000\000\000\000\000\000\000\000"
	.asciz	"27b680ac8b8596da5a4af8a19a0303fca97fd7645309fa2a581485af6263e313b79a2f5\000\000\000\000\000\000\000\000\000\000\000\000\000\000\000\000\000\000\000\000\000\000\000\000\000\000\000\000\000\000\000\000\000\000\000\000\000\000\000\000\000\000\000\000\000\000\000\000\000\000\000\000\000\000\000\000\000\000\000\000\000\000\000\000\000\000\000\000\000\000\000\000"
	.asciz	"5f939258db7dd90e1934f8c70b0dfec2eed25b8557eac9c80e2e198f8cdbecd86b12053\000\000\000\000\000\000\000\000\000\000\000\000\000\000\000\000\000\000\000\000\000\000\000\000\000\000\000\000\000\000\000\000\000\000\000\000\000\000\000\000\000\000\000\000\000\000\000\000\000\000\000\000\000\000\000\000\000\000\000\000\000\000\000\000\000\000\000\000\000\000\000\000"
	.asciz	"3676854fe24141cb98fe6d4b20d02b4516ff702350eddb0826779c813f0df45be8112f4\000\000\000\000\000\000\000\000\000\000\000\000\000\000\000\000\000\000\000\000\000\000\000\000\000\000\000\000\000\000\000\000\000\000\000\000\000\000\000\000\000\000\000\000\000\000\000\000\000\000\000\000\000\000\000\000\000\000\000\000\000\000\000\000\000\000\000\000\000\000\000\000"
	.long	68                              @ 0x44
	.asciz	"FFFFFFFFFFFFFFFFFFFFFFFFFFFFFFFF000000000000000000000001\000\000\000\000\000\000\000\000\000\000\000\000\000\000\000\000\000\000\000\000\000\000\000\000\000\000\000\000\000\000\000\000\000\000\000\000\000\000\000\000\000\000\000\000\000\000\000\000\000\000\000\000\000\000\000\000\000\000\000\000\000\000\000\000\000\000\000\000\000\000\000\000\000\000\000\000\000\000\000\000\000\000\000\000\000\000\000\000\000\000\000\000\000\000\000\000\000\000\000\000\000\000\000\000\000\000\000\000\000\000\000\000\000\000\000\000\000\000\000"
	.long	85                              @ 0x55
	.asciz	"3FFFFFFFFFFFFFFFFFFFFFFFFFFFFFFFFFFEF90399660FC938A90165B042A7CEFADB307\000\000\000\000\000\000\000\000\000\000\000\000\000\000\000\000\000\000\000\000\000\000\000\000\000\000\000\000\000\000\000\000\000\000\000\000\000\000\000\000\000\000\000\000\000\000\000\000\000\000\000\000\000\000\000\000\000\000\000\000\000\000\000\000\000\000\000\000\000\000\000\000\000\000\000\000\000\000\000\000\000\000\000\000\000\000\000\000\000\000\000\000\000\000\000\000\000\000\000\000\000\000\000\000"
	.long	283                             @ 0x11b
	.long	12                              @ 0xc
	.long	7                               @ 0x7
	.long	5                               @ 0x5
	.long	1                               @ 0x1
	.long	13                              @ 0xd
	.long	103                             @ 0x67
	.asciz	"0000000000000000000000000000000000000000000000000000000000000000000000000000000000000000000000000000001\000\000\000\000\000\000\000\000\000\000\000\000\000\000\000\000\000\000\000\000\000\000\000\000\000\000\000\000\000\000\000\000\000\000\000\000\000\000\000\000"
	.asciz	"021a5c2c8ee9feb5c4b9a753b7b476b7fd6422ef1f3dd674761fa99d6ac27c8a9a197b272822f6cd57a55aa4f50ae317b13545f\000\000\000\000\000\000\000\000\000\000\000\000\000\000\000\000\000\000\000\000\000\000\000\000\000\000\000\000\000\000\000\000\000\000\000\000\000\000\000\000"
	.asciz	"15d4860d088ddb3496b0c6064756260441cde4af1771d4db01ffe5b34e59703dc255a868a1180515603aeab60794e54bb7996a7\000\000\000\000\000\000\000\000\000\000\000\000\000\000\000\000\000\000\000\000\000\000\000\000\000\000\000\000\000\000\000\000\000\000\000\000\000\000\000\000"
	.asciz	"061b1cfab6be5f32bbfa78324ed106a7636b9c5a7bd198d0158aa4f5488d08f38514f1fdf4b4f40d2181b3681c364ba0273c706\000\000\000\000\000\000\000\000\000\000\000\000\000\000\000\000\000\000\000\000\000\000\000\000\000\000\000\000\000\000\000\000\000\000\000\000\000\000\000\000"
	.long	68                              @ 0x44
	.asciz	"FFFFFFFFFFFFFFFFFFFFFFFFFFFFFFFF000000000000000000000001\000\000\000\000\000\000\000\000\000\000\000\000\000\000\000\000\000\000\000\000\000\000\000\000\000\000\000\000\000\000\000\000\000\000\000\000\000\000\000\000\000\000\000\000\000\000\000\000\000\000\000\000\000\000\000\000\000\000\000\000\000\000\000\000\000\000\000\000\000\000\000\000\000\000\000\000\000\000\000\000\000\000\000\000\000\000\000\000\000\000\000\000\000\000\000\000\000\000\000\000\000\000\000\000\000\000\000\000\000\000\000\000\000\000\000\000\000\000\000"
	.long	123                             @ 0x7b
	.asciz	"10000000000000000000000000000000000000000000000000001E2AAD6A612F33307BE5FA47C3C9E052F838164CD37D9A21173\000\000\000\000\000\000\000\000\000\000\000\000\000\000\000\000\000\000\000\000\000\000\000\000\000\000\000\000\000\000\000\000\000\000\000\000\000\000\000\000\000\000\000\000\000\000\000\000\000\000\000\000\000\000\000\000\000\000\000\000\000\000\000\000\000\000\000\000\000\000\000\000"
	.long	409                             @ 0x199
	.long	87                              @ 0x57
	.long	87                              @ 0x57
	.long	87                              @ 0x57
	.long	1                               @ 0x1
	.long	14                              @ 0xe
	.long	143                             @ 0x8f
	.asciz	"00000000000000000000000000000000000000000000000000000000000000000000000000000000000000000000000000000000000000000000000000000000000000000000001"
	.asciz	"2f40e7e2221f295de297117b7f3d62f5c6a97ffcb8ceff1cd6ba8ce4a9a18ad84ffabbd8efa59332be7ad6756a66e294afd185a78ff12aa520e4de739baca0c7ffeff7f2955727a"
	.asciz	"303001d34b856296c16c0d40d3cd7750a93d1d2955fa80aa5f40fc8db7b2abdbde53950f4c0d293cdd711a35b67fb1499ae60038614f1394abfa3b4c850d927e1e7769c8eec2d19"
	.asciz	"37bf27342da639b6dccfffeb73d69d78c6c27a6009cbbca1980f8533921e8a684423e43bab08a576291af8f461bb2a8b3531d2f0485c19b16e2f1516e23dd3c1a4827af1b8ac15b"
	.long	68                              @ 0x44
	.asciz	"FFFFFFFFFFFFFFFFFFFFFFFFFFFFFFFF000000000000000000000001\000\000\000\000\000\000\000\000\000\000\000\000\000\000\000\000\000\000\000\000\000\000\000\000\000\000\000\000\000\000\000\000\000\000\000\000\000\000\000\000\000\000\000\000\000\000\000\000\000\000\000\000\000\000\000\000\000\000\000\000\000\000\000\000\000\000\000\000\000\000\000\000\000\000\000\000\000\000\000\000\000\000\000\000\000\000\000\000\000\000\000\000\000\000\000\000\000\000\000\000\000\000\000\000\000\000\000\000\000\000\000\000\000\000\000\000\000\000\000"
	.long	172                             @ 0xac
	.asciz	"3FFFFFFFFFFFFFFFFFFFFFFFFFFFFFFFFFFFFFFFFFFFFFFFFFFFFFFFFFFFFFFFFFFFFFFE661CE18FF55987308059B186823851EC7DD9CA1161DE93D5174D66E8382E9BB2FE84E47\000\000\000\000\000\000\000\000\000\000\000\000\000\000\000\000\000\000\000\000\000\000\000\000\000\000\000\000\000\000\000\000"
	.long	571                             @ 0x23b
	.long	10                              @ 0xa
	.long	5                               @ 0x5
	.long	2                               @ 0x2
	.long	1                               @ 0x1
	.long	5                               @ 0x5
	.long	41                              @ 0x29
	.asciz	"00000000000000000000000000000000000000001\000\000\000\000\000\000\000\000\000\000\000\000\000\000\000\000\000\000\000\000\000\000\000\000\000\000\000\000\000\000\000\000\000\000\000\000\000\000\000\000\000\000\000\000\000\000\000\000\000\000\000\000\000\000\000\000\000\000\000\000\000\000\000\000\000\000\000\000\000\000\000\000\000\000\000\000\000\000\000\000\000\000\000\000\000\000\000\000\000\000\000\000\000\000\000\000\000\000\000\000\000\000"
	.asciz	"00000000000000000000000000000000000000001\000\000\000\000\000\000\000\000\000\000\000\000\000\000\000\000\000\000\000\000\000\000\000\000\000\000\000\000\000\000\000\000\000\000\000\000\000\000\000\000\000\000\000\000\000\000\000\000\000\000\000\000\000\000\000\000\000\000\000\000\000\000\000\000\000\000\000\000\000\000\000\000\000\000\000\000\000\000\000\000\000\000\000\000\000\000\000\000\000\000\000\000\000\000\000\000\000\000\000\000\000\000"
	.asciz	"2fe13c0537bbc11acaa07d793de4e6d5e5c94eee8\000\000\000\000\000\000\000\000\000\000\000\000\000\000\000\000\000\000\000\000\000\000\000\000\000\000\000\000\000\000\000\000\000\000\000\000\000\000\000\000\000\000\000\000\000\000\000\000\000\000\000\000\000\000\000\000\000\000\000\000\000\000\000\000\000\000\000\000\000\000\000\000\000\000\000\000\000\000\000\000\000\000\000\000\000\000\000\000\000\000\000\000\000\000\000\000\000\000\000\000\000\000"
	.asciz	"289070fb05d38ff58321f2e800536d538ccdaa3d9\000\000\000\000\000\000\000\000\000\000\000\000\000\000\000\000\000\000\000\000\000\000\000\000\000\000\000\000\000\000\000\000\000\000\000\000\000\000\000\000\000\000\000\000\000\000\000\000\000\000\000\000\000\000\000\000\000\000\000\000\000\000\000\000\000\000\000\000\000\000\000\000\000\000\000\000\000\000\000\000\000\000\000\000\000\000\000\000\000\000\000\000\000\000\000\000\000\000\000\000\000\000"
	.long	68                              @ 0x44
	.asciz	"FFFFFFFFFFFFFFFFFFFFFFFFFFFFFFFF000000000000000000000001\000\000\000\000\000\000\000\000\000\000\000\000\000\000\000\000\000\000\000\000\000\000\000\000\000\000\000\000\000\000\000\000\000\000\000\000\000\000\000\000\000\000\000\000\000\000\000\000\000\000\000\000\000\000\000\000\000\000\000\000\000\000\000\000\000\000\000\000\000\000\000\000\000\000\000\000\000\000\000\000\000\000\000\000\000\000\000\000\000\000\000\000\000\000\000\000\000\000\000\000\000\000\000\000\000\000\000\000\000\000\000\000\000\000\000\000\000\000\000"
	.long	49                              @ 0x31
	.asciz	"4000000000000000000020108A2E0CC0D99F8A5EF\000\000\000\000\000\000\000\000\000\000\000\000\000\000\000\000\000\000\000\000\000\000\000\000\000\000\000\000\000\000\000\000\000\000\000\000\000\000\000\000\000\000\000\000\000\000\000\000\000\000\000\000\000\000\000\000\000\000\000\000\000\000\000\000\000\000\000\000\000\000\000\000\000\000\000\000\000\000\000\000\000\000\000\000\000\000\000\000\000\000\000\000\000\000\000\000\000\000\000\000\000\000\000\000\000\000\000\000\000\000\000\000\000\000\000\000\000\000\000\000\000\000\000\000\000\000\000\000\000\000\000\000\000\000"
	.long	163                             @ 0xa3
	.long	7                               @ 0x7
	.long	6                               @ 0x6
	.long	3                               @ 0x3
	.long	1                               @ 0x1
	.long	6                               @ 0x6
	.long	59                              @ 0x3b
	.asciz	"00000000000000000000000000000000000000000000000000000000000\000\000\000\000\000\000\000\000\000\000\000\000\000\000\000\000\000\000\000\000\000\000\000\000\000\000\000\000\000\000\000\000\000\000\000\000\000\000\000\000\000\000\000\000\000\000\000\000\000\000\000\000\000\000\000\000\000\000\000\000\000\000\000\000\000\000\000\000\000\000\000\000\000\000\000\000\000\000\000\000\000\000\000\000"
	.asciz	"00000000000000000000000000000000000000000000000000000000001\000\000\000\000\000\000\000\000\000\000\000\000\000\000\000\000\000\000\000\000\000\000\000\000\000\000\000\000\000\000\000\000\000\000\000\000\000\000\000\000\000\000\000\000\000\000\000\000\000\000\000\000\000\000\000\000\000\000\000\000\000\000\000\000\000\000\000\000\000\000\000\000\000\000\000\000\000\000\000\000\000\000\000\000"
	.asciz	"17232ba853a7e731af129f22ff4149563a419c26bf50a4c9d6eefad6126\000\000\000\000\000\000\000\000\000\000\000\000\000\000\000\000\000\000\000\000\000\000\000\000\000\000\000\000\000\000\000\000\000\000\000\000\000\000\000\000\000\000\000\000\000\000\000\000\000\000\000\000\000\000\000\000\000\000\000\000\000\000\000\000\000\000\000\000\000\000\000\000\000\000\000\000\000\000\000\000\000\000\000\000"
	.asciz	"1db537dece819b7f70f555a67c427a8cd9bf18aeb9b56e0c11056fae6a3\000\000\000\000\000\000\000\000\000\000\000\000\000\000\000\000\000\000\000\000\000\000\000\000\000\000\000\000\000\000\000\000\000\000\000\000\000\000\000\000\000\000\000\000\000\000\000\000\000\000\000\000\000\000\000\000\000\000\000\000\000\000\000\000\000\000\000\000\000\000\000\000\000\000\000\000\000\000\000\000\000\000\000\000"
	.long	68                              @ 0x44
	.asciz	"FFFFFFFFFFFFFFFFFFFFFFFFFFFFFFFF000000000000000000000001\000\000\000\000\000\000\000\000\000\000\000\000\000\000\000\000\000\000\000\000\000\000\000\000\000\000\000\000\000\000\000\000\000\000\000\000\000\000\000\000\000\000\000\000\000\000\000\000\000\000\000\000\000\000\000\000\000\000\000\000\000\000\000\000\000\000\000\000\000\000\000\000\000\000\000\000\000\000\000\000\000\000\000\000\000\000\000\000\000\000\000\000\000\000\000\000\000\000\000\000\000\000\000\000\000\000\000\000\000\000\000\000\000\000\000\000\000\000\000"
	.long	70                              @ 0x46
	.asciz	"8000000000000000000000000000069D5BB915BCD46EFB1AD5F173ABDF\000\000\000\000\000\000\000\000\000\000\000\000\000\000\000\000\000\000\000\000\000\000\000\000\000\000\000\000\000\000\000\000\000\000\000\000\000\000\000\000\000\000\000\000\000\000\000\000\000\000\000\000\000\000\000\000\000\000\000\000\000\000\000\000\000\000\000\000\000\000\000\000\000\000\000\000\000\000\000\000\000\000\000\000\000\000\000\000\000\000\000\000\000\000\000\000\000\000\000\000\000\000\000\000\000\000\000\000\000\000\000\000\000\000\000\000\000"
	.long	233                             @ 0xe9
	.long	74                              @ 0x4a
	.long	74                              @ 0x4a
	.long	74                              @ 0x4a
	.long	1                               @ 0x1
	.long	7                               @ 0x7
	.long	71                              @ 0x47
	.asciz	"00000000000000000000000000000000000000000000000000000000000000000000000\000\000\000\000\000\000\000\000\000\000\000\000\000\000\000\000\000\000\000\000\000\000\000\000\000\000\000\000\000\000\000\000\000\000\000\000\000\000\000\000\000\000\000\000\000\000\000\000\000\000\000\000\000\000\000\000\000\000\000\000\000\000\000\000\000\000\000\000\000\000\000\000"
	.asciz	"00000000000000000000000000000000000000000000000000000000000000000000001\000\000\000\000\000\000\000\000\000\000\000\000\000\000\000\000\000\000\000\000\000\000\000\000\000\000\000\000\000\000\000\000\000\000\000\000\000\000\000\000\000\000\000\000\000\000\000\000\000\000\000\000\000\000\000\000\000\000\000\000\000\000\000\000\000\000\000\000\000\000\000\000"
	.asciz	"503213f78ca44883f1a3b8162f188e553cd265f23c1567a16876913b0c2ac2458492836\000\000\000\000\000\000\000\000\000\000\000\000\000\000\000\000\000\000\000\000\000\000\000\000\000\000\000\000\000\000\000\000\000\000\000\000\000\000\000\000\000\000\000\000\000\000\000\000\000\000\000\000\000\000\000\000\000\000\000\000\000\000\000\000\000\000\000\000\000\000\000\000"
	.asciz	"1ccda380f1c9e318d90f95d07e5426fe87e45c0e8184698e45962364e34116177dd2259\000\000\000\000\000\000\000\000\000\000\000\000\000\000\000\000\000\000\000\000\000\000\000\000\000\000\000\000\000\000\000\000\000\000\000\000\000\000\000\000\000\000\000\000\000\000\000\000\000\000\000\000\000\000\000\000\000\000\000\000\000\000\000\000\000\000\000\000\000\000\000\000"
	.long	68                              @ 0x44
	.asciz	"FFFFFFFFFFFFFFFFFFFFFFFFFFFFFFFF000000000000000000000001\000\000\000\000\000\000\000\000\000\000\000\000\000\000\000\000\000\000\000\000\000\000\000\000\000\000\000\000\000\000\000\000\000\000\000\000\000\000\000\000\000\000\000\000\000\000\000\000\000\000\000\000\000\000\000\000\000\000\000\000\000\000\000\000\000\000\000\000\000\000\000\000\000\000\000\000\000\000\000\000\000\000\000\000\000\000\000\000\000\000\000\000\000\000\000\000\000\000\000\000\000\000\000\000\000\000\000\000\000\000\000\000\000\000\000\000\000\000\000"
	.long	85                              @ 0x55
	.asciz	"1FFFFFFFFFFFFFFFFFFFFFFFFFFFFFFFFFFE9AE2ED07577265DFF7F94451E061E163C61\000\000\000\000\000\000\000\000\000\000\000\000\000\000\000\000\000\000\000\000\000\000\000\000\000\000\000\000\000\000\000\000\000\000\000\000\000\000\000\000\000\000\000\000\000\000\000\000\000\000\000\000\000\000\000\000\000\000\000\000\000\000\000\000\000\000\000\000\000\000\000\000\000\000\000\000\000\000\000\000\000\000\000\000\000\000\000\000\000\000\000\000\000\000\000\000\000\000\000\000\000\000\000\000"
	.long	283                             @ 0x11b
	.long	12                              @ 0xc
	.long	7                               @ 0x7
	.long	5                               @ 0x5
	.long	1                               @ 0x1
	.long	8                               @ 0x8
	.long	103                             @ 0x67
	.asciz	"0000000000000000000000000000000000000000000000000000000000000000000000000000000000000000000000000000000\000\000\000\000\000\000\000\000\000\000\000\000\000\000\000\000\000\000\000\000\000\000\000\000\000\000\000\000\000\000\000\000\000\000\000\000\000\000\000\000"
	.asciz	"0000000000000000000000000000000000000000000000000000000000000000000000000000000000000000000000000000001\000\000\000\000\000\000\000\000\000\000\000\000\000\000\000\000\000\000\000\000\000\000\000\000\000\000\000\000\000\000\000\000\000\000\000\000\000\000\000\000"
	.asciz	"060f05f658f49c1ad3ab1890f7184210efd0987e307c84c27accfb8f9f67cc2c460189eb5aaaa62ee222eb1b35540cfe9023746\000\000\000\000\000\000\000\000\000\000\000\000\000\000\000\000\000\000\000\000\000\000\000\000\000\000\000\000\000\000\000\000\000\000\000\000\000\000\000\000"
	.asciz	"1e369050b7c4e42acba1dacbf04299c3460782f918ea427e6325165e9ea10e3da5f6c42e9c55215aa9ca27a5863ec48d8e0286b\000\000\000\000\000\000\000\000\000\000\000\000\000\000\000\000\000\000\000\000\000\000\000\000\000\000\000\000\000\000\000\000\000\000\000\000\000\000\000\000"
	.long	68                              @ 0x44
	.asciz	"FFFFFFFFFFFFFFFFFFFFFFFFFFFFFFFF000000000000000000000001\000\000\000\000\000\000\000\000\000\000\000\000\000\000\000\000\000\000\000\000\000\000\000\000\000\000\000\000\000\000\000\000\000\000\000\000\000\000\000\000\000\000\000\000\000\000\000\000\000\000\000\000\000\000\000\000\000\000\000\000\000\000\000\000\000\000\000\000\000\000\000\000\000\000\000\000\000\000\000\000\000\000\000\000\000\000\000\000\000\000\000\000\000\000\000\000\000\000\000\000\000\000\000\000\000\000\000\000\000\000\000\000\000\000\000\000\000\000\000"
	.long	123                             @ 0x7b
	.asciz	"7FFFFFFFFFFFFFFFFFFFFFFFFFFFFFFFFFFFFFFFFFFFFFFFFFFE5F83B2D4EA20400EC4557D5ED3E3E7CA5B4B5C83B8E01E5FCF\000\000\000\000\000\000\000\000\000\000\000\000\000\000\000\000\000\000\000\000\000\000\000\000\000\000\000\000\000\000\000\000\000\000\000\000\000\000\000\000\000\000\000\000\000\000\000\000\000\000\000\000\000\000\000\000\000\000\000\000\000\000\000\000\000\000\000\000\000\000\000\000\000"
	.long	409                             @ 0x199
	.long	87                              @ 0x57
	.long	87                              @ 0x57
	.long	87                              @ 0x57
	.long	1                               @ 0x1
	.long	9                               @ 0x9
	.long	143                             @ 0x8f
	.asciz	"00000000000000000000000000000000000000000000000000000000000000000000000000000000000000000000000000000000000000000000000000000000000000000000000"
	.asciz	"00000000000000000000000000000000000000000000000000000000000000000000000000000000000000000000000000000000000000000000000000000000000000000000001"
	.asciz	"26eb7a859923fbc82189631f8103fe4ac9ca2970012d5d46024804801841ca44370958493b205e647da304db4ceb08cbbd1ba39494776fb988b47174dca88c7e2945283a01c8972"
	.asciz	"349dc807f4fbf374f4aeade3bca95314dd58cec9f307a54ffc61efc006d8a2c9d4979c0ac44aea74fbebbb9f772aedcb620b01a7ba7af1b320430c8591984f601cd4c143ef1c7a3"
	.long	68                              @ 0x44
	.asciz	"FFFFFFFFFFFFFFFFFFFFFFFFFFFFFFFF000000000000000000000001\000\000\000\000\000\000\000\000\000\000\000\000\000\000\000\000\000\000\000\000\000\000\000\000\000\000\000\000\000\000\000\000\000\000\000\000\000\000\000\000\000\000\000\000\000\000\000\000\000\000\000\000\000\000\000\000\000\000\000\000\000\000\000\000\000\000\000\000\000\000\000\000\000\000\000\000\000\000\000\000\000\000\000\000\000\000\000\000\000\000\000\000\000\000\000\000\000\000\000\000\000\000\000\000\000\000\000\000\000\000\000\000\000\000\000\000\000\000\000"
	.long	172                             @ 0xac
	.asciz	"20000000000000000000000000000000000000000000000000000000000000000000000131850E1F19A63E4B391A8DB917F4138B630D84BE5D639381E91DEB45CFE778F637C1001\000\000\000\000\000\000\000\000\000\000\000\000\000\000\000\000\000\000\000\000\000\000\000\000\000\000\000\000\000\000\000\000"
	.long	571                             @ 0x23b
	.long	10                              @ 0xa
	.long	5                               @ 0x5
	.long	2                               @ 0x2
	.long	1                               @ 0x1
	.long	15                              @ 0xf
	.long	48                              @ 0x30
	.asciz	"00000000000000000000000000000000000000000\000\000\000\000\000\000\000\000\000\000\000\000\000\000\000\000\000\000\000\000\000\000\000\000\000\000\000\000\000\000\000\000\000\000\000\000\000\000\000\000\000\000\000\000\000\000\000\000\000\000\000\000\000\000\000\000\000\000\000\000\000\000\000\000\000\000\000\000\000\000\000\000\000\000\000\000\000\000\000\000\000\000\000\000\000\000\000\000\000\000\000\000\000\000\000\000\000\000\000\000\000\000"
	.asciz	"00000000000000000000000000000000000000003\000\000\000\000\000\000\000\000\000\000\000\000\000\000\000\000\000\000\000\000\000\000\000\000\000\000\000\000\000\000\000\000\000\000\000\000\000\000\000\000\000\000\000\000\000\000\000\000\000\000\000\000\000\000\000\000\000\000\000\000\000\000\000\000\000\000\000\000\000\000\000\000\000\000\000\000\000\000\000\000\000\000\000\000\000\000\000\000\000\000\000\000\000\000\000\000\000\000\000\000\000\000"
	.asciz	"DB4FF10EC057E9AE26B07D0280B7F4341DA5D1B1EAE06C7D\000\000\000\000\000\000\000\000\000\000\000\000\000\000\000\000\000\000\000\000\000\000\000\000\000\000\000\000\000\000\000\000\000\000\000\000\000\000\000\000\000\000\000\000\000\000\000\000\000\000\000\000\000\000\000\000\000\000\000\000\000\000\000\000\000\000\000\000\000\000\000\000\000\000\000\000\000\000\000\000\000\000\000\000\000\000\000\000\000\000\000\000\000\000\000"
	.asciz	"9B2F2F6D9C5628A7844163D015BE86344082AA88D95E2F9D\000\000\000\000\000\000\000\000\000\000\000\000\000\000\000\000\000\000\000\000\000\000\000\000\000\000\000\000\000\000\000\000\000\000\000\000\000\000\000\000\000\000\000\000\000\000\000\000\000\000\000\000\000\000\000\000\000\000\000\000\000\000\000\000\000\000\000\000\000\000\000\000\000\000\000\000\000\000\000\000\000\000\000\000\000\000\000\000\000\000\000\000\000\000\000"
	.long	58                              @ 0x3a
	.asciz	"FFFFFFFFFFFFFFFFFFFFFFFFFFFFFFFFFFFFFFFEFFFFEE37\000\000\000\000\000\000\000\000\000\000\000\000\000\000\000\000\000\000\000\000\000\000\000\000\000\000\000\000\000\000\000\000\000\000\000\000\000\000\000\000\000\000\000\000\000\000\000\000\000\000\000\000\000\000\000\000\000\000\000\000\000\000\000\000\000\000\000\000\000\000\000\000\000\000\000\000\000\000\000\000\000\000\000\000\000\000\000\000\000\000\000\000\000\000\000\000\000\000\000\000\000\000\000\000\000\000\000\000\000\000\000\000\000\000\000\000\000\000\000\000\000\000\000\000\000\000\000"
	.long	58                              @ 0x3a
	.asciz	"FFFFFFFFFFFFFFFFFFFFFFFE26F2FC170F69466A74DEFD8D\000\000\000\000\000\000\000\000\000\000\000\000\000\000\000\000\000\000\000\000\000\000\000\000\000\000\000\000\000\000\000\000\000\000\000\000\000\000\000\000\000\000\000\000\000\000\000\000\000\000\000\000\000\000\000\000\000\000\000\000\000\000\000\000\000\000\000\000\000\000\000\000\000\000\000\000\000\000\000\000\000\000\000\000\000\000\000\000\000\000\000\000\000\000\000\000\000\000\000\000\000\000\000\000\000\000\000\000\000\000\000\000\000\000\000\000\000\000\000\000\000\000\000\000\000\000\000"
	.long	192                             @ 0xc0
	.long	7                               @ 0x7
	.long	2                               @ 0x2
	.long	1                               @ 0x1
	.long	0                               @ 0x0
	.long	16                              @ 0x10
	.long	56                              @ 0x38
	.asciz	"00000000000000000000000000000000000000000000000000000000\000\000\000\000\000\000\000\000\000\000\000\000\000\000\000\000\000\000\000\000\000\000\000\000\000\000\000\000\000\000\000\000\000\000\000\000\000\000\000\000\000\000\000\000\000\000\000\000\000\000\000\000\000\000\000\000\000\000\000\000\000\000\000\000\000\000\000\000\000\000\000\000\000\000\000\000\000\000\000\000\000\000\000\000\000\000\000"
	.asciz	"00000000000000000000000000000000000000000000000000000005\000\000\000\000\000\000\000\000\000\000\000\000\000\000\000\000\000\000\000\000\000\000\000\000\000\000\000\000\000\000\000\000\000\000\000\000\000\000\000\000\000\000\000\000\000\000\000\000\000\000\000\000\000\000\000\000\000\000\000\000\000\000\000\000\000\000\000\000\000\000\000\000\000\000\000\000\000\000\000\000\000\000\000\000\000\000\000"
	.asciz	"A1455B334DF099DF30FC28A169A467E9E47075A90F7E650EB6B7A45C\000\000\000\000\000\000\000\000\000\000\000\000\000\000\000\000\000\000\000\000\000\000\000\000\000\000\000\000\000\000\000\000\000\000\000\000\000\000\000\000\000\000\000\000\000\000\000\000\000\000\000\000\000\000\000\000\000\000\000\000\000\000\000\000\000\000\000\000\000\000\000\000\000\000\000\000\000\000\000\000\000\000\000\000\000\000\000"
	.asciz	"7E089FED7FBA344282CAFBD6F7E319F7C0B0BD59E2CA4BDB556D61A5\000\000\000\000\000\000\000\000\000\000\000\000\000\000\000\000\000\000\000\000\000\000\000\000\000\000\000\000\000\000\000\000\000\000\000\000\000\000\000\000\000\000\000\000\000\000\000\000\000\000\000\000\000\000\000\000\000\000\000\000\000\000\000\000\000\000\000\000\000\000\000\000\000\000\000\000\000\000\000\000\000\000\000\000\000\000\000"
	.long	70                              @ 0x46
	.asciz	"FFFFFFFFFFFFFFFFFFFFFFFFFFFFFFFFFFFFFFFFFFFFFFFEFFFFE56D\000\000\000\000\000\000\000\000\000\000\000\000\000\000\000\000\000\000\000\000\000\000\000\000\000\000\000\000\000\000\000\000\000\000\000\000\000\000\000\000\000\000\000\000\000\000\000\000\000\000\000\000\000\000\000\000\000\000\000\000\000\000\000\000\000\000\000\000\000\000\000\000\000\000\000\000\000\000\000\000\000\000\000\000\000\000\000\000\000\000\000\000\000\000\000\000\000\000\000\000\000\000\000\000\000\000\000\000\000\000\000\000\000\000\000\000\000\000\000"
	.long	70                              @ 0x46
	.asciz	"0000000000000000000000000001DCE8D2EC6184CAF0A971769FB1F7\000\000\000\000\000\000\000\000\000\000\000\000\000\000\000\000\000\000\000\000\000\000\000\000\000\000\000\000\000\000\000\000\000\000\000\000\000\000\000\000\000\000\000\000\000\000\000\000\000\000\000\000\000\000\000\000\000\000\000\000\000\000\000\000\000\000\000\000\000\000\000\000\000\000\000\000\000\000\000\000\000\000\000\000\000\000\000\000\000\000\000\000\000\000\000\000\000\000\000\000\000\000\000\000\000\000\000\000\000\000\000\000\000\000\000\000\000\000\000"
	.long	224                             @ 0xe0
	.long	7                               @ 0x7
	.long	2                               @ 0x2
	.long	1                               @ 0x1
	.long	0                               @ 0x0
	.long	17                              @ 0x11
	.long	64                              @ 0x40
	.asciz	"0000000000000000000000000000000000000000000000000000000000000000\000\000\000\000\000\000\000\000\000\000\000\000\000\000\000\000\000\000\000\000\000\000\000\000\000\000\000\000\000\000\000\000\000\000\000\000\000\000\000\000\000\000\000\000\000\000\000\000\000\000\000\000\000\000\000\000\000\000\000\000\000\000\000\000\000\000\000\000\000\000\000\000\000\000\000\000\000\000\000"
	.asciz	"0000000000000000000000000000000000000000000000000000000000000007\000\000\000\000\000\000\000\000\000\000\000\000\000\000\000\000\000\000\000\000\000\000\000\000\000\000\000\000\000\000\000\000\000\000\000\000\000\000\000\000\000\000\000\000\000\000\000\000\000\000\000\000\000\000\000\000\000\000\000\000\000\000\000\000\000\000\000\000\000\000\000\000\000\000\000\000\000\000\000"
	.asciz	"79BE667EF9DCBBAC55A06295CE870B07029BFCDB2DCE28D959F2815B16F81798\000\000\000\000\000\000\000\000\000\000\000\000\000\000\000\000\000\000\000\000\000\000\000\000\000\000\000\000\000\000\000\000\000\000\000\000\000\000\000\000\000\000\000\000\000\000\000\000\000\000\000\000\000\000\000\000\000\000\000\000\000\000\000\000\000\000\000\000\000\000\000\000\000\000\000\000\000\000\000"
	.asciz	"483ADA7726A3C4655DA4FBFC0E1108A8FD17B448A68554199C47D08FFB10D4B8\000\000\000\000\000\000\000\000\000\000\000\000\000\000\000\000\000\000\000\000\000\000\000\000\000\000\000\000\000\000\000\000\000\000\000\000\000\000\000\000\000\000\000\000\000\000\000\000\000\000\000\000\000\000\000\000\000\000\000\000\000\000\000\000\000\000\000\000\000\000\000\000\000\000\000\000\000\000\000"
	.long	78                              @ 0x4e
	.asciz	"FFFFFFFFFFFFFFFFFFFFFFFFFFFFFFFFFFFFFFFFFFFFFFFFFFFFFFFEFFFFFC2F\000\000\000\000\000\000\000\000\000\000\000\000\000\000\000\000\000\000\000\000\000\000\000\000\000\000\000\000\000\000\000\000\000\000\000\000\000\000\000\000\000\000\000\000\000\000\000\000\000\000\000\000\000\000\000\000\000\000\000\000\000\000\000\000\000\000\000\000\000\000\000\000\000\000\000\000\000\000\000\000\000\000\000\000\000\000\000\000\000\000\000\000\000\000\000\000\000\000\000\000\000\000\000\000\000\000\000\000\000\000\000"
	.long	78                              @ 0x4e
	.asciz	"FFFFFFFFFFFFFFFFFFFFFFFFFFFFFFFEBAAEDCE6AF48A03BBFD25E8CD0364141\000\000\000\000\000\000\000\000\000\000\000\000\000\000\000\000\000\000\000\000\000\000\000\000\000\000\000\000\000\000\000\000\000\000\000\000\000\000\000\000\000\000\000\000\000\000\000\000\000\000\000\000\000\000\000\000\000\000\000\000\000\000\000\000\000\000\000\000\000\000\000\000\000\000\000\000\000\000\000\000\000\000\000\000\000\000\000\000\000\000\000\000\000\000\000\000\000\000\000\000\000\000\000\000\000\000\000\000\000\000\000"
	.long	256                             @ 0x100
	.long	7                               @ 0x7
	.long	2                               @ 0x2
	.long	1                               @ 0x1
	.long	0                               @ 0x0
	.long	18                              @ 0x12
	.long	64                              @ 0x40
	.asciz	"7D5A0975FC2C3057EEF67530417AFFE7FB8055C126DC5C6CE94A4B44F330B5D9\000\000\000\000\000\000\000\000\000\000\000\000\000\000\000\000\000\000\000\000\000\000\000\000\000\000\000\000\000\000\000\000\000\000\000\000\000\000\000\000\000\000\000\000\000\000\000\000\000\000\000\000\000\000\000\000\000\000\000\000\000\000\000\000\000\000\000\000\000\000\000\000\000\000\000\000\000\000\000"
	.asciz	"26DC5C6CE94A4B44F330B5D9BBD77CBF958416295CF7E1CE6BCCDC18FF8C07B6\000\000\000\000\000\000\000\000\000\000\000\000\000\000\000\000\000\000\000\000\000\000\000\000\000\000\000\000\000\000\000\000\000\000\000\000\000\000\000\000\000\000\000\000\000\000\000\000\000\000\000\000\000\000\000\000\000\000\000\000\000\000\000\000\000\000\000\000\000\000\000\000\000\000\000\000\000\000\000"
	.asciz	"8BD2AEB9CB7E57CB2C4B482FFC81B7AFB9DE27E1E3BD23C23A4453BD9ACE3262\000\000\000\000\000\000\000\000\000\000\000\000\000\000\000\000\000\000\000\000\000\000\000\000\000\000\000\000\000\000\000\000\000\000\000\000\000\000\000\000\000\000\000\000\000\000\000\000\000\000\000\000\000\000\000\000\000\000\000\000\000\000\000\000\000\000\000\000\000\000\000\000\000\000\000\000\000\000\000"
	.asciz	"547EF835C3DAC4FD97F8461A14611DC9C27745132DED8E545C1D54C72F046997\000\000\000\000\000\000\000\000\000\000\000\000\000\000\000\000\000\000\000\000\000\000\000\000\000\000\000\000\000\000\000\000\000\000\000\000\000\000\000\000\000\000\000\000\000\000\000\000\000\000\000\000\000\000\000\000\000\000\000\000\000\000\000\000\000\000\000\000\000\000\000\000\000\000\000\000\000\000\000"
	.long	78                              @ 0x4e
	.asciz	"A9FB57DBA1EEA9BC3E660A909D838D726E3BF623D52620282013481D1F6E5377\000\000\000\000\000\000\000\000\000\000\000\000\000\000\000\000\000\000\000\000\000\000\000\000\000\000\000\000\000\000\000\000\000\000\000\000\000\000\000\000\000\000\000\000\000\000\000\000\000\000\000\000\000\000\000\000\000\000\000\000\000\000\000\000\000\000\000\000\000\000\000\000\000\000\000\000\000\000\000\000\000\000\000\000\000\000\000\000\000\000\000\000\000\000\000\000\000\000\000\000\000\000\000\000\000\000\000\000\000\000\000"
	.long	78                              @ 0x4e
	.asciz	"A9FB57DBA1EEA9BC3E660A909D838D718C397AA3B561A6F7901E0E82974856A7\000\000\000\000\000\000\000\000\000\000\000\000\000\000\000\000\000\000\000\000\000\000\000\000\000\000\000\000\000\000\000\000\000\000\000\000\000\000\000\000\000\000\000\000\000\000\000\000\000\000\000\000\000\000\000\000\000\000\000\000\000\000\000\000\000\000\000\000\000\000\000\000\000\000\000\000\000\000\000\000\000\000\000\000\000\000\000\000\000\000\000\000\000\000\000\000\000\000\000\000\000\000\000\000\000\000\000\000\000\000\000"
	.long	256                             @ 0x100
	.long	7                               @ 0x7
	.long	2                               @ 0x2
	.long	1                               @ 0x1
	.long	0                               @ 0x0
	.long	19                              @ 0x13
	.long	96                              @ 0x60
	.asciz	"7BC382C63D8C150C3C72080ACE05AFA0C2BEA28E4FB22787139165EFBA91F90F8AA5814A503AD4EB04A8C7DD22CE2826\000\000\000\000\000\000\000\000\000\000\000\000\000\000\000\000\000\000\000\000\000\000\000\000\000\000\000\000\000\000\000\000\000\000\000\000\000\000\000\000\000\000\000\000\000\000\000"
	.asciz	"04A8C7DD22CE28268B39B55416F0447C2FB77DE107DCD2A62E880EA53EEB62D57CB4390295DBC9943AB78696FA504C11\000\000\000\000\000\000\000\000\000\000\000\000\000\000\000\000\000\000\000\000\000\000\000\000\000\000\000\000\000\000\000\000\000\000\000\000\000\000\000\000\000\000\000\000\000\000\000"
	.asciz	"1D1C64F068CF45FFA2A63A81B7C13F6B8847A3E77EF14FE3DB7FCAFE0CBD10E8E826E03436D646AAEF87B2E247D4AF1E\000\000\000\000\000\000\000\000\000\000\000\000\000\000\000\000\000\000\000\000\000\000\000\000\000\000\000\000\000\000\000\000\000\000\000\000\000\000\000\000\000\000\000\000\000\000\000"
	.asciz	"8ABE1D7520F9C2A45CB1EB8E95CFD55262B70B29FEEC5864E19C054FF99129280E4646217791811142820341263C5315\000\000\000\000\000\000\000\000\000\000\000\000\000\000\000\000\000\000\000\000\000\000\000\000\000\000\000\000\000\000\000\000\000\000\000\000\000\000\000\000\000\000\000\000\000\000\000"
	.long	116                             @ 0x74
	.asciz	"8CB91E82A3386D280F5D6F7E50E641DF152F7109ED5456B412B1DA197FB71123ACD3A729901D1A71874700133107EC53\000\000\000\000\000\000\000\000\000\000\000\000\000\000\000\000\000\000\000\000\000\000\000\000\000\000\000\000\000\000\000\000\000\000\000\000\000\000\000\000\000\000\000\000\000\000\000\000\000\000\000\000\000\000\000\000\000\000\000\000\000\000\000\000\000\000\000\000\000\000\000\000\000\000\000\000\000\000\000"
	.long	116                             @ 0x74
	.asciz	"8CB91E82A3386D280F5D6F7E50E641DF152F7109ED5456B31F166E6CAC0425A7CF3AB6AF6B7FC3103B883202E9046565\000\000\000\000\000\000\000\000\000\000\000\000\000\000\000\000\000\000\000\000\000\000\000\000\000\000\000\000\000\000\000\000\000\000\000\000\000\000\000\000\000\000\000\000\000\000\000\000\000\000\000\000\000\000\000\000\000\000\000\000\000\000\000\000\000\000\000\000\000\000\000\000\000\000\000\000\000\000\000"
	.long	384                             @ 0x180
	.long	7                               @ 0x7
	.long	2                               @ 0x2
	.long	1                               @ 0x1
	.long	0                               @ 0x0
	.long	20                              @ 0x14
	.long	128                             @ 0x80
	.asciz	"7830A3318B603B89E2327145AC234CC594CBDD8D3DF91610A83441CAEA9863BC2DED5D5AA8253AA10A2EF1C98B9AC8B57F1117A72BF2C7B9E7C1AC4D77FC94CA\000\000\000\000\000\000\000\000\000\000\000\000\000\000\000"
	.asciz	"3DF91610A83441CAEA9863BC2DED5D5AA8253AA10A2EF1C98B9AC8B57F1117A72BF2C7B9E7C1AC4D77FC94CADC083E67984050B75EBAE5DD2809BD638016F723\000\000\000\000\000\000\000\000\000\000\000\000\000\000\000"
	.asciz	"81AEE4BDD82ED9645A21322E9C4C6A9385ED9F70B5D916C1B43B62EEF4D0098EFF3B1F78E2D0D48D50D1687B93B97D5F7C6D5047406A5E688B352209BCB9F822\000\000\000\000\000\000\000\000\000\000\000\000\000\000\000"
	.asciz	"7DDE385D566332ECC0EABFA9CF7822FDF209F70024A57B1AA000C55B881F8111B2DCDE494A5F485E5BCA4BD88A2763AED1CA2B2FA8F0540678CD1E0F3AD80892\000\000\000\000\000\000\000\000\000\000\000\000\000\000\000"
	.long	156                             @ 0x9c
	.asciz	"AADD9DB8DBE9C48B3FD4E6AE33C9FC07CB308DB3B3C9D20ED6639CCA703308717D4D9B009BC66842AECDA12AE6A380E62881FF2F2D82C68528AA6056583A48F3\000\000\000\000\000\000\000\000\000\000\000\000\000\000\000\000\000\000\000\000\000\000\000\000\000\000\000\000\000\000\000\000\000\000\000\000\000\000\000\000\000\000\000\000\000\000\000"
	.long	156                             @ 0x9c
	.asciz	"AADD9DB8DBE9C48B3FD4E6AE33C9FC07CB308DB3B3C9D20ED6639CCA70330870553E5C414CA92619418661197FAC10471DB1D381085DDADDB58796829CA90069\000\000\000\000\000\000\000\000\000\000\000\000\000\000\000\000\000\000\000\000\000\000\000\000\000\000\000\000\000\000\000\000\000\000\000\000\000\000\000\000\000\000\000\000\000\000\000"
	.long	512                             @ 0x200
	.long	7                               @ 0x7
	.long	2                               @ 0x2
	.long	1                               @ 0x1
	.long	0                               @ 0x0
	.long	21                              @ 0x15
	.long	64                              @ 0x40
	.asciz	"0000000000000000000000000000000000000000000000000000000000076D06\000\000\000\000\000\000\000\000\000\000\000\000\000\000\000\000\000\000\000\000\000\000\000\000\000\000\000\000\000\000\000\000\000\000\000\000\000\000\000\000\000\000\000\000\000\000\000\000\000\000\000\000\000\000\000\000\000\000\000\000\000\000\000\000\000\000\000\000\000\000\000\000\000\000\000\000\000\000\000"
	.asciz	"0000000000000000000000000000000000000000000000000000000000000001\000\000\000\000\000\000\000\000\000\000\000\000\000\000\000\000\000\000\000\000\000\000\000\000\000\000\000\000\000\000\000\000\000\000\000\000\000\000\000\000\000\000\000\000\000\000\000\000\000\000\000\000\000\000\000\000\000\000\000\000\000\000\000\000\000\000\000\000\000\000\000\000\000\000\000\000\000\000\000"
	.asciz	"0000000000000000000000000000000000000000000000000000000000000009\000\000\000\000\000\000\000\000\000\000\000\000\000\000\000\000\000\000\000\000\000\000\000\000\000\000\000\000\000\000\000\000\000\000\000\000\000\000\000\000\000\000\000\000\000\000\000\000\000\000\000\000\000\000\000\000\000\000\000\000\000\000\000\000\000\000\000\000\000\000\000\000\000\000\000\000\000\000\000"
	.asciz	"20ae19a1b8a086b4e01edd2c7748d14c923d4d7e6d7c61b229e9c5a27eced3d9\000\000\000\000\000\000\000\000\000\000\000\000\000\000\000\000\000\000\000\000\000\000\000\000\000\000\000\000\000\000\000\000\000\000\000\000\000\000\000\000\000\000\000\000\000\000\000\000\000\000\000\000\000\000\000\000\000\000\000\000\000\000\000\000\000\000\000\000\000\000\000\000\000\000\000\000\000\000\000"
	.long	78                              @ 0x4e
	.asciz	"7fffffffffffffffffffffffffffffffffffffffffffffffffffffffffffffed\000\000\000\000\000\000\000\000\000\000\000\000\000\000\000\000\000\000\000\000\000\000\000\000\000\000\000\000\000\000\000\000\000\000\000\000\000\000\000\000\000\000\000\000\000\000\000\000\000\000\000\000\000\000\000\000\000\000\000\000\000\000\000\000\000\000\000\000\000\000\000\000\000\000\000\000\000\000\000\000\000\000\000\000\000\000\000\000\000\000\000\000\000\000\000\000\000\000\000\000\000\000\000\000\000\000\000\000\000\000\000"
	.long	78                              @ 0x4e
	.asciz	"1000000000000000000000000000000014def9dea2f79cd65812631a5cf5d3ed\000\000\000\000\000\000\000\000\000\000\000\000\000\000\000\000\000\000\000\000\000\000\000\000\000\000\000\000\000\000\000\000\000\000\000\000\000\000\000\000\000\000\000\000\000\000\000\000\000\000\000\000\000\000\000\000\000\000\000\000\000\000\000\000\000\000\000\000\000\000\000\000\000\000\000\000\000\000\000\000\000\000\000\000\000\000\000\000\000\000\000\000\000\000\000\000\000\000\000\000\000\000\000\000\000\000\000\000\000\000\000"
	.long	255                             @ 0xff
	.long	10                              @ 0xa
	.long	5                               @ 0x5
	.long	2                               @ 0x2
	.long	0                               @ 0x0
	.long	22                              @ 0x16
	.long	64                              @ 0x40
	.asciz	"FFFFFFFEFFFFFFFFFFFFFFFFFFFFFFFFFFFFFFFF00000000FFFFFFFFFFFFFFFC\000\000\000\000\000\000\000\000\000\000\000\000\000\000\000\000\000\000\000\000\000\000\000\000\000\000\000\000\000\000\000\000\000\000\000\000\000\000\000\000\000\000\000\000\000\000\000\000\000\000\000\000\000\000\000\000\000\000\000\000\000\000\000\000\000\000\000\000\000\000\000\000\000\000\000\000\000\000\000"
	.asciz	"28E9FA9E9D9F5E344D5A9E4BCF6509A7F39789F515AB8F92DDBCBD414D940E93\000\000\000\000\000\000\000\000\000\000\000\000\000\000\000\000\000\000\000\000\000\000\000\000\000\000\000\000\000\000\000\000\000\000\000\000\000\000\000\000\000\000\000\000\000\000\000\000\000\000\000\000\000\000\000\000\000\000\000\000\000\000\000\000\000\000\000\000\000\000\000\000\000\000\000\000\000\000\000"
	.asciz	"32C4AE2C1F1981195F9904466A39C9948FE30BBFF2660BE1715A4589334C74C7\000\000\000\000\000\000\000\000\000\000\000\000\000\000\000\000\000\000\000\000\000\000\000\000\000\000\000\000\000\000\000\000\000\000\000\000\000\000\000\000\000\000\000\000\000\000\000\000\000\000\000\000\000\000\000\000\000\000\000\000\000\000\000\000\000\000\000\000\000\000\000\000\000\000\000\000\000\000\000"
	.asciz	"BC3736A2F4F6779C59BDCEE36B692153D0A9877CC62A474002DF32E52139F0A0\000\000\000\000\000\000\000\000\000\000\000\000\000\000\000\000\000\000\000\000\000\000\000\000\000\000\000\000\000\000\000\000\000\000\000\000\000\000\000\000\000\000\000\000\000\000\000\000\000\000\000\000\000\000\000\000\000\000\000\000\000\000\000\000\000\000\000\000\000\000\000\000\000\000\000\000\000\000\000"
	.long	78                              @ 0x4e
	.asciz	"FFFFFFFEFFFFFFFFFFFFFFFFFFFFFFFFFFFFFFFF00000000FFFFFFFFFFFFFFFF\000\000\000\000\000\000\000\000\000\000\000\000\000\000\000\000\000\000\000\000\000\000\000\000\000\000\000\000\000\000\000\000\000\000\000\000\000\000\000\000\000\000\000\000\000\000\000\000\000\000\000\000\000\000\000\000\000\000\000\000\000\000\000\000\000\000\000\000\000\000\000\000\000\000\000\000\000\000\000\000\000\000\000\000\000\000\000\000\000\000\000\000\000\000\000\000\000\000\000\000\000\000\000\000\000\000\000\000\000\000\000"
	.long	78                              @ 0x4e
	.asciz	"FFFFFFFEFFFFFFFFFFFFFFFFFFFFFFFF7203DF6B21C6052B53BBF40939D54123\000\000\000\000\000\000\000\000\000\000\000\000\000\000\000\000\000\000\000\000\000\000\000\000\000\000\000\000\000\000\000\000\000\000\000\000\000\000\000\000\000\000\000\000\000\000\000\000\000\000\000\000\000\000\000\000\000\000\000\000\000\000\000\000\000\000\000\000\000\000\000\000\000\000\000\000\000\000\000\000\000\000\000\000\000\000\000\000\000\000\000\000\000\000\000\000\000\000\000\000\000\000\000\000\000\000\000\000\000\000\000"
	.long	256                             @ 0x100
	.long	10                              @ 0xa
	.long	5                               @ 0x5
	.long	2                               @ 0x2
	.long	0                               @ 0x0
	.size	_Curve, 22172

	.type	Curve_Copy,%object              @ @Curve_Copy
	.section	.bss.Curve_Copy,"aw",%nobits
	.p2align	2, 0x0
Curve_Copy:
	.zero	964
	.size	Curve_Copy, 964

	.type	.L__const.CheckRsaBufferSize.s_au32RsaBufSizeTbl,%object @ @__const.CheckRsaBufferSize.s_au32RsaBufSizeTbl
	.section	.rodata..L__const.CheckRsaBufferSize.s_au32RsaBufSizeTbl,"a",%progbits
	.p2align	2, 0x0
.L__const.CheckRsaBufferSize.s_au32RsaBufSizeTbl:
	.long	2048                            @ 0x800
	.long	6144                            @ 0x1800
	.long	6144                            @ 0x1800
	.long	3600                            @ 0xe10
	.long	6656                            @ 0x1a00
	.long	6656                            @ 0x1a00
	.long	1536                            @ 0x600
	.size	.L__const.CheckRsaBufferSize.s_au32RsaBufSizeTbl, 28

	.section	.debug_abbrev,"",%progbits
	.byte	1                               @ Abbreviation Code
	.byte	17                              @ DW_TAG_compile_unit
	.byte	1                               @ DW_CHILDREN_yes
	.byte	37                              @ DW_AT_producer
	.byte	14                              @ DW_FORM_strp
	.byte	19                              @ DW_AT_language
	.byte	5                               @ DW_FORM_data2
	.byte	3                               @ DW_AT_name
	.byte	14                              @ DW_FORM_strp
	.byte	16                              @ DW_AT_stmt_list
	.byte	23                              @ DW_FORM_sec_offset
	.byte	27                              @ DW_AT_comp_dir
	.byte	14                              @ DW_FORM_strp
	.byte	17                              @ DW_AT_low_pc
	.byte	1                               @ DW_FORM_addr
	.byte	85                              @ DW_AT_ranges
	.byte	23                              @ DW_FORM_sec_offset
	.byte	0                               @ EOM(1)
	.byte	0                               @ EOM(2)
	.byte	2                               @ Abbreviation Code
	.byte	52                              @ DW_TAG_variable
	.byte	0                               @ DW_CHILDREN_no
	.byte	73                              @ DW_AT_type
	.byte	19                              @ DW_FORM_ref4
	.byte	58                              @ DW_AT_decl_file
	.byte	11                              @ DW_FORM_data1
	.byte	59                              @ DW_AT_decl_line
	.byte	5                               @ DW_FORM_data2
	.byte	2                               @ DW_AT_location
	.byte	24                              @ DW_FORM_exprloc
	.byte	0                               @ EOM(1)
	.byte	0                               @ EOM(2)
	.byte	3                               @ Abbreviation Code
	.byte	1                               @ DW_TAG_array_type
	.byte	1                               @ DW_CHILDREN_yes
	.byte	73                              @ DW_AT_type
	.byte	19                              @ DW_FORM_ref4
	.byte	0                               @ EOM(1)
	.byte	0                               @ EOM(2)
	.byte	4                               @ Abbreviation Code
	.byte	33                              @ DW_TAG_subrange_type
	.byte	0                               @ DW_CHILDREN_no
	.byte	73                              @ DW_AT_type
	.byte	19                              @ DW_FORM_ref4
	.byte	55                              @ DW_AT_count
	.byte	11                              @ DW_FORM_data1
	.byte	0                               @ EOM(1)
	.byte	0                               @ EOM(2)
	.byte	5                               @ Abbreviation Code
	.byte	36                              @ DW_TAG_base_type
	.byte	0                               @ DW_CHILDREN_no
	.byte	3                               @ DW_AT_name
	.byte	14                              @ DW_FORM_strp
	.byte	62                              @ DW_AT_encoding
	.byte	11                              @ DW_FORM_data1
	.byte	11                              @ DW_AT_byte_size
	.byte	11                              @ DW_FORM_data1
	.byte	0                               @ EOM(1)
	.byte	0                               @ EOM(2)
	.byte	6                               @ Abbreviation Code
	.byte	36                              @ DW_TAG_base_type
	.byte	0                               @ DW_CHILDREN_no
	.byte	3                               @ DW_AT_name
	.byte	14                              @ DW_FORM_strp
	.byte	11                              @ DW_AT_byte_size
	.byte	11                              @ DW_FORM_data1
	.byte	62                              @ DW_AT_encoding
	.byte	11                              @ DW_FORM_data1
	.byte	0                               @ EOM(1)
	.byte	0                               @ EOM(2)
	.byte	7                               @ Abbreviation Code
	.byte	52                              @ DW_TAG_variable
	.byte	0                               @ DW_CHILDREN_no
	.byte	3                               @ DW_AT_name
	.byte	14                              @ DW_FORM_strp
	.byte	73                              @ DW_AT_type
	.byte	19                              @ DW_FORM_ref4
	.byte	58                              @ DW_AT_decl_file
	.byte	11                              @ DW_FORM_data1
	.byte	59                              @ DW_AT_decl_line
	.byte	5                               @ DW_FORM_data2
	.byte	2                               @ DW_AT_location
	.byte	24                              @ DW_FORM_exprloc
	.byte	0                               @ EOM(1)
	.byte	0                               @ EOM(2)
	.byte	8                               @ Abbreviation Code
	.byte	15                              @ DW_TAG_pointer_type
	.byte	0                               @ DW_CHILDREN_no
	.byte	73                              @ DW_AT_type
	.byte	19                              @ DW_FORM_ref4
	.byte	0                               @ EOM(1)
	.byte	0                               @ EOM(2)
	.byte	9                               @ Abbreviation Code
	.byte	22                              @ DW_TAG_typedef
	.byte	0                               @ DW_CHILDREN_no
	.byte	73                              @ DW_AT_type
	.byte	19                              @ DW_FORM_ref4
	.byte	3                               @ DW_AT_name
	.byte	14                              @ DW_FORM_strp
	.byte	58                              @ DW_AT_decl_file
	.byte	11                              @ DW_FORM_data1
	.byte	59                              @ DW_AT_decl_line
	.byte	11                              @ DW_FORM_data1
	.byte	0                               @ EOM(1)
	.byte	0                               @ EOM(2)
	.byte	10                              @ Abbreviation Code
	.byte	19                              @ DW_TAG_structure_type
	.byte	1                               @ DW_CHILDREN_yes
	.byte	3                               @ DW_AT_name
	.byte	14                              @ DW_FORM_strp
	.byte	11                              @ DW_AT_byte_size
	.byte	5                               @ DW_FORM_data2
	.byte	58                              @ DW_AT_decl_file
	.byte	11                              @ DW_FORM_data1
	.byte	59                              @ DW_AT_decl_line
	.byte	11                              @ DW_FORM_data1
	.byte	0                               @ EOM(1)
	.byte	0                               @ EOM(2)
	.byte	11                              @ Abbreviation Code
	.byte	13                              @ DW_TAG_member
	.byte	0                               @ DW_CHILDREN_no
	.byte	3                               @ DW_AT_name
	.byte	14                              @ DW_FORM_strp
	.byte	73                              @ DW_AT_type
	.byte	19                              @ DW_FORM_ref4
	.byte	58                              @ DW_AT_decl_file
	.byte	11                              @ DW_FORM_data1
	.byte	59                              @ DW_AT_decl_line
	.byte	11                              @ DW_FORM_data1
	.byte	56                              @ DW_AT_data_member_location
	.byte	11                              @ DW_FORM_data1
	.byte	0                               @ EOM(1)
	.byte	0                               @ EOM(2)
	.byte	12                              @ Abbreviation Code
	.byte	13                              @ DW_TAG_member
	.byte	0                               @ DW_CHILDREN_no
	.byte	3                               @ DW_AT_name
	.byte	14                              @ DW_FORM_strp
	.byte	73                              @ DW_AT_type
	.byte	19                              @ DW_FORM_ref4
	.byte	58                              @ DW_AT_decl_file
	.byte	11                              @ DW_FORM_data1
	.byte	59                              @ DW_AT_decl_line
	.byte	11                              @ DW_FORM_data1
	.byte	56                              @ DW_AT_data_member_location
	.byte	5                               @ DW_FORM_data2
	.byte	0                               @ EOM(1)
	.byte	0                               @ EOM(2)
	.byte	13                              @ Abbreviation Code
	.byte	4                               @ DW_TAG_enumeration_type
	.byte	1                               @ DW_CHILDREN_yes
	.byte	73                              @ DW_AT_type
	.byte	19                              @ DW_FORM_ref4
	.byte	11                              @ DW_AT_byte_size
	.byte	11                              @ DW_FORM_data1
	.byte	58                              @ DW_AT_decl_file
	.byte	11                              @ DW_FORM_data1
	.byte	59                              @ DW_AT_decl_line
	.byte	11                              @ DW_FORM_data1
	.byte	0                               @ EOM(1)
	.byte	0                               @ EOM(2)
	.byte	14                              @ Abbreviation Code
	.byte	40                              @ DW_TAG_enumerator
	.byte	0                               @ DW_CHILDREN_no
	.byte	3                               @ DW_AT_name
	.byte	14                              @ DW_FORM_strp
	.byte	28                              @ DW_AT_const_value
	.byte	13                              @ DW_FORM_sdata
	.byte	0                               @ EOM(1)
	.byte	0                               @ EOM(2)
	.byte	15                              @ Abbreviation Code
	.byte	53                              @ DW_TAG_volatile_type
	.byte	0                               @ DW_CHILDREN_no
	.byte	73                              @ DW_AT_type
	.byte	19                              @ DW_FORM_ref4
	.byte	0                               @ EOM(1)
	.byte	0                               @ EOM(2)
	.byte	16                              @ Abbreviation Code
	.byte	15                              @ DW_TAG_pointer_type
	.byte	0                               @ DW_CHILDREN_no
	.byte	0                               @ EOM(1)
	.byte	0                               @ EOM(2)
	.byte	17                              @ Abbreviation Code
	.byte	52                              @ DW_TAG_variable
	.byte	0                               @ DW_CHILDREN_no
	.byte	3                               @ DW_AT_name
	.byte	14                              @ DW_FORM_strp
	.byte	73                              @ DW_AT_type
	.byte	19                              @ DW_FORM_ref4
	.byte	58                              @ DW_AT_decl_file
	.byte	11                              @ DW_FORM_data1
	.byte	59                              @ DW_AT_decl_line
	.byte	11                              @ DW_FORM_data1
	.byte	2                               @ DW_AT_location
	.byte	24                              @ DW_FORM_exprloc
	.byte	0                               @ EOM(1)
	.byte	0                               @ EOM(2)
	.byte	18                              @ Abbreviation Code
	.byte	38                              @ DW_TAG_const_type
	.byte	0                               @ DW_CHILDREN_no
	.byte	73                              @ DW_AT_type
	.byte	19                              @ DW_FORM_ref4
	.byte	0                               @ EOM(1)
	.byte	0                               @ EOM(2)
	.byte	19                              @ Abbreviation Code
	.byte	4                               @ DW_TAG_enumeration_type
	.byte	1                               @ DW_CHILDREN_yes
	.byte	73                              @ DW_AT_type
	.byte	19                              @ DW_FORM_ref4
	.byte	3                               @ DW_AT_name
	.byte	14                              @ DW_FORM_strp
	.byte	11                              @ DW_AT_byte_size
	.byte	11                              @ DW_FORM_data1
	.byte	58                              @ DW_AT_decl_file
	.byte	11                              @ DW_FORM_data1
	.byte	59                              @ DW_AT_decl_line
	.byte	11                              @ DW_FORM_data1
	.byte	0                               @ EOM(1)
	.byte	0                               @ EOM(2)
	.byte	20                              @ Abbreviation Code
	.byte	40                              @ DW_TAG_enumerator
	.byte	0                               @ DW_CHILDREN_no
	.byte	3                               @ DW_AT_name
	.byte	14                              @ DW_FORM_strp
	.byte	28                              @ DW_AT_const_value
	.byte	15                              @ DW_FORM_udata
	.byte	0                               @ EOM(1)
	.byte	0                               @ EOM(2)
	.byte	21                              @ Abbreviation Code
	.byte	4                               @ DW_TAG_enumeration_type
	.byte	1                               @ DW_CHILDREN_yes
	.byte	73                              @ DW_AT_type
	.byte	19                              @ DW_FORM_ref4
	.byte	11                              @ DW_AT_byte_size
	.byte	11                              @ DW_FORM_data1
	.byte	58                              @ DW_AT_decl_file
	.byte	11                              @ DW_FORM_data1
	.byte	59                              @ DW_AT_decl_line
	.byte	5                               @ DW_FORM_data2
	.byte	0                               @ EOM(1)
	.byte	0                               @ EOM(2)
	.byte	22                              @ Abbreviation Code
	.byte	22                              @ DW_TAG_typedef
	.byte	0                               @ DW_CHILDREN_no
	.byte	73                              @ DW_AT_type
	.byte	19                              @ DW_FORM_ref4
	.byte	3                               @ DW_AT_name
	.byte	14                              @ DW_FORM_strp
	.byte	58                              @ DW_AT_decl_file
	.byte	11                              @ DW_FORM_data1
	.byte	59                              @ DW_AT_decl_line
	.byte	5                               @ DW_FORM_data2
	.byte	0                               @ EOM(1)
	.byte	0                               @ EOM(2)
	.byte	23                              @ Abbreviation Code
	.byte	19                              @ DW_TAG_structure_type
	.byte	1                               @ DW_CHILDREN_yes
	.byte	11                              @ DW_AT_byte_size
	.byte	5                               @ DW_FORM_data2
	.byte	58                              @ DW_AT_decl_file
	.byte	11                              @ DW_FORM_data1
	.byte	59                              @ DW_AT_decl_line
	.byte	11                              @ DW_FORM_data1
	.byte	0                               @ EOM(1)
	.byte	0                               @ EOM(2)
	.byte	24                              @ Abbreviation Code
	.byte	13                              @ DW_TAG_member
	.byte	0                               @ DW_CHILDREN_no
	.byte	3                               @ DW_AT_name
	.byte	14                              @ DW_FORM_strp
	.byte	73                              @ DW_AT_type
	.byte	19                              @ DW_FORM_ref4
	.byte	58                              @ DW_AT_decl_file
	.byte	11                              @ DW_FORM_data1
	.byte	59                              @ DW_AT_decl_line
	.byte	5                               @ DW_FORM_data2
	.byte	56                              @ DW_AT_data_member_location
	.byte	11                              @ DW_FORM_data1
	.byte	0                               @ EOM(1)
	.byte	0                               @ EOM(2)
	.byte	25                              @ Abbreviation Code
	.byte	13                              @ DW_TAG_member
	.byte	0                               @ DW_CHILDREN_no
	.byte	3                               @ DW_AT_name
	.byte	14                              @ DW_FORM_strp
	.byte	73                              @ DW_AT_type
	.byte	19                              @ DW_FORM_ref4
	.byte	58                              @ DW_AT_decl_file
	.byte	11                              @ DW_FORM_data1
	.byte	59                              @ DW_AT_decl_line
	.byte	5                               @ DW_FORM_data2
	.byte	56                              @ DW_AT_data_member_location
	.byte	5                               @ DW_FORM_data2
	.byte	0                               @ EOM(1)
	.byte	0                               @ EOM(2)
	.byte	26                              @ Abbreviation Code
	.byte	46                              @ DW_TAG_subprogram
	.byte	1                               @ DW_CHILDREN_yes
	.byte	17                              @ DW_AT_low_pc
	.byte	1                               @ DW_FORM_addr
	.byte	18                              @ DW_AT_high_pc
	.byte	6                               @ DW_FORM_data4
	.byte	64                              @ DW_AT_frame_base
	.byte	24                              @ DW_FORM_exprloc
	.byte	3                               @ DW_AT_name
	.byte	14                              @ DW_FORM_strp
	.byte	58                              @ DW_AT_decl_file
	.byte	11                              @ DW_FORM_data1
	.byte	59                              @ DW_AT_decl_line
	.byte	11                              @ DW_FORM_data1
	.byte	39                              @ DW_AT_prototyped
	.byte	25                              @ DW_FORM_flag_present
	.byte	63                              @ DW_AT_external
	.byte	25                              @ DW_FORM_flag_present
	.byte	0                               @ EOM(1)
	.byte	0                               @ EOM(2)
	.byte	27                              @ Abbreviation Code
	.byte	5                               @ DW_TAG_formal_parameter
	.byte	0                               @ DW_CHILDREN_no
	.byte	2                               @ DW_AT_location
	.byte	24                              @ DW_FORM_exprloc
	.byte	3                               @ DW_AT_name
	.byte	14                              @ DW_FORM_strp
	.byte	58                              @ DW_AT_decl_file
	.byte	11                              @ DW_FORM_data1
	.byte	59                              @ DW_AT_decl_line
	.byte	11                              @ DW_FORM_data1
	.byte	73                              @ DW_AT_type
	.byte	19                              @ DW_FORM_ref4
	.byte	0                               @ EOM(1)
	.byte	0                               @ EOM(2)
	.byte	28                              @ Abbreviation Code
	.byte	46                              @ DW_TAG_subprogram
	.byte	1                               @ DW_CHILDREN_yes
	.byte	17                              @ DW_AT_low_pc
	.byte	1                               @ DW_FORM_addr
	.byte	18                              @ DW_AT_high_pc
	.byte	6                               @ DW_FORM_data4
	.byte	64                              @ DW_AT_frame_base
	.byte	24                              @ DW_FORM_exprloc
	.byte	3                               @ DW_AT_name
	.byte	14                              @ DW_FORM_strp
	.byte	58                              @ DW_AT_decl_file
	.byte	11                              @ DW_FORM_data1
	.byte	59                              @ DW_AT_decl_line
	.byte	11                              @ DW_FORM_data1
	.byte	39                              @ DW_AT_prototyped
	.byte	25                              @ DW_FORM_flag_present
	.byte	73                              @ DW_AT_type
	.byte	19                              @ DW_FORM_ref4
	.byte	63                              @ DW_AT_external
	.byte	25                              @ DW_FORM_flag_present
	.byte	0                               @ EOM(1)
	.byte	0                               @ EOM(2)
	.byte	29                              @ Abbreviation Code
	.byte	52                              @ DW_TAG_variable
	.byte	0                               @ DW_CHILDREN_no
	.byte	2                               @ DW_AT_location
	.byte	24                              @ DW_FORM_exprloc
	.byte	3                               @ DW_AT_name
	.byte	14                              @ DW_FORM_strp
	.byte	58                              @ DW_AT_decl_file
	.byte	11                              @ DW_FORM_data1
	.byte	59                              @ DW_AT_decl_line
	.byte	11                              @ DW_FORM_data1
	.byte	73                              @ DW_AT_type
	.byte	19                              @ DW_FORM_ref4
	.byte	0                               @ EOM(1)
	.byte	0                               @ EOM(2)
	.byte	30                              @ Abbreviation Code
	.byte	52                              @ DW_TAG_variable
	.byte	0                               @ DW_CHILDREN_no
	.byte	2                               @ DW_AT_location
	.byte	24                              @ DW_FORM_exprloc
	.byte	3                               @ DW_AT_name
	.byte	14                              @ DW_FORM_strp
	.byte	58                              @ DW_AT_decl_file
	.byte	11                              @ DW_FORM_data1
	.byte	59                              @ DW_AT_decl_line
	.byte	5                               @ DW_FORM_data2
	.byte	73                              @ DW_AT_type
	.byte	19                              @ DW_FORM_ref4
	.byte	0                               @ EOM(1)
	.byte	0                               @ EOM(2)
	.byte	31                              @ Abbreviation Code
	.byte	46                              @ DW_TAG_subprogram
	.byte	1                               @ DW_CHILDREN_yes
	.byte	17                              @ DW_AT_low_pc
	.byte	1                               @ DW_FORM_addr
	.byte	18                              @ DW_AT_high_pc
	.byte	6                               @ DW_FORM_data4
	.byte	64                              @ DW_AT_frame_base
	.byte	24                              @ DW_FORM_exprloc
	.byte	3                               @ DW_AT_name
	.byte	14                              @ DW_FORM_strp
	.byte	58                              @ DW_AT_decl_file
	.byte	11                              @ DW_FORM_data1
	.byte	59                              @ DW_AT_decl_line
	.byte	5                               @ DW_FORM_data2
	.byte	39                              @ DW_AT_prototyped
	.byte	25                              @ DW_FORM_flag_present
	.byte	63                              @ DW_AT_external
	.byte	25                              @ DW_FORM_flag_present
	.byte	0                               @ EOM(1)
	.byte	0                               @ EOM(2)
	.byte	32                              @ Abbreviation Code
	.byte	5                               @ DW_TAG_formal_parameter
	.byte	0                               @ DW_CHILDREN_no
	.byte	2                               @ DW_AT_location
	.byte	24                              @ DW_FORM_exprloc
	.byte	3                               @ DW_AT_name
	.byte	14                              @ DW_FORM_strp
	.byte	58                              @ DW_AT_decl_file
	.byte	11                              @ DW_FORM_data1
	.byte	59                              @ DW_AT_decl_line
	.byte	5                               @ DW_FORM_data2
	.byte	73                              @ DW_AT_type
	.byte	19                              @ DW_FORM_ref4
	.byte	0                               @ EOM(1)
	.byte	0                               @ EOM(2)
	.byte	33                              @ Abbreviation Code
	.byte	46                              @ DW_TAG_subprogram
	.byte	1                               @ DW_CHILDREN_yes
	.byte	17                              @ DW_AT_low_pc
	.byte	1                               @ DW_FORM_addr
	.byte	18                              @ DW_AT_high_pc
	.byte	6                               @ DW_FORM_data4
	.byte	64                              @ DW_AT_frame_base
	.byte	24                              @ DW_FORM_exprloc
	.byte	3                               @ DW_AT_name
	.byte	14                              @ DW_FORM_strp
	.byte	58                              @ DW_AT_decl_file
	.byte	11                              @ DW_FORM_data1
	.byte	59                              @ DW_AT_decl_line
	.byte	5                               @ DW_FORM_data2
	.byte	39                              @ DW_AT_prototyped
	.byte	25                              @ DW_FORM_flag_present
	.byte	0                               @ EOM(1)
	.byte	0                               @ EOM(2)
	.byte	34                              @ Abbreviation Code
	.byte	46                              @ DW_TAG_subprogram
	.byte	1                               @ DW_CHILDREN_yes
	.byte	17                              @ DW_AT_low_pc
	.byte	1                               @ DW_FORM_addr
	.byte	18                              @ DW_AT_high_pc
	.byte	6                               @ DW_FORM_data4
	.byte	64                              @ DW_AT_frame_base
	.byte	24                              @ DW_FORM_exprloc
	.byte	3                               @ DW_AT_name
	.byte	14                              @ DW_FORM_strp
	.byte	58                              @ DW_AT_decl_file
	.byte	11                              @ DW_FORM_data1
	.byte	59                              @ DW_AT_decl_line
	.byte	5                               @ DW_FORM_data2
	.byte	39                              @ DW_AT_prototyped
	.byte	25                              @ DW_FORM_flag_present
	.byte	73                              @ DW_AT_type
	.byte	19                              @ DW_FORM_ref4
	.byte	63                              @ DW_AT_external
	.byte	25                              @ DW_FORM_flag_present
	.byte	0                               @ EOM(1)
	.byte	0                               @ EOM(2)
	.byte	35                              @ Abbreviation Code
	.byte	46                              @ DW_TAG_subprogram
	.byte	1                               @ DW_CHILDREN_yes
	.byte	17                              @ DW_AT_low_pc
	.byte	1                               @ DW_FORM_addr
	.byte	18                              @ DW_AT_high_pc
	.byte	6                               @ DW_FORM_data4
	.byte	64                              @ DW_AT_frame_base
	.byte	24                              @ DW_FORM_exprloc
	.byte	3                               @ DW_AT_name
	.byte	14                              @ DW_FORM_strp
	.byte	58                              @ DW_AT_decl_file
	.byte	11                              @ DW_FORM_data1
	.byte	59                              @ DW_AT_decl_line
	.byte	5                               @ DW_FORM_data2
	.byte	39                              @ DW_AT_prototyped
	.byte	25                              @ DW_FORM_flag_present
	.byte	73                              @ DW_AT_type
	.byte	19                              @ DW_FORM_ref4
	.byte	0                               @ EOM(1)
	.byte	0                               @ EOM(2)
	.byte	0                               @ EOM(3)
	.section	.debug_info,"",%progbits
.Lcu_begin0:
	.long	.Ldebug_info_end0-.Ldebug_info_start0 @ Length of Unit
.Ldebug_info_start0:
	.short	4                               @ DWARF version number
	.long	.debug_abbrev                   @ Offset Into Abbrev. Section
	.byte	4                               @ Address Size (in bytes)
	.byte	1                               @ Abbrev [1] 0xb:0x2354 DW_TAG_compile_unit
	.long	.Linfo_string0                  @ DW_AT_producer
	.short	12                              @ DW_AT_language
	.long	.Linfo_string1                  @ DW_AT_name
	.long	.Lline_table_start0             @ DW_AT_stmt_list
	.long	.Linfo_string2                  @ DW_AT_comp_dir
	.long	0                               @ DW_AT_low_pc
	.long	.Ldebug_ranges0                 @ DW_AT_ranges
	.byte	2                               @ Abbrev [2] 0x26:0xe DW_TAG_variable
	.long	52                              @ DW_AT_type
	.byte	1                               @ DW_AT_decl_file
	.short	1338                            @ DW_AT_decl_line
	.byte	5                               @ DW_AT_location
	.byte	3
	.long	.L.str
	.byte	3                               @ Abbrev [3] 0x34:0xc DW_TAG_array_type
	.long	64                              @ DW_AT_type
	.byte	4                               @ Abbrev [4] 0x39:0x6 DW_TAG_subrange_type
	.long	71                              @ DW_AT_type
	.byte	22                              @ DW_AT_count
	.byte	0                               @ End Of Children Mark
	.byte	5                               @ Abbrev [5] 0x40:0x7 DW_TAG_base_type
	.long	.Linfo_string3                  @ DW_AT_name
	.byte	8                               @ DW_AT_encoding
	.byte	1                               @ DW_AT_byte_size
	.byte	6                               @ Abbrev [6] 0x47:0x7 DW_TAG_base_type
	.long	.Linfo_string4                  @ DW_AT_name
	.byte	8                               @ DW_AT_byte_size
	.byte	7                               @ DW_AT_encoding
	.byte	2                               @ Abbrev [2] 0x4e:0xe DW_TAG_variable
	.long	52                              @ DW_AT_type
	.byte	1                               @ DW_AT_decl_file
	.short	2606                            @ DW_AT_decl_line
	.byte	5                               @ DW_AT_location
	.byte	3
	.long	.L.str.1
	.byte	7                               @ Abbrev [7] 0x5c:0x12 DW_TAG_variable
	.long	.Linfo_string5                  @ DW_AT_name
	.long	110                             @ DW_AT_type
	.byte	1                               @ DW_AT_decl_file
	.short	834                             @ DW_AT_decl_line
	.byte	5                               @ DW_AT_location
	.byte	3
	.long	pCurve
	.byte	8                               @ Abbrev [8] 0x6e:0x5 DW_TAG_pointer_type
	.long	115                             @ DW_AT_type
	.byte	9                               @ Abbrev [9] 0x73:0xb DW_TAG_typedef
	.long	126                             @ DW_AT_type
	.long	.Linfo_string49                 @ DW_AT_name
	.byte	2                               @ DW_AT_decl_file
	.byte	192                             @ DW_AT_decl_line
	.byte	10                              @ Abbrev [10] 0x7e:0xc9 DW_TAG_structure_type
	.long	.Linfo_string48                 @ DW_AT_name
	.short	964                             @ DW_AT_byte_size
	.byte	2                               @ DW_AT_decl_file
	.byte	175                             @ DW_AT_decl_line
	.byte	11                              @ Abbrev [11] 0x87:0xc DW_TAG_member
	.long	.Linfo_string6                  @ DW_AT_name
	.long	327                             @ DW_AT_type
	.byte	2                               @ DW_AT_decl_file
	.byte	177                             @ DW_AT_decl_line
	.byte	0                               @ DW_AT_data_member_location
	.byte	11                              @ Abbrev [11] 0x93:0xc DW_TAG_member
	.long	.Linfo_string33                 @ DW_AT_name
	.long	502                             @ DW_AT_type
	.byte	2                               @ DW_AT_decl_file
	.byte	178                             @ DW_AT_decl_line
	.byte	4                               @ DW_AT_data_member_location
	.byte	11                              @ Abbrev [11] 0x9f:0xc DW_TAG_member
	.long	.Linfo_string35                 @ DW_AT_name
	.long	513                             @ DW_AT_type
	.byte	2                               @ DW_AT_decl_file
	.byte	179                             @ DW_AT_decl_line
	.byte	8                               @ DW_AT_data_member_location
	.byte	11                              @ Abbrev [11] 0xab:0xc DW_TAG_member
	.long	.Linfo_string36                 @ DW_AT_name
	.long	513                             @ DW_AT_type
	.byte	2                               @ DW_AT_decl_file
	.byte	180                             @ DW_AT_decl_line
	.byte	152                             @ DW_AT_data_member_location
	.byte	12                              @ Abbrev [12] 0xb7:0xd DW_TAG_member
	.long	.Linfo_string37                 @ DW_AT_name
	.long	513                             @ DW_AT_type
	.byte	2                               @ DW_AT_decl_file
	.byte	181                             @ DW_AT_decl_line
	.short	296                             @ DW_AT_data_member_location
	.byte	12                              @ Abbrev [12] 0xc4:0xd DW_TAG_member
	.long	.Linfo_string38                 @ DW_AT_name
	.long	513                             @ DW_AT_type
	.byte	2                               @ DW_AT_decl_file
	.byte	182                             @ DW_AT_decl_line
	.short	440                             @ DW_AT_data_member_location
	.byte	12                              @ Abbrev [12] 0xd1:0xd DW_TAG_member
	.long	.Linfo_string39                 @ DW_AT_name
	.long	502                             @ DW_AT_type
	.byte	2                               @ DW_AT_decl_file
	.byte	183                             @ DW_AT_decl_line
	.short	584                             @ DW_AT_data_member_location
	.byte	12                              @ Abbrev [12] 0xde:0xd DW_TAG_member
	.long	.Linfo_string40                 @ DW_AT_name
	.long	525                             @ DW_AT_type
	.byte	2                               @ DW_AT_decl_file
	.byte	184                             @ DW_AT_decl_line
	.short	588                             @ DW_AT_data_member_location
	.byte	12                              @ Abbrev [12] 0xeb:0xd DW_TAG_member
	.long	.Linfo_string41                 @ DW_AT_name
	.long	502                             @ DW_AT_type
	.byte	2                               @ DW_AT_decl_file
	.byte	185                             @ DW_AT_decl_line
	.short	764                             @ DW_AT_data_member_location
	.byte	12                              @ Abbrev [12] 0xf8:0xd DW_TAG_member
	.long	.Linfo_string42                 @ DW_AT_name
	.long	525                             @ DW_AT_type
	.byte	2                               @ DW_AT_decl_file
	.byte	186                             @ DW_AT_decl_line
	.short	768                             @ DW_AT_data_member_location
	.byte	12                              @ Abbrev [12] 0x105:0xd DW_TAG_member
	.long	.Linfo_string43                 @ DW_AT_name
	.long	502                             @ DW_AT_type
	.byte	2                               @ DW_AT_decl_file
	.byte	187                             @ DW_AT_decl_line
	.short	944                             @ DW_AT_data_member_location
	.byte	12                              @ Abbrev [12] 0x112:0xd DW_TAG_member
	.long	.Linfo_string44                 @ DW_AT_name
	.long	502                             @ DW_AT_type
	.byte	2                               @ DW_AT_decl_file
	.byte	188                             @ DW_AT_decl_line
	.short	948                             @ DW_AT_data_member_location
	.byte	12                              @ Abbrev [12] 0x11f:0xd DW_TAG_member
	.long	.Linfo_string45                 @ DW_AT_name
	.long	502                             @ DW_AT_type
	.byte	2                               @ DW_AT_decl_file
	.byte	189                             @ DW_AT_decl_line
	.short	952                             @ DW_AT_data_member_location
	.byte	12                              @ Abbrev [12] 0x12c:0xd DW_TAG_member
	.long	.Linfo_string46                 @ DW_AT_name
	.long	502                             @ DW_AT_type
	.byte	2                               @ DW_AT_decl_file
	.byte	190                             @ DW_AT_decl_line
	.short	956                             @ DW_AT_data_member_location
	.byte	12                              @ Abbrev [12] 0x139:0xd DW_TAG_member
	.long	.Linfo_string47                 @ DW_AT_name
	.long	502                             @ DW_AT_type
	.byte	2                               @ DW_AT_decl_file
	.byte	191                             @ DW_AT_decl_line
	.short	960                             @ DW_AT_data_member_location
	.byte	0                               @ End Of Children Mark
	.byte	9                               @ Abbrev [9] 0x147:0xb DW_TAG_typedef
	.long	338                             @ DW_AT_type
	.long	.Linfo_string32                 @ DW_AT_name
	.byte	2                               @ DW_AT_decl_file
	.byte	171                             @ DW_AT_decl_line
	.byte	13                              @ Abbrev [13] 0x152:0x9d DW_TAG_enumeration_type
	.long	495                             @ DW_AT_type
	.byte	4                               @ DW_AT_byte_size
	.byte	2                               @ DW_AT_decl_file
	.byte	143                             @ DW_AT_decl_line
	.byte	14                              @ Abbrev [14] 0x15a:0x6 DW_TAG_enumerator
	.long	.Linfo_string8                  @ DW_AT_name
	.byte	0                               @ DW_AT_const_value
	.byte	14                              @ Abbrev [14] 0x160:0x6 DW_TAG_enumerator
	.long	.Linfo_string9                  @ DW_AT_name
	.byte	1                               @ DW_AT_const_value
	.byte	14                              @ Abbrev [14] 0x166:0x6 DW_TAG_enumerator
	.long	.Linfo_string10                 @ DW_AT_name
	.byte	2                               @ DW_AT_const_value
	.byte	14                              @ Abbrev [14] 0x16c:0x6 DW_TAG_enumerator
	.long	.Linfo_string11                 @ DW_AT_name
	.byte	3                               @ DW_AT_const_value
	.byte	14                              @ Abbrev [14] 0x172:0x6 DW_TAG_enumerator
	.long	.Linfo_string12                 @ DW_AT_name
	.byte	4                               @ DW_AT_const_value
	.byte	14                              @ Abbrev [14] 0x178:0x6 DW_TAG_enumerator
	.long	.Linfo_string13                 @ DW_AT_name
	.byte	5                               @ DW_AT_const_value
	.byte	14                              @ Abbrev [14] 0x17e:0x6 DW_TAG_enumerator
	.long	.Linfo_string14                 @ DW_AT_name
	.byte	6                               @ DW_AT_const_value
	.byte	14                              @ Abbrev [14] 0x184:0x6 DW_TAG_enumerator
	.long	.Linfo_string15                 @ DW_AT_name
	.byte	7                               @ DW_AT_const_value
	.byte	14                              @ Abbrev [14] 0x18a:0x6 DW_TAG_enumerator
	.long	.Linfo_string16                 @ DW_AT_name
	.byte	8                               @ DW_AT_const_value
	.byte	14                              @ Abbrev [14] 0x190:0x6 DW_TAG_enumerator
	.long	.Linfo_string17                 @ DW_AT_name
	.byte	9                               @ DW_AT_const_value
	.byte	14                              @ Abbrev [14] 0x196:0x6 DW_TAG_enumerator
	.long	.Linfo_string18                 @ DW_AT_name
	.byte	10                              @ DW_AT_const_value
	.byte	14                              @ Abbrev [14] 0x19c:0x6 DW_TAG_enumerator
	.long	.Linfo_string19                 @ DW_AT_name
	.byte	11                              @ DW_AT_const_value
	.byte	14                              @ Abbrev [14] 0x1a2:0x6 DW_TAG_enumerator
	.long	.Linfo_string20                 @ DW_AT_name
	.byte	12                              @ DW_AT_const_value
	.byte	14                              @ Abbrev [14] 0x1a8:0x6 DW_TAG_enumerator
	.long	.Linfo_string21                 @ DW_AT_name
	.byte	13                              @ DW_AT_const_value
	.byte	14                              @ Abbrev [14] 0x1ae:0x6 DW_TAG_enumerator
	.long	.Linfo_string22                 @ DW_AT_name
	.byte	14                              @ DW_AT_const_value
	.byte	14                              @ Abbrev [14] 0x1b4:0x6 DW_TAG_enumerator
	.long	.Linfo_string23                 @ DW_AT_name
	.byte	15                              @ DW_AT_const_value
	.byte	14                              @ Abbrev [14] 0x1ba:0x6 DW_TAG_enumerator
	.long	.Linfo_string24                 @ DW_AT_name
	.byte	16                              @ DW_AT_const_value
	.byte	14                              @ Abbrev [14] 0x1c0:0x6 DW_TAG_enumerator
	.long	.Linfo_string25                 @ DW_AT_name
	.byte	17                              @ DW_AT_const_value
	.byte	14                              @ Abbrev [14] 0x1c6:0x6 DW_TAG_enumerator
	.long	.Linfo_string26                 @ DW_AT_name
	.byte	18                              @ DW_AT_const_value
	.byte	14                              @ Abbrev [14] 0x1cc:0x6 DW_TAG_enumerator
	.long	.Linfo_string27                 @ DW_AT_name
	.byte	19                              @ DW_AT_const_value
	.byte	14                              @ Abbrev [14] 0x1d2:0x6 DW_TAG_enumerator
	.long	.Linfo_string28                 @ DW_AT_name
	.byte	20                              @ DW_AT_const_value
	.byte	14                              @ Abbrev [14] 0x1d8:0x6 DW_TAG_enumerator
	.long	.Linfo_string29                 @ DW_AT_name
	.byte	21                              @ DW_AT_const_value
	.byte	14                              @ Abbrev [14] 0x1de:0x6 DW_TAG_enumerator
	.long	.Linfo_string30                 @ DW_AT_name
	.byte	22                              @ DW_AT_const_value
	.byte	14                              @ Abbrev [14] 0x1e4:0xa DW_TAG_enumerator
	.long	.Linfo_string31                 @ DW_AT_name
	.ascii	"\201\200\200\200x"             @ DW_AT_const_value
	.byte	0                               @ End Of Children Mark
	.byte	5                               @ Abbrev [5] 0x1ef:0x7 DW_TAG_base_type
	.long	.Linfo_string7                  @ DW_AT_name
	.byte	5                               @ DW_AT_encoding
	.byte	4                               @ DW_AT_byte_size
	.byte	9                               @ Abbrev [9] 0x1f6:0xb DW_TAG_typedef
	.long	495                             @ DW_AT_type
	.long	.Linfo_string34                 @ DW_AT_name
	.byte	3                               @ DW_AT_decl_file
	.byte	58                              @ DW_AT_decl_line
	.byte	3                               @ Abbrev [3] 0x201:0xc DW_TAG_array_type
	.long	64                              @ DW_AT_type
	.byte	4                               @ Abbrev [4] 0x206:0x6 DW_TAG_subrange_type
	.long	71                              @ DW_AT_type
	.byte	144                             @ DW_AT_count
	.byte	0                               @ End Of Children Mark
	.byte	3                               @ Abbrev [3] 0x20d:0xc DW_TAG_array_type
	.long	64                              @ DW_AT_type
	.byte	4                               @ Abbrev [4] 0x212:0x6 DW_TAG_subrange_type
	.long	71                              @ DW_AT_type
	.byte	176                             @ DW_AT_count
	.byte	0                               @ End Of Children Mark
	.byte	7                               @ Abbrev [7] 0x219:0x12 DW_TAG_variable
	.long	.Linfo_string50                 @ DW_AT_name
	.long	555                             @ DW_AT_type
	.byte	1                               @ DW_AT_decl_file
	.short	841                             @ DW_AT_decl_line
	.byte	5                               @ DW_AT_location
	.byte	3
	.long	temp_hex_str
	.byte	3                               @ Abbrev [3] 0x22b:0xc DW_TAG_array_type
	.long	64                              @ DW_AT_type
	.byte	4                               @ Abbrev [4] 0x230:0x6 DW_TAG_subrange_type
	.long	71                              @ DW_AT_type
	.byte	160                             @ DW_AT_count
	.byte	0                               @ End Of Children Mark
	.byte	7                               @ Abbrev [7] 0x237:0x12 DW_TAG_variable
	.long	.Linfo_string51                 @ DW_AT_name
	.long	585                             @ DW_AT_type
	.byte	1                               @ DW_AT_decl_file
	.short	843                             @ DW_AT_decl_line
	.byte	5                               @ DW_AT_location
	.byte	3
	.long	g_ECC_done
	.byte	15                              @ Abbrev [15] 0x249:0x5 DW_TAG_volatile_type
	.long	590                             @ DW_AT_type
	.byte	9                               @ Abbrev [9] 0x24e:0xb DW_TAG_typedef
	.long	601                             @ DW_AT_type
	.long	.Linfo_string53                 @ DW_AT_name
	.byte	3                               @ DW_AT_decl_file
	.byte	64                              @ DW_AT_decl_line
	.byte	5                               @ Abbrev [5] 0x259:0x7 DW_TAG_base_type
	.long	.Linfo_string52                 @ DW_AT_name
	.byte	7                               @ DW_AT_encoding
	.byte	4                               @ DW_AT_byte_size
	.byte	7                               @ Abbrev [7] 0x260:0x12 DW_TAG_variable
	.long	.Linfo_string54                 @ DW_AT_name
	.long	585                             @ DW_AT_type
	.byte	1                               @ DW_AT_decl_file
	.short	843                             @ DW_AT_decl_line
	.byte	5                               @ DW_AT_location
	.byte	3
	.long	g_ECCERR_done
	.byte	7                               @ Abbrev [7] 0x272:0x12 DW_TAG_variable
	.long	.Linfo_string55                 @ DW_AT_name
	.long	644                             @ DW_AT_type
	.byte	1                               @ DW_AT_decl_file
	.short	2635                            @ DW_AT_decl_line
	.byte	5                               @ DW_AT_location
	.byte	3
	.long	s_pRSABuf
	.byte	16                              @ Abbrev [16] 0x284:0x1 DW_TAG_pointer_type
	.byte	7                               @ Abbrev [7] 0x285:0x12 DW_TAG_variable
	.long	.Linfo_string56                 @ DW_AT_name
	.long	590                             @ DW_AT_type
	.byte	1                               @ DW_AT_decl_file
	.short	2636                            @ DW_AT_decl_line
	.byte	5                               @ DW_AT_location
	.byte	3
	.long	s_u32RsaOpMode
	.byte	17                              @ Abbrev [17] 0x297:0x11 DW_TAG_variable
	.long	.Linfo_string57                 @ DW_AT_name
	.long	680                             @ DW_AT_type
	.byte	1                               @ DW_AT_decl_file
	.byte	46                              @ DW_AT_decl_line
	.byte	5                               @ DW_AT_location
	.byte	3
	.long	hex_char_tbl
	.byte	3                               @ Abbrev [3] 0x2a8:0xc DW_TAG_array_type
	.long	64                              @ DW_AT_type
	.byte	4                               @ Abbrev [4] 0x2ad:0x6 DW_TAG_subrange_type
	.long	71                              @ DW_AT_type
	.byte	17                              @ DW_AT_count
	.byte	0                               @ End Of Children Mark
	.byte	2                               @ Abbrev [2] 0x2b4:0xe DW_TAG_variable
	.long	680                             @ DW_AT_type
	.byte	1                               @ DW_AT_decl_file
	.short	1065                            @ DW_AT_decl_line
	.byte	5                               @ DW_AT_location
	.byte	3
	.long	.L.str.2
	.byte	2                               @ Abbrev [2] 0x2c2:0xe DW_TAG_variable
	.long	680                             @ DW_AT_type
	.byte	1                               @ DW_AT_decl_file
	.short	1066                            @ DW_AT_decl_line
	.byte	5                               @ DW_AT_location
	.byte	3
	.long	.L.str.3
	.byte	2                               @ Abbrev [2] 0x2d0:0xe DW_TAG_variable
	.long	734                             @ DW_AT_type
	.byte	1                               @ DW_AT_decl_file
	.short	1067                            @ DW_AT_decl_line
	.byte	5                               @ DW_AT_location
	.byte	3
	.long	.L.str.4
	.byte	3                               @ Abbrev [3] 0x2de:0xc DW_TAG_array_type
	.long	64                              @ DW_AT_type
	.byte	4                               @ Abbrev [4] 0x2e3:0x6 DW_TAG_subrange_type
	.long	71                              @ DW_AT_type
	.byte	18                              @ DW_AT_count
	.byte	0                               @ End Of Children Mark
	.byte	2                               @ Abbrev [2] 0x2ea:0xe DW_TAG_variable
	.long	734                             @ DW_AT_type
	.byte	1                               @ DW_AT_decl_file
	.short	1068                            @ DW_AT_decl_line
	.byte	5                               @ DW_AT_location
	.byte	3
	.long	.L.str.5
	.byte	2                               @ Abbrev [2] 0x2f8:0xe DW_TAG_variable
	.long	680                             @ DW_AT_type
	.byte	1                               @ DW_AT_decl_file
	.short	1083                            @ DW_AT_decl_line
	.byte	5                               @ DW_AT_location
	.byte	3
	.long	.L.str.6
	.byte	7                               @ Abbrev [7] 0x306:0x12 DW_TAG_variable
	.long	.Linfo_string58                 @ DW_AT_name
	.long	792                             @ DW_AT_type
	.byte	1                               @ DW_AT_decl_file
	.short	415                             @ DW_AT_decl_line
	.byte	5                               @ DW_AT_location
	.byte	3
	.long	_Curve
	.byte	3                               @ Abbrev [3] 0x318:0xc DW_TAG_array_type
	.long	804                             @ DW_AT_type
	.byte	4                               @ Abbrev [4] 0x31d:0x6 DW_TAG_subrange_type
	.long	71                              @ DW_AT_type
	.byte	23                              @ DW_AT_count
	.byte	0                               @ End Of Children Mark
	.byte	18                              @ Abbrev [18] 0x324:0x5 DW_TAG_const_type
	.long	115                             @ DW_AT_type
	.byte	7                               @ Abbrev [7] 0x329:0x12 DW_TAG_variable
	.long	.Linfo_string59                 @ DW_AT_name
	.long	115                             @ DW_AT_type
	.byte	1                               @ DW_AT_decl_file
	.short	835                             @ DW_AT_decl_line
	.byte	5                               @ DW_AT_location
	.byte	3
	.long	Curve_Copy
	.byte	19                              @ Abbrev [19] 0x33b:0x1f DW_TAG_enumeration_type
	.long	601                             @ DW_AT_type
	.long	.Linfo_string63                 @ DW_AT_name
	.byte	4                               @ DW_AT_byte_size
	.byte	4                               @ DW_AT_decl_file
	.byte	33                              @ DW_AT_decl_line
	.byte	20                              @ Abbrev [20] 0x347:0x6 DW_TAG_enumerator
	.long	.Linfo_string60                 @ DW_AT_name
	.byte	0                               @ DW_AT_const_value
	.byte	20                              @ Abbrev [20] 0x34d:0x6 DW_TAG_enumerator
	.long	.Linfo_string61                 @ DW_AT_name
	.byte	1                               @ DW_AT_const_value
	.byte	20                              @ Abbrev [20] 0x353:0x6 DW_TAG_enumerator
	.long	.Linfo_string62                 @ DW_AT_name
	.byte	2                               @ DW_AT_const_value
	.byte	0                               @ End Of Children Mark
	.byte	21                              @ Abbrev [21] 0x35a:0x16 DW_TAG_enumeration_type
	.long	601                             @ DW_AT_type
	.byte	4                               @ DW_AT_byte_size
	.byte	1                               @ DW_AT_decl_file
	.short	406                             @ DW_AT_decl_line
	.byte	20                              @ Abbrev [20] 0x363:0x6 DW_TAG_enumerator
	.long	.Linfo_string64                 @ DW_AT_name
	.byte	0                               @ DW_AT_const_value
	.byte	20                              @ Abbrev [20] 0x369:0x6 DW_TAG_enumerator
	.long	.Linfo_string65                 @ DW_AT_name
	.byte	1                               @ DW_AT_const_value
	.byte	0                               @ End Of Children Mark
	.byte	21                              @ Abbrev [21] 0x370:0x34 DW_TAG_enumeration_type
	.long	601                             @ DW_AT_type
	.byte	4                               @ DW_AT_byte_size
	.byte	1                               @ DW_AT_decl_file
	.short	2638                            @ DW_AT_decl_line
	.byte	20                              @ Abbrev [20] 0x379:0x6 DW_TAG_enumerator
	.long	.Linfo_string66                 @ DW_AT_name
	.byte	0                               @ DW_AT_const_value
	.byte	20                              @ Abbrev [20] 0x37f:0x6 DW_TAG_enumerator
	.long	.Linfo_string67                 @ DW_AT_name
	.byte	1                               @ DW_AT_const_value
	.byte	20                              @ Abbrev [20] 0x385:0x6 DW_TAG_enumerator
	.long	.Linfo_string68                 @ DW_AT_name
	.byte	2                               @ DW_AT_const_value
	.byte	20                              @ Abbrev [20] 0x38b:0x6 DW_TAG_enumerator
	.long	.Linfo_string69                 @ DW_AT_name
	.byte	3                               @ DW_AT_const_value
	.byte	20                              @ Abbrev [20] 0x391:0x6 DW_TAG_enumerator
	.long	.Linfo_string70                 @ DW_AT_name
	.byte	4                               @ DW_AT_const_value
	.byte	20                              @ Abbrev [20] 0x397:0x6 DW_TAG_enumerator
	.long	.Linfo_string71                 @ DW_AT_name
	.byte	5                               @ DW_AT_const_value
	.byte	20                              @ Abbrev [20] 0x39d:0x6 DW_TAG_enumerator
	.long	.Linfo_string72                 @ DW_AT_name
	.byte	6                               @ DW_AT_const_value
	.byte	0                               @ End Of Children Mark
	.byte	8                               @ Abbrev [8] 0x3a4:0x5 DW_TAG_pointer_type
	.long	937                             @ DW_AT_type
	.byte	15                              @ Abbrev [15] 0x3a9:0x5 DW_TAG_volatile_type
	.long	601                             @ DW_AT_type
	.byte	8                               @ Abbrev [8] 0x3ae:0x5 DW_TAG_pointer_type
	.long	947                             @ DW_AT_type
	.byte	22                              @ Abbrev [22] 0x3b3:0xc DW_TAG_typedef
	.long	959                             @ DW_AT_type
	.long	.Linfo_string144                @ DW_AT_name
	.byte	5                               @ DW_AT_decl_file
	.short	1230                            @ DW_AT_decl_line
	.byte	23                              @ Abbrev [23] 0x3bf:0x3d9 DW_TAG_structure_type
	.short	4092                            @ DW_AT_byte_size
	.byte	5                               @ DW_AT_decl_file
	.byte	27                              @ DW_AT_decl_line
	.byte	24                              @ Abbrev [24] 0x3c4:0xd DW_TAG_member
	.long	.Linfo_string73                 @ DW_AT_name
	.long	585                             @ DW_AT_type
	.byte	5                               @ DW_AT_decl_file
	.short	1158                            @ DW_AT_decl_line
	.byte	0                               @ DW_AT_data_member_location
	.byte	24                              @ Abbrev [24] 0x3d1:0xd DW_TAG_member
	.long	.Linfo_string74                 @ DW_AT_name
	.long	585                             @ DW_AT_type
	.byte	5                               @ DW_AT_decl_file
	.short	1159                            @ DW_AT_decl_line
	.byte	4                               @ DW_AT_data_member_location
	.byte	24                              @ Abbrev [24] 0x3de:0xd DW_TAG_member
	.long	.Linfo_string75                 @ DW_AT_name
	.long	585                             @ DW_AT_type
	.byte	5                               @ DW_AT_decl_file
	.short	1160                            @ DW_AT_decl_line
	.byte	8                               @ DW_AT_data_member_location
	.byte	24                              @ Abbrev [24] 0x3eb:0xd DW_TAG_member
	.long	.Linfo_string76                 @ DW_AT_name
	.long	585                             @ DW_AT_type
	.byte	5                               @ DW_AT_decl_file
	.short	1161                            @ DW_AT_decl_line
	.byte	12                              @ DW_AT_data_member_location
	.byte	24                              @ Abbrev [24] 0x3f8:0xd DW_TAG_member
	.long	.Linfo_string77                 @ DW_AT_name
	.long	1944                            @ DW_AT_type
	.byte	5                               @ DW_AT_decl_file
	.short	1162                            @ DW_AT_decl_line
	.byte	16                              @ DW_AT_data_member_location
	.byte	24                              @ Abbrev [24] 0x405:0xd DW_TAG_member
	.long	.Linfo_string78                 @ DW_AT_name
	.long	1956                            @ DW_AT_type
	.byte	5                               @ DW_AT_decl_file
	.short	1163                            @ DW_AT_decl_line
	.byte	48                              @ DW_AT_data_member_location
	.byte	24                              @ Abbrev [24] 0x412:0xd DW_TAG_member
	.long	.Linfo_string79                 @ DW_AT_name
	.long	1961                            @ DW_AT_type
	.byte	5                               @ DW_AT_decl_file
	.short	1164                            @ DW_AT_decl_line
	.byte	52                              @ DW_AT_data_member_location
	.byte	24                              @ Abbrev [24] 0x41f:0xd DW_TAG_member
	.long	.Linfo_string80                 @ DW_AT_name
	.long	1973                            @ DW_AT_type
	.byte	5                               @ DW_AT_decl_file
	.short	1165                            @ DW_AT_decl_line
	.byte	80                              @ DW_AT_data_member_location
	.byte	24                              @ Abbrev [24] 0x42c:0xd DW_TAG_member
	.long	.Linfo_string81                 @ DW_AT_name
	.long	1944                            @ DW_AT_type
	.byte	5                               @ DW_AT_decl_file
	.short	1166                            @ DW_AT_decl_line
	.byte	96                              @ DW_AT_data_member_location
	.byte	24                              @ Abbrev [24] 0x439:0xd DW_TAG_member
	.long	.Linfo_string82                 @ DW_AT_name
	.long	1985                            @ DW_AT_type
	.byte	5                               @ DW_AT_decl_file
	.short	1167                            @ DW_AT_decl_line
	.byte	128                             @ DW_AT_data_member_location
	.byte	24                              @ Abbrev [24] 0x446:0xd DW_TAG_member
	.long	.Linfo_string83                 @ DW_AT_name
	.long	1985                            @ DW_AT_type
	.byte	5                               @ DW_AT_decl_file
	.short	1168                            @ DW_AT_decl_line
	.byte	136                             @ DW_AT_data_member_location
	.byte	24                              @ Abbrev [24] 0x453:0xd DW_TAG_member
	.long	.Linfo_string84                 @ DW_AT_name
	.long	1985                            @ DW_AT_type
	.byte	5                               @ DW_AT_decl_file
	.short	1169                            @ DW_AT_decl_line
	.byte	144                             @ DW_AT_data_member_location
	.byte	24                              @ Abbrev [24] 0x460:0xd DW_TAG_member
	.long	.Linfo_string85                 @ DW_AT_name
	.long	1997                            @ DW_AT_type
	.byte	5                               @ DW_AT_decl_file
	.short	1170                            @ DW_AT_decl_line
	.byte	152                             @ DW_AT_data_member_location
	.byte	24                              @ Abbrev [24] 0x46d:0xd DW_TAG_member
	.long	.Linfo_string86                 @ DW_AT_name
	.long	585                             @ DW_AT_type
	.byte	5                               @ DW_AT_decl_file
	.short	1171                            @ DW_AT_decl_line
	.byte	160                             @ DW_AT_data_member_location
	.byte	24                              @ Abbrev [24] 0x47a:0xd DW_TAG_member
	.long	.Linfo_string87                 @ DW_AT_name
	.long	2009                            @ DW_AT_type
	.byte	5                               @ DW_AT_decl_file
	.short	1172                            @ DW_AT_decl_line
	.byte	164                             @ DW_AT_data_member_location
	.byte	25                              @ Abbrev [25] 0x487:0xe DW_TAG_member
	.long	.Linfo_string88                 @ DW_AT_name
	.long	585                             @ DW_AT_type
	.byte	5                               @ DW_AT_decl_file
	.short	1173                            @ DW_AT_decl_line
	.short	256                             @ DW_AT_data_member_location
	.byte	25                              @ Abbrev [25] 0x495:0xe DW_TAG_member
	.long	.Linfo_string89                 @ DW_AT_name
	.long	1956                            @ DW_AT_type
	.byte	5                               @ DW_AT_decl_file
	.short	1174                            @ DW_AT_decl_line
	.short	260                             @ DW_AT_data_member_location
	.byte	25                              @ Abbrev [25] 0x4a3:0xe DW_TAG_member
	.long	.Linfo_string90                 @ DW_AT_name
	.long	585                             @ DW_AT_type
	.byte	5                               @ DW_AT_decl_file
	.short	1175                            @ DW_AT_decl_line
	.short	264                             @ DW_AT_data_member_location
	.byte	25                              @ Abbrev [25] 0x4b1:0xe DW_TAG_member
	.long	.Linfo_string91                 @ DW_AT_name
	.long	1956                            @ DW_AT_type
	.byte	5                               @ DW_AT_decl_file
	.short	1176                            @ DW_AT_decl_line
	.short	268                             @ DW_AT_data_member_location
	.byte	25                              @ Abbrev [25] 0x4bf:0xe DW_TAG_member
	.long	.Linfo_string92                 @ DW_AT_name
	.long	2021                            @ DW_AT_type
	.byte	5                               @ DW_AT_decl_file
	.short	1177                            @ DW_AT_decl_line
	.short	272                             @ DW_AT_data_member_location
	.byte	25                              @ Abbrev [25] 0x4cd:0xe DW_TAG_member
	.long	.Linfo_string93                 @ DW_AT_name
	.long	2033                            @ DW_AT_type
	.byte	5                               @ DW_AT_decl_file
	.short	1178                            @ DW_AT_decl_line
	.short	304                             @ DW_AT_data_member_location
	.byte	25                              @ Abbrev [25] 0x4db:0xe DW_TAG_member
	.long	.Linfo_string94                 @ DW_AT_name
	.long	585                             @ DW_AT_type
	.byte	5                               @ DW_AT_decl_file
	.short	1179                            @ DW_AT_decl_line
	.short	320                             @ DW_AT_data_member_location
	.byte	25                              @ Abbrev [25] 0x4e9:0xe DW_TAG_member
	.long	.Linfo_string95                 @ DW_AT_name
	.long	585                             @ DW_AT_type
	.byte	5                               @ DW_AT_decl_file
	.short	1180                            @ DW_AT_decl_line
	.short	324                             @ DW_AT_data_member_location
	.byte	25                              @ Abbrev [25] 0x4f7:0xe DW_TAG_member
	.long	.Linfo_string96                 @ DW_AT_name
	.long	585                             @ DW_AT_type
	.byte	5                               @ DW_AT_decl_file
	.short	1181                            @ DW_AT_decl_line
	.short	328                             @ DW_AT_data_member_location
	.byte	25                              @ Abbrev [25] 0x505:0xe DW_TAG_member
	.long	.Linfo_string97                 @ DW_AT_name
	.long	2045                            @ DW_AT_type
	.byte	5                               @ DW_AT_decl_file
	.short	1182                            @ DW_AT_decl_line
	.short	332                             @ DW_AT_data_member_location
	.byte	25                              @ Abbrev [25] 0x513:0xe DW_TAG_member
	.long	.Linfo_string98                 @ DW_AT_name
	.long	585                             @ DW_AT_type
	.byte	5                               @ DW_AT_decl_file
	.short	1183                            @ DW_AT_decl_line
	.short	768                             @ DW_AT_data_member_location
	.byte	25                              @ Abbrev [25] 0x521:0xe DW_TAG_member
	.long	.Linfo_string99                 @ DW_AT_name
	.long	1956                            @ DW_AT_type
	.byte	5                               @ DW_AT_decl_file
	.short	1184                            @ DW_AT_decl_line
	.short	772                             @ DW_AT_data_member_location
	.byte	25                              @ Abbrev [25] 0x52f:0xe DW_TAG_member
	.long	.Linfo_string100                @ DW_AT_name
	.long	2057                            @ DW_AT_type
	.byte	5                               @ DW_AT_decl_file
	.short	1185                            @ DW_AT_decl_line
	.short	776                             @ DW_AT_data_member_location
	.byte	25                              @ Abbrev [25] 0x53d:0xe DW_TAG_member
	.long	.Linfo_string101                @ DW_AT_name
	.long	585                             @ DW_AT_type
	.byte	5                               @ DW_AT_decl_file
	.short	1186                            @ DW_AT_decl_line
	.short	840                             @ DW_AT_data_member_location
	.byte	25                              @ Abbrev [25] 0x54b:0xe DW_TAG_member
	.long	.Linfo_string102                @ DW_AT_name
	.long	585                             @ DW_AT_type
	.byte	5                               @ DW_AT_decl_file
	.short	1187                            @ DW_AT_decl_line
	.short	844                             @ DW_AT_data_member_location
	.byte	25                              @ Abbrev [25] 0x559:0xe DW_TAG_member
	.long	.Linfo_string103                @ DW_AT_name
	.long	585                             @ DW_AT_type
	.byte	5                               @ DW_AT_decl_file
	.short	1188                            @ DW_AT_decl_line
	.short	848                             @ DW_AT_data_member_location
	.byte	25                              @ Abbrev [25] 0x567:0xe DW_TAG_member
	.long	.Linfo_string104                @ DW_AT_name
	.long	585                             @ DW_AT_type
	.byte	5                               @ DW_AT_decl_file
	.short	1189                            @ DW_AT_decl_line
	.short	852                             @ DW_AT_data_member_location
	.byte	25                              @ Abbrev [25] 0x575:0xe DW_TAG_member
	.long	.Linfo_string105                @ DW_AT_name
	.long	2069                            @ DW_AT_type
	.byte	5                               @ DW_AT_decl_file
	.short	1190                            @ DW_AT_decl_line
	.short	856                             @ DW_AT_data_member_location
	.byte	25                              @ Abbrev [25] 0x583:0xe DW_TAG_member
	.long	.Linfo_string106                @ DW_AT_name
	.long	2081                            @ DW_AT_type
	.byte	5                               @ DW_AT_decl_file
	.short	1191                            @ DW_AT_decl_line
	.short	1072                            @ DW_AT_data_member_location
	.byte	25                              @ Abbrev [25] 0x591:0xe DW_TAG_member
	.long	.Linfo_string107                @ DW_AT_name
	.long	585                             @ DW_AT_type
	.byte	5                               @ DW_AT_decl_file
	.short	1192                            @ DW_AT_decl_line
	.short	1276                            @ DW_AT_data_member_location
	.byte	25                              @ Abbrev [25] 0x59f:0xe DW_TAG_member
	.long	.Linfo_string108                @ DW_AT_name
	.long	2093                            @ DW_AT_type
	.byte	5                               @ DW_AT_decl_file
	.short	1193                            @ DW_AT_decl_line
	.short	1280                            @ DW_AT_data_member_location
	.byte	25                              @ Abbrev [25] 0x5ad:0xe DW_TAG_member
	.long	.Linfo_string109                @ DW_AT_name
	.long	585                             @ DW_AT_type
	.byte	5                               @ DW_AT_decl_file
	.short	1194                            @ DW_AT_decl_line
	.short	2048                            @ DW_AT_data_member_location
	.byte	25                              @ Abbrev [25] 0x5bb:0xe DW_TAG_member
	.long	.Linfo_string110                @ DW_AT_name
	.long	1956                            @ DW_AT_type
	.byte	5                               @ DW_AT_decl_file
	.short	1195                            @ DW_AT_decl_line
	.short	2052                            @ DW_AT_data_member_location
	.byte	25                              @ Abbrev [25] 0x5c9:0xe DW_TAG_member
	.long	.Linfo_string111                @ DW_AT_name
	.long	2105                            @ DW_AT_type
	.byte	5                               @ DW_AT_decl_file
	.short	1196                            @ DW_AT_decl_line
	.short	2056                            @ DW_AT_data_member_location
	.byte	25                              @ Abbrev [25] 0x5d7:0xe DW_TAG_member
	.long	.Linfo_string112                @ DW_AT_name
	.long	2105                            @ DW_AT_type
	.byte	5                               @ DW_AT_decl_file
	.short	1197                            @ DW_AT_decl_line
	.short	2128                            @ DW_AT_data_member_location
	.byte	25                              @ Abbrev [25] 0x5e5:0xe DW_TAG_member
	.long	.Linfo_string113                @ DW_AT_name
	.long	2105                            @ DW_AT_type
	.byte	5                               @ DW_AT_decl_file
	.short	1198                            @ DW_AT_decl_line
	.short	2200                            @ DW_AT_data_member_location
	.byte	25                              @ Abbrev [25] 0x5f3:0xe DW_TAG_member
	.long	.Linfo_string114                @ DW_AT_name
	.long	2105                            @ DW_AT_type
	.byte	5                               @ DW_AT_decl_file
	.short	1199                            @ DW_AT_decl_line
	.short	2272                            @ DW_AT_data_member_location
	.byte	25                              @ Abbrev [25] 0x601:0xe DW_TAG_member
	.long	.Linfo_string115                @ DW_AT_name
	.long	2105                            @ DW_AT_type
	.byte	5                               @ DW_AT_decl_file
	.short	1200                            @ DW_AT_decl_line
	.short	2344                            @ DW_AT_data_member_location
	.byte	25                              @ Abbrev [25] 0x60f:0xe DW_TAG_member
	.long	.Linfo_string116                @ DW_AT_name
	.long	2105                            @ DW_AT_type
	.byte	5                               @ DW_AT_decl_file
	.short	1201                            @ DW_AT_decl_line
	.short	2416                            @ DW_AT_data_member_location
	.byte	25                              @ Abbrev [25] 0x61d:0xe DW_TAG_member
	.long	.Linfo_string117                @ DW_AT_name
	.long	2105                            @ DW_AT_type
	.byte	5                               @ DW_AT_decl_file
	.short	1202                            @ DW_AT_decl_line
	.short	2488                            @ DW_AT_data_member_location
	.byte	25                              @ Abbrev [25] 0x62b:0xe DW_TAG_member
	.long	.Linfo_string118                @ DW_AT_name
	.long	2105                            @ DW_AT_type
	.byte	5                               @ DW_AT_decl_file
	.short	1203                            @ DW_AT_decl_line
	.short	2560                            @ DW_AT_data_member_location
	.byte	25                              @ Abbrev [25] 0x639:0xe DW_TAG_member
	.long	.Linfo_string119                @ DW_AT_name
	.long	585                             @ DW_AT_type
	.byte	5                               @ DW_AT_decl_file
	.short	1204                            @ DW_AT_decl_line
	.short	2632                            @ DW_AT_data_member_location
	.byte	25                              @ Abbrev [25] 0x647:0xe DW_TAG_member
	.long	.Linfo_string120                @ DW_AT_name
	.long	585                             @ DW_AT_type
	.byte	5                               @ DW_AT_decl_file
	.short	1205                            @ DW_AT_decl_line
	.short	2636                            @ DW_AT_data_member_location
	.byte	25                              @ Abbrev [25] 0x655:0xe DW_TAG_member
	.long	.Linfo_string121                @ DW_AT_name
	.long	585                             @ DW_AT_type
	.byte	5                               @ DW_AT_decl_file
	.short	1206                            @ DW_AT_decl_line
	.short	2640                            @ DW_AT_data_member_location
	.byte	25                              @ Abbrev [25] 0x663:0xe DW_TAG_member
	.long	.Linfo_string122                @ DW_AT_name
	.long	585                             @ DW_AT_type
	.byte	5                               @ DW_AT_decl_file
	.short	1207                            @ DW_AT_decl_line
	.short	2644                            @ DW_AT_data_member_location
	.byte	25                              @ Abbrev [25] 0x671:0xe DW_TAG_member
	.long	.Linfo_string123                @ DW_AT_name
	.long	2117                            @ DW_AT_type
	.byte	5                               @ DW_AT_decl_file
	.short	1208                            @ DW_AT_decl_line
	.short	2648                            @ DW_AT_data_member_location
	.byte	25                              @ Abbrev [25] 0x67f:0xe DW_TAG_member
	.long	.Linfo_string124                @ DW_AT_name
	.long	585                             @ DW_AT_type
	.byte	5                               @ DW_AT_decl_file
	.short	1209                            @ DW_AT_decl_line
	.short	2816                            @ DW_AT_data_member_location
	.byte	25                              @ Abbrev [25] 0x68d:0xe DW_TAG_member
	.long	.Linfo_string125                @ DW_AT_name
	.long	1956                            @ DW_AT_type
	.byte	5                               @ DW_AT_decl_file
	.short	1210                            @ DW_AT_decl_line
	.short	2820                            @ DW_AT_data_member_location
	.byte	25                              @ Abbrev [25] 0x69b:0xe DW_TAG_member
	.long	.Linfo_string126                @ DW_AT_name
	.long	2129                            @ DW_AT_type
	.byte	5                               @ DW_AT_decl_file
	.short	1211                            @ DW_AT_decl_line
	.short	2824                            @ DW_AT_data_member_location
	.byte	25                              @ Abbrev [25] 0x6a9:0xe DW_TAG_member
	.long	.Linfo_string127                @ DW_AT_name
	.long	585                             @ DW_AT_type
	.byte	5                               @ DW_AT_decl_file
	.short	1212                            @ DW_AT_decl_line
	.short	2844                            @ DW_AT_data_member_location
	.byte	25                              @ Abbrev [25] 0x6b7:0xe DW_TAG_member
	.long	.Linfo_string128                @ DW_AT_name
	.long	2141                            @ DW_AT_type
	.byte	5                               @ DW_AT_decl_file
	.short	1213                            @ DW_AT_decl_line
	.short	2848                            @ DW_AT_data_member_location
	.byte	25                              @ Abbrev [25] 0x6c5:0xe DW_TAG_member
	.long	.Linfo_string129                @ DW_AT_name
	.long	2153                            @ DW_AT_type
	.byte	5                               @ DW_AT_decl_file
	.short	1214                            @ DW_AT_decl_line
	.short	2876                            @ DW_AT_data_member_location
	.byte	25                              @ Abbrev [25] 0x6d3:0xe DW_TAG_member
	.long	.Linfo_string130                @ DW_AT_name
	.long	585                             @ DW_AT_type
	.byte	5                               @ DW_AT_decl_file
	.short	1215                            @ DW_AT_decl_line
	.short	3840                            @ DW_AT_data_member_location
	.byte	25                              @ Abbrev [25] 0x6e1:0xe DW_TAG_member
	.long	.Linfo_string131                @ DW_AT_name
	.long	1956                            @ DW_AT_type
	.byte	5                               @ DW_AT_decl_file
	.short	1216                            @ DW_AT_decl_line
	.short	3844                            @ DW_AT_data_member_location
	.byte	25                              @ Abbrev [25] 0x6ef:0xe DW_TAG_member
	.long	.Linfo_string132                @ DW_AT_name
	.long	1997                            @ DW_AT_type
	.byte	5                               @ DW_AT_decl_file
	.short	1217                            @ DW_AT_decl_line
	.short	3848                            @ DW_AT_data_member_location
	.byte	25                              @ Abbrev [25] 0x6fd:0xe DW_TAG_member
	.long	.Linfo_string133                @ DW_AT_name
	.long	585                             @ DW_AT_type
	.byte	5                               @ DW_AT_decl_file
	.short	1218                            @ DW_AT_decl_line
	.short	3856                            @ DW_AT_data_member_location
	.byte	25                              @ Abbrev [25] 0x70b:0xe DW_TAG_member
	.long	.Linfo_string134                @ DW_AT_name
	.long	1961                            @ DW_AT_type
	.byte	5                               @ DW_AT_decl_file
	.short	1219                            @ DW_AT_decl_line
	.short	3860                            @ DW_AT_data_member_location
	.byte	25                              @ Abbrev [25] 0x719:0xe DW_TAG_member
	.long	.Linfo_string135                @ DW_AT_name
	.long	585                             @ DW_AT_type
	.byte	5                               @ DW_AT_decl_file
	.short	1220                            @ DW_AT_decl_line
	.short	3888                            @ DW_AT_data_member_location
	.byte	25                              @ Abbrev [25] 0x727:0xe DW_TAG_member
	.long	.Linfo_string136                @ DW_AT_name
	.long	2165                            @ DW_AT_type
	.byte	5                               @ DW_AT_decl_file
	.short	1221                            @ DW_AT_decl_line
	.short	3892                            @ DW_AT_data_member_location
	.byte	25                              @ Abbrev [25] 0x735:0xe DW_TAG_member
	.long	.Linfo_string137                @ DW_AT_name
	.long	585                             @ DW_AT_type
	.byte	5                               @ DW_AT_decl_file
	.short	1222                            @ DW_AT_decl_line
	.short	3904                            @ DW_AT_data_member_location
	.byte	25                              @ Abbrev [25] 0x743:0xe DW_TAG_member
	.long	.Linfo_string138                @ DW_AT_name
	.long	1956                            @ DW_AT_type
	.byte	5                               @ DW_AT_decl_file
	.short	1223                            @ DW_AT_decl_line
	.short	3908                            @ DW_AT_data_member_location
	.byte	25                              @ Abbrev [25] 0x751:0xe DW_TAG_member
	.long	.Linfo_string139                @ DW_AT_name
	.long	585                             @ DW_AT_type
	.byte	5                               @ DW_AT_decl_file
	.short	1224                            @ DW_AT_decl_line
	.short	3912                            @ DW_AT_data_member_location
	.byte	25                              @ Abbrev [25] 0x75f:0xe DW_TAG_member
	.long	.Linfo_string140                @ DW_AT_name
	.long	2177                            @ DW_AT_type
	.byte	5                               @ DW_AT_decl_file
	.short	1225                            @ DW_AT_decl_line
	.short	3916                            @ DW_AT_data_member_location
	.byte	25                              @ Abbrev [25] 0x76d:0xe DW_TAG_member
	.long	.Linfo_string141                @ DW_AT_name
	.long	585                             @ DW_AT_type
	.byte	5                               @ DW_AT_decl_file
	.short	1226                            @ DW_AT_decl_line
	.short	3920                            @ DW_AT_data_member_location
	.byte	25                              @ Abbrev [25] 0x77b:0xe DW_TAG_member
	.long	.Linfo_string142                @ DW_AT_name
	.long	1985                            @ DW_AT_type
	.byte	5                               @ DW_AT_decl_file
	.short	1227                            @ DW_AT_decl_line
	.short	3924                            @ DW_AT_data_member_location
	.byte	25                              @ Abbrev [25] 0x789:0xe DW_TAG_member
	.long	.Linfo_string143                @ DW_AT_name
	.long	2189                            @ DW_AT_type
	.byte	5                               @ DW_AT_decl_file
	.short	1228                            @ DW_AT_decl_line
	.short	3932                            @ DW_AT_data_member_location
	.byte	0                               @ End Of Children Mark
	.byte	3                               @ Abbrev [3] 0x798:0xc DW_TAG_array_type
	.long	1956                            @ DW_AT_type
	.byte	4                               @ Abbrev [4] 0x79d:0x6 DW_TAG_subrange_type
	.long	71                              @ DW_AT_type
	.byte	8                               @ DW_AT_count
	.byte	0                               @ End Of Children Mark
	.byte	18                              @ Abbrev [18] 0x7a4:0x5 DW_TAG_const_type
	.long	585                             @ DW_AT_type
	.byte	3                               @ Abbrev [3] 0x7a9:0xc DW_TAG_array_type
	.long	1956                            @ DW_AT_type
	.byte	4                               @ Abbrev [4] 0x7ae:0x6 DW_TAG_subrange_type
	.long	71                              @ DW_AT_type
	.byte	7                               @ DW_AT_count
	.byte	0                               @ End Of Children Mark
	.byte	3                               @ Abbrev [3] 0x7b5:0xc DW_TAG_array_type
	.long	1956                            @ DW_AT_type
	.byte	4                               @ Abbrev [4] 0x7ba:0x6 DW_TAG_subrange_type
	.long	71                              @ DW_AT_type
	.byte	4                               @ DW_AT_count
	.byte	0                               @ End Of Children Mark
	.byte	3                               @ Abbrev [3] 0x7c1:0xc DW_TAG_array_type
	.long	585                             @ DW_AT_type
	.byte	4                               @ Abbrev [4] 0x7c6:0x6 DW_TAG_subrange_type
	.long	71                              @ DW_AT_type
	.byte	2                               @ DW_AT_count
	.byte	0                               @ End Of Children Mark
	.byte	3                               @ Abbrev [3] 0x7cd:0xc DW_TAG_array_type
	.long	1956                            @ DW_AT_type
	.byte	4                               @ Abbrev [4] 0x7d2:0x6 DW_TAG_subrange_type
	.long	71                              @ DW_AT_type
	.byte	2                               @ DW_AT_count
	.byte	0                               @ End Of Children Mark
	.byte	3                               @ Abbrev [3] 0x7d9:0xc DW_TAG_array_type
	.long	1956                            @ DW_AT_type
	.byte	4                               @ Abbrev [4] 0x7de:0x6 DW_TAG_subrange_type
	.long	71                              @ DW_AT_type
	.byte	23                              @ DW_AT_count
	.byte	0                               @ End Of Children Mark
	.byte	3                               @ Abbrev [3] 0x7e5:0xc DW_TAG_array_type
	.long	585                             @ DW_AT_type
	.byte	4                               @ Abbrev [4] 0x7ea:0x6 DW_TAG_subrange_type
	.long	71                              @ DW_AT_type
	.byte	8                               @ DW_AT_count
	.byte	0                               @ End Of Children Mark
	.byte	3                               @ Abbrev [3] 0x7f1:0xc DW_TAG_array_type
	.long	585                             @ DW_AT_type
	.byte	4                               @ Abbrev [4] 0x7f6:0x6 DW_TAG_subrange_type
	.long	71                              @ DW_AT_type
	.byte	4                               @ DW_AT_count
	.byte	0                               @ End Of Children Mark
	.byte	3                               @ Abbrev [3] 0x7fd:0xc DW_TAG_array_type
	.long	1956                            @ DW_AT_type
	.byte	4                               @ Abbrev [4] 0x802:0x6 DW_TAG_subrange_type
	.long	71                              @ DW_AT_type
	.byte	109                             @ DW_AT_count
	.byte	0                               @ End Of Children Mark
	.byte	3                               @ Abbrev [3] 0x809:0xc DW_TAG_array_type
	.long	1956                            @ DW_AT_type
	.byte	4                               @ Abbrev [4] 0x80e:0x6 DW_TAG_subrange_type
	.long	71                              @ DW_AT_type
	.byte	16                              @ DW_AT_count
	.byte	0                               @ End Of Children Mark
	.byte	3                               @ Abbrev [3] 0x815:0xc DW_TAG_array_type
	.long	585                             @ DW_AT_type
	.byte	4                               @ Abbrev [4] 0x81a:0x6 DW_TAG_subrange_type
	.long	71                              @ DW_AT_type
	.byte	54                              @ DW_AT_count
	.byte	0                               @ End Of Children Mark
	.byte	3                               @ Abbrev [3] 0x821:0xc DW_TAG_array_type
	.long	1956                            @ DW_AT_type
	.byte	4                               @ Abbrev [4] 0x826:0x6 DW_TAG_subrange_type
	.long	71                              @ DW_AT_type
	.byte	51                              @ DW_AT_count
	.byte	0                               @ End Of Children Mark
	.byte	3                               @ Abbrev [3] 0x82d:0xc DW_TAG_array_type
	.long	1956                            @ DW_AT_type
	.byte	4                               @ Abbrev [4] 0x832:0x6 DW_TAG_subrange_type
	.long	71                              @ DW_AT_type
	.byte	192                             @ DW_AT_count
	.byte	0                               @ End Of Children Mark
	.byte	3                               @ Abbrev [3] 0x839:0xc DW_TAG_array_type
	.long	585                             @ DW_AT_type
	.byte	4                               @ Abbrev [4] 0x83e:0x6 DW_TAG_subrange_type
	.long	71                              @ DW_AT_type
	.byte	18                              @ DW_AT_count
	.byte	0                               @ End Of Children Mark
	.byte	3                               @ Abbrev [3] 0x845:0xc DW_TAG_array_type
	.long	1956                            @ DW_AT_type
	.byte	4                               @ Abbrev [4] 0x84a:0x6 DW_TAG_subrange_type
	.long	71                              @ DW_AT_type
	.byte	42                              @ DW_AT_count
	.byte	0                               @ End Of Children Mark
	.byte	3                               @ Abbrev [3] 0x851:0xc DW_TAG_array_type
	.long	585                             @ DW_AT_type
	.byte	4                               @ Abbrev [4] 0x856:0x6 DW_TAG_subrange_type
	.long	71                              @ DW_AT_type
	.byte	5                               @ DW_AT_count
	.byte	0                               @ End Of Children Mark
	.byte	3                               @ Abbrev [3] 0x85d:0xc DW_TAG_array_type
	.long	585                             @ DW_AT_type
	.byte	4                               @ Abbrev [4] 0x862:0x6 DW_TAG_subrange_type
	.long	71                              @ DW_AT_type
	.byte	7                               @ DW_AT_count
	.byte	0                               @ End Of Children Mark
	.byte	3                               @ Abbrev [3] 0x869:0xc DW_TAG_array_type
	.long	1956                            @ DW_AT_type
	.byte	4                               @ Abbrev [4] 0x86e:0x6 DW_TAG_subrange_type
	.long	71                              @ DW_AT_type
	.byte	241                             @ DW_AT_count
	.byte	0                               @ End Of Children Mark
	.byte	3                               @ Abbrev [3] 0x875:0xc DW_TAG_array_type
	.long	1956                            @ DW_AT_type
	.byte	4                               @ Abbrev [4] 0x87a:0x6 DW_TAG_subrange_type
	.long	71                              @ DW_AT_type
	.byte	3                               @ DW_AT_count
	.byte	0                               @ End Of Children Mark
	.byte	3                               @ Abbrev [3] 0x881:0xc DW_TAG_array_type
	.long	1956                            @ DW_AT_type
	.byte	4                               @ Abbrev [4] 0x886:0x6 DW_TAG_subrange_type
	.long	71                              @ DW_AT_type
	.byte	1                               @ DW_AT_count
	.byte	0                               @ End Of Children Mark
	.byte	3                               @ Abbrev [3] 0x88d:0xc DW_TAG_array_type
	.long	1956                            @ DW_AT_type
	.byte	4                               @ Abbrev [4] 0x892:0x6 DW_TAG_subrange_type
	.long	71                              @ DW_AT_type
	.byte	40                              @ DW_AT_count
	.byte	0                               @ End Of Children Mark
	.byte	8                               @ Abbrev [8] 0x899:0x5 DW_TAG_pointer_type
	.long	2206                            @ DW_AT_type
	.byte	9                               @ Abbrev [9] 0x89e:0xb DW_TAG_typedef
	.long	2217                            @ DW_AT_type
	.long	.Linfo_string149                @ DW_AT_name
	.byte	2                               @ DW_AT_decl_file
	.byte	202                             @ DW_AT_decl_line
	.byte	23                              @ Abbrev [23] 0x8a9:0x39 DW_TAG_structure_type
	.short	2048                            @ DW_AT_byte_size
	.byte	2                               @ DW_AT_decl_file
	.byte	196                             @ DW_AT_decl_line
	.byte	11                              @ Abbrev [11] 0x8ae:0xc DW_TAG_member
	.long	.Linfo_string145                @ DW_AT_name
	.long	2274                            @ DW_AT_type
	.byte	2                               @ DW_AT_decl_file
	.byte	198                             @ DW_AT_decl_line
	.byte	0                               @ DW_AT_data_member_location
	.byte	12                              @ Abbrev [12] 0x8ba:0xd DW_TAG_member
	.long	.Linfo_string146                @ DW_AT_name
	.long	2274                            @ DW_AT_type
	.byte	2                               @ DW_AT_decl_file
	.byte	199                             @ DW_AT_decl_line
	.short	512                             @ DW_AT_data_member_location
	.byte	12                              @ Abbrev [12] 0x8c7:0xd DW_TAG_member
	.long	.Linfo_string147                @ DW_AT_name
	.long	2274                            @ DW_AT_type
	.byte	2                               @ DW_AT_decl_file
	.byte	200                             @ DW_AT_decl_line
	.short	1024                            @ DW_AT_data_member_location
	.byte	12                              @ Abbrev [12] 0x8d4:0xd DW_TAG_member
	.long	.Linfo_string148                @ DW_AT_name
	.long	2274                            @ DW_AT_type
	.byte	2                               @ DW_AT_decl_file
	.byte	201                             @ DW_AT_decl_line
	.short	1536                            @ DW_AT_data_member_location
	.byte	0                               @ End Of Children Mark
	.byte	3                               @ Abbrev [3] 0x8e2:0xc DW_TAG_array_type
	.long	590                             @ DW_AT_type
	.byte	4                               @ Abbrev [4] 0x8e7:0x6 DW_TAG_subrange_type
	.long	71                              @ DW_AT_type
	.byte	128                             @ DW_AT_count
	.byte	0                               @ End Of Children Mark
	.byte	8                               @ Abbrev [8] 0x8ee:0x5 DW_TAG_pointer_type
	.long	2291                            @ DW_AT_type
	.byte	9                               @ Abbrev [9] 0x8f3:0xb DW_TAG_typedef
	.long	2302                            @ DW_AT_type
	.long	.Linfo_string159                @ DW_AT_name
	.byte	2                               @ DW_AT_decl_file
	.byte	249                             @ DW_AT_decl_line
	.byte	23                              @ Abbrev [23] 0x8fe:0xae DW_TAG_structure_type
	.short	6656                            @ DW_AT_byte_size
	.byte	2                               @ DW_AT_decl_file
	.byte	234                             @ DW_AT_decl_line
	.byte	11                              @ Abbrev [11] 0x903:0xc DW_TAG_member
	.long	.Linfo_string145                @ DW_AT_name
	.long	2274                            @ DW_AT_type
	.byte	2                               @ DW_AT_decl_file
	.byte	236                             @ DW_AT_decl_line
	.byte	0                               @ DW_AT_data_member_location
	.byte	12                              @ Abbrev [12] 0x90f:0xd DW_TAG_member
	.long	.Linfo_string146                @ DW_AT_name
	.long	2274                            @ DW_AT_type
	.byte	2                               @ DW_AT_decl_file
	.byte	237                             @ DW_AT_decl_line
	.short	512                             @ DW_AT_data_member_location
	.byte	12                              @ Abbrev [12] 0x91c:0xd DW_TAG_member
	.long	.Linfo_string147                @ DW_AT_name
	.long	2274                            @ DW_AT_type
	.byte	2                               @ DW_AT_decl_file
	.byte	238                             @ DW_AT_decl_line
	.short	1024                            @ DW_AT_data_member_location
	.byte	12                              @ Abbrev [12] 0x929:0xd DW_TAG_member
	.long	.Linfo_string148                @ DW_AT_name
	.long	2274                            @ DW_AT_type
	.byte	2                               @ DW_AT_decl_file
	.byte	239                             @ DW_AT_decl_line
	.short	1536                            @ DW_AT_data_member_location
	.byte	12                              @ Abbrev [12] 0x936:0xd DW_TAG_member
	.long	.Linfo_string150                @ DW_AT_name
	.long	2274                            @ DW_AT_type
	.byte	2                               @ DW_AT_decl_file
	.byte	240                             @ DW_AT_decl_line
	.short	2048                            @ DW_AT_data_member_location
	.byte	12                              @ Abbrev [12] 0x943:0xd DW_TAG_member
	.long	.Linfo_string151                @ DW_AT_name
	.long	2274                            @ DW_AT_type
	.byte	2                               @ DW_AT_decl_file
	.byte	241                             @ DW_AT_decl_line
	.short	2560                            @ DW_AT_data_member_location
	.byte	12                              @ Abbrev [12] 0x950:0xd DW_TAG_member
	.long	.Linfo_string152                @ DW_AT_name
	.long	2274                            @ DW_AT_type
	.byte	2                               @ DW_AT_decl_file
	.byte	242                             @ DW_AT_decl_line
	.short	3072                            @ DW_AT_data_member_location
	.byte	12                              @ Abbrev [12] 0x95d:0xd DW_TAG_member
	.long	.Linfo_string153                @ DW_AT_name
	.long	2274                            @ DW_AT_type
	.byte	2                               @ DW_AT_decl_file
	.byte	243                             @ DW_AT_decl_line
	.short	3584                            @ DW_AT_data_member_location
	.byte	12                              @ Abbrev [12] 0x96a:0xd DW_TAG_member
	.long	.Linfo_string154                @ DW_AT_name
	.long	2274                            @ DW_AT_type
	.byte	2                               @ DW_AT_decl_file
	.byte	244                             @ DW_AT_decl_line
	.short	4096                            @ DW_AT_data_member_location
	.byte	12                              @ Abbrev [12] 0x977:0xd DW_TAG_member
	.long	.Linfo_string155                @ DW_AT_name
	.long	2274                            @ DW_AT_type
	.byte	2                               @ DW_AT_decl_file
	.byte	245                             @ DW_AT_decl_line
	.short	4608                            @ DW_AT_data_member_location
	.byte	12                              @ Abbrev [12] 0x984:0xd DW_TAG_member
	.long	.Linfo_string156                @ DW_AT_name
	.long	2274                            @ DW_AT_type
	.byte	2                               @ DW_AT_decl_file
	.byte	246                             @ DW_AT_decl_line
	.short	5120                            @ DW_AT_data_member_location
	.byte	12                              @ Abbrev [12] 0x991:0xd DW_TAG_member
	.long	.Linfo_string157                @ DW_AT_name
	.long	2274                            @ DW_AT_type
	.byte	2                               @ DW_AT_decl_file
	.byte	247                             @ DW_AT_decl_line
	.short	5632                            @ DW_AT_data_member_location
	.byte	12                              @ Abbrev [12] 0x99e:0xd DW_TAG_member
	.long	.Linfo_string158                @ DW_AT_name
	.long	2274                            @ DW_AT_type
	.byte	2                               @ DW_AT_decl_file
	.byte	248                             @ DW_AT_decl_line
	.short	6144                            @ DW_AT_data_member_location
	.byte	0                               @ End Of Children Mark
	.byte	8                               @ Abbrev [8] 0x9ac:0x5 DW_TAG_pointer_type
	.long	2481                            @ DW_AT_type
	.byte	9                               @ Abbrev [9] 0x9b1:0xb DW_TAG_typedef
	.long	2492                            @ DW_AT_type
	.long	.Linfo_string160                @ DW_AT_name
	.byte	2                               @ DW_AT_decl_file
	.byte	219                             @ DW_AT_decl_line
	.byte	23                              @ Abbrev [23] 0x9bc:0xa1 DW_TAG_structure_type
	.short	6144                            @ DW_AT_byte_size
	.byte	2                               @ DW_AT_decl_file
	.byte	205                             @ DW_AT_decl_line
	.byte	11                              @ Abbrev [11] 0x9c1:0xc DW_TAG_member
	.long	.Linfo_string145                @ DW_AT_name
	.long	2274                            @ DW_AT_type
	.byte	2                               @ DW_AT_decl_file
	.byte	207                             @ DW_AT_decl_line
	.byte	0                               @ DW_AT_data_member_location
	.byte	12                              @ Abbrev [12] 0x9cd:0xd DW_TAG_member
	.long	.Linfo_string146                @ DW_AT_name
	.long	2274                            @ DW_AT_type
	.byte	2                               @ DW_AT_decl_file
	.byte	208                             @ DW_AT_decl_line
	.short	512                             @ DW_AT_data_member_location
	.byte	12                              @ Abbrev [12] 0x9da:0xd DW_TAG_member
	.long	.Linfo_string147                @ DW_AT_name
	.long	2274                            @ DW_AT_type
	.byte	2                               @ DW_AT_decl_file
	.byte	209                             @ DW_AT_decl_line
	.short	1024                            @ DW_AT_data_member_location
	.byte	12                              @ Abbrev [12] 0x9e7:0xd DW_TAG_member
	.long	.Linfo_string148                @ DW_AT_name
	.long	2274                            @ DW_AT_type
	.byte	2                               @ DW_AT_decl_file
	.byte	210                             @ DW_AT_decl_line
	.short	1536                            @ DW_AT_data_member_location
	.byte	12                              @ Abbrev [12] 0x9f4:0xd DW_TAG_member
	.long	.Linfo_string150                @ DW_AT_name
	.long	2274                            @ DW_AT_type
	.byte	2                               @ DW_AT_decl_file
	.byte	211                             @ DW_AT_decl_line
	.short	2048                            @ DW_AT_data_member_location
	.byte	12                              @ Abbrev [12] 0xa01:0xd DW_TAG_member
	.long	.Linfo_string151                @ DW_AT_name
	.long	2274                            @ DW_AT_type
	.byte	2                               @ DW_AT_decl_file
	.byte	212                             @ DW_AT_decl_line
	.short	2560                            @ DW_AT_data_member_location
	.byte	12                              @ Abbrev [12] 0xa0e:0xd DW_TAG_member
	.long	.Linfo_string152                @ DW_AT_name
	.long	2274                            @ DW_AT_type
	.byte	2                               @ DW_AT_decl_file
	.byte	213                             @ DW_AT_decl_line
	.short	3072                            @ DW_AT_data_member_location
	.byte	12                              @ Abbrev [12] 0xa1b:0xd DW_TAG_member
	.long	.Linfo_string153                @ DW_AT_name
	.long	2274                            @ DW_AT_type
	.byte	2                               @ DW_AT_decl_file
	.byte	214                             @ DW_AT_decl_line
	.short	3584                            @ DW_AT_data_member_location
	.byte	12                              @ Abbrev [12] 0xa28:0xd DW_TAG_member
	.long	.Linfo_string154                @ DW_AT_name
	.long	2274                            @ DW_AT_type
	.byte	2                               @ DW_AT_decl_file
	.byte	215                             @ DW_AT_decl_line
	.short	4096                            @ DW_AT_data_member_location
	.byte	12                              @ Abbrev [12] 0xa35:0xd DW_TAG_member
	.long	.Linfo_string155                @ DW_AT_name
	.long	2274                            @ DW_AT_type
	.byte	2                               @ DW_AT_decl_file
	.byte	216                             @ DW_AT_decl_line
	.short	4608                            @ DW_AT_data_member_location
	.byte	12                              @ Abbrev [12] 0xa42:0xd DW_TAG_member
	.long	.Linfo_string156                @ DW_AT_name
	.long	2274                            @ DW_AT_type
	.byte	2                               @ DW_AT_decl_file
	.byte	217                             @ DW_AT_decl_line
	.short	5120                            @ DW_AT_data_member_location
	.byte	12                              @ Abbrev [12] 0xa4f:0xd DW_TAG_member
	.long	.Linfo_string157                @ DW_AT_name
	.long	2274                            @ DW_AT_type
	.byte	2                               @ DW_AT_decl_file
	.byte	218                             @ DW_AT_decl_line
	.short	5632                            @ DW_AT_data_member_location
	.byte	0                               @ End Of Children Mark
	.byte	8                               @ Abbrev [8] 0xa5d:0x5 DW_TAG_pointer_type
	.long	2658                            @ DW_AT_type
	.byte	9                               @ Abbrev [9] 0xa62:0xb DW_TAG_typedef
	.long	2669                            @ DW_AT_type
	.long	.Linfo_string161                @ DW_AT_name
	.byte	2                               @ DW_AT_decl_file
	.byte	231                             @ DW_AT_decl_line
	.byte	23                              @ Abbrev [23] 0xa6d:0x60 DW_TAG_structure_type
	.short	3600                            @ DW_AT_byte_size
	.byte	2                               @ DW_AT_decl_file
	.byte	222                             @ DW_AT_decl_line
	.byte	11                              @ Abbrev [11] 0xa72:0xc DW_TAG_member
	.long	.Linfo_string145                @ DW_AT_name
	.long	2274                            @ DW_AT_type
	.byte	2                               @ DW_AT_decl_file
	.byte	224                             @ DW_AT_decl_line
	.byte	0                               @ DW_AT_data_member_location
	.byte	12                              @ Abbrev [12] 0xa7e:0xd DW_TAG_member
	.long	.Linfo_string146                @ DW_AT_name
	.long	2274                            @ DW_AT_type
	.byte	2                               @ DW_AT_decl_file
	.byte	225                             @ DW_AT_decl_line
	.short	512                             @ DW_AT_data_member_location
	.byte	12                              @ Abbrev [12] 0xa8b:0xd DW_TAG_member
	.long	.Linfo_string147                @ DW_AT_name
	.long	2274                            @ DW_AT_type
	.byte	2                               @ DW_AT_decl_file
	.byte	226                             @ DW_AT_decl_line
	.short	1024                            @ DW_AT_data_member_location
	.byte	12                              @ Abbrev [12] 0xa98:0xd DW_TAG_member
	.long	.Linfo_string148                @ DW_AT_name
	.long	2274                            @ DW_AT_type
	.byte	2                               @ DW_AT_decl_file
	.byte	227                             @ DW_AT_decl_line
	.short	1536                            @ DW_AT_data_member_location
	.byte	12                              @ Abbrev [12] 0xaa5:0xd DW_TAG_member
	.long	.Linfo_string150                @ DW_AT_name
	.long	2274                            @ DW_AT_type
	.byte	2                               @ DW_AT_decl_file
	.byte	228                             @ DW_AT_decl_line
	.short	2048                            @ DW_AT_data_member_location
	.byte	12                              @ Abbrev [12] 0xab2:0xd DW_TAG_member
	.long	.Linfo_string151                @ DW_AT_name
	.long	2274                            @ DW_AT_type
	.byte	2                               @ DW_AT_decl_file
	.byte	229                             @ DW_AT_decl_line
	.short	2560                            @ DW_AT_data_member_location
	.byte	12                              @ Abbrev [12] 0xabf:0xd DW_TAG_member
	.long	.Linfo_string158                @ DW_AT_name
	.long	2765                            @ DW_AT_type
	.byte	2                               @ DW_AT_decl_file
	.byte	230                             @ DW_AT_decl_line
	.short	3072                            @ DW_AT_data_member_location
	.byte	0                               @ End Of Children Mark
	.byte	3                               @ Abbrev [3] 0xacd:0xc DW_TAG_array_type
	.long	590                             @ DW_AT_type
	.byte	4                               @ Abbrev [4] 0xad2:0x6 DW_TAG_subrange_type
	.long	71                              @ DW_AT_type
	.byte	132                             @ DW_AT_count
	.byte	0                               @ End Of Children Mark
	.byte	8                               @ Abbrev [8] 0xad9:0x5 DW_TAG_pointer_type
	.long	2782                            @ DW_AT_type
	.byte	22                              @ Abbrev [22] 0xade:0xc DW_TAG_typedef
	.long	2794                            @ DW_AT_type
	.long	.Linfo_string162                @ DW_AT_name
	.byte	2                               @ DW_AT_decl_file
	.short	257                             @ DW_AT_decl_line
	.byte	23                              @ Abbrev [23] 0xaea:0x2d DW_TAG_structure_type
	.short	1536                            @ DW_AT_byte_size
	.byte	2                               @ DW_AT_decl_file
	.byte	252                             @ DW_AT_decl_line
	.byte	11                              @ Abbrev [11] 0xaef:0xc DW_TAG_member
	.long	.Linfo_string145                @ DW_AT_name
	.long	2274                            @ DW_AT_type
	.byte	2                               @ DW_AT_decl_file
	.byte	254                             @ DW_AT_decl_line
	.byte	0                               @ DW_AT_data_member_location
	.byte	12                              @ Abbrev [12] 0xafb:0xd DW_TAG_member
	.long	.Linfo_string146                @ DW_AT_name
	.long	2274                            @ DW_AT_type
	.byte	2                               @ DW_AT_decl_file
	.byte	255                             @ DW_AT_decl_line
	.short	512                             @ DW_AT_data_member_location
	.byte	25                              @ Abbrev [25] 0xb08:0xe DW_TAG_member
	.long	.Linfo_string147                @ DW_AT_name
	.long	2274                            @ DW_AT_type
	.byte	2                               @ DW_AT_decl_file
	.short	256                             @ DW_AT_decl_line
	.short	1024                            @ DW_AT_data_member_location
	.byte	0                               @ End Of Children Mark
	.byte	8                               @ Abbrev [8] 0xb17:0x5 DW_TAG_pointer_type
	.long	2844                            @ DW_AT_type
	.byte	22                              @ Abbrev [22] 0xb1c:0xc DW_TAG_typedef
	.long	2856                            @ DW_AT_type
	.long	.Linfo_string218                @ DW_AT_name
	.byte	6                               @ DW_AT_decl_file
	.short	1247                            @ DW_AT_decl_line
	.byte	23                              @ Abbrev [23] 0xb28:0x360 DW_TAG_structure_type
	.short	1028                            @ DW_AT_byte_size
	.byte	6                               @ DW_AT_decl_file
	.byte	25                              @ DW_AT_decl_line
	.byte	24                              @ Abbrev [24] 0xb2d:0xd DW_TAG_member
	.long	.Linfo_string163                @ DW_AT_name
	.long	1956                            @ DW_AT_type
	.byte	6                               @ DW_AT_decl_file
	.short	1180                            @ DW_AT_decl_line
	.byte	0                               @ DW_AT_data_member_location
	.byte	24                              @ Abbrev [24] 0xb3a:0xd DW_TAG_member
	.long	.Linfo_string164                @ DW_AT_name
	.long	585                             @ DW_AT_type
	.byte	6                               @ DW_AT_decl_file
	.short	1181                            @ DW_AT_decl_line
	.byte	4                               @ DW_AT_data_member_location
	.byte	24                              @ Abbrev [24] 0xb47:0xd DW_TAG_member
	.long	.Linfo_string165                @ DW_AT_name
	.long	585                             @ DW_AT_type
	.byte	6                               @ DW_AT_decl_file
	.short	1182                            @ DW_AT_decl_line
	.byte	8                               @ DW_AT_data_member_location
	.byte	24                              @ Abbrev [24] 0xb54:0xd DW_TAG_member
	.long	.Linfo_string166                @ DW_AT_name
	.long	585                             @ DW_AT_type
	.byte	6                               @ DW_AT_decl_file
	.short	1183                            @ DW_AT_decl_line
	.byte	12                              @ DW_AT_data_member_location
	.byte	24                              @ Abbrev [24] 0xb61:0xd DW_TAG_member
	.long	.Linfo_string167                @ DW_AT_name
	.long	585                             @ DW_AT_type
	.byte	6                               @ DW_AT_decl_file
	.short	1184                            @ DW_AT_decl_line
	.byte	16                              @ DW_AT_data_member_location
	.byte	24                              @ Abbrev [24] 0xb6e:0xd DW_TAG_member
	.long	.Linfo_string79                 @ DW_AT_name
	.long	2177                            @ DW_AT_type
	.byte	6                               @ DW_AT_decl_file
	.short	1185                            @ DW_AT_decl_line
	.byte	20                              @ DW_AT_data_member_location
	.byte	24                              @ Abbrev [24] 0xb7b:0xd DW_TAG_member
	.long	.Linfo_string168                @ DW_AT_name
	.long	585                             @ DW_AT_type
	.byte	6                               @ DW_AT_decl_file
	.short	1186                            @ DW_AT_decl_line
	.byte	24                              @ DW_AT_data_member_location
	.byte	24                              @ Abbrev [24] 0xb88:0xd DW_TAG_member
	.long	.Linfo_string169                @ DW_AT_name
	.long	585                             @ DW_AT_type
	.byte	6                               @ DW_AT_decl_file
	.short	1187                            @ DW_AT_decl_line
	.byte	28                              @ DW_AT_data_member_location
	.byte	24                              @ Abbrev [24] 0xb95:0xd DW_TAG_member
	.long	.Linfo_string81                 @ DW_AT_name
	.long	2177                            @ DW_AT_type
	.byte	6                               @ DW_AT_decl_file
	.short	1188                            @ DW_AT_decl_line
	.byte	32                              @ DW_AT_data_member_location
	.byte	24                              @ Abbrev [24] 0xba2:0xd DW_TAG_member
	.long	.Linfo_string170                @ DW_AT_name
	.long	585                             @ DW_AT_type
	.byte	6                               @ DW_AT_decl_file
	.short	1189                            @ DW_AT_decl_line
	.byte	36                              @ DW_AT_data_member_location
	.byte	24                              @ Abbrev [24] 0xbaf:0xd DW_TAG_member
	.long	.Linfo_string171                @ DW_AT_name
	.long	585                             @ DW_AT_type
	.byte	6                               @ DW_AT_decl_file
	.short	1190                            @ DW_AT_decl_line
	.byte	40                              @ DW_AT_data_member_location
	.byte	24                              @ Abbrev [24] 0xbbc:0xd DW_TAG_member
	.long	.Linfo_string172                @ DW_AT_name
	.long	585                             @ DW_AT_type
	.byte	6                               @ DW_AT_decl_file
	.short	1191                            @ DW_AT_decl_line
	.byte	44                              @ DW_AT_data_member_location
	.byte	24                              @ Abbrev [24] 0xbc9:0xd DW_TAG_member
	.long	.Linfo_string173                @ DW_AT_name
	.long	585                             @ DW_AT_type
	.byte	6                               @ DW_AT_decl_file
	.short	1192                            @ DW_AT_decl_line
	.byte	48                              @ DW_AT_data_member_location
	.byte	24                              @ Abbrev [24] 0xbd6:0xd DW_TAG_member
	.long	.Linfo_string174                @ DW_AT_name
	.long	585                             @ DW_AT_type
	.byte	6                               @ DW_AT_decl_file
	.short	1193                            @ DW_AT_decl_line
	.byte	52                              @ DW_AT_data_member_location
	.byte	24                              @ Abbrev [24] 0xbe3:0xd DW_TAG_member
	.long	.Linfo_string175                @ DW_AT_name
	.long	585                             @ DW_AT_type
	.byte	6                               @ DW_AT_decl_file
	.short	1194                            @ DW_AT_decl_line
	.byte	56                              @ DW_AT_data_member_location
	.byte	24                              @ Abbrev [24] 0xbf0:0xd DW_TAG_member
	.long	.Linfo_string176                @ DW_AT_name
	.long	585                             @ DW_AT_type
	.byte	6                               @ DW_AT_decl_file
	.short	1195                            @ DW_AT_decl_line
	.byte	60                              @ DW_AT_data_member_location
	.byte	24                              @ Abbrev [24] 0xbfd:0xd DW_TAG_member
	.long	.Linfo_string177                @ DW_AT_name
	.long	585                             @ DW_AT_type
	.byte	6                               @ DW_AT_decl_file
	.short	1196                            @ DW_AT_decl_line
	.byte	64                              @ DW_AT_data_member_location
	.byte	24                              @ Abbrev [24] 0xc0a:0xd DW_TAG_member
	.long	.Linfo_string178                @ DW_AT_name
	.long	585                             @ DW_AT_type
	.byte	6                               @ DW_AT_decl_file
	.short	1197                            @ DW_AT_decl_line
	.byte	68                              @ DW_AT_data_member_location
	.byte	24                              @ Abbrev [24] 0xc17:0xd DW_TAG_member
	.long	.Linfo_string179                @ DW_AT_name
	.long	585                             @ DW_AT_type
	.byte	6                               @ DW_AT_decl_file
	.short	1198                            @ DW_AT_decl_line
	.byte	72                              @ DW_AT_data_member_location
	.byte	24                              @ Abbrev [24] 0xc24:0xd DW_TAG_member
	.long	.Linfo_string180                @ DW_AT_name
	.long	585                             @ DW_AT_type
	.byte	6                               @ DW_AT_decl_file
	.short	1199                            @ DW_AT_decl_line
	.byte	76                              @ DW_AT_data_member_location
	.byte	24                              @ Abbrev [24] 0xc31:0xd DW_TAG_member
	.long	.Linfo_string181                @ DW_AT_name
	.long	585                             @ DW_AT_type
	.byte	6                               @ DW_AT_decl_file
	.short	1200                            @ DW_AT_decl_line
	.byte	80                              @ DW_AT_data_member_location
	.byte	24                              @ Abbrev [24] 0xc3e:0xd DW_TAG_member
	.long	.Linfo_string182                @ DW_AT_name
	.long	585                             @ DW_AT_type
	.byte	6                               @ DW_AT_decl_file
	.short	1201                            @ DW_AT_decl_line
	.byte	84                              @ DW_AT_data_member_location
	.byte	24                              @ Abbrev [24] 0xc4b:0xd DW_TAG_member
	.long	.Linfo_string183                @ DW_AT_name
	.long	585                             @ DW_AT_type
	.byte	6                               @ DW_AT_decl_file
	.short	1202                            @ DW_AT_decl_line
	.byte	88                              @ DW_AT_data_member_location
	.byte	24                              @ Abbrev [24] 0xc58:0xd DW_TAG_member
	.long	.Linfo_string184                @ DW_AT_name
	.long	585                             @ DW_AT_type
	.byte	6                               @ DW_AT_decl_file
	.short	1203                            @ DW_AT_decl_line
	.byte	92                              @ DW_AT_data_member_location
	.byte	24                              @ Abbrev [24] 0xc65:0xd DW_TAG_member
	.long	.Linfo_string185                @ DW_AT_name
	.long	585                             @ DW_AT_type
	.byte	6                               @ DW_AT_decl_file
	.short	1204                            @ DW_AT_decl_line
	.byte	96                              @ DW_AT_data_member_location
	.byte	24                              @ Abbrev [24] 0xc72:0xd DW_TAG_member
	.long	.Linfo_string186                @ DW_AT_name
	.long	585                             @ DW_AT_type
	.byte	6                               @ DW_AT_decl_file
	.short	1205                            @ DW_AT_decl_line
	.byte	100                             @ DW_AT_data_member_location
	.byte	24                              @ Abbrev [24] 0xc7f:0xd DW_TAG_member
	.long	.Linfo_string187                @ DW_AT_name
	.long	585                             @ DW_AT_type
	.byte	6                               @ DW_AT_decl_file
	.short	1206                            @ DW_AT_decl_line
	.byte	104                             @ DW_AT_data_member_location
	.byte	24                              @ Abbrev [24] 0xc8c:0xd DW_TAG_member
	.long	.Linfo_string188                @ DW_AT_name
	.long	585                             @ DW_AT_type
	.byte	6                               @ DW_AT_decl_file
	.short	1207                            @ DW_AT_decl_line
	.byte	108                             @ DW_AT_data_member_location
	.byte	24                              @ Abbrev [24] 0xc99:0xd DW_TAG_member
	.long	.Linfo_string85                 @ DW_AT_name
	.long	1973                            @ DW_AT_type
	.byte	6                               @ DW_AT_decl_file
	.short	1208                            @ DW_AT_decl_line
	.byte	112                             @ DW_AT_data_member_location
	.byte	24                              @ Abbrev [24] 0xca6:0xd DW_TAG_member
	.long	.Linfo_string189                @ DW_AT_name
	.long	585                             @ DW_AT_type
	.byte	6                               @ DW_AT_decl_file
	.short	1209                            @ DW_AT_decl_line
	.byte	128                             @ DW_AT_data_member_location
	.byte	24                              @ Abbrev [24] 0xcb3:0xd DW_TAG_member
	.long	.Linfo_string190                @ DW_AT_name
	.long	585                             @ DW_AT_type
	.byte	6                               @ DW_AT_decl_file
	.short	1210                            @ DW_AT_decl_line
	.byte	132                             @ DW_AT_data_member_location
	.byte	24                              @ Abbrev [24] 0xcc0:0xd DW_TAG_member
	.long	.Linfo_string191                @ DW_AT_name
	.long	585                             @ DW_AT_type
	.byte	6                               @ DW_AT_decl_file
	.short	1211                            @ DW_AT_decl_line
	.byte	136                             @ DW_AT_data_member_location
	.byte	24                              @ Abbrev [24] 0xccd:0xd DW_TAG_member
	.long	.Linfo_string192                @ DW_AT_name
	.long	585                             @ DW_AT_type
	.byte	6                               @ DW_AT_decl_file
	.short	1212                            @ DW_AT_decl_line
	.byte	140                             @ DW_AT_data_member_location
	.byte	24                              @ Abbrev [24] 0xcda:0xd DW_TAG_member
	.long	.Linfo_string193                @ DW_AT_name
	.long	585                             @ DW_AT_type
	.byte	6                               @ DW_AT_decl_file
	.short	1213                            @ DW_AT_decl_line
	.byte	144                             @ DW_AT_data_member_location
	.byte	24                              @ Abbrev [24] 0xce7:0xd DW_TAG_member
	.long	.Linfo_string194                @ DW_AT_name
	.long	585                             @ DW_AT_type
	.byte	6                               @ DW_AT_decl_file
	.short	1214                            @ DW_AT_decl_line
	.byte	148                             @ DW_AT_data_member_location
	.byte	24                              @ Abbrev [24] 0xcf4:0xd DW_TAG_member
	.long	.Linfo_string195                @ DW_AT_name
	.long	585                             @ DW_AT_type
	.byte	6                               @ DW_AT_decl_file
	.short	1215                            @ DW_AT_decl_line
	.byte	152                             @ DW_AT_data_member_location
	.byte	24                              @ Abbrev [24] 0xd01:0xd DW_TAG_member
	.long	.Linfo_string196                @ DW_AT_name
	.long	585                             @ DW_AT_type
	.byte	6                               @ DW_AT_decl_file
	.short	1216                            @ DW_AT_decl_line
	.byte	156                             @ DW_AT_data_member_location
	.byte	24                              @ Abbrev [24] 0xd0e:0xd DW_TAG_member
	.long	.Linfo_string197                @ DW_AT_name
	.long	585                             @ DW_AT_type
	.byte	6                               @ DW_AT_decl_file
	.short	1217                            @ DW_AT_decl_line
	.byte	160                             @ DW_AT_data_member_location
	.byte	24                              @ Abbrev [24] 0xd1b:0xd DW_TAG_member
	.long	.Linfo_string87                 @ DW_AT_name
	.long	1961                            @ DW_AT_type
	.byte	6                               @ DW_AT_decl_file
	.short	1218                            @ DW_AT_decl_line
	.byte	164                             @ DW_AT_data_member_location
	.byte	24                              @ Abbrev [24] 0xd28:0xd DW_TAG_member
	.long	.Linfo_string198                @ DW_AT_name
	.long	585                             @ DW_AT_type
	.byte	6                               @ DW_AT_decl_file
	.short	1219                            @ DW_AT_decl_line
	.byte	192                             @ DW_AT_data_member_location
	.byte	24                              @ Abbrev [24] 0xd35:0xd DW_TAG_member
	.long	.Linfo_string199                @ DW_AT_name
	.long	1956                            @ DW_AT_type
	.byte	6                               @ DW_AT_decl_file
	.short	1220                            @ DW_AT_decl_line
	.byte	196                             @ DW_AT_data_member_location
	.byte	24                              @ Abbrev [24] 0xd42:0xd DW_TAG_member
	.long	.Linfo_string200                @ DW_AT_name
	.long	1956                            @ DW_AT_type
	.byte	6                               @ DW_AT_decl_file
	.short	1221                            @ DW_AT_decl_line
	.byte	200                             @ DW_AT_data_member_location
	.byte	24                              @ Abbrev [24] 0xd4f:0xd DW_TAG_member
	.long	.Linfo_string97                 @ DW_AT_name
	.long	2033                            @ DW_AT_type
	.byte	6                               @ DW_AT_decl_file
	.short	1222                            @ DW_AT_decl_line
	.byte	204                             @ DW_AT_data_member_location
	.byte	24                              @ Abbrev [24] 0xd5c:0xd DW_TAG_member
	.long	.Linfo_string201                @ DW_AT_name
	.long	585                             @ DW_AT_type
	.byte	6                               @ DW_AT_decl_file
	.short	1223                            @ DW_AT_decl_line
	.byte	220                             @ DW_AT_data_member_location
	.byte	24                              @ Abbrev [24] 0xd69:0xd DW_TAG_member
	.long	.Linfo_string202                @ DW_AT_name
	.long	585                             @ DW_AT_type
	.byte	6                               @ DW_AT_decl_file
	.short	1224                            @ DW_AT_decl_line
	.byte	224                             @ DW_AT_data_member_location
	.byte	24                              @ Abbrev [24] 0xd76:0xd DW_TAG_member
	.long	.Linfo_string203                @ DW_AT_name
	.long	585                             @ DW_AT_type
	.byte	6                               @ DW_AT_decl_file
	.short	1225                            @ DW_AT_decl_line
	.byte	228                             @ DW_AT_data_member_location
	.byte	24                              @ Abbrev [24] 0xd83:0xd DW_TAG_member
	.long	.Linfo_string204                @ DW_AT_name
	.long	585                             @ DW_AT_type
	.byte	6                               @ DW_AT_decl_file
	.short	1226                            @ DW_AT_decl_line
	.byte	232                             @ DW_AT_data_member_location
	.byte	24                              @ Abbrev [24] 0xd90:0xd DW_TAG_member
	.long	.Linfo_string205                @ DW_AT_name
	.long	585                             @ DW_AT_type
	.byte	6                               @ DW_AT_decl_file
	.short	1227                            @ DW_AT_decl_line
	.byte	236                             @ DW_AT_data_member_location
	.byte	24                              @ Abbrev [24] 0xd9d:0xd DW_TAG_member
	.long	.Linfo_string206                @ DW_AT_name
	.long	585                             @ DW_AT_type
	.byte	6                               @ DW_AT_decl_file
	.short	1228                            @ DW_AT_decl_line
	.byte	240                             @ DW_AT_data_member_location
	.byte	24                              @ Abbrev [24] 0xdaa:0xd DW_TAG_member
	.long	.Linfo_string207                @ DW_AT_name
	.long	585                             @ DW_AT_type
	.byte	6                               @ DW_AT_decl_file
	.short	1229                            @ DW_AT_decl_line
	.byte	244                             @ DW_AT_data_member_location
	.byte	24                              @ Abbrev [24] 0xdb7:0xd DW_TAG_member
	.long	.Linfo_string208                @ DW_AT_name
	.long	585                             @ DW_AT_type
	.byte	6                               @ DW_AT_decl_file
	.short	1230                            @ DW_AT_decl_line
	.byte	248                             @ DW_AT_data_member_location
	.byte	24                              @ Abbrev [24] 0xdc4:0xd DW_TAG_member
	.long	.Linfo_string108                @ DW_AT_name
	.long	2177                            @ DW_AT_type
	.byte	6                               @ DW_AT_decl_file
	.short	1231                            @ DW_AT_decl_line
	.byte	252                             @ DW_AT_data_member_location
	.byte	25                              @ Abbrev [25] 0xdd1:0xe DW_TAG_member
	.long	.Linfo_string209                @ DW_AT_name
	.long	585                             @ DW_AT_type
	.byte	6                               @ DW_AT_decl_file
	.short	1232                            @ DW_AT_decl_line
	.short	256                             @ DW_AT_data_member_location
	.byte	25                              @ Abbrev [25] 0xddf:0xe DW_TAG_member
	.long	.Linfo_string123                @ DW_AT_name
	.long	3720                            @ DW_AT_type
	.byte	6                               @ DW_AT_decl_file
	.short	1233                            @ DW_AT_decl_line
	.short	260                             @ DW_AT_data_member_location
	.byte	25                              @ Abbrev [25] 0xded:0xe DW_TAG_member
	.long	.Linfo_string210                @ DW_AT_name
	.long	585                             @ DW_AT_type
	.byte	6                               @ DW_AT_decl_file
	.short	1234                            @ DW_AT_decl_line
	.short	472                             @ DW_AT_data_member_location
	.byte	25                              @ Abbrev [25] 0xdfb:0xe DW_TAG_member
	.long	.Linfo_string211                @ DW_AT_name
	.long	585                             @ DW_AT_type
	.byte	6                               @ DW_AT_decl_file
	.short	1235                            @ DW_AT_decl_line
	.short	476                             @ DW_AT_data_member_location
	.byte	25                              @ Abbrev [25] 0xe09:0xe DW_TAG_member
	.long	.Linfo_string212                @ DW_AT_name
	.long	585                             @ DW_AT_type
	.byte	6                               @ DW_AT_decl_file
	.short	1236                            @ DW_AT_decl_line
	.short	480                             @ DW_AT_data_member_location
	.byte	25                              @ Abbrev [25] 0xe17:0xe DW_TAG_member
	.long	.Linfo_string129                @ DW_AT_name
	.long	1997                            @ DW_AT_type
	.byte	6                               @ DW_AT_decl_file
	.short	1237                            @ DW_AT_decl_line
	.short	484                             @ DW_AT_data_member_location
	.byte	25                              @ Abbrev [25] 0xe25:0xe DW_TAG_member
	.long	.Linfo_string213                @ DW_AT_name
	.long	585                             @ DW_AT_type
	.byte	6                               @ DW_AT_decl_file
	.short	1238                            @ DW_AT_decl_line
	.short	492                             @ DW_AT_data_member_location
	.byte	25                              @ Abbrev [25] 0xe33:0xe DW_TAG_member
	.long	.Linfo_string132                @ DW_AT_name
	.long	2177                            @ DW_AT_type
	.byte	6                               @ DW_AT_decl_file
	.short	1239                            @ DW_AT_decl_line
	.short	496                             @ DW_AT_data_member_location
	.byte	25                              @ Abbrev [25] 0xe41:0xe DW_TAG_member
	.long	.Linfo_string214                @ DW_AT_name
	.long	585                             @ DW_AT_type
	.byte	6                               @ DW_AT_decl_file
	.short	1240                            @ DW_AT_decl_line
	.short	500                             @ DW_AT_data_member_location
	.byte	25                              @ Abbrev [25] 0xe4f:0xe DW_TAG_member
	.long	.Linfo_string215                @ DW_AT_name
	.long	585                             @ DW_AT_type
	.byte	6                               @ DW_AT_decl_file
	.short	1241                            @ DW_AT_decl_line
	.short	504                             @ DW_AT_data_member_location
	.byte	25                              @ Abbrev [25] 0xe5d:0xe DW_TAG_member
	.long	.Linfo_string216                @ DW_AT_name
	.long	585                             @ DW_AT_type
	.byte	6                               @ DW_AT_decl_file
	.short	1242                            @ DW_AT_decl_line
	.short	508                             @ DW_AT_data_member_location
	.byte	25                              @ Abbrev [25] 0xe6b:0xe DW_TAG_member
	.long	.Linfo_string134                @ DW_AT_name
	.long	3732                            @ DW_AT_type
	.byte	6                               @ DW_AT_decl_file
	.short	1243                            @ DW_AT_decl_line
	.short	512                             @ DW_AT_data_member_location
	.byte	25                              @ Abbrev [25] 0xe79:0xe DW_TAG_member
	.long	.Linfo_string217                @ DW_AT_name
	.long	585                             @ DW_AT_type
	.byte	6                               @ DW_AT_decl_file
	.short	1244                            @ DW_AT_decl_line
	.short	1024                            @ DW_AT_data_member_location
	.byte	0                               @ End Of Children Mark
	.byte	3                               @ Abbrev [3] 0xe88:0xc DW_TAG_array_type
	.long	1956                            @ DW_AT_type
	.byte	4                               @ Abbrev [4] 0xe8d:0x6 DW_TAG_subrange_type
	.long	71                              @ DW_AT_type
	.byte	53                              @ DW_AT_count
	.byte	0                               @ End Of Children Mark
	.byte	3                               @ Abbrev [3] 0xe94:0xc DW_TAG_array_type
	.long	1956                            @ DW_AT_type
	.byte	4                               @ Abbrev [4] 0xe99:0x6 DW_TAG_subrange_type
	.long	71                              @ DW_AT_type
	.byte	128                             @ DW_AT_count
	.byte	0                               @ End Of Children Mark
	.byte	8                               @ Abbrev [8] 0xea0:0x5 DW_TAG_pointer_type
	.long	64                              @ DW_AT_type
	.byte	26                              @ Abbrev [26] 0xea5:0x4a DW_TAG_subprogram
	.long	.Lfunc_begin0                   @ DW_AT_low_pc
	.long	.Lfunc_end0-.Lfunc_begin0       @ DW_AT_high_pc
	.byte	1                               @ DW_AT_frame_base
	.byte	93
	.long	.Linfo_string219                @ DW_AT_name
	.byte	1                               @ DW_AT_decl_file
	.byte	82                              @ DW_AT_decl_line
                                        @ DW_AT_prototyped
                                        @ DW_AT_external
	.byte	27                              @ Abbrev [27] 0xeb6:0xe DW_TAG_formal_parameter
	.byte	2                               @ DW_AT_location
	.byte	145
	.byte	12
	.long	.Linfo_string270                @ DW_AT_name
	.byte	1                               @ DW_AT_decl_file
	.byte	82                              @ DW_AT_decl_line
	.long	942                             @ DW_AT_type
	.byte	27                              @ Abbrev [27] 0xec4:0xe DW_TAG_formal_parameter
	.byte	2                               @ DW_AT_location
	.byte	145
	.byte	8
	.long	.Linfo_string271                @ DW_AT_name
	.byte	1                               @ DW_AT_decl_file
	.byte	82                              @ DW_AT_decl_line
	.long	590                             @ DW_AT_type
	.byte	27                              @ Abbrev [27] 0xed2:0xe DW_TAG_formal_parameter
	.byte	2                               @ DW_AT_location
	.byte	145
	.byte	4
	.long	.Linfo_string272                @ DW_AT_name
	.byte	1                               @ DW_AT_decl_file
	.byte	82                              @ DW_AT_decl_line
	.long	590                             @ DW_AT_type
	.byte	27                              @ Abbrev [27] 0xee0:0xe DW_TAG_formal_parameter
	.byte	2                               @ DW_AT_location
	.byte	145
	.byte	0
	.long	.Linfo_string273                @ DW_AT_name
	.byte	1                               @ DW_AT_decl_file
	.byte	82                              @ DW_AT_decl_line
	.long	590                             @ DW_AT_type
	.byte	0                               @ End Of Children Mark
	.byte	28                              @ Abbrev [28] 0xeef:0x32 DW_TAG_subprogram
	.long	.Lfunc_begin1                   @ DW_AT_low_pc
	.long	.Lfunc_end1-.Lfunc_begin1       @ DW_AT_high_pc
	.byte	1                               @ DW_AT_frame_base
	.byte	93
	.long	.Linfo_string220                @ DW_AT_name
	.byte	1                               @ DW_AT_decl_file
	.byte	99                              @ DW_AT_decl_line
                                        @ DW_AT_prototyped
	.long	502                             @ DW_AT_type
                                        @ DW_AT_external
	.byte	27                              @ Abbrev [27] 0xf04:0xe DW_TAG_formal_parameter
	.byte	2                               @ DW_AT_location
	.byte	145
	.byte	4
	.long	.Linfo_string270                @ DW_AT_name
	.byte	1                               @ DW_AT_decl_file
	.byte	99                              @ DW_AT_decl_line
	.long	942                             @ DW_AT_type
	.byte	29                              @ Abbrev [29] 0xf12:0xe DW_TAG_variable
	.byte	2                               @ DW_AT_location
	.byte	145
	.byte	0
	.long	.Linfo_string274                @ DW_AT_name
	.byte	1                               @ DW_AT_decl_file
	.byte	101                             @ DW_AT_decl_line
	.long	502                             @ DW_AT_type
	.byte	0                               @ End Of Children Mark
	.byte	26                              @ Abbrev [26] 0xf21:0x58 DW_TAG_subprogram
	.long	.Lfunc_begin2                   @ DW_AT_low_pc
	.long	.Lfunc_end2-.Lfunc_begin2       @ DW_AT_high_pc
	.byte	1                               @ DW_AT_frame_base
	.byte	93
	.long	.Linfo_string221                @ DW_AT_name
	.byte	1                               @ DW_AT_decl_file
	.byte	124                             @ DW_AT_decl_line
                                        @ DW_AT_prototyped
                                        @ DW_AT_external
	.byte	27                              @ Abbrev [27] 0xf32:0xe DW_TAG_formal_parameter
	.byte	2                               @ DW_AT_location
	.byte	145
	.byte	40
	.long	.Linfo_string270                @ DW_AT_name
	.byte	1                               @ DW_AT_decl_file
	.byte	124                             @ DW_AT_decl_line
	.long	942                             @ DW_AT_type
	.byte	27                              @ Abbrev [27] 0xf40:0xe DW_TAG_formal_parameter
	.byte	2                               @ DW_AT_location
	.byte	145
	.byte	36
	.long	.Linfo_string275                @ DW_AT_name
	.byte	1                               @ DW_AT_decl_file
	.byte	124                             @ DW_AT_decl_line
	.long	8997                            @ DW_AT_type
	.byte	29                              @ Abbrev [29] 0xf4e:0xe DW_TAG_variable
	.byte	2                               @ DW_AT_location
	.byte	145
	.byte	32
	.long	.Linfo_string276                @ DW_AT_name
	.byte	1                               @ DW_AT_decl_file
	.byte	126                             @ DW_AT_decl_line
	.long	590                             @ DW_AT_type
	.byte	29                              @ Abbrev [29] 0xf5c:0xe DW_TAG_variable
	.byte	2                               @ DW_AT_location
	.byte	145
	.byte	28
	.long	.Linfo_string277                @ DW_AT_name
	.byte	1                               @ DW_AT_decl_file
	.byte	126                             @ DW_AT_decl_line
	.long	590                             @ DW_AT_type
	.byte	29                              @ Abbrev [29] 0xf6a:0xe DW_TAG_variable
	.byte	2                               @ DW_AT_location
	.byte	145
	.byte	0
	.long	.Linfo_string278                @ DW_AT_name
	.byte	1                               @ DW_AT_decl_file
	.byte	127                             @ DW_AT_decl_line
	.long	9002                            @ DW_AT_type
	.byte	0                               @ End Of Children Mark
	.byte	26                              @ Abbrev [26] 0xf79:0x66 DW_TAG_subprogram
	.long	.Lfunc_begin3                   @ DW_AT_low_pc
	.long	.Lfunc_end3-.Lfunc_begin3       @ DW_AT_high_pc
	.byte	1                               @ DW_AT_frame_base
	.byte	93
	.long	.Linfo_string222                @ DW_AT_name
	.byte	1                               @ DW_AT_decl_file
	.byte	170                             @ DW_AT_decl_line
                                        @ DW_AT_prototyped
                                        @ DW_AT_external
	.byte	27                              @ Abbrev [27] 0xf8a:0xe DW_TAG_formal_parameter
	.byte	2                               @ DW_AT_location
	.byte	145
	.byte	12
	.long	.Linfo_string270                @ DW_AT_name
	.byte	1                               @ DW_AT_decl_file
	.byte	170                             @ DW_AT_decl_line
	.long	942                             @ DW_AT_type
	.byte	27                              @ Abbrev [27] 0xf98:0xe DW_TAG_formal_parameter
	.byte	2                               @ DW_AT_location
	.byte	145
	.byte	8
	.long	.Linfo_string279                @ DW_AT_name
	.byte	1                               @ DW_AT_decl_file
	.byte	170                             @ DW_AT_decl_line
	.long	590                             @ DW_AT_type
	.byte	27                              @ Abbrev [27] 0xfa6:0xe DW_TAG_formal_parameter
	.byte	2                               @ DW_AT_location
	.byte	145
	.byte	4
	.long	.Linfo_string280                @ DW_AT_name
	.byte	1                               @ DW_AT_decl_file
	.byte	170                             @ DW_AT_decl_line
	.long	590                             @ DW_AT_type
	.byte	27                              @ Abbrev [27] 0xfb4:0xe DW_TAG_formal_parameter
	.byte	2                               @ DW_AT_location
	.byte	145
	.byte	0
	.long	.Linfo_string281                @ DW_AT_name
	.byte	1                               @ DW_AT_decl_file
	.byte	171                             @ DW_AT_decl_line
	.long	590                             @ DW_AT_type
	.byte	27                              @ Abbrev [27] 0xfc2:0xe DW_TAG_formal_parameter
	.byte	2                               @ DW_AT_location
	.byte	145
	.byte	24
	.long	.Linfo_string271                @ DW_AT_name
	.byte	1                               @ DW_AT_decl_file
	.byte	171                             @ DW_AT_decl_line
	.long	590                             @ DW_AT_type
	.byte	27                              @ Abbrev [27] 0xfd0:0xe DW_TAG_formal_parameter
	.byte	2                               @ DW_AT_location
	.byte	145
	.byte	28
	.long	.Linfo_string282                @ DW_AT_name
	.byte	1                               @ DW_AT_decl_file
	.byte	171                             @ DW_AT_decl_line
	.long	590                             @ DW_AT_type
	.byte	0                               @ End Of Children Mark
	.byte	26                              @ Abbrev [26] 0xfdf:0x3c DW_TAG_subprogram
	.long	.Lfunc_begin4                   @ DW_AT_low_pc
	.long	.Lfunc_end4-.Lfunc_begin4       @ DW_AT_high_pc
	.byte	1                               @ DW_AT_frame_base
	.byte	93
	.long	.Linfo_string223                @ DW_AT_name
	.byte	1                               @ DW_AT_decl_file
	.byte	192                             @ DW_AT_decl_line
                                        @ DW_AT_prototyped
                                        @ DW_AT_external
	.byte	27                              @ Abbrev [27] 0xff0:0xe DW_TAG_formal_parameter
	.byte	2                               @ DW_AT_location
	.byte	145
	.byte	8
	.long	.Linfo_string270                @ DW_AT_name
	.byte	1                               @ DW_AT_decl_file
	.byte	192                             @ DW_AT_decl_line
	.long	942                             @ DW_AT_type
	.byte	27                              @ Abbrev [27] 0xffe:0xe DW_TAG_formal_parameter
	.byte	2                               @ DW_AT_location
	.byte	145
	.byte	4
	.long	.Linfo_string279                @ DW_AT_name
	.byte	1                               @ DW_AT_decl_file
	.byte	192                             @ DW_AT_decl_line
	.long	502                             @ DW_AT_type
	.byte	27                              @ Abbrev [27] 0x100c:0xe DW_TAG_formal_parameter
	.byte	2                               @ DW_AT_location
	.byte	145
	.byte	0
	.long	.Linfo_string283                @ DW_AT_name
	.byte	1                               @ DW_AT_decl_file
	.byte	192                             @ DW_AT_decl_line
	.long	590                             @ DW_AT_type
	.byte	0                               @ End Of Children Mark
	.byte	26                              @ Abbrev [26] 0x101b:0x74 DW_TAG_subprogram
	.long	.Lfunc_begin5                   @ DW_AT_low_pc
	.long	.Lfunc_end5-.Lfunc_begin5       @ DW_AT_high_pc
	.byte	1                               @ DW_AT_frame_base
	.byte	93
	.long	.Linfo_string224                @ DW_AT_name
	.byte	1                               @ DW_AT_decl_file
	.byte	210                             @ DW_AT_decl_line
                                        @ DW_AT_prototyped
                                        @ DW_AT_external
	.byte	27                              @ Abbrev [27] 0x102c:0xe DW_TAG_formal_parameter
	.byte	2                               @ DW_AT_location
	.byte	145
	.byte	24
	.long	.Linfo_string270                @ DW_AT_name
	.byte	1                               @ DW_AT_decl_file
	.byte	210                             @ DW_AT_decl_line
	.long	942                             @ DW_AT_type
	.byte	27                              @ Abbrev [27] 0x103a:0xe DW_TAG_formal_parameter
	.byte	2                               @ DW_AT_location
	.byte	145
	.byte	20
	.long	.Linfo_string279                @ DW_AT_name
	.byte	1                               @ DW_AT_decl_file
	.byte	210                             @ DW_AT_decl_line
	.long	590                             @ DW_AT_type
	.byte	27                              @ Abbrev [27] 0x1048:0xe DW_TAG_formal_parameter
	.byte	2                               @ DW_AT_location
	.byte	145
	.byte	16
	.long	.Linfo_string284                @ DW_AT_name
	.byte	1                               @ DW_AT_decl_file
	.byte	210                             @ DW_AT_decl_line
	.long	8997                            @ DW_AT_type
	.byte	27                              @ Abbrev [27] 0x1056:0xe DW_TAG_formal_parameter
	.byte	2                               @ DW_AT_location
	.byte	145
	.byte	12
	.long	.Linfo_string271                @ DW_AT_name
	.byte	1                               @ DW_AT_decl_file
	.byte	210                             @ DW_AT_decl_line
	.long	590                             @ DW_AT_type
	.byte	29                              @ Abbrev [29] 0x1064:0xe DW_TAG_variable
	.byte	2                               @ DW_AT_location
	.byte	145
	.byte	8
	.long	.Linfo_string276                @ DW_AT_name
	.byte	1                               @ DW_AT_decl_file
	.byte	212                             @ DW_AT_decl_line
	.long	590                             @ DW_AT_type
	.byte	29                              @ Abbrev [29] 0x1072:0xe DW_TAG_variable
	.byte	2                               @ DW_AT_location
	.byte	145
	.byte	4
	.long	.Linfo_string277                @ DW_AT_name
	.byte	1                               @ DW_AT_decl_file
	.byte	212                             @ DW_AT_decl_line
	.long	590                             @ DW_AT_type
	.byte	29                              @ Abbrev [29] 0x1080:0xe DW_TAG_variable
	.byte	2                               @ DW_AT_location
	.byte	145
	.byte	0
	.long	.Linfo_string285                @ DW_AT_name
	.byte	1                               @ DW_AT_decl_file
	.byte	212                             @ DW_AT_decl_line
	.long	590                             @ DW_AT_type
	.byte	0                               @ End Of Children Mark
	.byte	26                              @ Abbrev [26] 0x108f:0x3c DW_TAG_subprogram
	.long	.Lfunc_begin6                   @ DW_AT_low_pc
	.long	.Lfunc_end6-.Lfunc_begin6       @ DW_AT_high_pc
	.byte	1                               @ DW_AT_frame_base
	.byte	93
	.long	.Linfo_string225                @ DW_AT_name
	.byte	1                               @ DW_AT_decl_file
	.byte	238                             @ DW_AT_decl_line
                                        @ DW_AT_prototyped
                                        @ DW_AT_external
	.byte	27                              @ Abbrev [27] 0x10a0:0xe DW_TAG_formal_parameter
	.byte	2                               @ DW_AT_location
	.byte	145
	.byte	8
	.long	.Linfo_string270                @ DW_AT_name
	.byte	1                               @ DW_AT_decl_file
	.byte	238                             @ DW_AT_decl_line
	.long	942                             @ DW_AT_type
	.byte	27                              @ Abbrev [27] 0x10ae:0xe DW_TAG_formal_parameter
	.byte	2                               @ DW_AT_location
	.byte	145
	.byte	4
	.long	.Linfo_string286                @ DW_AT_name
	.byte	1                               @ DW_AT_decl_file
	.byte	238                             @ DW_AT_decl_line
	.long	9014                            @ DW_AT_type
	.byte	27                              @ Abbrev [27] 0x10bc:0xe DW_TAG_formal_parameter
	.byte	2                               @ DW_AT_location
	.byte	145
	.byte	0
	.long	.Linfo_string288                @ DW_AT_name
	.byte	1                               @ DW_AT_decl_file
	.byte	238                             @ DW_AT_decl_line
	.long	502                             @ DW_AT_type
	.byte	0                               @ End Of Children Mark
	.byte	26                              @ Abbrev [26] 0x10cb:0x5a DW_TAG_subprogram
	.long	.Lfunc_begin7                   @ DW_AT_low_pc
	.long	.Lfunc_end7-.Lfunc_begin7       @ DW_AT_high_pc
	.byte	1                               @ DW_AT_frame_base
	.byte	93
	.long	.Linfo_string226                @ DW_AT_name
	.byte	1                               @ DW_AT_decl_file
	.byte	255                             @ DW_AT_decl_line
                                        @ DW_AT_prototyped
                                        @ DW_AT_external
	.byte	27                              @ Abbrev [27] 0x10dc:0xe DW_TAG_formal_parameter
	.byte	2                               @ DW_AT_location
	.byte	145
	.byte	16
	.long	.Linfo_string270                @ DW_AT_name
	.byte	1                               @ DW_AT_decl_file
	.byte	255                             @ DW_AT_decl_line
	.long	942                             @ DW_AT_type
	.byte	27                              @ Abbrev [27] 0x10ea:0xe DW_TAG_formal_parameter
	.byte	2                               @ DW_AT_location
	.byte	145
	.byte	12
	.long	.Linfo_string279                @ DW_AT_name
	.byte	1                               @ DW_AT_decl_file
	.byte	255                             @ DW_AT_decl_line
	.long	590                             @ DW_AT_type
	.byte	27                              @ Abbrev [27] 0x10f8:0xe DW_TAG_formal_parameter
	.byte	2                               @ DW_AT_location
	.byte	145
	.byte	8
	.long	.Linfo_string289                @ DW_AT_name
	.byte	1                               @ DW_AT_decl_file
	.byte	255                             @ DW_AT_decl_line
	.long	8997                            @ DW_AT_type
	.byte	30                              @ Abbrev [30] 0x1106:0xf DW_TAG_variable
	.byte	2                               @ DW_AT_location
	.byte	145
	.byte	4
	.long	.Linfo_string276                @ DW_AT_name
	.byte	1                               @ DW_AT_decl_file
	.short	257                             @ DW_AT_decl_line
	.long	590                             @ DW_AT_type
	.byte	30                              @ Abbrev [30] 0x1115:0xf DW_TAG_variable
	.byte	2                               @ DW_AT_location
	.byte	145
	.byte	0
	.long	.Linfo_string285                @ DW_AT_name
	.byte	1                               @ DW_AT_decl_file
	.short	257                             @ DW_AT_decl_line
	.long	590                             @ DW_AT_type
	.byte	0                               @ End Of Children Mark
	.byte	31                              @ Abbrev [31] 0x1125:0x5e DW_TAG_subprogram
	.long	.Lfunc_begin8                   @ DW_AT_low_pc
	.long	.Lfunc_end8-.Lfunc_begin8       @ DW_AT_high_pc
	.byte	1                               @ DW_AT_frame_base
	.byte	93
	.long	.Linfo_string227                @ DW_AT_name
	.byte	1                               @ DW_AT_decl_file
	.short	279                             @ DW_AT_decl_line
                                        @ DW_AT_prototyped
                                        @ DW_AT_external
	.byte	32                              @ Abbrev [32] 0x1137:0xf DW_TAG_formal_parameter
	.byte	2                               @ DW_AT_location
	.byte	145
	.byte	12
	.long	.Linfo_string270                @ DW_AT_name
	.byte	1                               @ DW_AT_decl_file
	.short	279                             @ DW_AT_decl_line
	.long	942                             @ DW_AT_type
	.byte	32                              @ Abbrev [32] 0x1146:0xf DW_TAG_formal_parameter
	.byte	2                               @ DW_AT_location
	.byte	145
	.byte	8
	.long	.Linfo_string279                @ DW_AT_name
	.byte	1                               @ DW_AT_decl_file
	.short	279                             @ DW_AT_decl_line
	.long	590                             @ DW_AT_type
	.byte	32                              @ Abbrev [32] 0x1155:0xf DW_TAG_formal_parameter
	.byte	2                               @ DW_AT_location
	.byte	145
	.byte	4
	.long	.Linfo_string290                @ DW_AT_name
	.byte	1                               @ DW_AT_decl_file
	.short	279                             @ DW_AT_decl_line
	.long	590                             @ DW_AT_type
	.byte	32                              @ Abbrev [32] 0x1164:0xf DW_TAG_formal_parameter
	.byte	2                               @ DW_AT_location
	.byte	145
	.byte	0
	.long	.Linfo_string291                @ DW_AT_name
	.byte	1                               @ DW_AT_decl_file
	.short	280                             @ DW_AT_decl_line
	.long	590                             @ DW_AT_type
	.byte	32                              @ Abbrev [32] 0x1173:0xf DW_TAG_formal_parameter
	.byte	2                               @ DW_AT_location
	.byte	145
	.byte	24
	.long	.Linfo_string292                @ DW_AT_name
	.byte	1                               @ DW_AT_decl_file
	.short	280                             @ DW_AT_decl_line
	.long	590                             @ DW_AT_type
	.byte	0                               @ End Of Children Mark
	.byte	31                              @ Abbrev [31] 0x1183:0x4f DW_TAG_subprogram
	.long	.Lfunc_begin9                   @ DW_AT_low_pc
	.long	.Lfunc_end9-.Lfunc_begin9       @ DW_AT_high_pc
	.byte	1                               @ DW_AT_frame_base
	.byte	93
	.long	.Linfo_string228                @ DW_AT_name
	.byte	1                               @ DW_AT_decl_file
	.short	305                             @ DW_AT_decl_line
                                        @ DW_AT_prototyped
                                        @ DW_AT_external
	.byte	32                              @ Abbrev [32] 0x1195:0xf DW_TAG_formal_parameter
	.byte	2                               @ DW_AT_location
	.byte	145
	.byte	12
	.long	.Linfo_string270                @ DW_AT_name
	.byte	1                               @ DW_AT_decl_file
	.short	305                             @ DW_AT_decl_line
	.long	942                             @ DW_AT_type
	.byte	32                              @ Abbrev [32] 0x11a4:0xf DW_TAG_formal_parameter
	.byte	2                               @ DW_AT_location
	.byte	145
	.byte	8
	.long	.Linfo_string281                @ DW_AT_name
	.byte	1                               @ DW_AT_decl_file
	.short	305                             @ DW_AT_decl_line
	.long	590                             @ DW_AT_type
	.byte	32                              @ Abbrev [32] 0x11b3:0xf DW_TAG_formal_parameter
	.byte	2                               @ DW_AT_location
	.byte	145
	.byte	4
	.long	.Linfo_string282                @ DW_AT_name
	.byte	1                               @ DW_AT_decl_file
	.short	305                             @ DW_AT_decl_line
	.long	590                             @ DW_AT_type
	.byte	32                              @ Abbrev [32] 0x11c2:0xf DW_TAG_formal_parameter
	.byte	2                               @ DW_AT_location
	.byte	145
	.byte	0
	.long	.Linfo_string293                @ DW_AT_name
	.byte	1                               @ DW_AT_decl_file
	.short	305                             @ DW_AT_decl_line
	.long	590                             @ DW_AT_type
	.byte	0                               @ End Of Children Mark
	.byte	31                              @ Abbrev [31] 0x11d2:0x31 DW_TAG_subprogram
	.long	.Lfunc_begin10                  @ DW_AT_low_pc
	.long	.Lfunc_end10-.Lfunc_begin10     @ DW_AT_high_pc
	.byte	1                               @ DW_AT_frame_base
	.byte	93
	.long	.Linfo_string229                @ DW_AT_name
	.byte	1                               @ DW_AT_decl_file
	.short	325                             @ DW_AT_decl_line
                                        @ DW_AT_prototyped
                                        @ DW_AT_external
	.byte	32                              @ Abbrev [32] 0x11e4:0xf DW_TAG_formal_parameter
	.byte	2                               @ DW_AT_location
	.byte	145
	.byte	4
	.long	.Linfo_string270                @ DW_AT_name
	.byte	1                               @ DW_AT_decl_file
	.short	325                             @ DW_AT_decl_line
	.long	942                             @ DW_AT_type
	.byte	32                              @ Abbrev [32] 0x11f3:0xf DW_TAG_formal_parameter
	.byte	2                               @ DW_AT_location
	.byte	145
	.byte	0
	.long	.Linfo_string283                @ DW_AT_name
	.byte	1                               @ DW_AT_decl_file
	.short	325                             @ DW_AT_decl_line
	.long	590                             @ DW_AT_type
	.byte	0                               @ End Of Children Mark
	.byte	31                              @ Abbrev [31] 0x1203:0x40 DW_TAG_subprogram
	.long	.Lfunc_begin11                  @ DW_AT_low_pc
	.long	.Lfunc_end11-.Lfunc_begin11     @ DW_AT_high_pc
	.byte	1                               @ DW_AT_frame_base
	.byte	93
	.long	.Linfo_string230                @ DW_AT_name
	.byte	1                               @ DW_AT_decl_file
	.short	338                             @ DW_AT_decl_line
                                        @ DW_AT_prototyped
                                        @ DW_AT_external
	.byte	32                              @ Abbrev [32] 0x1215:0xf DW_TAG_formal_parameter
	.byte	2                               @ DW_AT_location
	.byte	145
	.byte	8
	.long	.Linfo_string270                @ DW_AT_name
	.byte	1                               @ DW_AT_decl_file
	.short	338                             @ DW_AT_decl_line
	.long	942                             @ DW_AT_type
	.byte	32                              @ Abbrev [32] 0x1224:0xf DW_TAG_formal_parameter
	.byte	2                               @ DW_AT_location
	.byte	145
	.byte	4
	.long	.Linfo_string290                @ DW_AT_name
	.byte	1                               @ DW_AT_decl_file
	.short	338                             @ DW_AT_decl_line
	.long	590                             @ DW_AT_type
	.byte	32                              @ Abbrev [32] 0x1233:0xf DW_TAG_formal_parameter
	.byte	2                               @ DW_AT_location
	.byte	145
	.byte	0
	.long	.Linfo_string292                @ DW_AT_name
	.byte	1                               @ DW_AT_decl_file
	.short	338                             @ DW_AT_decl_line
	.long	590                             @ DW_AT_type
	.byte	0                               @ End Of Children Mark
	.byte	31                              @ Abbrev [31] 0x1243:0x5e DW_TAG_subprogram
	.long	.Lfunc_begin12                  @ DW_AT_low_pc
	.long	.Lfunc_end12-.Lfunc_begin12     @ DW_AT_high_pc
	.byte	1                               @ DW_AT_frame_base
	.byte	93
	.long	.Linfo_string231                @ DW_AT_name
	.byte	1                               @ DW_AT_decl_file
	.short	350                             @ DW_AT_decl_line
                                        @ DW_AT_prototyped
                                        @ DW_AT_external
	.byte	32                              @ Abbrev [32] 0x1255:0xf DW_TAG_formal_parameter
	.byte	2                               @ DW_AT_location
	.byte	145
	.byte	16
	.long	.Linfo_string270                @ DW_AT_name
	.byte	1                               @ DW_AT_decl_file
	.short	350                             @ DW_AT_decl_line
	.long	942                             @ DW_AT_type
	.byte	32                              @ Abbrev [32] 0x1264:0xf DW_TAG_formal_parameter
	.byte	2                               @ DW_AT_location
	.byte	145
	.byte	12
	.long	.Linfo_string294                @ DW_AT_name
	.byte	1                               @ DW_AT_decl_file
	.short	350                             @ DW_AT_decl_line
	.long	8997                            @ DW_AT_type
	.byte	30                              @ Abbrev [30] 0x1273:0xf DW_TAG_variable
	.byte	2                               @ DW_AT_location
	.byte	145
	.byte	8
	.long	.Linfo_string276                @ DW_AT_name
	.byte	1                               @ DW_AT_decl_file
	.short	352                             @ DW_AT_decl_line
	.long	590                             @ DW_AT_type
	.byte	30                              @ Abbrev [30] 0x1282:0xf DW_TAG_variable
	.byte	2                               @ DW_AT_location
	.byte	145
	.byte	4
	.long	.Linfo_string277                @ DW_AT_name
	.byte	1                               @ DW_AT_decl_file
	.short	352                             @ DW_AT_decl_line
	.long	590                             @ DW_AT_type
	.byte	30                              @ Abbrev [30] 0x1291:0xf DW_TAG_variable
	.byte	2                               @ DW_AT_location
	.byte	145
	.byte	0
	.long	.Linfo_string295                @ DW_AT_name
	.byte	1                               @ DW_AT_decl_file
	.short	352                             @ DW_AT_decl_line
	.long	590                             @ DW_AT_type
	.byte	0                               @ End Of Children Mark
	.byte	31                              @ Abbrev [31] 0x12a1:0x22 DW_TAG_subprogram
	.long	.Lfunc_begin13                  @ DW_AT_low_pc
	.long	.Lfunc_end13-.Lfunc_begin13     @ DW_AT_high_pc
	.byte	1                               @ DW_AT_frame_base
	.byte	93
	.long	.Linfo_string232                @ DW_AT_name
	.byte	1                               @ DW_AT_decl_file
	.short	845                             @ DW_AT_decl_line
                                        @ DW_AT_prototyped
                                        @ DW_AT_external
	.byte	32                              @ Abbrev [32] 0x12b3:0xf DW_TAG_formal_parameter
	.byte	2                               @ DW_AT_location
	.byte	145
	.byte	0
	.long	.Linfo_string270                @ DW_AT_name
	.byte	1                               @ DW_AT_decl_file
	.short	845                             @ DW_AT_decl_line
	.long	942                             @ DW_AT_type
	.byte	0                               @ End Of Children Mark
	.byte	31                              @ Abbrev [31] 0x12c3:0x40 DW_TAG_subprogram
	.long	.Lfunc_begin14                  @ DW_AT_low_pc
	.long	.Lfunc_end14-.Lfunc_begin14     @ DW_AT_high_pc
	.byte	1                               @ DW_AT_frame_base
	.byte	93
	.long	.Linfo_string233                @ DW_AT_name
	.byte	1                               @ DW_AT_decl_file
	.short	988                             @ DW_AT_decl_line
                                        @ DW_AT_prototyped
                                        @ DW_AT_external
	.byte	32                              @ Abbrev [32] 0x12d5:0xf DW_TAG_formal_parameter
	.byte	2                               @ DW_AT_location
	.byte	145
	.byte	12
	.long	.Linfo_string296                @ DW_AT_name
	.byte	1                               @ DW_AT_decl_file
	.short	988                             @ DW_AT_decl_line
	.long	502                             @ DW_AT_type
	.byte	32                              @ Abbrev [32] 0x12e4:0xf DW_TAG_formal_parameter
	.byte	2                               @ DW_AT_location
	.byte	145
	.byte	8
	.long	.Linfo_string297                @ DW_AT_name
	.byte	1                               @ DW_AT_decl_file
	.short	988                             @ DW_AT_decl_line
	.long	9025                            @ DW_AT_type
	.byte	32                              @ Abbrev [32] 0x12f3:0xf DW_TAG_formal_parameter
	.byte	2                               @ DW_AT_location
	.byte	145
	.byte	4
	.long	.Linfo_string298                @ DW_AT_name
	.byte	1                               @ DW_AT_decl_file
	.short	988                             @ DW_AT_decl_line
	.long	3744                            @ DW_AT_type
	.byte	0                               @ End Of Children Mark
	.byte	33                              @ Abbrev [33] 0x1303:0x6d DW_TAG_subprogram
	.long	.Lfunc_begin15                  @ DW_AT_low_pc
	.long	.Lfunc_end15-.Lfunc_begin15     @ DW_AT_high_pc
	.byte	1                               @ DW_AT_frame_base
	.byte	93
	.long	.Linfo_string234                @ DW_AT_name
	.byte	1                               @ DW_AT_decl_file
	.short	964                             @ DW_AT_decl_line
                                        @ DW_AT_prototyped
	.byte	32                              @ Abbrev [32] 0x1315:0xf DW_TAG_formal_parameter
	.byte	2                               @ DW_AT_location
	.byte	145
	.byte	36
	.long	.Linfo_string296                @ DW_AT_name
	.byte	1                               @ DW_AT_decl_file
	.short	964                             @ DW_AT_decl_line
	.long	502                             @ DW_AT_type
	.byte	32                              @ Abbrev [32] 0x1324:0xf DW_TAG_formal_parameter
	.byte	2                               @ DW_AT_location
	.byte	145
	.byte	32
	.long	.Linfo_string297                @ DW_AT_name
	.byte	1                               @ DW_AT_decl_file
	.short	964                             @ DW_AT_decl_line
	.long	9025                            @ DW_AT_type
	.byte	32                              @ Abbrev [32] 0x1333:0xf DW_TAG_formal_parameter
	.byte	2                               @ DW_AT_location
	.byte	145
	.byte	28
	.long	.Linfo_string298                @ DW_AT_name
	.byte	1                               @ DW_AT_decl_file
	.short	964                             @ DW_AT_decl_line
	.long	3744                            @ DW_AT_type
	.byte	30                              @ Abbrev [30] 0x1342:0xf DW_TAG_variable
	.byte	2                               @ DW_AT_location
	.byte	145
	.byte	24
	.long	.Linfo_string299                @ DW_AT_name
	.byte	1                               @ DW_AT_decl_file
	.short	966                             @ DW_AT_decl_line
	.long	502                             @ DW_AT_type
	.byte	30                              @ Abbrev [30] 0x1351:0xf DW_TAG_variable
	.byte	2                               @ DW_AT_location
	.byte	145
	.byte	20
	.long	.Linfo_string300                @ DW_AT_name
	.byte	1                               @ DW_AT_decl_file
	.short	966                             @ DW_AT_decl_line
	.long	502                             @ DW_AT_type
	.byte	30                              @ Abbrev [30] 0x1360:0xf DW_TAG_variable
	.byte	2                               @ DW_AT_location
	.byte	145
	.byte	16
	.long	.Linfo_string276                @ DW_AT_name
	.byte	1                               @ DW_AT_decl_file
	.short	967                             @ DW_AT_decl_line
	.long	590                             @ DW_AT_type
	.byte	0                               @ End Of Children Mark
	.byte	31                              @ Abbrev [31] 0x1370:0x31 DW_TAG_subprogram
	.long	.Lfunc_begin16                  @ DW_AT_low_pc
	.long	.Lfunc_end16-.Lfunc_begin16     @ DW_AT_high_pc
	.byte	1                               @ DW_AT_frame_base
	.byte	93
	.long	.Linfo_string235                @ DW_AT_name
	.byte	1                               @ DW_AT_decl_file
	.short	998                             @ DW_AT_decl_line
                                        @ DW_AT_prototyped
                                        @ DW_AT_external
	.byte	32                              @ Abbrev [32] 0x1382:0xf DW_TAG_formal_parameter
	.byte	2                               @ DW_AT_location
	.byte	145
	.byte	4
	.long	.Linfo_string301                @ DW_AT_name
	.byte	1                               @ DW_AT_decl_file
	.short	998                             @ DW_AT_decl_line
	.long	3744                            @ DW_AT_type
	.byte	32                              @ Abbrev [32] 0x1391:0xf DW_TAG_formal_parameter
	.byte	2                               @ DW_AT_location
	.byte	145
	.byte	0
	.long	.Linfo_string297                @ DW_AT_name
	.byte	1                               @ DW_AT_decl_file
	.short	998                             @ DW_AT_decl_line
	.long	9025                            @ DW_AT_type
	.byte	0                               @ End Of Children Mark
	.byte	33                              @ Abbrev [33] 0x13a1:0x7c DW_TAG_subprogram
	.long	.Lfunc_begin17                  @ DW_AT_low_pc
	.long	.Lfunc_end17-.Lfunc_begin17     @ DW_AT_high_pc
	.byte	1                               @ DW_AT_frame_base
	.byte	93
	.long	.Linfo_string236                @ DW_AT_name
	.byte	1                               @ DW_AT_decl_file
	.short	899                             @ DW_AT_decl_line
                                        @ DW_AT_prototyped
	.byte	32                              @ Abbrev [32] 0x13b3:0xf DW_TAG_formal_parameter
	.byte	2                               @ DW_AT_location
	.byte	145
	.byte	36
	.long	.Linfo_string301                @ DW_AT_name
	.byte	1                               @ DW_AT_decl_file
	.short	899                             @ DW_AT_decl_line
	.long	3744                            @ DW_AT_type
	.byte	32                              @ Abbrev [32] 0x13c2:0xf DW_TAG_formal_parameter
	.byte	2                               @ DW_AT_location
	.byte	145
	.byte	32
	.long	.Linfo_string297                @ DW_AT_name
	.byte	1                               @ DW_AT_decl_file
	.short	899                             @ DW_AT_decl_line
	.long	9025                            @ DW_AT_type
	.byte	30                              @ Abbrev [30] 0x13d1:0xf DW_TAG_variable
	.byte	2                               @ DW_AT_location
	.byte	145
	.byte	28
	.long	.Linfo_string302                @ DW_AT_name
	.byte	1                               @ DW_AT_decl_file
	.short	901                             @ DW_AT_decl_line
	.long	64                              @ DW_AT_type
	.byte	30                              @ Abbrev [30] 0x13e0:0xf DW_TAG_variable
	.byte	2                               @ DW_AT_location
	.byte	145
	.byte	24
	.long	.Linfo_string303                @ DW_AT_name
	.byte	1                               @ DW_AT_decl_file
	.short	902                             @ DW_AT_decl_line
	.long	495                             @ DW_AT_type
	.byte	30                              @ Abbrev [30] 0x13ef:0xf DW_TAG_variable
	.byte	2                               @ DW_AT_location
	.byte	145
	.byte	20
	.long	.Linfo_string300                @ DW_AT_name
	.byte	1                               @ DW_AT_decl_file
	.short	902                             @ DW_AT_decl_line
	.long	495                             @ DW_AT_type
	.byte	30                              @ Abbrev [30] 0x13fe:0xf DW_TAG_variable
	.byte	2                               @ DW_AT_location
	.byte	145
	.byte	16
	.long	.Linfo_string276                @ DW_AT_name
	.byte	1                               @ DW_AT_decl_file
	.short	903                             @ DW_AT_decl_line
	.long	590                             @ DW_AT_type
	.byte	30                              @ Abbrev [30] 0x140d:0xf DW_TAG_variable
	.byte	2                               @ DW_AT_location
	.byte	145
	.byte	12
	.long	.Linfo_string304                @ DW_AT_name
	.byte	1                               @ DW_AT_decl_file
	.short	903                             @ DW_AT_decl_line
	.long	590                             @ DW_AT_type
	.byte	0                               @ End Of Children Mark
	.byte	34                              @ Abbrev [34] 0x141d:0x44 DW_TAG_subprogram
	.long	.Lfunc_begin18                  @ DW_AT_low_pc
	.long	.Lfunc_end18-.Lfunc_begin18     @ DW_AT_high_pc
	.byte	1                               @ DW_AT_frame_base
	.byte	93
	.long	.Linfo_string237                @ DW_AT_name
	.byte	1                               @ DW_AT_decl_file
	.short	1008                            @ DW_AT_decl_line
                                        @ DW_AT_prototyped
	.long	502                             @ DW_AT_type
                                        @ DW_AT_external
	.byte	32                              @ Abbrev [32] 0x1433:0xf DW_TAG_formal_parameter
	.byte	2                               @ DW_AT_location
	.byte	145
	.byte	8
	.long	.Linfo_string305                @ DW_AT_name
	.byte	1                               @ DW_AT_decl_file
	.short	1008                            @ DW_AT_decl_line
	.long	3744                            @ DW_AT_type
	.byte	30                              @ Abbrev [30] 0x1442:0xf DW_TAG_variable
	.byte	2                               @ DW_AT_location
	.byte	145
	.byte	4
	.long	.Linfo_string306                @ DW_AT_name
	.byte	1                               @ DW_AT_decl_file
	.short	1010                            @ DW_AT_decl_line
	.long	502                             @ DW_AT_type
	.byte	30                              @ Abbrev [30] 0x1451:0xf DW_TAG_variable
	.byte	2                               @ DW_AT_location
	.byte	145
	.byte	0
	.long	.Linfo_string276                @ DW_AT_name
	.byte	1                               @ DW_AT_decl_file
	.short	1010                            @ DW_AT_decl_line
	.long	502                             @ DW_AT_type
	.byte	0                               @ End Of Children Mark
	.byte	34                              @ Abbrev [34] 0x1461:0x53 DW_TAG_subprogram
	.long	.Lfunc_begin19                  @ DW_AT_low_pc
	.long	.Lfunc_end19-.Lfunc_begin19     @ DW_AT_high_pc
	.byte	1                               @ DW_AT_frame_base
	.byte	93
	.long	.Linfo_string238                @ DW_AT_name
	.byte	1                               @ DW_AT_decl_file
	.short	1122                            @ DW_AT_decl_line
                                        @ DW_AT_prototyped
	.long	495                             @ DW_AT_type
                                        @ DW_AT_external
	.byte	32                              @ Abbrev [32] 0x1477:0xf DW_TAG_formal_parameter
	.byte	2                               @ DW_AT_location
	.byte	145
	.byte	32
	.long	.Linfo_string270                @ DW_AT_name
	.byte	1                               @ DW_AT_decl_file
	.short	1122                            @ DW_AT_decl_line
	.long	942                             @ DW_AT_type
	.byte	32                              @ Abbrev [32] 0x1486:0xf DW_TAG_formal_parameter
	.byte	2                               @ DW_AT_location
	.byte	145
	.byte	28
	.long	.Linfo_string307                @ DW_AT_name
	.byte	1                               @ DW_AT_decl_file
	.short	1122                            @ DW_AT_decl_line
	.long	327                             @ DW_AT_type
	.byte	32                              @ Abbrev [32] 0x1495:0xf DW_TAG_formal_parameter
	.byte	2                               @ DW_AT_location
	.byte	145
	.byte	24
	.long	.Linfo_string308                @ DW_AT_name
	.byte	1                               @ DW_AT_decl_file
	.short	1122                            @ DW_AT_decl_line
	.long	3744                            @ DW_AT_type
	.byte	30                              @ Abbrev [30] 0x14a4:0xf DW_TAG_variable
	.byte	2                               @ DW_AT_location
	.byte	145
	.byte	20
	.long	.Linfo_string276                @ DW_AT_name
	.byte	1                               @ DW_AT_decl_file
	.short	1124                            @ DW_AT_decl_line
	.long	590                             @ DW_AT_type
	.byte	0                               @ End Of Children Mark
	.byte	35                              @ Abbrev [35] 0x14b4:0x44 DW_TAG_subprogram
	.long	.Lfunc_begin20                  @ DW_AT_low_pc
	.long	.Lfunc_end20-.Lfunc_begin20     @ DW_AT_high_pc
	.byte	1                               @ DW_AT_frame_base
	.byte	93
	.long	.Linfo_string239                @ DW_AT_name
	.byte	1                               @ DW_AT_decl_file
	.short	2566                            @ DW_AT_decl_line
                                        @ DW_AT_prototyped
	.long	110                             @ DW_AT_type
	.byte	32                              @ Abbrev [32] 0x14ca:0xf DW_TAG_formal_parameter
	.byte	2                               @ DW_AT_location
	.byte	145
	.byte	12
	.long	.Linfo_string307                @ DW_AT_name
	.byte	1                               @ DW_AT_decl_file
	.short	2566                            @ DW_AT_decl_line
	.long	327                             @ DW_AT_type
	.byte	30                              @ Abbrev [30] 0x14d9:0xf DW_TAG_variable
	.byte	2                               @ DW_AT_location
	.byte	145
	.byte	8
	.long	.Linfo_string276                @ DW_AT_name
	.byte	1                               @ DW_AT_decl_file
	.short	2568                            @ DW_AT_decl_line
	.long	590                             @ DW_AT_type
	.byte	30                              @ Abbrev [30] 0x14e8:0xf DW_TAG_variable
	.byte	2                               @ DW_AT_location
	.byte	145
	.byte	4
	.long	.Linfo_string309                @ DW_AT_name
	.byte	1                               @ DW_AT_decl_file
	.short	2569                            @ DW_AT_decl_line
	.long	110                             @ DW_AT_type
	.byte	0                               @ End Of Children Mark
	.byte	35                              @ Abbrev [35] 0x14f8:0x35 DW_TAG_subprogram
	.long	.Lfunc_begin21                  @ DW_AT_low_pc
	.long	.Lfunc_end21-.Lfunc_begin21     @ DW_AT_high_pc
	.byte	1                               @ DW_AT_frame_base
	.byte	93
	.long	.Linfo_string240                @ DW_AT_name
	.byte	1                               @ DW_AT_decl_file
	.short	1088                            @ DW_AT_decl_line
                                        @ DW_AT_prototyped
	.long	495                             @ DW_AT_type
	.byte	32                              @ Abbrev [32] 0x150e:0xf DW_TAG_formal_parameter
	.byte	2                               @ DW_AT_location
	.byte	145
	.byte	4
	.long	.Linfo_string310                @ DW_AT_name
	.byte	1                               @ DW_AT_decl_file
	.short	1088                            @ DW_AT_decl_line
	.long	64                              @ DW_AT_type
	.byte	30                              @ Abbrev [30] 0x151d:0xf DW_TAG_variable
	.byte	2                               @ DW_AT_location
	.byte	145
	.byte	0
	.long	.Linfo_string311                @ DW_AT_name
	.byte	1                               @ DW_AT_decl_file
	.short	1090                            @ DW_AT_decl_line
	.long	64                              @ DW_AT_type
	.byte	0                               @ End Of Children Mark
	.byte	34                              @ Abbrev [34] 0x152d:0x80 DW_TAG_subprogram
	.long	.Lfunc_begin22                  @ DW_AT_low_pc
	.long	.Lfunc_end22-.Lfunc_begin22     @ DW_AT_high_pc
	.byte	1                               @ DW_AT_frame_base
	.byte	93
	.long	.Linfo_string241                @ DW_AT_name
	.byte	1                               @ DW_AT_decl_file
	.short	1170                            @ DW_AT_decl_line
                                        @ DW_AT_prototyped
	.long	502                             @ DW_AT_type
                                        @ DW_AT_external
	.byte	32                              @ Abbrev [32] 0x1543:0xf DW_TAG_formal_parameter
	.byte	2                               @ DW_AT_location
	.byte	145
	.byte	28
	.long	.Linfo_string270                @ DW_AT_name
	.byte	1                               @ DW_AT_decl_file
	.short	1170                            @ DW_AT_decl_line
	.long	942                             @ DW_AT_type
	.byte	32                              @ Abbrev [32] 0x1552:0xf DW_TAG_formal_parameter
	.byte	2                               @ DW_AT_location
	.byte	145
	.byte	24
	.long	.Linfo_string307                @ DW_AT_name
	.byte	1                               @ DW_AT_decl_file
	.short	1170                            @ DW_AT_decl_line
	.long	327                             @ DW_AT_type
	.byte	32                              @ Abbrev [32] 0x1561:0xf DW_TAG_formal_parameter
	.byte	2                               @ DW_AT_location
	.byte	145
	.byte	20
	.long	.Linfo_string308                @ DW_AT_name
	.byte	1                               @ DW_AT_decl_file
	.short	1170                            @ DW_AT_decl_line
	.long	3744                            @ DW_AT_type
	.byte	32                              @ Abbrev [32] 0x1570:0xf DW_TAG_formal_parameter
	.byte	2                               @ DW_AT_location
	.byte	145
	.byte	16
	.long	.Linfo_string312                @ DW_AT_name
	.byte	1                               @ DW_AT_decl_file
	.short	1170                            @ DW_AT_decl_line
	.long	3744                            @ DW_AT_type
	.byte	32                              @ Abbrev [32] 0x157f:0xf DW_TAG_formal_parameter
	.byte	2                               @ DW_AT_location
	.byte	145
	.byte	40
	.long	.Linfo_string313                @ DW_AT_name
	.byte	1                               @ DW_AT_decl_file
	.short	1170                            @ DW_AT_decl_line
	.long	3744                            @ DW_AT_type
	.byte	30                              @ Abbrev [30] 0x158e:0xf DW_TAG_variable
	.byte	2                               @ DW_AT_location
	.byte	145
	.byte	12
	.long	.Linfo_string309                @ DW_AT_name
	.byte	1                               @ DW_AT_decl_file
	.short	1172                            @ DW_AT_decl_line
	.long	502                             @ DW_AT_type
	.byte	30                              @ Abbrev [30] 0x159d:0xf DW_TAG_variable
	.byte	2                               @ DW_AT_location
	.byte	145
	.byte	8
	.long	.Linfo_string274                @ DW_AT_name
	.byte	1                               @ DW_AT_decl_file
	.short	1172                            @ DW_AT_decl_line
	.long	502                             @ DW_AT_type
	.byte	0                               @ End Of Children Mark
	.byte	35                              @ Abbrev [35] 0x15ad:0x53 DW_TAG_subprogram
	.long	.Lfunc_begin23                  @ DW_AT_low_pc
	.long	.Lfunc_end23-.Lfunc_begin23     @ DW_AT_high_pc
	.byte	1                               @ DW_AT_frame_base
	.byte	93
	.long	.Linfo_string242                @ DW_AT_name
	.byte	1                               @ DW_AT_decl_file
	.short	1037                            @ DW_AT_decl_line
                                        @ DW_AT_prototyped
	.long	502                             @ DW_AT_type
	.byte	32                              @ Abbrev [32] 0x15c3:0xf DW_TAG_formal_parameter
	.byte	2                               @ DW_AT_location
	.byte	145
	.byte	28
	.long	.Linfo_string270                @ DW_AT_name
	.byte	1                               @ DW_AT_decl_file
	.short	1037                            @ DW_AT_decl_line
	.long	942                             @ DW_AT_type
	.byte	32                              @ Abbrev [32] 0x15d2:0xf DW_TAG_formal_parameter
	.byte	2                               @ DW_AT_location
	.byte	145
	.byte	24
	.long	.Linfo_string307                @ DW_AT_name
	.byte	1                               @ DW_AT_decl_file
	.short	1037                            @ DW_AT_decl_line
	.long	327                             @ DW_AT_type
	.byte	30                              @ Abbrev [30] 0x15e1:0xf DW_TAG_variable
	.byte	2                               @ DW_AT_location
	.byte	145
	.byte	20
	.long	.Linfo_string276                @ DW_AT_name
	.byte	1                               @ DW_AT_decl_file
	.short	1039                            @ DW_AT_decl_line
	.long	502                             @ DW_AT_type
	.byte	30                              @ Abbrev [30] 0x15f0:0xf DW_TAG_variable
	.byte	2                               @ DW_AT_location
	.byte	145
	.byte	16
	.long	.Linfo_string309                @ DW_AT_name
	.byte	1                               @ DW_AT_decl_file
	.short	1039                            @ DW_AT_decl_line
	.long	502                             @ DW_AT_type
	.byte	0                               @ End Of Children Mark
	.byte	33                              @ Abbrev [33] 0x1600:0x31 DW_TAG_subprogram
	.long	.Lfunc_begin24                  @ DW_AT_low_pc
	.long	.Lfunc_end24-.Lfunc_begin24     @ DW_AT_high_pc
	.byte	1                               @ DW_AT_frame_base
	.byte	93
	.long	.Linfo_string243                @ DW_AT_name
	.byte	1                               @ DW_AT_decl_file
	.short	1026                            @ DW_AT_decl_line
                                        @ DW_AT_prototyped
	.byte	32                              @ Abbrev [32] 0x1612:0xf DW_TAG_formal_parameter
	.byte	2                               @ DW_AT_location
	.byte	145
	.byte	4
	.long	.Linfo_string297                @ DW_AT_name
	.byte	1                               @ DW_AT_decl_file
	.short	1026                            @ DW_AT_decl_line
	.long	9025                            @ DW_AT_type
	.byte	30                              @ Abbrev [30] 0x1621:0xf DW_TAG_variable
	.byte	2                               @ DW_AT_location
	.byte	145
	.byte	0
	.long	.Linfo_string276                @ DW_AT_name
	.byte	1                               @ DW_AT_decl_file
	.short	1028                            @ DW_AT_decl_line
	.long	502                             @ DW_AT_type
	.byte	0                               @ End Of Children Mark
	.byte	34                              @ Abbrev [34] 0x1631:0x9e DW_TAG_subprogram
	.long	.Lfunc_begin25                  @ DW_AT_low_pc
	.long	.Lfunc_end25-.Lfunc_begin25     @ DW_AT_high_pc
	.byte	1                               @ DW_AT_frame_base
	.byte	93
	.long	.Linfo_string244                @ DW_AT_name
	.byte	1                               @ DW_AT_decl_file
	.short	1236                            @ DW_AT_decl_line
                                        @ DW_AT_prototyped
	.long	502                             @ DW_AT_type
                                        @ DW_AT_external
	.byte	32                              @ Abbrev [32] 0x1647:0xf DW_TAG_formal_parameter
	.byte	2                               @ DW_AT_location
	.byte	145
	.byte	28
	.long	.Linfo_string270                @ DW_AT_name
	.byte	1                               @ DW_AT_decl_file
	.short	1236                            @ DW_AT_decl_line
	.long	942                             @ DW_AT_type
	.byte	32                              @ Abbrev [32] 0x1656:0xf DW_TAG_formal_parameter
	.byte	2                               @ DW_AT_location
	.byte	145
	.byte	24
	.long	.Linfo_string307                @ DW_AT_name
	.byte	1                               @ DW_AT_decl_file
	.short	1236                            @ DW_AT_decl_line
	.long	327                             @ DW_AT_type
	.byte	32                              @ Abbrev [32] 0x1665:0xf DW_TAG_formal_parameter
	.byte	2                               @ DW_AT_location
	.byte	145
	.byte	20
	.long	.Linfo_string286                @ DW_AT_name
	.byte	1                               @ DW_AT_decl_file
	.short	1236                            @ DW_AT_decl_line
	.long	9014                            @ DW_AT_type
	.byte	32                              @ Abbrev [32] 0x1674:0xf DW_TAG_formal_parameter
	.byte	2                               @ DW_AT_location
	.byte	145
	.byte	16
	.long	.Linfo_string288                @ DW_AT_name
	.byte	1                               @ DW_AT_decl_file
	.short	1236                            @ DW_AT_decl_line
	.long	502                             @ DW_AT_type
	.byte	32                              @ Abbrev [32] 0x1683:0xf DW_TAG_formal_parameter
	.byte	2                               @ DW_AT_location
	.byte	145
	.byte	40
	.long	.Linfo_string312                @ DW_AT_name
	.byte	1                               @ DW_AT_decl_file
	.short	1236                            @ DW_AT_decl_line
	.long	3744                            @ DW_AT_type
	.byte	32                              @ Abbrev [32] 0x1692:0xf DW_TAG_formal_parameter
	.byte	2                               @ DW_AT_location
	.byte	145
	.byte	44
	.long	.Linfo_string313                @ DW_AT_name
	.byte	1                               @ DW_AT_decl_file
	.short	1236                            @ DW_AT_decl_line
	.long	3744                            @ DW_AT_type
	.byte	32                              @ Abbrev [32] 0x16a1:0xf DW_TAG_formal_parameter
	.byte	2                               @ DW_AT_location
	.byte	145
	.byte	48
	.long	.Linfo_string314                @ DW_AT_name
	.byte	1                               @ DW_AT_decl_file
	.short	1236                            @ DW_AT_decl_line
	.long	590                             @ DW_AT_type
	.byte	30                              @ Abbrev [30] 0x16b0:0xf DW_TAG_variable
	.byte	2                               @ DW_AT_location
	.byte	145
	.byte	12
	.long	.Linfo_string309                @ DW_AT_name
	.byte	1                               @ DW_AT_decl_file
	.short	1238                            @ DW_AT_decl_line
	.long	502                             @ DW_AT_type
	.byte	30                              @ Abbrev [30] 0x16bf:0xf DW_TAG_variable
	.byte	2                               @ DW_AT_location
	.byte	145
	.byte	8
	.long	.Linfo_string274                @ DW_AT_name
	.byte	1                               @ DW_AT_decl_file
	.short	1238                            @ DW_AT_decl_line
	.long	502                             @ DW_AT_type
	.byte	0                               @ End Of Children Mark
	.byte	34                              @ Abbrev [34] 0x16cf:0xad DW_TAG_subprogram
	.long	.Lfunc_begin26                  @ DW_AT_low_pc
	.long	.Lfunc_end26-.Lfunc_begin26     @ DW_AT_high_pc
	.byte	1                               @ DW_AT_frame_base
	.byte	93
	.long	.Linfo_string245                @ DW_AT_name
	.byte	1                               @ DW_AT_decl_file
	.short	1301                            @ DW_AT_decl_line
                                        @ DW_AT_prototyped
	.long	502                             @ DW_AT_type
                                        @ DW_AT_external
	.byte	32                              @ Abbrev [32] 0x16e5:0xf DW_TAG_formal_parameter
	.byte	2                               @ DW_AT_location
	.byte	145
	.byte	28
	.long	.Linfo_string270                @ DW_AT_name
	.byte	1                               @ DW_AT_decl_file
	.short	1301                            @ DW_AT_decl_line
	.long	942                             @ DW_AT_type
	.byte	32                              @ Abbrev [32] 0x16f4:0xf DW_TAG_formal_parameter
	.byte	2                               @ DW_AT_location
	.byte	145
	.byte	24
	.long	.Linfo_string307                @ DW_AT_name
	.byte	1                               @ DW_AT_decl_file
	.short	1301                            @ DW_AT_decl_line
	.long	327                             @ DW_AT_type
	.byte	32                              @ Abbrev [32] 0x1703:0xf DW_TAG_formal_parameter
	.byte	2                               @ DW_AT_location
	.byte	145
	.byte	20
	.long	.Linfo_string315                @ DW_AT_name
	.byte	1                               @ DW_AT_decl_file
	.short	1301                            @ DW_AT_decl_line
	.long	3744                            @ DW_AT_type
	.byte	32                              @ Abbrev [32] 0x1712:0xf DW_TAG_formal_parameter
	.byte	2                               @ DW_AT_location
	.byte	145
	.byte	16
	.long	.Linfo_string316                @ DW_AT_name
	.byte	1                               @ DW_AT_decl_file
	.short	1301                            @ DW_AT_decl_line
	.long	3744                            @ DW_AT_type
	.byte	32                              @ Abbrev [32] 0x1721:0xf DW_TAG_formal_parameter
	.byte	2                               @ DW_AT_location
	.byte	145
	.byte	40
	.long	.Linfo_string317                @ DW_AT_name
	.byte	1                               @ DW_AT_decl_file
	.short	1301                            @ DW_AT_decl_line
	.long	3744                            @ DW_AT_type
	.byte	32                              @ Abbrev [32] 0x1730:0xf DW_TAG_formal_parameter
	.byte	2                               @ DW_AT_location
	.byte	145
	.byte	44
	.long	.Linfo_string318                @ DW_AT_name
	.byte	1                               @ DW_AT_decl_file
	.short	1301                            @ DW_AT_decl_line
	.long	3744                            @ DW_AT_type
	.byte	32                              @ Abbrev [32] 0x173f:0xf DW_TAG_formal_parameter
	.byte	2                               @ DW_AT_location
	.byte	145
	.byte	48
	.long	.Linfo_string319                @ DW_AT_name
	.byte	1                               @ DW_AT_decl_file
	.short	1301                            @ DW_AT_decl_line
	.long	3744                            @ DW_AT_type
	.byte	30                              @ Abbrev [30] 0x174e:0xf DW_TAG_variable
	.byte	2                               @ DW_AT_location
	.byte	145
	.byte	12
	.long	.Linfo_string276                @ DW_AT_name
	.byte	1                               @ DW_AT_decl_file
	.short	1303                            @ DW_AT_decl_line
	.long	502                             @ DW_AT_type
	.byte	30                              @ Abbrev [30] 0x175d:0xf DW_TAG_variable
	.byte	2                               @ DW_AT_location
	.byte	145
	.byte	8
	.long	.Linfo_string309                @ DW_AT_name
	.byte	1                               @ DW_AT_decl_file
	.short	1303                            @ DW_AT_decl_line
	.long	502                             @ DW_AT_type
	.byte	30                              @ Abbrev [30] 0x176c:0xf DW_TAG_variable
	.byte	2                               @ DW_AT_location
	.byte	145
	.byte	4
	.long	.Linfo_string274                @ DW_AT_name
	.byte	1                               @ DW_AT_decl_file
	.short	1303                            @ DW_AT_decl_line
	.long	502                             @ DW_AT_type
	.byte	0                               @ End Of Children Mark
	.byte	34                              @ Abbrev [34] 0x177c:0x9e DW_TAG_subprogram
	.long	.Lfunc_begin27                  @ DW_AT_low_pc
	.long	.Lfunc_end27-.Lfunc_begin27     @ DW_AT_high_pc
	.byte	1                               @ DW_AT_frame_base
	.byte	93
	.long	.Linfo_string246                @ DW_AT_name
	.byte	1                               @ DW_AT_decl_file
	.short	1385                            @ DW_AT_decl_line
                                        @ DW_AT_prototyped
	.long	502                             @ DW_AT_type
                                        @ DW_AT_external
	.byte	32                              @ Abbrev [32] 0x1792:0xf DW_TAG_formal_parameter
	.byte	2                               @ DW_AT_location
	.byte	145
	.byte	28
	.long	.Linfo_string270                @ DW_AT_name
	.byte	1                               @ DW_AT_decl_file
	.short	1385                            @ DW_AT_decl_line
	.long	942                             @ DW_AT_type
	.byte	32                              @ Abbrev [32] 0x17a1:0xf DW_TAG_formal_parameter
	.byte	2                               @ DW_AT_location
	.byte	145
	.byte	24
	.long	.Linfo_string307                @ DW_AT_name
	.byte	1                               @ DW_AT_decl_file
	.short	1385                            @ DW_AT_decl_line
	.long	327                             @ DW_AT_type
	.byte	32                              @ Abbrev [32] 0x17b0:0xf DW_TAG_formal_parameter
	.byte	2                               @ DW_AT_location
	.byte	145
	.byte	20
	.long	.Linfo_string308                @ DW_AT_name
	.byte	1                               @ DW_AT_decl_file
	.short	1385                            @ DW_AT_decl_line
	.long	3744                            @ DW_AT_type
	.byte	32                              @ Abbrev [32] 0x17bf:0xf DW_TAG_formal_parameter
	.byte	2                               @ DW_AT_location
	.byte	145
	.byte	16
	.long	.Linfo_string312                @ DW_AT_name
	.byte	1                               @ DW_AT_decl_file
	.short	1385                            @ DW_AT_decl_line
	.long	3744                            @ DW_AT_type
	.byte	32                              @ Abbrev [32] 0x17ce:0xf DW_TAG_formal_parameter
	.byte	2                               @ DW_AT_location
	.byte	145
	.byte	40
	.long	.Linfo_string313                @ DW_AT_name
	.byte	1                               @ DW_AT_decl_file
	.short	1385                            @ DW_AT_decl_line
	.long	3744                            @ DW_AT_type
	.byte	32                              @ Abbrev [32] 0x17dd:0xf DW_TAG_formal_parameter
	.byte	2                               @ DW_AT_location
	.byte	145
	.byte	44
	.long	.Linfo_string320                @ DW_AT_name
	.byte	1                               @ DW_AT_decl_file
	.short	1385                            @ DW_AT_decl_line
	.long	3744                            @ DW_AT_type
	.byte	30                              @ Abbrev [30] 0x17ec:0xf DW_TAG_variable
	.byte	2                               @ DW_AT_location
	.byte	145
	.byte	12
	.long	.Linfo_string276                @ DW_AT_name
	.byte	1                               @ DW_AT_decl_file
	.short	1387                            @ DW_AT_decl_line
	.long	502                             @ DW_AT_type
	.byte	30                              @ Abbrev [30] 0x17fb:0xf DW_TAG_variable
	.byte	2                               @ DW_AT_location
	.byte	145
	.byte	8
	.long	.Linfo_string309                @ DW_AT_name
	.byte	1                               @ DW_AT_decl_file
	.short	1387                            @ DW_AT_decl_line
	.long	502                             @ DW_AT_type
	.byte	30                              @ Abbrev [30] 0x180a:0xf DW_TAG_variable
	.byte	2                               @ DW_AT_location
	.byte	145
	.byte	4
	.long	.Linfo_string274                @ DW_AT_name
	.byte	1                               @ DW_AT_decl_file
	.short	1387                            @ DW_AT_decl_line
	.long	502                             @ DW_AT_type
	.byte	0                               @ End Of Children Mark
	.byte	33                              @ Abbrev [33] 0x181a:0x9a DW_TAG_subprogram
	.long	.Lfunc_begin28                  @ DW_AT_low_pc
	.long	.Lfunc_end28-.Lfunc_begin28     @ DW_AT_high_pc
	.byte	1                               @ DW_AT_frame_base
	.byte	93
	.long	.Linfo_string247                @ DW_AT_name
	.byte	1                               @ DW_AT_decl_file
	.short	921                             @ DW_AT_decl_line
                                        @ DW_AT_prototyped
	.byte	32                              @ Abbrev [32] 0x182c:0xf DW_TAG_formal_parameter
	.byte	2                               @ DW_AT_location
	.byte	145
	.byte	44
	.long	.Linfo_string301                @ DW_AT_name
	.byte	1                               @ DW_AT_decl_file
	.short	921                             @ DW_AT_decl_line
	.long	3744                            @ DW_AT_type
	.byte	32                              @ Abbrev [32] 0x183b:0xf DW_TAG_formal_parameter
	.byte	2                               @ DW_AT_location
	.byte	145
	.byte	40
	.long	.Linfo_string297                @ DW_AT_name
	.byte	1                               @ DW_AT_decl_file
	.short	921                             @ DW_AT_decl_line
	.long	9025                            @ DW_AT_type
	.byte	32                              @ Abbrev [32] 0x184a:0xf DW_TAG_formal_parameter
	.byte	2                               @ DW_AT_location
	.byte	145
	.byte	36
	.long	.Linfo_string321                @ DW_AT_name
	.byte	1                               @ DW_AT_decl_file
	.short	921                             @ DW_AT_decl_line
	.long	495                             @ DW_AT_type
	.byte	30                              @ Abbrev [30] 0x1859:0xf DW_TAG_variable
	.byte	2                               @ DW_AT_location
	.byte	145
	.byte	32
	.long	.Linfo_string302                @ DW_AT_name
	.byte	1                               @ DW_AT_decl_file
	.short	923                             @ DW_AT_decl_line
	.long	590                             @ DW_AT_type
	.byte	30                              @ Abbrev [30] 0x1868:0xf DW_TAG_variable
	.byte	2                               @ DW_AT_location
	.byte	145
	.byte	28
	.long	.Linfo_string322                @ DW_AT_name
	.byte	1                               @ DW_AT_decl_file
	.short	923                             @ DW_AT_decl_line
	.long	590                             @ DW_AT_type
	.byte	30                              @ Abbrev [30] 0x1877:0xf DW_TAG_variable
	.byte	2                               @ DW_AT_location
	.byte	145
	.byte	24
	.long	.Linfo_string303                @ DW_AT_name
	.byte	1                               @ DW_AT_decl_file
	.short	924                             @ DW_AT_decl_line
	.long	495                             @ DW_AT_type
	.byte	30                              @ Abbrev [30] 0x1886:0xf DW_TAG_variable
	.byte	2                               @ DW_AT_location
	.byte	145
	.byte	20
	.long	.Linfo_string300                @ DW_AT_name
	.byte	1                               @ DW_AT_decl_file
	.short	924                             @ DW_AT_decl_line
	.long	495                             @ DW_AT_type
	.byte	30                              @ Abbrev [30] 0x1895:0xf DW_TAG_variable
	.byte	2                               @ DW_AT_location
	.byte	145
	.byte	16
	.long	.Linfo_string276                @ DW_AT_name
	.byte	1                               @ DW_AT_decl_file
	.short	925                             @ DW_AT_decl_line
	.long	590                             @ DW_AT_type
	.byte	30                              @ Abbrev [30] 0x18a4:0xf DW_TAG_variable
	.byte	2                               @ DW_AT_location
	.byte	145
	.byte	12
	.long	.Linfo_string304                @ DW_AT_name
	.byte	1                               @ DW_AT_decl_file
	.short	925                             @ DW_AT_decl_line
	.long	590                             @ DW_AT_type
	.byte	0                               @ End Of Children Mark
	.byte	34                              @ Abbrev [34] 0x18b4:0x8f DW_TAG_subprogram
	.long	.Lfunc_begin29                  @ DW_AT_low_pc
	.long	.Lfunc_end29-.Lfunc_begin29     @ DW_AT_high_pc
	.byte	1                               @ DW_AT_frame_base
	.byte	93
	.long	.Linfo_string248                @ DW_AT_name
	.byte	1                               @ DW_AT_decl_file
	.short	1466                            @ DW_AT_decl_line
                                        @ DW_AT_prototyped
	.long	502                             @ DW_AT_type
                                        @ DW_AT_external
	.byte	32                              @ Abbrev [32] 0x18ca:0xf DW_TAG_formal_parameter
	.byte	2                               @ DW_AT_location
	.byte	145
	.byte	24
	.long	.Linfo_string270                @ DW_AT_name
	.byte	1                               @ DW_AT_decl_file
	.short	1466                            @ DW_AT_decl_line
	.long	942                             @ DW_AT_type
	.byte	32                              @ Abbrev [32] 0x18d9:0xf DW_TAG_formal_parameter
	.byte	2                               @ DW_AT_location
	.byte	145
	.byte	20
	.long	.Linfo_string307                @ DW_AT_name
	.byte	1                               @ DW_AT_decl_file
	.short	1466                            @ DW_AT_decl_line
	.long	327                             @ DW_AT_type
	.byte	32                              @ Abbrev [32] 0x18e8:0xf DW_TAG_formal_parameter
	.byte	2                               @ DW_AT_location
	.byte	145
	.byte	16
	.long	.Linfo_string286                @ DW_AT_name
	.byte	1                               @ DW_AT_decl_file
	.short	1466                            @ DW_AT_decl_line
	.long	9014                            @ DW_AT_type
	.byte	32                              @ Abbrev [32] 0x18f7:0xf DW_TAG_formal_parameter
	.byte	2                               @ DW_AT_location
	.byte	145
	.byte	12
	.long	.Linfo_string288                @ DW_AT_name
	.byte	1                               @ DW_AT_decl_file
	.short	1466                            @ DW_AT_decl_line
	.long	502                             @ DW_AT_type
	.byte	32                              @ Abbrev [32] 0x1906:0xf DW_TAG_formal_parameter
	.byte	2                               @ DW_AT_location
	.byte	145
	.byte	40
	.long	.Linfo_string312                @ DW_AT_name
	.byte	1                               @ DW_AT_decl_file
	.short	1466                            @ DW_AT_decl_line
	.long	3744                            @ DW_AT_type
	.byte	32                              @ Abbrev [32] 0x1915:0xf DW_TAG_formal_parameter
	.byte	2                               @ DW_AT_location
	.byte	145
	.byte	44
	.long	.Linfo_string313                @ DW_AT_name
	.byte	1                               @ DW_AT_decl_file
	.short	1466                            @ DW_AT_decl_line
	.long	3744                            @ DW_AT_type
	.byte	30                              @ Abbrev [30] 0x1924:0xf DW_TAG_variable
	.byte	2                               @ DW_AT_location
	.byte	145
	.byte	8
	.long	.Linfo_string276                @ DW_AT_name
	.byte	1                               @ DW_AT_decl_file
	.short	1468                            @ DW_AT_decl_line
	.long	502                             @ DW_AT_type
	.byte	30                              @ Abbrev [30] 0x1933:0xf DW_TAG_variable
	.byte	2                               @ DW_AT_location
	.byte	145
	.byte	4
	.long	.Linfo_string274                @ DW_AT_name
	.byte	1                               @ DW_AT_decl_file
	.short	1468                            @ DW_AT_decl_line
	.long	502                             @ DW_AT_type
	.byte	0                               @ End Of Children Mark
	.byte	34                              @ Abbrev [34] 0x1943:0xc4 DW_TAG_subprogram
	.long	.Lfunc_begin30                  @ DW_AT_low_pc
	.long	.Lfunc_end30-.Lfunc_begin30     @ DW_AT_high_pc
	.byte	1                               @ DW_AT_frame_base
	.byte	93
	.long	.Linfo_string249                @ DW_AT_name
	.byte	1                               @ DW_AT_decl_file
	.short	1591                            @ DW_AT_decl_line
                                        @ DW_AT_prototyped
	.long	502                             @ DW_AT_type
                                        @ DW_AT_external
	.byte	32                              @ Abbrev [32] 0x1959:0x10 DW_TAG_formal_parameter
	.byte	3                               @ DW_AT_location
	.byte	145
	.ascii	"\324\001"
	.long	.Linfo_string270                @ DW_AT_name
	.byte	1                               @ DW_AT_decl_file
	.short	1591                            @ DW_AT_decl_line
	.long	942                             @ DW_AT_type
	.byte	32                              @ Abbrev [32] 0x1969:0x10 DW_TAG_formal_parameter
	.byte	3                               @ DW_AT_location
	.byte	145
	.ascii	"\320\001"
	.long	.Linfo_string307                @ DW_AT_name
	.byte	1                               @ DW_AT_decl_file
	.short	1591                            @ DW_AT_decl_line
	.long	327                             @ DW_AT_type
	.byte	32                              @ Abbrev [32] 0x1979:0x10 DW_TAG_formal_parameter
	.byte	3                               @ DW_AT_location
	.byte	145
	.ascii	"\314\001"
	.long	.Linfo_string323                @ DW_AT_name
	.byte	1                               @ DW_AT_decl_file
	.short	1591                            @ DW_AT_decl_line
	.long	3744                            @ DW_AT_type
	.byte	32                              @ Abbrev [32] 0x1989:0x10 DW_TAG_formal_parameter
	.byte	3                               @ DW_AT_location
	.byte	145
	.ascii	"\310\001"
	.long	.Linfo_string324                @ DW_AT_name
	.byte	1                               @ DW_AT_decl_file
	.short	1592                            @ DW_AT_decl_line
	.long	3744                            @ DW_AT_type
	.byte	32                              @ Abbrev [32] 0x1999:0x10 DW_TAG_formal_parameter
	.byte	3                               @ DW_AT_location
	.byte	145
	.ascii	"\340\001"
	.long	.Linfo_string317                @ DW_AT_name
	.byte	1                               @ DW_AT_decl_file
	.short	1592                            @ DW_AT_decl_line
	.long	3744                            @ DW_AT_type
	.byte	32                              @ Abbrev [32] 0x19a9:0x10 DW_TAG_formal_parameter
	.byte	3                               @ DW_AT_location
	.byte	145
	.ascii	"\344\001"
	.long	.Linfo_string325                @ DW_AT_name
	.byte	1                               @ DW_AT_decl_file
	.short	1592                            @ DW_AT_decl_line
	.long	3744                            @ DW_AT_type
	.byte	32                              @ Abbrev [32] 0x19b9:0x10 DW_TAG_formal_parameter
	.byte	3                               @ DW_AT_location
	.byte	145
	.ascii	"\350\001"
	.long	.Linfo_string326                @ DW_AT_name
	.byte	1                               @ DW_AT_decl_file
	.short	1592                            @ DW_AT_decl_line
	.long	3744                            @ DW_AT_type
	.byte	30                              @ Abbrev [30] 0x19c9:0x10 DW_TAG_variable
	.byte	3                               @ DW_AT_location
	.byte	145
	.ascii	"\200\001"
	.long	.Linfo_string327                @ DW_AT_name
	.byte	1                               @ DW_AT_decl_file
	.short	1594                            @ DW_AT_decl_line
	.long	2105                            @ DW_AT_type
	.byte	30                              @ Abbrev [30] 0x19d9:0xf DW_TAG_variable
	.byte	2                               @ DW_AT_location
	.byte	145
	.byte	56
	.long	.Linfo_string328                @ DW_AT_name
	.byte	1                               @ DW_AT_decl_file
	.short	1594                            @ DW_AT_decl_line
	.long	2105                            @ DW_AT_type
	.byte	30                              @ Abbrev [30] 0x19e8:0xf DW_TAG_variable
	.byte	2                               @ DW_AT_location
	.byte	145
	.byte	52
	.long	.Linfo_string276                @ DW_AT_name
	.byte	1                               @ DW_AT_decl_file
	.short	1595                            @ DW_AT_decl_line
	.long	502                             @ DW_AT_type
	.byte	30                              @ Abbrev [30] 0x19f7:0xf DW_TAG_variable
	.byte	2                               @ DW_AT_location
	.byte	145
	.byte	48
	.long	.Linfo_string309                @ DW_AT_name
	.byte	1                               @ DW_AT_decl_file
	.short	1595                            @ DW_AT_decl_line
	.long	502                             @ DW_AT_type
	.byte	0                               @ End Of Children Mark
	.byte	35                              @ Abbrev [35] 0x1a07:0x53 DW_TAG_subprogram
	.long	.Lfunc_begin31                  @ DW_AT_low_pc
	.long	.Lfunc_end31-.Lfunc_begin31     @ DW_AT_high_pc
	.byte	1                               @ DW_AT_frame_base
	.byte	93
	.long	.Linfo_string250                @ DW_AT_name
	.byte	1                               @ DW_AT_decl_file
	.short	1518                            @ DW_AT_decl_line
                                        @ DW_AT_prototyped
	.long	502                             @ DW_AT_type
	.byte	32                              @ Abbrev [32] 0x1a1d:0xf DW_TAG_formal_parameter
	.byte	2                               @ DW_AT_location
	.byte	145
	.byte	16
	.long	.Linfo_string270                @ DW_AT_name
	.byte	1                               @ DW_AT_decl_file
	.short	1518                            @ DW_AT_decl_line
	.long	942                             @ DW_AT_type
	.byte	32                              @ Abbrev [32] 0x1a2c:0xf DW_TAG_formal_parameter
	.byte	2                               @ DW_AT_location
	.byte	145
	.byte	12
	.long	.Linfo_string329                @ DW_AT_name
	.byte	1                               @ DW_AT_decl_file
	.short	1518                            @ DW_AT_decl_line
	.long	590                             @ DW_AT_type
	.byte	30                              @ Abbrev [30] 0x1a3b:0xf DW_TAG_variable
	.byte	2                               @ DW_AT_location
	.byte	145
	.byte	8
	.long	.Linfo_string330                @ DW_AT_name
	.byte	1                               @ DW_AT_decl_file
	.short	1520                            @ DW_AT_decl_line
	.long	590                             @ DW_AT_type
	.byte	30                              @ Abbrev [30] 0x1a4a:0xf DW_TAG_variable
	.byte	2                               @ DW_AT_location
	.byte	145
	.byte	4
	.long	.Linfo_string274                @ DW_AT_name
	.byte	1                               @ DW_AT_decl_file
	.short	1521                            @ DW_AT_decl_line
	.long	502                             @ DW_AT_type
	.byte	0                               @ End Of Children Mark
	.byte	34                              @ Abbrev [34] 0x1a5a:0xe4 DW_TAG_subprogram
	.long	.Lfunc_begin32                  @ DW_AT_low_pc
	.long	.Lfunc_end32-.Lfunc_begin32     @ DW_AT_high_pc
	.byte	1                               @ DW_AT_frame_base
	.byte	93
	.long	.Linfo_string251                @ DW_AT_name
	.byte	1                               @ DW_AT_decl_file
	.short	1794                            @ DW_AT_decl_line
                                        @ DW_AT_prototyped
	.long	502                             @ DW_AT_type
                                        @ DW_AT_external
	.byte	32                              @ Abbrev [32] 0x1a70:0x10 DW_TAG_formal_parameter
	.byte	3                               @ DW_AT_location
	.byte	145
	.ascii	"\264\001"
	.long	.Linfo_string270                @ DW_AT_name
	.byte	1                               @ DW_AT_decl_file
	.short	1794                            @ DW_AT_decl_line
	.long	942                             @ DW_AT_type
	.byte	32                              @ Abbrev [32] 0x1a80:0x10 DW_TAG_formal_parameter
	.byte	3                               @ DW_AT_location
	.byte	145
	.ascii	"\260\001"
	.long	.Linfo_string307                @ DW_AT_name
	.byte	1                               @ DW_AT_decl_file
	.short	1794                            @ DW_AT_decl_line
	.long	327                             @ DW_AT_type
	.byte	32                              @ Abbrev [32] 0x1a90:0x10 DW_TAG_formal_parameter
	.byte	3                               @ DW_AT_location
	.byte	145
	.ascii	"\254\001"
	.long	.Linfo_string323                @ DW_AT_name
	.byte	1                               @ DW_AT_decl_file
	.short	1794                            @ DW_AT_decl_line
	.long	3744                            @ DW_AT_type
	.byte	32                              @ Abbrev [32] 0x1aa0:0x10 DW_TAG_formal_parameter
	.byte	3                               @ DW_AT_location
	.byte	145
	.ascii	"\250\001"
	.long	.Linfo_string331                @ DW_AT_name
	.byte	1                               @ DW_AT_decl_file
	.short	1794                            @ DW_AT_decl_line
	.long	9014                            @ DW_AT_type
	.byte	32                              @ Abbrev [32] 0x1ab0:0x10 DW_TAG_formal_parameter
	.byte	3                               @ DW_AT_location
	.byte	145
	.ascii	"\300\001"
	.long	.Linfo_string332                @ DW_AT_name
	.byte	1                               @ DW_AT_decl_file
	.short	1794                            @ DW_AT_decl_line
	.long	502                             @ DW_AT_type
	.byte	32                              @ Abbrev [32] 0x1ac0:0x10 DW_TAG_formal_parameter
	.byte	3                               @ DW_AT_location
	.byte	145
	.ascii	"\304\001"
	.long	.Linfo_string333                @ DW_AT_name
	.byte	1                               @ DW_AT_decl_file
	.short	1794                            @ DW_AT_decl_line
	.long	9014                            @ DW_AT_type
	.byte	32                              @ Abbrev [32] 0x1ad0:0x10 DW_TAG_formal_parameter
	.byte	3                               @ DW_AT_location
	.byte	145
	.ascii	"\310\001"
	.long	.Linfo_string334                @ DW_AT_name
	.byte	1                               @ DW_AT_decl_file
	.short	1794                            @ DW_AT_decl_line
	.long	502                             @ DW_AT_type
	.byte	32                              @ Abbrev [32] 0x1ae0:0x10 DW_TAG_formal_parameter
	.byte	3                               @ DW_AT_location
	.byte	145
	.ascii	"\314\001"
	.long	.Linfo_string325                @ DW_AT_name
	.byte	1                               @ DW_AT_decl_file
	.short	1794                            @ DW_AT_decl_line
	.long	3744                            @ DW_AT_type
	.byte	32                              @ Abbrev [32] 0x1af0:0x10 DW_TAG_formal_parameter
	.byte	3                               @ DW_AT_location
	.byte	145
	.ascii	"\320\001"
	.long	.Linfo_string326                @ DW_AT_name
	.byte	1                               @ DW_AT_decl_file
	.short	1794                            @ DW_AT_decl_line
	.long	3744                            @ DW_AT_type
	.byte	30                              @ Abbrev [30] 0x1b00:0x10 DW_TAG_variable
	.byte	3                               @ DW_AT_location
	.byte	145
	.asciz	"\340"
	.long	.Linfo_string327                @ DW_AT_name
	.byte	1                               @ DW_AT_decl_file
	.short	1796                            @ DW_AT_decl_line
	.long	2105                            @ DW_AT_type
	.byte	30                              @ Abbrev [30] 0x1b10:0xf DW_TAG_variable
	.byte	2                               @ DW_AT_location
	.byte	145
	.byte	24
	.long	.Linfo_string328                @ DW_AT_name
	.byte	1                               @ DW_AT_decl_file
	.short	1796                            @ DW_AT_decl_line
	.long	2105                            @ DW_AT_type
	.byte	30                              @ Abbrev [30] 0x1b1f:0xf DW_TAG_variable
	.byte	2                               @ DW_AT_location
	.byte	145
	.byte	20
	.long	.Linfo_string276                @ DW_AT_name
	.byte	1                               @ DW_AT_decl_file
	.short	1797                            @ DW_AT_decl_line
	.long	502                             @ DW_AT_type
	.byte	30                              @ Abbrev [30] 0x1b2e:0xf DW_TAG_variable
	.byte	2                               @ DW_AT_location
	.byte	145
	.byte	16
	.long	.Linfo_string309                @ DW_AT_name
	.byte	1                               @ DW_AT_decl_file
	.short	1797                            @ DW_AT_decl_line
	.long	502                             @ DW_AT_type
	.byte	0                               @ End Of Children Mark
	.byte	34                              @ Abbrev [34] 0x1b3e:0xe4 DW_TAG_subprogram
	.long	.Lfunc_begin33                  @ DW_AT_low_pc
	.long	.Lfunc_end33-.Lfunc_begin33     @ DW_AT_high_pc
	.byte	1                               @ DW_AT_frame_base
	.byte	93
	.long	.Linfo_string252                @ DW_AT_name
	.byte	1                               @ DW_AT_decl_file
	.short	1944                            @ DW_AT_decl_line
                                        @ DW_AT_prototyped
	.long	502                             @ DW_AT_type
                                        @ DW_AT_external
	.byte	32                              @ Abbrev [32] 0x1b54:0x10 DW_TAG_formal_parameter
	.byte	3                               @ DW_AT_location
	.byte	145
	.ascii	"\350\002"
	.long	.Linfo_string270                @ DW_AT_name
	.byte	1                               @ DW_AT_decl_file
	.short	1944                            @ DW_AT_decl_line
	.long	942                             @ DW_AT_type
	.byte	32                              @ Abbrev [32] 0x1b64:0x10 DW_TAG_formal_parameter
	.byte	3                               @ DW_AT_location
	.byte	145
	.ascii	"\344\002"
	.long	.Linfo_string307                @ DW_AT_name
	.byte	1                               @ DW_AT_decl_file
	.short	1944                            @ DW_AT_decl_line
	.long	327                             @ DW_AT_type
	.byte	32                              @ Abbrev [32] 0x1b74:0x10 DW_TAG_formal_parameter
	.byte	3                               @ DW_AT_location
	.byte	145
	.ascii	"\340\002"
	.long	.Linfo_string323                @ DW_AT_name
	.byte	1                               @ DW_AT_decl_file
	.short	1944                            @ DW_AT_decl_line
	.long	3744                            @ DW_AT_type
	.byte	32                              @ Abbrev [32] 0x1b84:0x10 DW_TAG_formal_parameter
	.byte	3                               @ DW_AT_location
	.byte	145
	.ascii	"\334\002"
	.long	.Linfo_string312                @ DW_AT_name
	.byte	1                               @ DW_AT_decl_file
	.short	1945                            @ DW_AT_decl_line
	.long	3744                            @ DW_AT_type
	.byte	32                              @ Abbrev [32] 0x1b94:0x10 DW_TAG_formal_parameter
	.byte	3                               @ DW_AT_location
	.byte	145
	.ascii	"\370\002"
	.long	.Linfo_string313                @ DW_AT_name
	.byte	1                               @ DW_AT_decl_file
	.short	1945                            @ DW_AT_decl_line
	.long	3744                            @ DW_AT_type
	.byte	32                              @ Abbrev [32] 0x1ba4:0x10 DW_TAG_formal_parameter
	.byte	3                               @ DW_AT_location
	.byte	145
	.ascii	"\374\002"
	.long	.Linfo_string325                @ DW_AT_name
	.byte	1                               @ DW_AT_decl_file
	.short	1945                            @ DW_AT_decl_line
	.long	3744                            @ DW_AT_type
	.byte	32                              @ Abbrev [32] 0x1bb4:0x10 DW_TAG_formal_parameter
	.byte	3                               @ DW_AT_location
	.byte	145
	.ascii	"\200\003"
	.long	.Linfo_string326                @ DW_AT_name
	.byte	1                               @ DW_AT_decl_file
	.short	1945                            @ DW_AT_decl_line
	.long	3744                            @ DW_AT_type
	.byte	30                              @ Abbrev [30] 0x1bc4:0x10 DW_TAG_variable
	.byte	3                               @ DW_AT_location
	.byte	145
	.ascii	"\224\002"
	.long	.Linfo_string327                @ DW_AT_name
	.byte	1                               @ DW_AT_decl_file
	.short	1947                            @ DW_AT_decl_line
	.long	9030                            @ DW_AT_type
	.byte	30                              @ Abbrev [30] 0x1bd4:0x10 DW_TAG_variable
	.byte	3                               @ DW_AT_location
	.byte	145
	.ascii	"\314\001"
	.long	.Linfo_string328                @ DW_AT_name
	.byte	1                               @ DW_AT_decl_file
	.short	1947                            @ DW_AT_decl_line
	.long	9030                            @ DW_AT_type
	.byte	30                              @ Abbrev [30] 0x1be4:0x10 DW_TAG_variable
	.byte	3                               @ DW_AT_location
	.byte	145
	.ascii	"\204\001"
	.long	.Linfo_string335                @ DW_AT_name
	.byte	1                               @ DW_AT_decl_file
	.short	1948                            @ DW_AT_decl_line
	.long	9030                            @ DW_AT_type
	.byte	30                              @ Abbrev [30] 0x1bf4:0xf DW_TAG_variable
	.byte	2                               @ DW_AT_location
	.byte	145
	.byte	60
	.long	.Linfo_string336                @ DW_AT_name
	.byte	1                               @ DW_AT_decl_file
	.short	1948                            @ DW_AT_decl_line
	.long	9030                            @ DW_AT_type
	.byte	30                              @ Abbrev [30] 0x1c03:0xf DW_TAG_variable
	.byte	2                               @ DW_AT_location
	.byte	145
	.byte	56
	.long	.Linfo_string276                @ DW_AT_name
	.byte	1                               @ DW_AT_decl_file
	.short	1949                            @ DW_AT_decl_line
	.long	502                             @ DW_AT_type
	.byte	30                              @ Abbrev [30] 0x1c12:0xf DW_TAG_variable
	.byte	2                               @ DW_AT_location
	.byte	145
	.byte	52
	.long	.Linfo_string309                @ DW_AT_name
	.byte	1                               @ DW_AT_decl_file
	.short	1949                            @ DW_AT_decl_line
	.long	502                             @ DW_AT_type
	.byte	0                               @ End Of Children Mark
	.byte	34                              @ Abbrev [34] 0x1c22:0x104 DW_TAG_subprogram
	.long	.Lfunc_begin34                  @ DW_AT_low_pc
	.long	.Lfunc_end34-.Lfunc_begin34     @ DW_AT_high_pc
	.byte	1                               @ DW_AT_frame_base
	.byte	93
	.long	.Linfo_string253                @ DW_AT_name
	.byte	1                               @ DW_AT_decl_file
	.short	2256                            @ DW_AT_decl_line
                                        @ DW_AT_prototyped
	.long	502                             @ DW_AT_type
                                        @ DW_AT_external
	.byte	32                              @ Abbrev [32] 0x1c38:0x10 DW_TAG_formal_parameter
	.byte	3                               @ DW_AT_location
	.byte	145
	.ascii	"\344\002"
	.long	.Linfo_string270                @ DW_AT_name
	.byte	1                               @ DW_AT_decl_file
	.short	2256                            @ DW_AT_decl_line
	.long	942                             @ DW_AT_type
	.byte	32                              @ Abbrev [32] 0x1c48:0x10 DW_TAG_formal_parameter
	.byte	3                               @ DW_AT_location
	.byte	145
	.ascii	"\340\002"
	.long	.Linfo_string307                @ DW_AT_name
	.byte	1                               @ DW_AT_decl_file
	.short	2256                            @ DW_AT_decl_line
	.long	327                             @ DW_AT_type
	.byte	32                              @ Abbrev [32] 0x1c58:0x10 DW_TAG_formal_parameter
	.byte	3                               @ DW_AT_location
	.byte	145
	.ascii	"\334\002"
	.long	.Linfo_string323                @ DW_AT_name
	.byte	1                               @ DW_AT_decl_file
	.short	2256                            @ DW_AT_decl_line
	.long	3744                            @ DW_AT_type
	.byte	32                              @ Abbrev [32] 0x1c68:0x10 DW_TAG_formal_parameter
	.byte	3                               @ DW_AT_location
	.byte	145
	.ascii	"\330\002"
	.long	.Linfo_string337                @ DW_AT_name
	.byte	1                               @ DW_AT_decl_file
	.short	2256                            @ DW_AT_decl_line
	.long	9014                            @ DW_AT_type
	.byte	32                              @ Abbrev [32] 0x1c78:0x10 DW_TAG_formal_parameter
	.byte	3                               @ DW_AT_location
	.byte	145
	.ascii	"\360\002"
	.long	.Linfo_string338                @ DW_AT_name
	.byte	1                               @ DW_AT_decl_file
	.short	2256                            @ DW_AT_decl_line
	.long	502                             @ DW_AT_type
	.byte	32                              @ Abbrev [32] 0x1c88:0x10 DW_TAG_formal_parameter
	.byte	3                               @ DW_AT_location
	.byte	145
	.ascii	"\364\002"
	.long	.Linfo_string339                @ DW_AT_name
	.byte	1                               @ DW_AT_decl_file
	.short	2256                            @ DW_AT_decl_line
	.long	9014                            @ DW_AT_type
	.byte	32                              @ Abbrev [32] 0x1c98:0x10 DW_TAG_formal_parameter
	.byte	3                               @ DW_AT_location
	.byte	145
	.ascii	"\370\002"
	.long	.Linfo_string340                @ DW_AT_name
	.byte	1                               @ DW_AT_decl_file
	.short	2256                            @ DW_AT_decl_line
	.long	502                             @ DW_AT_type
	.byte	32                              @ Abbrev [32] 0x1ca8:0x10 DW_TAG_formal_parameter
	.byte	3                               @ DW_AT_location
	.byte	145
	.ascii	"\374\002"
	.long	.Linfo_string325                @ DW_AT_name
	.byte	1                               @ DW_AT_decl_file
	.short	2256                            @ DW_AT_decl_line
	.long	3744                            @ DW_AT_type
	.byte	32                              @ Abbrev [32] 0x1cb8:0x10 DW_TAG_formal_parameter
	.byte	3                               @ DW_AT_location
	.byte	145
	.ascii	"\200\003"
	.long	.Linfo_string326                @ DW_AT_name
	.byte	1                               @ DW_AT_decl_file
	.short	2256                            @ DW_AT_decl_line
	.long	3744                            @ DW_AT_type
	.byte	30                              @ Abbrev [30] 0x1cc8:0x10 DW_TAG_variable
	.byte	3                               @ DW_AT_location
	.byte	145
	.ascii	"\220\002"
	.long	.Linfo_string327                @ DW_AT_name
	.byte	1                               @ DW_AT_decl_file
	.short	2258                            @ DW_AT_decl_line
	.long	9030                            @ DW_AT_type
	.byte	30                              @ Abbrev [30] 0x1cd8:0x10 DW_TAG_variable
	.byte	3                               @ DW_AT_location
	.byte	145
	.ascii	"\310\001"
	.long	.Linfo_string328                @ DW_AT_name
	.byte	1                               @ DW_AT_decl_file
	.short	2258                            @ DW_AT_decl_line
	.long	9030                            @ DW_AT_type
	.byte	30                              @ Abbrev [30] 0x1ce8:0x10 DW_TAG_variable
	.byte	3                               @ DW_AT_location
	.byte	145
	.ascii	"\200\001"
	.long	.Linfo_string335                @ DW_AT_name
	.byte	1                               @ DW_AT_decl_file
	.short	2259                            @ DW_AT_decl_line
	.long	9030                            @ DW_AT_type
	.byte	30                              @ Abbrev [30] 0x1cf8:0xf DW_TAG_variable
	.byte	2                               @ DW_AT_location
	.byte	145
	.byte	56
	.long	.Linfo_string336                @ DW_AT_name
	.byte	1                               @ DW_AT_decl_file
	.short	2259                            @ DW_AT_decl_line
	.long	9030                            @ DW_AT_type
	.byte	30                              @ Abbrev [30] 0x1d07:0xf DW_TAG_variable
	.byte	2                               @ DW_AT_location
	.byte	145
	.byte	52
	.long	.Linfo_string276                @ DW_AT_name
	.byte	1                               @ DW_AT_decl_file
	.short	2260                            @ DW_AT_decl_line
	.long	502                             @ DW_AT_type
	.byte	30                              @ Abbrev [30] 0x1d16:0xf DW_TAG_variable
	.byte	2                               @ DW_AT_location
	.byte	145
	.byte	48
	.long	.Linfo_string309                @ DW_AT_name
	.byte	1                               @ DW_AT_decl_file
	.short	2260                            @ DW_AT_decl_line
	.long	502                             @ DW_AT_type
	.byte	0                               @ End Of Children Mark
	.byte	31                              @ Abbrev [31] 0x1d26:0x22 DW_TAG_subprogram
	.long	.Lfunc_begin35                  @ DW_AT_low_pc
	.long	.Lfunc_end35-.Lfunc_begin35     @ DW_AT_high_pc
	.byte	1                               @ DW_AT_frame_base
	.byte	93
	.long	.Linfo_string254                @ DW_AT_name
	.byte	1                               @ DW_AT_decl_file
	.short	2593                            @ DW_AT_decl_line
                                        @ DW_AT_prototyped
                                        @ DW_AT_external
	.byte	32                              @ Abbrev [32] 0x1d38:0xf DW_TAG_formal_parameter
	.byte	2                               @ DW_AT_location
	.byte	145
	.byte	4
	.long	.Linfo_string270                @ DW_AT_name
	.byte	1                               @ DW_AT_decl_file
	.short	2593                            @ DW_AT_decl_line
	.long	942                             @ DW_AT_type
	.byte	0                               @ End Of Children Mark
	.byte	34                              @ Abbrev [34] 0x1d48:0x53 DW_TAG_subprogram
	.long	.Lfunc_begin36                  @ DW_AT_low_pc
	.long	.Lfunc_end36-.Lfunc_begin36     @ DW_AT_high_pc
	.byte	1                               @ DW_AT_frame_base
	.byte	93
	.long	.Linfo_string255                @ DW_AT_name
	.byte	1                               @ DW_AT_decl_file
	.short	2611                            @ DW_AT_decl_line
                                        @ DW_AT_prototyped
	.long	502                             @ DW_AT_type
                                        @ DW_AT_external
	.byte	32                              @ Abbrev [32] 0x1d5e:0xf DW_TAG_formal_parameter
	.byte	2                               @ DW_AT_location
	.byte	145
	.byte	12
	.long	.Linfo_string270                @ DW_AT_name
	.byte	1                               @ DW_AT_decl_file
	.short	2611                            @ DW_AT_decl_line
	.long	942                             @ DW_AT_type
	.byte	32                              @ Abbrev [32] 0x1d6d:0xf DW_TAG_formal_parameter
	.byte	2                               @ DW_AT_location
	.byte	145
	.byte	8
	.long	.Linfo_string307                @ DW_AT_name
	.byte	1                               @ DW_AT_decl_file
	.short	2611                            @ DW_AT_decl_line
	.long	327                             @ DW_AT_type
	.byte	32                              @ Abbrev [32] 0x1d7c:0xf DW_TAG_formal_parameter
	.byte	2                               @ DW_AT_location
	.byte	145
	.byte	4
	.long	.Linfo_string341                @ DW_AT_name
	.byte	1                               @ DW_AT_decl_file
	.short	2611                            @ DW_AT_decl_line
	.long	110                             @ DW_AT_type
	.byte	30                              @ Abbrev [30] 0x1d8b:0xf DW_TAG_variable
	.byte	2                               @ DW_AT_location
	.byte	145
	.byte	0
	.long	.Linfo_string342                @ DW_AT_name
	.byte	1                               @ DW_AT_decl_file
	.short	2613                            @ DW_AT_decl_line
	.long	502                             @ DW_AT_type
	.byte	0                               @ End Of Children Mark
	.byte	34                              @ Abbrev [34] 0x1d9b:0x71 DW_TAG_subprogram
	.long	.Lfunc_begin37                  @ DW_AT_low_pc
	.long	.Lfunc_end37-.Lfunc_begin37     @ DW_AT_high_pc
	.byte	1                               @ DW_AT_frame_base
	.byte	93
	.long	.Linfo_string256                @ DW_AT_name
	.byte	1                               @ DW_AT_decl_file
	.short	2731                            @ DW_AT_decl_line
                                        @ DW_AT_prototyped
	.long	502                             @ DW_AT_type
                                        @ DW_AT_external
	.byte	32                              @ Abbrev [32] 0x1db1:0xf DW_TAG_formal_parameter
	.byte	2                               @ DW_AT_location
	.byte	145
	.byte	16
	.long	.Linfo_string270                @ DW_AT_name
	.byte	1                               @ DW_AT_decl_file
	.short	2731                            @ DW_AT_decl_line
	.long	942                             @ DW_AT_type
	.byte	32                              @ Abbrev [32] 0x1dc0:0xf DW_TAG_formal_parameter
	.byte	2                               @ DW_AT_location
	.byte	145
	.byte	12
	.long	.Linfo_string281                @ DW_AT_name
	.byte	1                               @ DW_AT_decl_file
	.short	2731                            @ DW_AT_decl_line
	.long	590                             @ DW_AT_type
	.byte	32                              @ Abbrev [32] 0x1dcf:0xf DW_TAG_formal_parameter
	.byte	2                               @ DW_AT_location
	.byte	145
	.byte	8
	.long	.Linfo_string271                @ DW_AT_name
	.byte	1                               @ DW_AT_decl_file
	.short	2731                            @ DW_AT_decl_line
	.long	590                             @ DW_AT_type
	.byte	32                              @ Abbrev [32] 0x1dde:0xf DW_TAG_formal_parameter
	.byte	2                               @ DW_AT_location
	.byte	145
	.byte	4
	.long	.Linfo_string343                @ DW_AT_name
	.byte	1                               @ DW_AT_decl_file
	.short	2732                            @ DW_AT_decl_line
	.long	644                             @ DW_AT_type
	.byte	32                              @ Abbrev [32] 0x1ded:0xf DW_TAG_formal_parameter
	.byte	2                               @ DW_AT_location
	.byte	145
	.byte	32
	.long	.Linfo_string344                @ DW_AT_name
	.byte	1                               @ DW_AT_decl_file
	.short	2732                            @ DW_AT_decl_line
	.long	590                             @ DW_AT_type
	.byte	32                              @ Abbrev [32] 0x1dfc:0xf DW_TAG_formal_parameter
	.byte	2                               @ DW_AT_location
	.byte	145
	.byte	36
	.long	.Linfo_string345                @ DW_AT_name
	.byte	1                               @ DW_AT_decl_file
	.short	2732                            @ DW_AT_decl_line
	.long	590                             @ DW_AT_type
	.byte	0                               @ End Of Children Mark
	.byte	35                              @ Abbrev [35] 0x1e0c:0x53 DW_TAG_subprogram
	.long	.Lfunc_begin38                  @ DW_AT_low_pc
	.long	.Lfunc_end38-.Lfunc_begin38     @ DW_AT_high_pc
	.byte	1                               @ DW_AT_frame_base
	.byte	93
	.long	.Linfo_string257                @ DW_AT_name
	.byte	1                               @ DW_AT_decl_file
	.short	2654                            @ DW_AT_decl_line
                                        @ DW_AT_prototyped
	.long	502                             @ DW_AT_type
	.byte	32                              @ Abbrev [32] 0x1e22:0xf DW_TAG_formal_parameter
	.byte	2                               @ DW_AT_location
	.byte	145
	.byte	40
	.long	.Linfo_string281                @ DW_AT_name
	.byte	1                               @ DW_AT_decl_file
	.short	2654                            @ DW_AT_decl_line
	.long	590                             @ DW_AT_type
	.byte	32                              @ Abbrev [32] 0x1e31:0xf DW_TAG_formal_parameter
	.byte	2                               @ DW_AT_location
	.byte	145
	.byte	36
	.long	.Linfo_string344                @ DW_AT_name
	.byte	1                               @ DW_AT_decl_file
	.short	2654                            @ DW_AT_decl_line
	.long	590                             @ DW_AT_type
	.byte	32                              @ Abbrev [32] 0x1e40:0xf DW_TAG_formal_parameter
	.byte	2                               @ DW_AT_location
	.byte	145
	.byte	32
	.long	.Linfo_string345                @ DW_AT_name
	.byte	1                               @ DW_AT_decl_file
	.short	2654                            @ DW_AT_decl_line
	.long	590                             @ DW_AT_type
	.byte	30                              @ Abbrev [30] 0x1e4f:0xf DW_TAG_variable
	.byte	2                               @ DW_AT_location
	.byte	145
	.byte	4
	.long	.Linfo_string346                @ DW_AT_name
	.byte	1                               @ DW_AT_decl_file
	.short	2657                            @ DW_AT_decl_line
	.long	9002                            @ DW_AT_type
	.byte	0                               @ End Of Children Mark
	.byte	34                              @ Abbrev [34] 0x1e5f:0x35 DW_TAG_subprogram
	.long	.Lfunc_begin39                  @ DW_AT_low_pc
	.long	.Lfunc_end39-.Lfunc_begin39     @ DW_AT_high_pc
	.byte	1                               @ DW_AT_frame_base
	.byte	93
	.long	.Linfo_string258                @ DW_AT_name
	.byte	1                               @ DW_AT_decl_file
	.short	2757                            @ DW_AT_decl_line
                                        @ DW_AT_prototyped
	.long	502                             @ DW_AT_type
                                        @ DW_AT_external
	.byte	32                              @ Abbrev [32] 0x1e75:0xf DW_TAG_formal_parameter
	.byte	2                               @ DW_AT_location
	.byte	145
	.byte	16
	.long	.Linfo_string270                @ DW_AT_name
	.byte	1                               @ DW_AT_decl_file
	.short	2757                            @ DW_AT_decl_line
	.long	942                             @ DW_AT_type
	.byte	32                              @ Abbrev [32] 0x1e84:0xf DW_TAG_formal_parameter
	.byte	2                               @ DW_AT_location
	.byte	145
	.byte	12
	.long	.Linfo_string347                @ DW_AT_name
	.byte	1                               @ DW_AT_decl_file
	.short	2757                            @ DW_AT_decl_line
	.long	3744                            @ DW_AT_type
	.byte	0                               @ End Of Children Mark
	.byte	34                              @ Abbrev [34] 0x1e94:0x64 DW_TAG_subprogram
	.long	.Lfunc_begin40                  @ DW_AT_low_pc
	.long	.Lfunc_end40-.Lfunc_begin40     @ DW_AT_high_pc
	.byte	1                               @ DW_AT_frame_base
	.byte	93
	.long	.Linfo_string259                @ DW_AT_name
	.byte	1                               @ DW_AT_decl_file
	.short	2779                            @ DW_AT_decl_line
                                        @ DW_AT_prototyped
	.long	502                             @ DW_AT_type
                                        @ DW_AT_external
	.byte	32                              @ Abbrev [32] 0x1eaa:0x10 DW_TAG_formal_parameter
	.byte	3                               @ DW_AT_location
	.byte	145
	.asciz	"\300"
	.long	.Linfo_string270                @ DW_AT_name
	.byte	1                               @ DW_AT_decl_file
	.short	2779                            @ DW_AT_decl_line
	.long	942                             @ DW_AT_type
	.byte	32                              @ Abbrev [32] 0x1eba:0xf DW_TAG_formal_parameter
	.byte	2                               @ DW_AT_location
	.byte	145
	.byte	60
	.long	.Linfo_string348                @ DW_AT_name
	.byte	1                               @ DW_AT_decl_file
	.short	2779                            @ DW_AT_decl_line
	.long	3744                            @ DW_AT_type
	.byte	32                              @ Abbrev [32] 0x1ec9:0xf DW_TAG_formal_parameter
	.byte	2                               @ DW_AT_location
	.byte	145
	.byte	56
	.long	.Linfo_string349                @ DW_AT_name
	.byte	1                               @ DW_AT_decl_file
	.short	2779                            @ DW_AT_decl_line
	.long	3744                            @ DW_AT_type
	.byte	32                              @ Abbrev [32] 0x1ed8:0xf DW_TAG_formal_parameter
	.byte	2                               @ DW_AT_location
	.byte	145
	.byte	52
	.long	.Linfo_string350                @ DW_AT_name
	.byte	1                               @ DW_AT_decl_file
	.short	2779                            @ DW_AT_decl_line
	.long	3744                            @ DW_AT_type
	.byte	32                              @ Abbrev [32] 0x1ee7:0x10 DW_TAG_formal_parameter
	.byte	3                               @ DW_AT_location
	.byte	145
	.asciz	"\320"
	.long	.Linfo_string351                @ DW_AT_name
	.byte	1                               @ DW_AT_decl_file
	.short	2779                            @ DW_AT_decl_line
	.long	3744                            @ DW_AT_type
	.byte	0                               @ End Of Children Mark
	.byte	31                              @ Abbrev [31] 0x1ef8:0x22 DW_TAG_subprogram
	.long	.Lfunc_begin41                  @ DW_AT_low_pc
	.long	.Lfunc_end41-.Lfunc_begin41     @ DW_AT_high_pc
	.byte	1                               @ DW_AT_frame_base
	.byte	93
	.long	.Linfo_string260                @ DW_AT_name
	.byte	1                               @ DW_AT_decl_file
	.short	2849                            @ DW_AT_decl_line
                                        @ DW_AT_prototyped
                                        @ DW_AT_external
	.byte	32                              @ Abbrev [32] 0x1f0a:0xf DW_TAG_formal_parameter
	.byte	2                               @ DW_AT_location
	.byte	145
	.byte	0
	.long	.Linfo_string270                @ DW_AT_name
	.byte	1                               @ DW_AT_decl_file
	.short	2849                            @ DW_AT_decl_line
	.long	942                             @ DW_AT_type
	.byte	0                               @ End Of Children Mark
	.byte	34                              @ Abbrev [34] 0x1f1a:0x53 DW_TAG_subprogram
	.long	.Lfunc_begin42                  @ DW_AT_low_pc
	.long	.Lfunc_end42-.Lfunc_begin42     @ DW_AT_high_pc
	.byte	1                               @ DW_AT_frame_base
	.byte	93
	.long	.Linfo_string261                @ DW_AT_name
	.byte	1                               @ DW_AT_decl_file
	.short	2861                            @ DW_AT_decl_line
                                        @ DW_AT_prototyped
	.long	502                             @ DW_AT_type
                                        @ DW_AT_external
	.byte	32                              @ Abbrev [32] 0x1f30:0xf DW_TAG_formal_parameter
	.byte	2                               @ DW_AT_location
	.byte	145
	.byte	32
	.long	.Linfo_string270                @ DW_AT_name
	.byte	1                               @ DW_AT_decl_file
	.short	2861                            @ DW_AT_decl_line
	.long	942                             @ DW_AT_type
	.byte	32                              @ Abbrev [32] 0x1f3f:0xf DW_TAG_formal_parameter
	.byte	2                               @ DW_AT_location
	.byte	145
	.byte	28
	.long	.Linfo_string352                @ DW_AT_name
	.byte	1                               @ DW_AT_decl_file
	.short	2861                            @ DW_AT_decl_line
	.long	3744                            @ DW_AT_type
	.byte	30                              @ Abbrev [30] 0x1f4e:0xf DW_TAG_variable
	.byte	2                               @ DW_AT_location
	.byte	145
	.byte	12
	.long	.Linfo_string353                @ DW_AT_name
	.byte	1                               @ DW_AT_decl_file
	.short	2867                            @ DW_AT_decl_line
	.long	9042                            @ DW_AT_type
	.byte	30                              @ Abbrev [30] 0x1f5d:0xf DW_TAG_variable
	.byte	2                               @ DW_AT_location
	.byte	145
	.byte	8
	.long	.Linfo_string354                @ DW_AT_name
	.byte	1                               @ DW_AT_decl_file
	.short	2868                            @ DW_AT_decl_line
	.long	590                             @ DW_AT_type
	.byte	0                               @ End Of Children Mark
	.byte	34                              @ Abbrev [34] 0x1f6d:0x53 DW_TAG_subprogram
	.long	.Lfunc_begin43                  @ DW_AT_low_pc
	.long	.Lfunc_end43-.Lfunc_begin43     @ DW_AT_high_pc
	.byte	1                               @ DW_AT_frame_base
	.byte	93
	.long	.Linfo_string262                @ DW_AT_name
	.byte	1                               @ DW_AT_decl_file
	.short	2888                            @ DW_AT_decl_line
                                        @ DW_AT_prototyped
	.long	502                             @ DW_AT_type
                                        @ DW_AT_external
	.byte	32                              @ Abbrev [32] 0x1f83:0xf DW_TAG_formal_parameter
	.byte	2                               @ DW_AT_location
	.byte	145
	.byte	12
	.long	.Linfo_string270                @ DW_AT_name
	.byte	1                               @ DW_AT_decl_file
	.short	2888                            @ DW_AT_decl_line
	.long	942                             @ DW_AT_type
	.byte	32                              @ Abbrev [32] 0x1f92:0xf DW_TAG_formal_parameter
	.byte	2                               @ DW_AT_location
	.byte	145
	.byte	8
	.long	.Linfo_string355                @ DW_AT_name
	.byte	1                               @ DW_AT_decl_file
	.short	2888                            @ DW_AT_decl_line
	.long	590                             @ DW_AT_type
	.byte	32                              @ Abbrev [32] 0x1fa1:0xf DW_TAG_formal_parameter
	.byte	2                               @ DW_AT_location
	.byte	145
	.byte	4
	.long	.Linfo_string356                @ DW_AT_name
	.byte	1                               @ DW_AT_decl_file
	.short	2888                            @ DW_AT_decl_line
	.long	590                             @ DW_AT_type
	.byte	32                              @ Abbrev [32] 0x1fb0:0xf DW_TAG_formal_parameter
	.byte	2                               @ DW_AT_location
	.byte	145
	.byte	0
	.long	.Linfo_string357                @ DW_AT_name
	.byte	1                               @ DW_AT_decl_file
	.short	2888                            @ DW_AT_decl_line
	.long	590                             @ DW_AT_type
	.byte	0                               @ End Of Children Mark
	.byte	34                              @ Abbrev [34] 0x1fc0:0xbd DW_TAG_subprogram
	.long	.Lfunc_begin44                  @ DW_AT_low_pc
	.long	.Lfunc_end44-.Lfunc_begin44     @ DW_AT_high_pc
	.byte	1                               @ DW_AT_frame_base
	.byte	93
	.long	.Linfo_string263                @ DW_AT_name
	.byte	1                               @ DW_AT_decl_file
	.short	2925                            @ DW_AT_decl_line
                                        @ DW_AT_prototyped
	.long	502                             @ DW_AT_type
                                        @ DW_AT_external
	.byte	32                              @ Abbrev [32] 0x1fd6:0xf DW_TAG_formal_parameter
	.byte	2                               @ DW_AT_location
	.byte	145
	.byte	24
	.long	.Linfo_string270                @ DW_AT_name
	.byte	1                               @ DW_AT_decl_file
	.short	2925                            @ DW_AT_decl_line
	.long	942                             @ DW_AT_type
	.byte	32                              @ Abbrev [32] 0x1fe5:0xf DW_TAG_formal_parameter
	.byte	2                               @ DW_AT_location
	.byte	145
	.byte	20
	.long	.Linfo_string348                @ DW_AT_name
	.byte	1                               @ DW_AT_decl_file
	.short	2925                            @ DW_AT_decl_line
	.long	3744                            @ DW_AT_type
	.byte	32                              @ Abbrev [32] 0x1ff4:0xf DW_TAG_formal_parameter
	.byte	2                               @ DW_AT_location
	.byte	145
	.byte	16
	.long	.Linfo_string349                @ DW_AT_name
	.byte	1                               @ DW_AT_decl_file
	.short	2925                            @ DW_AT_decl_line
	.long	3744                            @ DW_AT_type
	.byte	32                              @ Abbrev [32] 0x2003:0xf DW_TAG_formal_parameter
	.byte	2                               @ DW_AT_location
	.byte	145
	.byte	12
	.long	.Linfo_string358                @ DW_AT_name
	.byte	1                               @ DW_AT_decl_file
	.short	2925                            @ DW_AT_decl_line
	.long	590                             @ DW_AT_type
	.byte	32                              @ Abbrev [32] 0x2012:0xf DW_TAG_formal_parameter
	.byte	2                               @ DW_AT_location
	.byte	145
	.byte	40
	.long	.Linfo_string359                @ DW_AT_name
	.byte	1                               @ DW_AT_decl_file
	.short	2926                            @ DW_AT_decl_line
	.long	590                             @ DW_AT_type
	.byte	32                              @ Abbrev [32] 0x2021:0xf DW_TAG_formal_parameter
	.byte	2                               @ DW_AT_location
	.byte	145
	.byte	44
	.long	.Linfo_string360                @ DW_AT_name
	.byte	1                               @ DW_AT_decl_file
	.short	2926                            @ DW_AT_decl_line
	.long	590                             @ DW_AT_type
	.byte	32                              @ Abbrev [32] 0x2030:0xf DW_TAG_formal_parameter
	.byte	2                               @ DW_AT_location
	.byte	145
	.byte	48
	.long	.Linfo_string361                @ DW_AT_name
	.byte	1                               @ DW_AT_decl_file
	.short	2926                            @ DW_AT_decl_line
	.long	590                             @ DW_AT_type
	.byte	32                              @ Abbrev [32] 0x203f:0xf DW_TAG_formal_parameter
	.byte	2                               @ DW_AT_location
	.byte	145
	.byte	52
	.long	.Linfo_string362                @ DW_AT_name
	.byte	1                               @ DW_AT_decl_file
	.short	2926                            @ DW_AT_decl_line
	.long	590                             @ DW_AT_type
	.byte	32                              @ Abbrev [32] 0x204e:0xf DW_TAG_formal_parameter
	.byte	2                               @ DW_AT_location
	.byte	145
	.byte	56
	.long	.Linfo_string363                @ DW_AT_name
	.byte	1                               @ DW_AT_decl_file
	.short	2927                            @ DW_AT_decl_line
	.long	590                             @ DW_AT_type
	.byte	32                              @ Abbrev [32] 0x205d:0xf DW_TAG_formal_parameter
	.byte	2                               @ DW_AT_location
	.byte	145
	.byte	60
	.long	.Linfo_string364                @ DW_AT_name
	.byte	1                               @ DW_AT_decl_file
	.short	2927                            @ DW_AT_decl_line
	.long	590                             @ DW_AT_type
	.byte	32                              @ Abbrev [32] 0x206c:0x10 DW_TAG_formal_parameter
	.byte	3                               @ DW_AT_location
	.byte	145
	.asciz	"\300"
	.long	.Linfo_string365                @ DW_AT_name
	.byte	1                               @ DW_AT_decl_file
	.short	2927                            @ DW_AT_decl_line
	.long	590                             @ DW_AT_type
	.byte	0                               @ End Of Children Mark
	.byte	34                              @ Abbrev [34] 0x207d:0xb6 DW_TAG_subprogram
	.long	.Lfunc_begin45                  @ DW_AT_low_pc
	.long	.Lfunc_end45-.Lfunc_begin45     @ DW_AT_high_pc
	.byte	1                               @ DW_AT_frame_base
	.byte	93
	.long	.Linfo_string264                @ DW_AT_name
	.byte	1                               @ DW_AT_decl_file
	.short	2974                            @ DW_AT_decl_line
                                        @ DW_AT_prototyped
	.long	502                             @ DW_AT_type
                                        @ DW_AT_external
	.byte	32                              @ Abbrev [32] 0x2093:0x10 DW_TAG_formal_parameter
	.byte	3                               @ DW_AT_location
	.byte	145
	.ascii	"\230\001"
	.long	.Linfo_string270                @ DW_AT_name
	.byte	1                               @ DW_AT_decl_file
	.short	2974                            @ DW_AT_decl_line
	.long	942                             @ DW_AT_type
	.byte	32                              @ Abbrev [32] 0x20a3:0x10 DW_TAG_formal_parameter
	.byte	3                               @ DW_AT_location
	.byte	145
	.ascii	"\224\001"
	.long	.Linfo_string307                @ DW_AT_name
	.byte	1                               @ DW_AT_decl_file
	.short	2974                            @ DW_AT_decl_line
	.long	327                             @ DW_AT_type
	.byte	32                              @ Abbrev [32] 0x20b3:0x10 DW_TAG_formal_parameter
	.byte	3                               @ DW_AT_location
	.byte	145
	.ascii	"\220\001"
	.long	.Linfo_string366                @ DW_AT_name
	.byte	1                               @ DW_AT_decl_file
	.short	2974                            @ DW_AT_decl_line
	.long	3744                            @ DW_AT_type
	.byte	32                              @ Abbrev [32] 0x20c3:0x10 DW_TAG_formal_parameter
	.byte	3                               @ DW_AT_location
	.byte	145
	.ascii	"\214\001"
	.long	.Linfo_string324                @ DW_AT_name
	.byte	1                               @ DW_AT_decl_file
	.short	2974                            @ DW_AT_decl_line
	.long	3744                            @ DW_AT_type
	.byte	32                              @ Abbrev [32] 0x20d3:0x10 DW_TAG_formal_parameter
	.byte	3                               @ DW_AT_location
	.byte	145
	.ascii	"\250\001"
	.long	.Linfo_string317                @ DW_AT_name
	.byte	1                               @ DW_AT_decl_file
	.short	2974                            @ DW_AT_decl_line
	.long	3744                            @ DW_AT_type
	.byte	32                              @ Abbrev [32] 0x20e3:0x10 DW_TAG_formal_parameter
	.byte	3                               @ DW_AT_location
	.byte	145
	.ascii	"\254\001"
	.long	.Linfo_string325                @ DW_AT_name
	.byte	1                               @ DW_AT_decl_file
	.short	2974                            @ DW_AT_decl_line
	.long	3744                            @ DW_AT_type
	.byte	32                              @ Abbrev [32] 0x20f3:0x10 DW_TAG_formal_parameter
	.byte	3                               @ DW_AT_location
	.byte	145
	.ascii	"\260\001"
	.long	.Linfo_string326                @ DW_AT_name
	.byte	1                               @ DW_AT_decl_file
	.short	2974                            @ DW_AT_decl_line
	.long	3744                            @ DW_AT_type
	.byte	30                              @ Abbrev [30] 0x2103:0x10 DW_TAG_variable
	.byte	3                               @ DW_AT_location
	.byte	145
	.asciz	"\304"
	.long	.Linfo_string367                @ DW_AT_name
	.byte	1                               @ DW_AT_decl_file
	.short	2976                            @ DW_AT_decl_line
	.long	9030                            @ DW_AT_type
	.byte	30                              @ Abbrev [30] 0x2113:0x10 DW_TAG_variable
	.byte	3                               @ DW_AT_location
	.byte	145
	.asciz	"\300"
	.long	.Linfo_string276                @ DW_AT_name
	.byte	1                               @ DW_AT_decl_file
	.short	2977                            @ DW_AT_decl_line
	.long	502                             @ DW_AT_type
	.byte	30                              @ Abbrev [30] 0x2123:0xf DW_TAG_variable
	.byte	2                               @ DW_AT_location
	.byte	145
	.byte	60
	.long	.Linfo_string309                @ DW_AT_name
	.byte	1                               @ DW_AT_decl_file
	.short	2977                            @ DW_AT_decl_line
	.long	502                             @ DW_AT_type
	.byte	0                               @ End Of Children Mark
	.byte	34                              @ Abbrev [34] 0x2133:0xf5 DW_TAG_subprogram
	.long	.Lfunc_begin46                  @ DW_AT_low_pc
	.long	.Lfunc_end46-.Lfunc_begin46     @ DW_AT_high_pc
	.byte	1                               @ DW_AT_frame_base
	.byte	93
	.long	.Linfo_string265                @ DW_AT_name
	.byte	1                               @ DW_AT_decl_file
	.short	3246                            @ DW_AT_decl_line
                                        @ DW_AT_prototyped
	.long	502                             @ DW_AT_type
                                        @ DW_AT_external
	.byte	32                              @ Abbrev [32] 0x2149:0x10 DW_TAG_formal_parameter
	.byte	3                               @ DW_AT_location
	.byte	145
	.ascii	"\370\003"
	.long	.Linfo_string270                @ DW_AT_name
	.byte	1                               @ DW_AT_decl_file
	.short	3246                            @ DW_AT_decl_line
	.long	942                             @ DW_AT_type
	.byte	32                              @ Abbrev [32] 0x2159:0x10 DW_TAG_formal_parameter
	.byte	3                               @ DW_AT_location
	.byte	145
	.ascii	"\364\003"
	.long	.Linfo_string307                @ DW_AT_name
	.byte	1                               @ DW_AT_decl_file
	.short	3246                            @ DW_AT_decl_line
	.long	327                             @ DW_AT_type
	.byte	32                              @ Abbrev [32] 0x2169:0x10 DW_TAG_formal_parameter
	.byte	3                               @ DW_AT_location
	.byte	145
	.ascii	"\360\003"
	.long	.Linfo_string366                @ DW_AT_name
	.byte	1                               @ DW_AT_decl_file
	.short	3246                            @ DW_AT_decl_line
	.long	3744                            @ DW_AT_type
	.byte	32                              @ Abbrev [32] 0x2179:0x10 DW_TAG_formal_parameter
	.byte	3                               @ DW_AT_location
	.byte	145
	.ascii	"\354\003"
	.long	.Linfo_string312                @ DW_AT_name
	.byte	1                               @ DW_AT_decl_file
	.short	3246                            @ DW_AT_decl_line
	.long	3744                            @ DW_AT_type
	.byte	32                              @ Abbrev [32] 0x2189:0x10 DW_TAG_formal_parameter
	.byte	3                               @ DW_AT_location
	.byte	145
	.ascii	"\210\004"
	.long	.Linfo_string313                @ DW_AT_name
	.byte	1                               @ DW_AT_decl_file
	.short	3246                            @ DW_AT_decl_line
	.long	3744                            @ DW_AT_type
	.byte	32                              @ Abbrev [32] 0x2199:0x10 DW_TAG_formal_parameter
	.byte	3                               @ DW_AT_location
	.byte	145
	.ascii	"\214\004"
	.long	.Linfo_string325                @ DW_AT_name
	.byte	1                               @ DW_AT_decl_file
	.short	3246                            @ DW_AT_decl_line
	.long	3744                            @ DW_AT_type
	.byte	32                              @ Abbrev [32] 0x21a9:0x10 DW_TAG_formal_parameter
	.byte	3                               @ DW_AT_location
	.byte	145
	.ascii	"\220\004"
	.long	.Linfo_string326                @ DW_AT_name
	.byte	1                               @ DW_AT_decl_file
	.short	3246                            @ DW_AT_decl_line
	.long	3744                            @ DW_AT_type
	.byte	30                              @ Abbrev [30] 0x21b9:0x10 DW_TAG_variable
	.byte	3                               @ DW_AT_location
	.byte	145
	.ascii	"\244\003"
	.long	.Linfo_string367                @ DW_AT_name
	.byte	1                               @ DW_AT_decl_file
	.short	3248                            @ DW_AT_decl_line
	.long	9030                            @ DW_AT_type
	.byte	30                              @ Abbrev [30] 0x21c9:0x10 DW_TAG_variable
	.byte	3                               @ DW_AT_location
	.byte	145
	.ascii	"\334\002"
	.long	.Linfo_string305                @ DW_AT_name
	.byte	1                               @ DW_AT_decl_file
	.short	3248                            @ DW_AT_decl_line
	.long	9030                            @ DW_AT_type
	.byte	30                              @ Abbrev [30] 0x21d9:0x10 DW_TAG_variable
	.byte	3                               @ DW_AT_location
	.byte	145
	.ascii	"\224\002"
	.long	.Linfo_string368                @ DW_AT_name
	.byte	1                               @ DW_AT_decl_file
	.short	3248                            @ DW_AT_decl_line
	.long	9030                            @ DW_AT_type
	.byte	30                              @ Abbrev [30] 0x21e9:0x10 DW_TAG_variable
	.byte	3                               @ DW_AT_location
	.byte	145
	.ascii	"\314\001"
	.long	.Linfo_string369                @ DW_AT_name
	.byte	1                               @ DW_AT_decl_file
	.short	3248                            @ DW_AT_decl_line
	.long	9030                            @ DW_AT_type
	.byte	30                              @ Abbrev [30] 0x21f9:0x10 DW_TAG_variable
	.byte	3                               @ DW_AT_location
	.byte	145
	.ascii	"\204\001"
	.long	.Linfo_string370                @ DW_AT_name
	.byte	1                               @ DW_AT_decl_file
	.short	3249                            @ DW_AT_decl_line
	.long	9030                            @ DW_AT_type
	.byte	30                              @ Abbrev [30] 0x2209:0xf DW_TAG_variable
	.byte	2                               @ DW_AT_location
	.byte	145
	.byte	60
	.long	.Linfo_string371                @ DW_AT_name
	.byte	1                               @ DW_AT_decl_file
	.short	3249                            @ DW_AT_decl_line
	.long	9030                            @ DW_AT_type
	.byte	30                              @ Abbrev [30] 0x2218:0xf DW_TAG_variable
	.byte	2                               @ DW_AT_location
	.byte	145
	.byte	56
	.long	.Linfo_string276                @ DW_AT_name
	.byte	1                               @ DW_AT_decl_file
	.short	3250                            @ DW_AT_decl_line
	.long	502                             @ DW_AT_type
	.byte	0                               @ End Of Children Mark
	.byte	34                              @ Abbrev [34] 0x2228:0x62 DW_TAG_subprogram
	.long	.Lfunc_begin47                  @ DW_AT_low_pc
	.long	.Lfunc_end47-.Lfunc_begin47     @ DW_AT_high_pc
	.byte	1                               @ DW_AT_frame_base
	.byte	93
	.long	.Linfo_string266                @ DW_AT_name
	.byte	1                               @ DW_AT_decl_file
	.short	3492                            @ DW_AT_decl_line
                                        @ DW_AT_prototyped
	.long	502                             @ DW_AT_type
                                        @ DW_AT_external
	.byte	32                              @ Abbrev [32] 0x223e:0xf DW_TAG_formal_parameter
	.byte	2                               @ DW_AT_location
	.byte	145
	.byte	16
	.long	.Linfo_string372                @ DW_AT_name
	.byte	1                               @ DW_AT_decl_file
	.short	3492                            @ DW_AT_decl_line
	.long	8997                            @ DW_AT_type
	.byte	32                              @ Abbrev [32] 0x224d:0xf DW_TAG_formal_parameter
	.byte	2                               @ DW_AT_location
	.byte	145
	.byte	12
	.long	.Linfo_string373                @ DW_AT_name
	.byte	1                               @ DW_AT_decl_file
	.short	3492                            @ DW_AT_decl_line
	.long	590                             @ DW_AT_type
	.byte	32                              @ Abbrev [32] 0x225c:0xf DW_TAG_formal_parameter
	.byte	2                               @ DW_AT_location
	.byte	145
	.byte	8
	.long	.Linfo_string374                @ DW_AT_name
	.byte	1                               @ DW_AT_decl_file
	.short	3492                            @ DW_AT_decl_line
	.long	8997                            @ DW_AT_type
	.byte	30                              @ Abbrev [30] 0x226b:0xf DW_TAG_variable
	.byte	2                               @ DW_AT_location
	.byte	145
	.byte	4
	.long	.Linfo_string276                @ DW_AT_name
	.byte	1                               @ DW_AT_decl_file
	.short	3494                            @ DW_AT_decl_line
	.long	502                             @ DW_AT_type
	.byte	30                              @ Abbrev [30] 0x227a:0xf DW_TAG_variable
	.byte	2                               @ DW_AT_location
	.byte	145
	.byte	0
	.long	.Linfo_string375                @ DW_AT_name
	.byte	1                               @ DW_AT_decl_file
	.short	3495                            @ DW_AT_decl_line
	.long	502                             @ DW_AT_type
	.byte	0                               @ End Of Children Mark
	.byte	35                              @ Abbrev [35] 0x228a:0x35 DW_TAG_subprogram
	.long	.Lfunc_begin48                  @ DW_AT_low_pc
	.long	.Lfunc_end48-.Lfunc_begin48     @ DW_AT_high_pc
	.byte	1                               @ DW_AT_frame_base
	.byte	93
	.long	.Linfo_string267                @ DW_AT_name
	.byte	1                               @ DW_AT_decl_file
	.short	958                             @ DW_AT_decl_line
                                        @ DW_AT_prototyped
	.long	64                              @ DW_AT_type
	.byte	32                              @ Abbrev [32] 0x22a0:0xf DW_TAG_formal_parameter
	.byte	2                               @ DW_AT_location
	.byte	145
	.byte	4
	.long	.Linfo_string304                @ DW_AT_name
	.byte	1                               @ DW_AT_decl_file
	.short	958                             @ DW_AT_decl_line
	.long	590                             @ DW_AT_type
	.byte	32                              @ Abbrev [32] 0x22af:0xf DW_TAG_formal_parameter
	.byte	2                               @ DW_AT_location
	.byte	145
	.byte	0
	.long	.Linfo_string299                @ DW_AT_name
	.byte	1                               @ DW_AT_decl_file
	.short	958                             @ DW_AT_decl_line
	.long	590                             @ DW_AT_type
	.byte	0                               @ End Of Children Mark
	.byte	35                              @ Abbrev [35] 0x22bf:0x26 DW_TAG_subprogram
	.long	.Lfunc_begin49                  @ DW_AT_low_pc
	.long	.Lfunc_end49-.Lfunc_begin49     @ DW_AT_high_pc
	.byte	1                               @ DW_AT_frame_base
	.byte	93
	.long	.Linfo_string268                @ DW_AT_name
	.byte	1                               @ DW_AT_decl_file
	.short	883                             @ DW_AT_decl_line
                                        @ DW_AT_prototyped
	.long	64                              @ DW_AT_type
	.byte	32                              @ Abbrev [32] 0x22d5:0xf DW_TAG_formal_parameter
	.byte	2                               @ DW_AT_location
	.byte	145
	.byte	0
	.long	.Linfo_string311                @ DW_AT_name
	.byte	1                               @ DW_AT_decl_file
	.short	883                             @ DW_AT_decl_line
	.long	64                              @ DW_AT_type
	.byte	0                               @ End Of Children Mark
	.byte	33                              @ Abbrev [33] 0x22e5:0x40 DW_TAG_subprogram
	.long	.Lfunc_begin50                  @ DW_AT_low_pc
	.long	.Lfunc_end50-.Lfunc_begin50     @ DW_AT_high_pc
	.byte	1                               @ DW_AT_frame_base
	.byte	93
	.long	.Linfo_string269                @ DW_AT_name
	.byte	1                               @ DW_AT_decl_file
	.short	876                             @ DW_AT_decl_line
                                        @ DW_AT_prototyped
	.byte	32                              @ Abbrev [32] 0x22f7:0xf DW_TAG_formal_parameter
	.byte	2                               @ DW_AT_location
	.byte	145
	.byte	8
	.long	.Linfo_string376                @ DW_AT_name
	.byte	1                               @ DW_AT_decl_file
	.short	876                             @ DW_AT_decl_line
	.long	3744                            @ DW_AT_type
	.byte	32                              @ Abbrev [32] 0x2306:0xf DW_TAG_formal_parameter
	.byte	2                               @ DW_AT_location
	.byte	145
	.byte	4
	.long	.Linfo_string377                @ DW_AT_name
	.byte	1                               @ DW_AT_decl_file
	.short	876                             @ DW_AT_decl_line
	.long	9025                            @ DW_AT_type
	.byte	32                              @ Abbrev [32] 0x2315:0xf DW_TAG_formal_parameter
	.byte	2                               @ DW_AT_location
	.byte	145
	.byte	0
	.long	.Linfo_string296                @ DW_AT_name
	.byte	1                               @ DW_AT_decl_file
	.short	876                             @ DW_AT_decl_line
	.long	502                             @ DW_AT_type
	.byte	0                               @ End Of Children Mark
	.byte	8                               @ Abbrev [8] 0x2325:0x5 DW_TAG_pointer_type
	.long	590                             @ DW_AT_type
	.byte	3                               @ Abbrev [3] 0x232a:0xc DW_TAG_array_type
	.long	590                             @ DW_AT_type
	.byte	4                               @ Abbrev [4] 0x232f:0x6 DW_TAG_subrange_type
	.long	71                              @ DW_AT_type
	.byte	7                               @ DW_AT_count
	.byte	0                               @ End Of Children Mark
	.byte	9                               @ Abbrev [9] 0x2336:0xb DW_TAG_typedef
	.long	827                             @ DW_AT_type
	.long	.Linfo_string287                @ DW_AT_name
	.byte	4                               @ DW_AT_decl_file
	.byte	38                              @ DW_AT_decl_line
	.byte	8                               @ Abbrev [8] 0x2341:0x5 DW_TAG_pointer_type
	.long	585                             @ DW_AT_type
	.byte	3                               @ Abbrev [3] 0x2346:0xc DW_TAG_array_type
	.long	590                             @ DW_AT_type
	.byte	4                               @ Abbrev [4] 0x234b:0x6 DW_TAG_subrange_type
	.long	71                              @ DW_AT_type
	.byte	18                              @ DW_AT_count
	.byte	0                               @ End Of Children Mark
	.byte	3                               @ Abbrev [3] 0x2352:0xc DW_TAG_array_type
	.long	590                             @ DW_AT_type
	.byte	4                               @ Abbrev [4] 0x2357:0x6 DW_TAG_subrange_type
	.long	71                              @ DW_AT_type
	.byte	4                               @ DW_AT_count
	.byte	0                               @ End Of Children Mark
	.byte	0                               @ End Of Children Mark
.Ldebug_info_end0:
	.section	.debug_ranges,"",%progbits
.Ldebug_ranges0:
	.long	.Lfunc_begin0
	.long	.Lfunc_end0
	.long	.Lfunc_begin1
	.long	.Lfunc_end1
	.long	.Lfunc_begin2
	.long	.Lfunc_end2
	.long	.Lfunc_begin3
	.long	.Lfunc_end3
	.long	.Lfunc_begin4
	.long	.Lfunc_end4
	.long	.Lfunc_begin5
	.long	.Lfunc_end5
	.long	.Lfunc_begin6
	.long	.Lfunc_end6
	.long	.Lfunc_begin7
	.long	.Lfunc_end7
	.long	.Lfunc_begin8
	.long	.Lfunc_end8
	.long	.Lfunc_begin9
	.long	.Lfunc_end9
	.long	.Lfunc_begin10
	.long	.Lfunc_end10
	.long	.Lfunc_begin11
	.long	.Lfunc_end11
	.long	.Lfunc_begin12
	.long	.Lfunc_end12
	.long	.Lfunc_begin13
	.long	.Lfunc_end13
	.long	.Lfunc_begin14
	.long	.Lfunc_end14
	.long	.Lfunc_begin15
	.long	.Lfunc_end15
	.long	.Lfunc_begin16
	.long	.Lfunc_end16
	.long	.Lfunc_begin17
	.long	.Lfunc_end17
	.long	.Lfunc_begin18
	.long	.Lfunc_end18
	.long	.Lfunc_begin19
	.long	.Lfunc_end19
	.long	.Lfunc_begin20
	.long	.Lfunc_end20
	.long	.Lfunc_begin21
	.long	.Lfunc_end21
	.long	.Lfunc_begin22
	.long	.Lfunc_end22
	.long	.Lfunc_begin23
	.long	.Lfunc_end23
	.long	.Lfunc_begin24
	.long	.Lfunc_end24
	.long	.Lfunc_begin25
	.long	.Lfunc_end25
	.long	.Lfunc_begin26
	.long	.Lfunc_end26
	.long	.Lfunc_begin27
	.long	.Lfunc_end27
	.long	.Lfunc_begin28
	.long	.Lfunc_end28
	.long	.Lfunc_begin29
	.long	.Lfunc_end29
	.long	.Lfunc_begin30
	.long	.Lfunc_end30
	.long	.Lfunc_begin31
	.long	.Lfunc_end31
	.long	.Lfunc_begin32
	.long	.Lfunc_end32
	.long	.Lfunc_begin33
	.long	.Lfunc_end33
	.long	.Lfunc_begin34
	.long	.Lfunc_end34
	.long	.Lfunc_begin35
	.long	.Lfunc_end35
	.long	.Lfunc_begin36
	.long	.Lfunc_end36
	.long	.Lfunc_begin37
	.long	.Lfunc_end37
	.long	.Lfunc_begin38
	.long	.Lfunc_end38
	.long	.Lfunc_begin39
	.long	.Lfunc_end39
	.long	.Lfunc_begin40
	.long	.Lfunc_end40
	.long	.Lfunc_begin41
	.long	.Lfunc_end41
	.long	.Lfunc_begin42
	.long	.Lfunc_end42
	.long	.Lfunc_begin43
	.long	.Lfunc_end43
	.long	.Lfunc_begin44
	.long	.Lfunc_end44
	.long	.Lfunc_begin45
	.long	.Lfunc_end45
	.long	.Lfunc_begin46
	.long	.Lfunc_end46
	.long	.Lfunc_begin47
	.long	.Lfunc_end47
	.long	.Lfunc_begin48
	.long	.Lfunc_end48
	.long	.Lfunc_begin49
	.long	.Lfunc_end49
	.long	.Lfunc_begin50
	.long	.Lfunc_end50
	.long	0
	.long	0
	.section	.debug_str,"MS",%progbits,1
.Linfo_string0:
	.asciz	"Component: Arm Compiler for Embedded 6.19 Tool: armclang [5e73cb00]" @ string offset=0
.Linfo_string1:
	.asciz	"../../../../../Library/StdDriver/src\\crypto.c" @ string offset=68
.Linfo_string2:
	.asciz	"C:\\Users\\Borhan\\Desktop\\M2354_Series_BSP_CMSIS_V3.00.005_duplicate\\SampleCode\\TrustZone\\E-Voting-System\\Secure\\KEIL" @ string offset=114
.Linfo_string3:
	.asciz	"char"                          @ string offset=230
.Linfo_string4:
	.asciz	"__ARRAY_SIZE_TYPE__"           @ string offset=235
.Linfo_string5:
	.asciz	"pCurve"                        @ string offset=255
.Linfo_string6:
	.asciz	"curve_id"                      @ string offset=262
.Linfo_string7:
	.asciz	"int"                           @ string offset=271
.Linfo_string8:
	.asciz	"CURVE_P_192"                   @ string offset=275
.Linfo_string9:
	.asciz	"CURVE_P_224"                   @ string offset=287
.Linfo_string10:
	.asciz	"CURVE_P_256"                   @ string offset=299
.Linfo_string11:
	.asciz	"CURVE_P_384"                   @ string offset=311
.Linfo_string12:
	.asciz	"CURVE_P_521"                   @ string offset=323
.Linfo_string13:
	.asciz	"CURVE_K_163"                   @ string offset=335
.Linfo_string14:
	.asciz	"CURVE_K_233"                   @ string offset=347
.Linfo_string15:
	.asciz	"CURVE_K_283"                   @ string offset=359
.Linfo_string16:
	.asciz	"CURVE_K_409"                   @ string offset=371
.Linfo_string17:
	.asciz	"CURVE_K_571"                   @ string offset=383
.Linfo_string18:
	.asciz	"CURVE_B_163"                   @ string offset=395
.Linfo_string19:
	.asciz	"CURVE_B_233"                   @ string offset=407
.Linfo_string20:
	.asciz	"CURVE_B_283"                   @ string offset=419
.Linfo_string21:
	.asciz	"CURVE_B_409"                   @ string offset=431
.Linfo_string22:
	.asciz	"CURVE_B_571"                   @ string offset=443
.Linfo_string23:
	.asciz	"CURVE_KO_192"                  @ string offset=455
.Linfo_string24:
	.asciz	"CURVE_KO_224"                  @ string offset=468
.Linfo_string25:
	.asciz	"CURVE_KO_256"                  @ string offset=481
.Linfo_string26:
	.asciz	"CURVE_BP_256"                  @ string offset=494
.Linfo_string27:
	.asciz	"CURVE_BP_384"                  @ string offset=507
.Linfo_string28:
	.asciz	"CURVE_BP_512"                  @ string offset=520
.Linfo_string29:
	.asciz	"CURVE_25519"                   @ string offset=533
.Linfo_string30:
	.asciz	"CURVE_SM2_256"                 @ string offset=545
.Linfo_string31:
	.asciz	"CURVE_UNDEF"                   @ string offset=559
.Linfo_string32:
	.asciz	"E_ECC_CURVE"                   @ string offset=571
.Linfo_string33:
	.asciz	"Echar"                         @ string offset=583
.Linfo_string34:
	.asciz	"int32_t"                       @ string offset=589
.Linfo_string35:
	.asciz	"Ea"                            @ string offset=597
.Linfo_string36:
	.asciz	"Eb"                            @ string offset=600
.Linfo_string37:
	.asciz	"Px"                            @ string offset=603
.Linfo_string38:
	.asciz	"Py"                            @ string offset=606
.Linfo_string39:
	.asciz	"Epl"                           @ string offset=609
.Linfo_string40:
	.asciz	"Pp"                            @ string offset=613
.Linfo_string41:
	.asciz	"Eol"                           @ string offset=616
.Linfo_string42:
	.asciz	"Eorder"                        @ string offset=620
.Linfo_string43:
	.asciz	"key_len"                       @ string offset=627
.Linfo_string44:
	.asciz	"irreducible_k1"                @ string offset=635
.Linfo_string45:
	.asciz	"irreducible_k2"                @ string offset=650
.Linfo_string46:
	.asciz	"irreducible_k3"                @ string offset=665
.Linfo_string47:
	.asciz	"GF"                            @ string offset=680
.Linfo_string48:
	.asciz	"e_curve_t"                     @ string offset=683
.Linfo_string49:
	.asciz	"ECC_CURVE"                     @ string offset=693
.Linfo_string50:
	.asciz	"temp_hex_str"                  @ string offset=703
.Linfo_string51:
	.asciz	"g_ECC_done"                    @ string offset=716
.Linfo_string52:
	.asciz	"unsigned int"                  @ string offset=727
.Linfo_string53:
	.asciz	"uint32_t"                      @ string offset=740
.Linfo_string54:
	.asciz	"g_ECCERR_done"                 @ string offset=749
.Linfo_string55:
	.asciz	"s_pRSABuf"                     @ string offset=763
.Linfo_string56:
	.asciz	"s_u32RsaOpMode"                @ string offset=773
.Linfo_string57:
	.asciz	"hex_char_tbl"                  @ string offset=788
.Linfo_string58:
	.asciz	"_Curve"                        @ string offset=801
.Linfo_string59:
	.asciz	"Curve_Copy"                    @ string offset=808
.Linfo_string60:
	.asciz	"KS_SRAM"                       @ string offset=819
.Linfo_string61:
	.asciz	"KS_FLASH"                      @ string offset=827
.Linfo_string62:
	.asciz	"KS_OTP"                        @ string offset=836
.Linfo_string63:
	.asciz	"KSMEM"                         @ string offset=843
.Linfo_string64:
	.asciz	"CURVE_GF_P"                    @ string offset=849
.Linfo_string65:
	.asciz	"CURVE_GF_2M"                   @ string offset=860
.Linfo_string66:
	.asciz	"BUF_NORMAL"                    @ string offset=872
.Linfo_string67:
	.asciz	"BUF_CRT"                       @ string offset=883
.Linfo_string68:
	.asciz	"BUF_CRTBYPASS"                 @ string offset=891
.Linfo_string69:
	.asciz	"BUF_SCAP"                      @ string offset=905
.Linfo_string70:
	.asciz	"BUF_CRT_SCAP"                  @ string offset=914
.Linfo_string71:
	.asciz	"BUF_CRTBYPASS_SCAP"            @ string offset=927
.Linfo_string72:
	.asciz	"BUF_KS"                        @ string offset=946
.Linfo_string73:
	.asciz	"INTEN"                         @ string offset=953
.Linfo_string74:
	.asciz	"INTSTS"                        @ string offset=959
.Linfo_string75:
	.asciz	"PRNG_CTL"                      @ string offset=966
.Linfo_string76:
	.asciz	"PRNG_SEED"                     @ string offset=975
.Linfo_string77:
	.asciz	"PRNG_KEY"                      @ string offset=985
.Linfo_string78:
	.asciz	"PRNG_STS"                      @ string offset=994
.Linfo_string79:
	.asciz	"RESERVE0"                      @ string offset=1003
.Linfo_string80:
	.asciz	"AES_FDBCK"                     @ string offset=1012
.Linfo_string81:
	.asciz	"RESERVE1"                      @ string offset=1022
.Linfo_string82:
	.asciz	"AES_GCM_IVCNT"                 @ string offset=1031
.Linfo_string83:
	.asciz	"AES_GCM_ACNT"                  @ string offset=1045
.Linfo_string84:
	.asciz	"AES_GCM_PCNT"                  @ string offset=1058
.Linfo_string85:
	.asciz	"RESERVE2"                      @ string offset=1071
.Linfo_string86:
	.asciz	"AES_FBADDR"                    @ string offset=1080
.Linfo_string87:
	.asciz	"RESERVE3"                      @ string offset=1091
.Linfo_string88:
	.asciz	"AES_CTL"                       @ string offset=1100
.Linfo_string89:
	.asciz	"AES_STS"                       @ string offset=1108
.Linfo_string90:
	.asciz	"AES_DATIN"                     @ string offset=1116
.Linfo_string91:
	.asciz	"AES_DATOUT"                    @ string offset=1126
.Linfo_string92:
	.asciz	"AES_KEY"                       @ string offset=1137
.Linfo_string93:
	.asciz	"AES_IV"                        @ string offset=1145
.Linfo_string94:
	.asciz	"AES_SADDR"                     @ string offset=1152
.Linfo_string95:
	.asciz	"AES_DADDR"                     @ string offset=1162
.Linfo_string96:
	.asciz	"AES_CNT"                       @ string offset=1172
.Linfo_string97:
	.asciz	"RESERVE4"                      @ string offset=1180
.Linfo_string98:
	.asciz	"HMAC_CTL"                      @ string offset=1189
.Linfo_string99:
	.asciz	"HMAC_STS"                      @ string offset=1198
.Linfo_string100:
	.asciz	"HMAC_DGST"                     @ string offset=1207
.Linfo_string101:
	.asciz	"HMAC_KEYCNT"                   @ string offset=1217
.Linfo_string102:
	.asciz	"HMAC_SADDR"                    @ string offset=1229
.Linfo_string103:
	.asciz	"HMAC_DMACNT"                   @ string offset=1240
.Linfo_string104:
	.asciz	"HMAC_DATIN"                    @ string offset=1252
.Linfo_string105:
	.asciz	"HMAC_FDBCK"                    @ string offset=1263
.Linfo_string106:
	.asciz	"RESERVE5"                      @ string offset=1274
.Linfo_string107:
	.asciz	"HMAC_FBADDR"                   @ string offset=1283
.Linfo_string108:
	.asciz	"RESERVE6"                      @ string offset=1295
.Linfo_string109:
	.asciz	"ECC_CTL"                       @ string offset=1304
.Linfo_string110:
	.asciz	"ECC_STS"                       @ string offset=1312
.Linfo_string111:
	.asciz	"ECC_X1"                        @ string offset=1320
.Linfo_string112:
	.asciz	"ECC_Y1"                        @ string offset=1327
.Linfo_string113:
	.asciz	"ECC_X2"                        @ string offset=1334
.Linfo_string114:
	.asciz	"ECC_Y2"                        @ string offset=1341
.Linfo_string115:
	.asciz	"ECC_A"                         @ string offset=1348
.Linfo_string116:
	.asciz	"ECC_B"                         @ string offset=1354
.Linfo_string117:
	.asciz	"ECC_N"                         @ string offset=1360
.Linfo_string118:
	.asciz	"ECC_K"                         @ string offset=1366
.Linfo_string119:
	.asciz	"ECC_SADDR"                     @ string offset=1372
.Linfo_string120:
	.asciz	"ECC_DADDR"                     @ string offset=1382
.Linfo_string121:
	.asciz	"ECC_STARTREG"                  @ string offset=1392
.Linfo_string122:
	.asciz	"ECC_WORDCNT"                   @ string offset=1405
.Linfo_string123:
	.asciz	"RESERVE7"                      @ string offset=1417
.Linfo_string124:
	.asciz	"RSA_CTL"                       @ string offset=1426
.Linfo_string125:
	.asciz	"RSA_STS"                       @ string offset=1434
.Linfo_string126:
	.asciz	"RSA_SADDR"                     @ string offset=1442
.Linfo_string127:
	.asciz	"RSA_DADDR"                     @ string offset=1452
.Linfo_string128:
	.asciz	"RSA_MADDR"                     @ string offset=1462
.Linfo_string129:
	.asciz	"RESERVE8"                      @ string offset=1472
.Linfo_string130:
	.asciz	"PRNG_KSCTL"                    @ string offset=1481
.Linfo_string131:
	.asciz	"PRNG_KSSTS"                    @ string offset=1492
.Linfo_string132:
	.asciz	"RESERVE9"                      @ string offset=1503
.Linfo_string133:
	.asciz	"AES_KSCTL"                     @ string offset=1512
.Linfo_string134:
	.asciz	"RESERVE10"                     @ string offset=1522
.Linfo_string135:
	.asciz	"HMAC_KSCTL"                    @ string offset=1532
.Linfo_string136:
	.asciz	"RESERVE11"                     @ string offset=1543
.Linfo_string137:
	.asciz	"ECC_KSCTL"                     @ string offset=1553
.Linfo_string138:
	.asciz	"ECC_KSSTS"                     @ string offset=1563
.Linfo_string139:
	.asciz	"ECC_KSXY"                      @ string offset=1573
.Linfo_string140:
	.asciz	"RESERVE12"                     @ string offset=1582
.Linfo_string141:
	.asciz	"RSA_KSCTL"                     @ string offset=1592
.Linfo_string142:
	.asciz	"RSA_KSSTS"                     @ string offset=1602
.Linfo_string143:
	.asciz	"RESERVE13"                     @ string offset=1612
.Linfo_string144:
	.asciz	"CRPT_T"                        @ string offset=1622
.Linfo_string145:
	.asciz	"au32RsaOutput"                 @ string offset=1629
.Linfo_string146:
	.asciz	"au32RsaN"                      @ string offset=1643
.Linfo_string147:
	.asciz	"au32RsaM"                      @ string offset=1652
.Linfo_string148:
	.asciz	"au32RsaE"                      @ string offset=1661
.Linfo_string149:
	.asciz	"RSA_BUF_NORMAL_T"              @ string offset=1670
.Linfo_string150:
	.asciz	"au32RsaP"                      @ string offset=1687
.Linfo_string151:
	.asciz	"au32RsaQ"                      @ string offset=1696
.Linfo_string152:
	.asciz	"au32RsaTmpCp"                  @ string offset=1705
.Linfo_string153:
	.asciz	"au32RsaTmpCq"                  @ string offset=1718
.Linfo_string154:
	.asciz	"au32RsaTmpDp"                  @ string offset=1731
.Linfo_string155:
	.asciz	"au32RsaTmpDq"                  @ string offset=1744
.Linfo_string156:
	.asciz	"au32RsaTmpRp"                  @ string offset=1757
.Linfo_string157:
	.asciz	"au32RsaTmpRq"                  @ string offset=1770
.Linfo_string158:
	.asciz	"au32RsaTmpBlindKey"            @ string offset=1783
.Linfo_string159:
	.asciz	"RSA_BUF_CRT_SCAP_T"            @ string offset=1802
.Linfo_string160:
	.asciz	"RSA_BUF_CRT_T"                 @ string offset=1821
.Linfo_string161:
	.asciz	"RSA_BUF_SCAP_T"                @ string offset=1835
.Linfo_string162:
	.asciz	"RSA_BUF_KS_T"                  @ string offset=1850
.Linfo_string163:
	.asciz	"PDID"                          @ string offset=1863
.Linfo_string164:
	.asciz	"RSTSTS"                        @ string offset=1868
.Linfo_string165:
	.asciz	"IPRST0"                        @ string offset=1875
.Linfo_string166:
	.asciz	"IPRST1"                        @ string offset=1882
.Linfo_string167:
	.asciz	"IPRST2"                        @ string offset=1889
.Linfo_string168:
	.asciz	"BODCTL"                        @ string offset=1896
.Linfo_string169:
	.asciz	"IVSCTL"                        @ string offset=1903
.Linfo_string170:
	.asciz	"PORCTL0"                       @ string offset=1910
.Linfo_string171:
	.asciz	"VREFCTL"                       @ string offset=1918
.Linfo_string172:
	.asciz	"USBPHY"                        @ string offset=1926
.Linfo_string173:
	.asciz	"GPA_MFPL"                      @ string offset=1933
.Linfo_string174:
	.asciz	"GPA_MFPH"                      @ string offset=1942
.Linfo_string175:
	.asciz	"GPB_MFPL"                      @ string offset=1951
.Linfo_string176:
	.asciz	"GPB_MFPH"                      @ string offset=1960
.Linfo_string177:
	.asciz	"GPC_MFPL"                      @ string offset=1969
.Linfo_string178:
	.asciz	"GPC_MFPH"                      @ string offset=1978
.Linfo_string179:
	.asciz	"GPD_MFPL"                      @ string offset=1987
.Linfo_string180:
	.asciz	"GPD_MFPH"                      @ string offset=1996
.Linfo_string181:
	.asciz	"GPE_MFPL"                      @ string offset=2005
.Linfo_string182:
	.asciz	"GPE_MFPH"                      @ string offset=2014
.Linfo_string183:
	.asciz	"GPF_MFPL"                      @ string offset=2023
.Linfo_string184:
	.asciz	"GPF_MFPH"                      @ string offset=2032
.Linfo_string185:
	.asciz	"GPG_MFPL"                      @ string offset=2041
.Linfo_string186:
	.asciz	"GPG_MFPH"                      @ string offset=2050
.Linfo_string187:
	.asciz	"GPH_MFPL"                      @ string offset=2059
.Linfo_string188:
	.asciz	"GPH_MFPH"                      @ string offset=2068
.Linfo_string189:
	.asciz	"GPA_MFOS"                      @ string offset=2077
.Linfo_string190:
	.asciz	"GPB_MFOS"                      @ string offset=2086
.Linfo_string191:
	.asciz	"GPC_MFOS"                      @ string offset=2095
.Linfo_string192:
	.asciz	"GPD_MFOS"                      @ string offset=2104
.Linfo_string193:
	.asciz	"GPE_MFOS"                      @ string offset=2113
.Linfo_string194:
	.asciz	"GPF_MFOS"                      @ string offset=2122
.Linfo_string195:
	.asciz	"GPG_MFOS"                      @ string offset=2131
.Linfo_string196:
	.asciz	"GPH_MFOS"                      @ string offset=2140
.Linfo_string197:
	.asciz	"VTORSET"                       @ string offset=2149
.Linfo_string198:
	.asciz	"SRAMICTL"                      @ string offset=2157
.Linfo_string199:
	.asciz	"SRAMSTS"                       @ string offset=2166
.Linfo_string200:
	.asciz	"SRAMEADR"                      @ string offset=2174
.Linfo_string201:
	.asciz	"SRAMPC0"                       @ string offset=2183
.Linfo_string202:
	.asciz	"SRAMPC1"                       @ string offset=2191
.Linfo_string203:
	.asciz	"TCTL48M"                       @ string offset=2199
.Linfo_string204:
	.asciz	"TIEN48M"                       @ string offset=2207
.Linfo_string205:
	.asciz	"TISTS48M"                      @ string offset=2215
.Linfo_string206:
	.asciz	"TCTL12M"                       @ string offset=2224
.Linfo_string207:
	.asciz	"TIEN12M"                       @ string offset=2232
.Linfo_string208:
	.asciz	"TISTS12M"                      @ string offset=2240
.Linfo_string209:
	.asciz	"REGLCTL"                       @ string offset=2249
.Linfo_string210:
	.asciz	"CPUCFG"                        @ string offset=2257
.Linfo_string211:
	.asciz	"BATLDCTL"                      @ string offset=2264
.Linfo_string212:
	.asciz	"OVDCTL"                        @ string offset=2273
.Linfo_string213:
	.asciz	"PORCTL1"                       @ string offset=2280
.Linfo_string214:
	.asciz	"PSWCTL"                        @ string offset=2288
.Linfo_string215:
	.asciz	"PLCTL"                         @ string offset=2295
.Linfo_string216:
	.asciz	"PLSTS"                         @ string offset=2301
.Linfo_string217:
	.asciz	"AHBMCTL"                       @ string offset=2307
.Linfo_string218:
	.asciz	"SYS_T"                         @ string offset=2315
.Linfo_string219:
	.asciz	"PRNG_Open"                     @ string offset=2321
.Linfo_string220:
	.asciz	"PRNG_Start"                    @ string offset=2331
.Linfo_string221:
	.asciz	"PRNG_Read"                     @ string offset=2342
.Linfo_string222:
	.asciz	"AES_Open"                      @ string offset=2352
.Linfo_string223:
	.asciz	"AES_Start"                     @ string offset=2361
.Linfo_string224:
	.asciz	"AES_SetKey"                    @ string offset=2371
.Linfo_string225:
	.asciz	"AES_SetKey_KS"                 @ string offset=2382
.Linfo_string226:
	.asciz	"AES_SetInitVect"               @ string offset=2396
.Linfo_string227:
	.asciz	"AES_SetDMATransfer"            @ string offset=2412
.Linfo_string228:
	.asciz	"SHA_Open"                      @ string offset=2431
.Linfo_string229:
	.asciz	"SHA_Start"                     @ string offset=2440
.Linfo_string230:
	.asciz	"SHA_SetDMATransfer"            @ string offset=2450
.Linfo_string231:
	.asciz	"SHA_Read"                      @ string offset=2469
.Linfo_string232:
	.asciz	"ECC_DriverISR"                 @ string offset=2478
.Linfo_string233:
	.asciz	"CRPT_Reg2Hex"                  @ string offset=2492
.Linfo_string234:
	.asciz	"Reg2Hex"                       @ string offset=2505
.Linfo_string235:
	.asciz	"CRPT_Hex2Reg"                  @ string offset=2513
.Linfo_string236:
	.asciz	"Hex2Reg"                       @ string offset=2526
.Linfo_string237:
	.asciz	"is_zero"                       @ string offset=2534
.Linfo_string238:
	.asciz	"ECC_IsPrivateKeyValid"         @ string offset=2542
.Linfo_string239:
	.asciz	"get_curve"                     @ string offset=2564
.Linfo_string240:
	.asciz	"get_nibble_value"              @ string offset=2574
.Linfo_string241:
	.asciz	"ECC_GeneratePublicKey"         @ string offset=2591
.Linfo_string242:
	.asciz	"ecc_init_curve"                @ string offset=2613
.Linfo_string243:
	.asciz	"clean_reg"                     @ string offset=2628
.Linfo_string244:
	.asciz	"ECC_GeneratePublicKey_KS"      @ string offset=2638
.Linfo_string245:
	.asciz	"ECC_Mutiply"                   @ string offset=2663
.Linfo_string246:
	.asciz	"ECC_GenerateSecretZ"           @ string offset=2675
.Linfo_string247:
	.asciz	"Hex2RegEx"                     @ string offset=2695
.Linfo_string248:
	.asciz	"ECC_GenerateSecretZ_KS"        @ string offset=2705
.Linfo_string249:
	.asciz	"ECC_GenerateSignature"         @ string offset=2728
.Linfo_string250:
	.asciz	"run_ecc_codec"                 @ string offset=2750
.Linfo_string251:
	.asciz	"ECC_GenerateSignature_KS"      @ string offset=2764
.Linfo_string252:
	.asciz	"ECC_VerifySignature"           @ string offset=2789
.Linfo_string253:
	.asciz	"ECC_VerifySignature_KS"        @ string offset=2809
.Linfo_string254:
	.asciz	"ECC_Complete"                  @ string offset=2832
.Linfo_string255:
	.asciz	"ECC_GetCurve"                  @ string offset=2845
.Linfo_string256:
	.asciz	"RSA_Open"                      @ string offset=2858
.Linfo_string257:
	.asciz	"CheckRsaBufferSize"            @ string offset=2867
.Linfo_string258:
	.asciz	"RSA_SetKey"                    @ string offset=2886
.Linfo_string259:
	.asciz	"RSA_SetDMATransfer"            @ string offset=2897
.Linfo_string260:
	.asciz	"RSA_Start"                     @ string offset=2916
.Linfo_string261:
	.asciz	"RSA_Read"                      @ string offset=2926
.Linfo_string262:
	.asciz	"RSA_SetKey_KS"                 @ string offset=2935
.Linfo_string263:
	.asciz	"RSA_SetDMATransfer_KS"         @ string offset=2949
.Linfo_string264:
	.asciz	"SM2_Sign"                      @ string offset=2971
.Linfo_string265:
	.asciz	"SM2_Verify"                    @ string offset=2980
.Linfo_string266:
	.asciz	"SM3"                           @ string offset=2991
.Linfo_string267:
	.asciz	"get_Nth_nibble_char"           @ string offset=2995
.Linfo_string268:
	.asciz	"ch2hex"                        @ string offset=3015
.Linfo_string269:
	.asciz	"dump_ecc_reg"                  @ string offset=3022
.Linfo_string270:
	.asciz	"crpt"                          @ string offset=3035
.Linfo_string271:
	.asciz	"u32KeySize"                    @ string offset=3040
.Linfo_string272:
	.asciz	"u32SeedReload"                 @ string offset=3051
.Linfo_string273:
	.asciz	"u32Seed"                       @ string offset=3065
.Linfo_string274:
	.asciz	"i32TimeOutCnt"                 @ string offset=3073
.Linfo_string275:
	.asciz	"u32RandKey"                    @ string offset=3087
.Linfo_string276:
	.asciz	"i"                             @ string offset=3098
.Linfo_string277:
	.asciz	"wcnt"                          @ string offset=3100
.Linfo_string278:
	.asciz	"au32WcntTbl"                   @ string offset=3105
.Linfo_string279:
	.asciz	"u32Channel"                    @ string offset=3117
.Linfo_string280:
	.asciz	"u32EncDec"                     @ string offset=3128
.Linfo_string281:
	.asciz	"u32OpMode"                     @ string offset=3138
.Linfo_string282:
	.asciz	"u32SwapType"                   @ string offset=3148
.Linfo_string283:
	.asciz	"u32DMAMode"                    @ string offset=3160
.Linfo_string284:
	.asciz	"au32Keys"                      @ string offset=3171
.Linfo_string285:
	.asciz	"key_reg_addr"                  @ string offset=3180
.Linfo_string286:
	.asciz	"mem"                           @ string offset=3193
.Linfo_string287:
	.asciz	"KS_MEM_Type"                   @ string offset=3197
.Linfo_string288:
	.asciz	"i32KeyIdx"                     @ string offset=3209
.Linfo_string289:
	.asciz	"au32IV"                        @ string offset=3219
.Linfo_string290:
	.asciz	"u32SrcAddr"                    @ string offset=3226
.Linfo_string291:
	.asciz	"u32DstAddr"                    @ string offset=3237
.Linfo_string292:
	.asciz	"u32TransCnt"                   @ string offset=3248
.Linfo_string293:
	.asciz	"hmac_key_len"                  @ string offset=3260
.Linfo_string294:
	.asciz	"u32Digest"                     @ string offset=3273
.Linfo_string295:
	.asciz	"reg_addr"                      @ string offset=3283
.Linfo_string296:
	.asciz	"count"                         @ string offset=3292
.Linfo_string297:
	.asciz	"reg"                           @ string offset=3298
.Linfo_string298:
	.asciz	"output"                        @ string offset=3302
.Linfo_string299:
	.asciz	"idx"                           @ string offset=3309
.Linfo_string300:
	.asciz	"ri"                            @ string offset=3313
.Linfo_string301:
	.asciz	"input"                         @ string offset=3316
.Linfo_string302:
	.asciz	"hex"                           @ string offset=3322
.Linfo_string303:
	.asciz	"si"                            @ string offset=3326
.Linfo_string304:
	.asciz	"val32"                         @ string offset=3329
.Linfo_string305:
	.asciz	"s"                             @ string offset=3335
.Linfo_string306:
	.asciz	"len"                           @ string offset=3337
.Linfo_string307:
	.asciz	"ecc_curve"                     @ string offset=3341
.Linfo_string308:
	.asciz	"private_k"                     @ string offset=3351
.Linfo_string309:
	.asciz	"ret"                           @ string offset=3361
.Linfo_string310:
	.asciz	"c"                             @ string offset=3365
.Linfo_string311:
	.asciz	"ch"                            @ string offset=3367
.Linfo_string312:
	.asciz	"public_k1"                     @ string offset=3370
.Linfo_string313:
	.asciz	"public_k2"                     @ string offset=3380
.Linfo_string314:
	.asciz	"u32ExtraOp"                    @ string offset=3390
.Linfo_string315:
	.asciz	"x1"                            @ string offset=3401
.Linfo_string316:
	.asciz	"y1"                            @ string offset=3404
.Linfo_string317:
	.asciz	"k"                             @ string offset=3407
.Linfo_string318:
	.asciz	"x2"                            @ string offset=3409
.Linfo_string319:
	.asciz	"y2"                            @ string offset=3412
.Linfo_string320:
	.asciz	"secret_z"                      @ string offset=3415
.Linfo_string321:
	.asciz	"shift"                         @ string offset=3424
.Linfo_string322:
	.asciz	"carry"                         @ string offset=3430
.Linfo_string323:
	.asciz	"message"                       @ string offset=3436
.Linfo_string324:
	.asciz	"d"                             @ string offset=3444
.Linfo_string325:
	.asciz	"R"                             @ string offset=3446
.Linfo_string326:
	.asciz	"S"                             @ string offset=3448
.Linfo_string327:
	.asciz	"temp_result1"                  @ string offset=3450
.Linfo_string328:
	.asciz	"temp_result2"                  @ string offset=3463
.Linfo_string329:
	.asciz	"mode"                          @ string offset=3476
.Linfo_string330:
	.asciz	"eccop"                         @ string offset=3481
.Linfo_string331:
	.asciz	"mem_d"                         @ string offset=3487
.Linfo_string332:
	.asciz	"i32KeyIdx_d"                   @ string offset=3493
.Linfo_string333:
	.asciz	"mem_k"                         @ string offset=3505
.Linfo_string334:
	.asciz	"i32KeyIdx_k"                   @ string offset=3511
.Linfo_string335:
	.asciz	"temp_x"                        @ string offset=3523
.Linfo_string336:
	.asciz	"temp_y"                        @ string offset=3530
.Linfo_string337:
	.asciz	"mem_pk1"                       @ string offset=3537
.Linfo_string338:
	.asciz	"i32KeyIdx_pk1"                 @ string offset=3545
.Linfo_string339:
	.asciz	"mem_pk2"                       @ string offset=3559
.Linfo_string340:
	.asciz	"i32KeyIdx_pk2"                 @ string offset=3567
.Linfo_string341:
	.asciz	"curve"                         @ string offset=3581
.Linfo_string342:
	.asciz	"err"                           @ string offset=3587
.Linfo_string343:
	.asciz	"psRSA_Buf"                     @ string offset=3591
.Linfo_string344:
	.asciz	"u32BufSize"                    @ string offset=3601
.Linfo_string345:
	.asciz	"u32UseKS"                      @ string offset=3612
.Linfo_string346:
	.asciz	"s_au32RsaBufSizeTbl"           @ string offset=3621
.Linfo_string347:
	.asciz	"Key"                           @ string offset=3641
.Linfo_string348:
	.asciz	"Src"                           @ string offset=3645
.Linfo_string349:
	.asciz	"n"                             @ string offset=3649
.Linfo_string350:
	.asciz	"P"                             @ string offset=3651
.Linfo_string351:
	.asciz	"Q"                             @ string offset=3653
.Linfo_string352:
	.asciz	"Output"                        @ string offset=3655
.Linfo_string353:
	.asciz	"au32CntTbl"                    @ string offset=3662
.Linfo_string354:
	.asciz	"u32CntIdx"                     @ string offset=3673
.Linfo_string355:
	.asciz	"u32KeyNum"                     @ string offset=3683
.Linfo_string356:
	.asciz	"u32KSMemType"                  @ string offset=3693
.Linfo_string357:
	.asciz	"u32BlindKeyNum"                @ string offset=3706
.Linfo_string358:
	.asciz	"u32PNum"                       @ string offset=3721
.Linfo_string359:
	.asciz	"u32QNum"                       @ string offset=3729
.Linfo_string360:
	.asciz	"u32CpNum"                      @ string offset=3737
.Linfo_string361:
	.asciz	"u32CqNum"                      @ string offset=3746
.Linfo_string362:
	.asciz	"u32DpNum"                      @ string offset=3755
.Linfo_string363:
	.asciz	"u32DqNum"                      @ string offset=3764
.Linfo_string364:
	.asciz	"u32RpNum"                      @ string offset=3773
.Linfo_string365:
	.asciz	"u32RqNum"                      @ string offset=3782
.Linfo_string366:
	.asciz	"e"                             @ string offset=3791
.Linfo_string367:
	.asciz	"r"                             @ string offset=3793
.Linfo_string368:
	.asciz	"t"                             @ string offset=3795
.Linfo_string369:
	.asciz	"e1"                            @ string offset=3797
.Linfo_string370:
	.asciz	"x"                             @ string offset=3800
.Linfo_string371:
	.asciz	"y"                             @ string offset=3802
.Linfo_string372:
	.asciz	"pu32Addr"                      @ string offset=3804
.Linfo_string373:
	.asciz	"u32Size"                       @ string offset=3813
.Linfo_string374:
	.asciz	"digest"                        @ string offset=3821
.Linfo_string375:
	.asciz	"timeout"                       @ string offset=3828
.Linfo_string376:
	.asciz	"str"                           @ string offset=3836
.Linfo_string377:
	.asciz	"regs"                          @ string offset=3840
	.ident	"Component: Arm Compiler for Embedded 6.19 Tool: armclang [5e73cb00]"
	.section	".note.GNU-stack","",%progbits
	.eabi_attribute	30, 6	@ Tag_ABI_optimization_goals
	.ARM_attribute	6, 1	@ Tag_AV_cpp_exceptions
	.ARM_attribute	16, 1	@ Tag_AV_eba
	.section	.debug_line,"",%progbits
.Lline_table_start0:
