	.text
	.syntax unified
	.eabi_attribute	67, "2.09"	@ Tag_conformance
	.cpu	cortex-m23
	.eabi_attribute	6, 16	@ Tag_CPU_arch
	.eabi_attribute	7, 77	@ Tag_CPU_arch_profile
	.eabi_attribute	8, 0	@ Tag_ARM_ISA_use
	.eabi_attribute	9, 3	@ Tag_THUMB_ISA_use
	.eabi_attribute	34, 0	@ Tag_CPU_unaligned_access
	.eabi_attribute	17, 1	@ Tag_ABI_PCS_GOT_use
	.eabi_attribute	20, 2	@ Tag_ABI_FP_denormal
	.eabi_attribute	21, 0	@ Tag_ABI_FP_exceptions
	.eabi_attribute	23, 1	@ Tag_ABI_FP_number_model
	.eabi_attribute	24, 1	@ Tag_ABI_align_needed
	.eabi_attribute	25, 1	@ Tag_ABI_align_preserved
	.eabi_attribute	38, 1	@ Tag_ABI_FP_16bit_format
	.eabi_attribute	18, 4	@ Tag_ABI_PCS_wchar_t
	.eabi_attribute	26, 2	@ Tag_ABI_enum_size
	.eabi_attribute	14, 0	@ Tag_ABI_PCS_R9_use
	.file	"fmc.c"
	.file	1 "C:\\Keil_v5\\ARM\\ARMCLANG\\Bin\\..\\include" "stdint.h"
	.file	2 "C:\\Users\\Borhan\\Desktop\\M2354_Series_BSP_CMSIS_V3.00.005_duplicate\\SampleCode\\TrustZone\\E-Voting-System\\Secure\\KEIL" "../../../../../Library/StdDriver/src/fmc.c"
	.file	3 "C:\\Users\\Borhan\\Desktop\\M2354_Series_BSP_CMSIS_V3.00.005_duplicate\\SampleCode\\TrustZone\\E-Voting-System\\Secure\\KEIL" "../../../../../Library/Device/Nuvoton/M2354/Include/fmc_reg.h"
	.file	4 "C:\\Users\\Borhan\\Desktop\\M2354_Series_BSP_CMSIS_V3.00.005_duplicate\\SampleCode\\TrustZone\\E-Voting-System\\Secure\\KEIL" "../../../../../Library/Device/Nuvoton/M2354/Include\\M2354.h"
	.section	.text.FMC_CheckAllOne,"ax",%progbits
	.hidden	FMC_CheckAllOne                 @ -- Begin function FMC_CheckAllOne
	.globl	FMC_CheckAllOne
	.p2align	2
	.type	FMC_CheckAllOne,%function
	.code	16                              @ @FMC_CheckAllOne
	.thumb_func
FMC_CheckAllOne:
.Lfunc_begin0:
	.loc	2 42 0                          @ ../../../../../Library/StdDriver/src/fmc.c:42:0
	.fnstart
	.cfi_sections .debug_frame
	.cfi_startproc
@ %bb.0:
	.save	{r7, lr}
	push	{r7, lr}
	.cfi_def_cfa_offset 8
	.cfi_offset lr, -4
	.cfi_offset r7, -8
	.pad	#144
	sub	sp, #144
	.cfi_def_cfa_offset 152
	str	r0, [sp, #140]
	str	r1, [sp, #136]
	movs	r0, #0
	mvns	r1, r0
.Ltmp0:
	.loc	2 43 15 prologue_end            @ ../../../../../Library/StdDriver/src/fmc.c:43:15
	str	r1, [sp, #132]
	.loc	2 46 22                         @ ../../../../../Library/StdDriver/src/fmc.c:46:22
	ldr	r1, __arm_cp.0_0
	str	r0, [r1]
	.loc	2 48 5                          @ ../../../../../Library/StdDriver/src/fmc.c:48:5
	bl	__PC
	lsls	r1, r0, #3
	ldr	r0, __arm_cp.0_1
	ldr	r2, __arm_cp.0_2
	str	r2, [sp, #116]                  @ 4-byte Spill
	cmp	r1, #0
	str	r0, [sp, #120]                  @ 4-byte Spill
	bmi	.LBB0_2
@ %bb.1:
	.loc	2 0 5 is_stmt 0                 @ ../../../../../Library/StdDriver/src/fmc.c:0:5
	ldr	r0, [sp, #116]                  @ 4-byte Reload
	str	r0, [sp, #120]                  @ 4-byte Spill
.LBB0_2:
	.loc	2 48 5                          @ ../../../../../Library/StdDriver/src/fmc.c:48:5
	ldr	r1, [sp, #120]                  @ 4-byte Reload
	movs	r0, #128
	.loc	2 48 21                         @ ../../../../../Library/StdDriver/src/fmc.c:48:21
	str	r0, [r1]
	.loc	2 50 5 is_stmt 1                @ ../../../../../Library/StdDriver/src/fmc.c:50:5
	bl	__PC
	lsls	r1, r0, #3
	ldr	r0, __arm_cp.0_3
	ldr	r2, __arm_cp.0_4
	str	r2, [sp, #108]                  @ 4-byte Spill
	cmp	r1, #0
	str	r0, [sp, #112]                  @ 4-byte Spill
	bmi	.LBB0_4
@ %bb.3:
	.loc	2 0 5 is_stmt 0                 @ ../../../../../Library/StdDriver/src/fmc.c:0:5
	ldr	r0, [sp, #108]                  @ 4-byte Reload
	str	r0, [sp, #112]                  @ 4-byte Spill
.LBB0_4:
	.loc	2 50 5                          @ ../../../../../Library/StdDriver/src/fmc.c:50:5
	ldr	r1, [sp, #112]                  @ 4-byte Reload
	movs	r0, #40
	.loc	2 50 23                         @ ../../../../../Library/StdDriver/src/fmc.c:50:23
	str	r0, [r1]
	.loc	2 51 25 is_stmt 1               @ ../../../../../Library/StdDriver/src/fmc.c:51:25
	ldr	r0, [sp, #140]
	.loc	2 51 5 is_stmt 0                @ ../../../../../Library/StdDriver/src/fmc.c:51:5
	str	r0, [sp, #96]                   @ 4-byte Spill
	bl	__PC
	lsls	r1, r0, #3
	ldr	r0, __arm_cp.0_5
	ldr	r2, __arm_cp.0_6
	str	r2, [sp, #100]                  @ 4-byte Spill
	cmp	r1, #0
	str	r0, [sp, #104]                  @ 4-byte Spill
	bmi	.LBB0_6
@ %bb.5:
	.loc	2 0 5                           @ ../../../../../Library/StdDriver/src/fmc.c:0:5
	ldr	r0, [sp, #100]                  @ 4-byte Reload
	str	r0, [sp, #104]                  @ 4-byte Spill
.LBB0_6:
	.loc	2 51 5                          @ ../../../../../Library/StdDriver/src/fmc.c:51:5
	ldr	r0, [sp, #96]                   @ 4-byte Reload
	ldr	r1, [sp, #104]                  @ 4-byte Reload
	.loc	2 51 23                         @ ../../../../../Library/StdDriver/src/fmc.c:51:23
	str	r0, [r1]
	.loc	2 52 25 is_stmt 1               @ ../../../../../Library/StdDriver/src/fmc.c:52:25
	ldr	r0, [sp, #136]
	.loc	2 52 5 is_stmt 0                @ ../../../../../Library/StdDriver/src/fmc.c:52:5
	str	r0, [sp, #84]                   @ 4-byte Spill
	bl	__PC
	lsls	r1, r0, #3
	ldr	r0, __arm_cp.0_7
	ldr	r2, __arm_cp.0_8
	str	r2, [sp, #88]                   @ 4-byte Spill
	cmp	r1, #0
	str	r0, [sp, #92]                   @ 4-byte Spill
	bmi	.LBB0_8
@ %bb.7:
	.loc	2 0 5                           @ ../../../../../Library/StdDriver/src/fmc.c:0:5
	ldr	r0, [sp, #88]                   @ 4-byte Reload
	str	r0, [sp, #92]                   @ 4-byte Spill
.LBB0_8:
	.loc	2 52 5                          @ ../../../../../Library/StdDriver/src/fmc.c:52:5
	ldr	r0, [sp, #84]                   @ 4-byte Reload
	ldr	r1, [sp, #92]                   @ 4-byte Reload
	.loc	2 52 23                         @ ../../../../../Library/StdDriver/src/fmc.c:52:23
	str	r0, [r1]
	.loc	2 53 5 is_stmt 1                @ ../../../../../Library/StdDriver/src/fmc.c:53:5
	bl	__PC
	lsls	r1, r0, #3
	ldr	r0, __arm_cp.0_9
	ldr	r2, __arm_cp.0_10
	str	r2, [sp, #76]                   @ 4-byte Spill
	cmp	r1, #0
	str	r0, [sp, #80]                   @ 4-byte Spill
	bmi	.LBB0_10
@ %bb.9:
	.loc	2 0 5 is_stmt 0                 @ ../../../../../Library/StdDriver/src/fmc.c:0:5
	ldr	r0, [sp, #76]                   @ 4-byte Reload
	str	r0, [sp, #80]                   @ 4-byte Spill
.LBB0_10:
	.loc	2 53 5                          @ ../../../../../Library/StdDriver/src/fmc.c:53:5
	ldr	r1, [sp, #80]                   @ 4-byte Reload
	movs	r0, #1
	.loc	2 53 23                         @ ../../../../../Library/StdDriver/src/fmc.c:53:23
	str	r0, [r1]
	.loc	2 55 22 is_stmt 1               @ ../../../../../Library/StdDriver/src/fmc.c:55:22
	ldr	r0, __arm_cp.0_11
	ldr	r0, [r0]
	lsls	r0, r0, #1
	.loc	2 55 20 is_stmt 0               @ ../../../../../Library/StdDriver/src/fmc.c:55:20
	str	r0, [sp, #128]
	.loc	2 56 5 is_stmt 1                @ ../../../../../Library/StdDriver/src/fmc.c:56:5
	b	.LBB0_11
.LBB0_11:                               @ =>This Inner Loop Header: Depth=1
	.loc	2 56 11 is_stmt 0               @ ../../../../../Library/StdDriver/src/fmc.c:56:11
	bl	__PC
	lsls	r1, r0, #3
	ldr	r0, __arm_cp.0_1
	ldr	r2, __arm_cp.0_2
	str	r2, [sp, #68]                   @ 4-byte Spill
	cmp	r1, #0
	str	r0, [sp, #72]                   @ 4-byte Spill
	bmi	.LBB0_13
@ %bb.12:                               @   in Loop: Header=BB0_11 Depth=1
	.loc	2 0 11                          @ ../../../../../Library/StdDriver/src/fmc.c:0:11
	ldr	r0, [sp, #68]                   @ 4-byte Reload
	str	r0, [sp, #72]                   @ 4-byte Spill
.LBB0_13:                               @   in Loop: Header=BB0_11 Depth=1
	.loc	2 56 11                         @ ../../../../../Library/StdDriver/src/fmc.c:56:11
	ldr	r0, [sp, #72]                   @ 4-byte Reload
	.loc	2 56 20                         @ ../../../../../Library/StdDriver/src/fmc.c:56:20
	ldr	r0, [r0]
	.loc	2 56 5                          @ ../../../../../Library/StdDriver/src/fmc.c:56:5
	lsls	r0, r0, #31
	cbz	r0, .LBB0_17
	b	.LBB0_14
.LBB0_14:                               @   in Loop: Header=BB0_11 Depth=1
.Ltmp1:
	.loc	2 58 27 is_stmt 1               @ ../../../../../Library/StdDriver/src/fmc.c:58:27
	ldr	r0, [sp, #128]
	subs	r1, r0, #1
	str	r1, [sp, #128]
.Ltmp2:
	.loc	2 58 13 is_stmt 0               @ ../../../../../Library/StdDriver/src/fmc.c:58:13
	cmp	r0, #0
	bgt	.LBB0_16
	b	.LBB0_15
.LBB0_15:
.Ltmp3:
	.loc	2 60 30 is_stmt 1               @ ../../../../../Library/StdDriver/src/fmc.c:60:30
	ldr	r1, __arm_cp.0_0
	movs	r0, #0
	mvns	r0, r0
	str	r0, [r1]
	.loc	2 61 13                         @ ../../../../../Library/StdDriver/src/fmc.c:61:13
	b	.LBB0_17
.Ltmp4:
.LBB0_16:                               @   in Loop: Header=BB0_11 Depth=1
	.loc	2 56 5                          @ ../../../../../Library/StdDriver/src/fmc.c:56:5
	b	.LBB0_11
.LBB0_17:
.Ltmp5:
	.loc	2 65 8                          @ ../../../../../Library/StdDriver/src/fmc.c:65:8
	ldr	r0, __arm_cp.0_0
	ldr	r0, [r0]
.Ltmp6:
	.loc	2 65 8 is_stmt 0                @ ../../../../../Library/StdDriver/src/fmc.c:65:8
	cmp	r0, #0
	bne	.LBB0_41
	b	.LBB0_18
.LBB0_18:
.Ltmp7:
	.loc	2 67 26 is_stmt 1               @ ../../../../../Library/StdDriver/src/fmc.c:67:26
	ldr	r0, __arm_cp.0_11
	ldr	r0, [r0]
	lsls	r0, r0, #1
	.loc	2 67 24 is_stmt 0               @ ../../../../../Library/StdDriver/src/fmc.c:67:24
	str	r0, [sp, #124]
	.loc	2 68 9 is_stmt 1                @ ../../../../../Library/StdDriver/src/fmc.c:68:9
	b	.LBB0_19
.LBB0_19:                               @ =>This Loop Header: Depth=1
                                        @     Child Loop BB0_26 Depth 2
.Ltmp8:
	.loc	2 70 13                         @ ../../../../../Library/StdDriver/src/fmc.c:70:13
	bl	__PC
	lsls	r1, r0, #3
	ldr	r0, __arm_cp.0_3
	ldr	r2, __arm_cp.0_4
	str	r2, [sp, #60]                   @ 4-byte Spill
	cmp	r1, #0
	str	r0, [sp, #64]                   @ 4-byte Spill
	bmi	.LBB0_21
@ %bb.20:                               @   in Loop: Header=BB0_19 Depth=1
	.loc	2 0 13 is_stmt 0                @ ../../../../../Library/StdDriver/src/fmc.c:0:13
	ldr	r0, [sp, #60]                   @ 4-byte Reload
	str	r0, [sp, #64]                   @ 4-byte Spill
.LBB0_21:                               @   in Loop: Header=BB0_19 Depth=1
	.loc	2 70 13                         @ ../../../../../Library/StdDriver/src/fmc.c:70:13
	ldr	r1, [sp, #64]                   @ 4-byte Reload
	movs	r0, #8
	.loc	2 70 29                         @ ../../../../../Library/StdDriver/src/fmc.c:70:29
	str	r0, [r1]
	.loc	2 71 32 is_stmt 1               @ ../../../../../Library/StdDriver/src/fmc.c:71:32
	ldr	r0, [sp, #140]
	.loc	2 71 13 is_stmt 0               @ ../../../../../Library/StdDriver/src/fmc.c:71:13
	str	r0, [sp, #48]                   @ 4-byte Spill
	bl	__PC
	lsls	r1, r0, #3
	ldr	r0, __arm_cp.0_5
	ldr	r2, __arm_cp.0_6
	str	r2, [sp, #52]                   @ 4-byte Spill
	cmp	r1, #0
	str	r0, [sp, #56]                   @ 4-byte Spill
	bmi	.LBB0_23
@ %bb.22:                               @   in Loop: Header=BB0_19 Depth=1
	.loc	2 0 13                          @ ../../../../../Library/StdDriver/src/fmc.c:0:13
	ldr	r0, [sp, #52]                   @ 4-byte Reload
	str	r0, [sp, #56]                   @ 4-byte Spill
.LBB0_23:                               @   in Loop: Header=BB0_19 Depth=1
	.loc	2 71 13                         @ ../../../../../Library/StdDriver/src/fmc.c:71:13
	ldr	r0, [sp, #48]                   @ 4-byte Reload
	ldr	r1, [sp, #56]                   @ 4-byte Reload
	.loc	2 71 30                         @ ../../../../../Library/StdDriver/src/fmc.c:71:30
	str	r0, [r1]
	.loc	2 72 13 is_stmt 1               @ ../../../../../Library/StdDriver/src/fmc.c:72:13
	bl	__PC
	lsls	r1, r0, #3
	ldr	r0, __arm_cp.0_9
	ldr	r2, __arm_cp.0_10
	str	r2, [sp, #40]                   @ 4-byte Spill
	cmp	r1, #0
	str	r0, [sp, #44]                   @ 4-byte Spill
	bmi	.LBB0_25
@ %bb.24:                               @   in Loop: Header=BB0_19 Depth=1
	.loc	2 0 13 is_stmt 0                @ ../../../../../Library/StdDriver/src/fmc.c:0:13
	ldr	r0, [sp, #40]                   @ 4-byte Reload
	str	r0, [sp, #44]                   @ 4-byte Spill
.LBB0_25:                               @   in Loop: Header=BB0_19 Depth=1
	.loc	2 72 13                         @ ../../../../../Library/StdDriver/src/fmc.c:72:13
	ldr	r1, [sp, #44]                   @ 4-byte Reload
	movs	r0, #1
	.loc	2 72 29                         @ ../../../../../Library/StdDriver/src/fmc.c:72:29
	str	r0, [r1]
	.loc	2 74 30 is_stmt 1               @ ../../../../../Library/StdDriver/src/fmc.c:74:30
	ldr	r0, __arm_cp.0_11
	ldr	r0, [r0]
	lsls	r0, r0, #1
	.loc	2 74 28 is_stmt 0               @ ../../../../../Library/StdDriver/src/fmc.c:74:28
	str	r0, [sp, #128]
	.loc	2 75 13 is_stmt 1               @ ../../../../../Library/StdDriver/src/fmc.c:75:13
	b	.LBB0_26
.LBB0_26:                               @   Parent Loop BB0_19 Depth=1
                                        @ =>  This Inner Loop Header: Depth=2
	.loc	2 75 19 is_stmt 0               @ ../../../../../Library/StdDriver/src/fmc.c:75:19
	bl	__PC
	lsls	r1, r0, #3
	ldr	r0, __arm_cp.0_1
	ldr	r2, __arm_cp.0_2
	str	r2, [sp, #32]                   @ 4-byte Spill
	cmp	r1, #0
	str	r0, [sp, #36]                   @ 4-byte Spill
	bmi	.LBB0_28
@ %bb.27:                               @   in Loop: Header=BB0_26 Depth=2
	.loc	2 0 19                          @ ../../../../../Library/StdDriver/src/fmc.c:0:19
	ldr	r0, [sp, #32]                   @ 4-byte Reload
	str	r0, [sp, #36]                   @ 4-byte Spill
.LBB0_28:                               @   in Loop: Header=BB0_26 Depth=2
	.loc	2 75 19                         @ ../../../../../Library/StdDriver/src/fmc.c:75:19
	ldr	r0, [sp, #36]                   @ 4-byte Reload
	.loc	2 75 28                         @ ../../../../../Library/StdDriver/src/fmc.c:75:28
	ldr	r0, [r0]
	.loc	2 75 13                         @ ../../../../../Library/StdDriver/src/fmc.c:75:13
	lsls	r0, r0, #31
	cbz	r0, .LBB0_32
	b	.LBB0_29
.LBB0_29:                               @   in Loop: Header=BB0_26 Depth=2
.Ltmp9:
	.loc	2 77 35 is_stmt 1               @ ../../../../../Library/StdDriver/src/fmc.c:77:35
	ldr	r0, [sp, #128]
	subs	r1, r0, #1
	str	r1, [sp, #128]
.Ltmp10:
	.loc	2 77 21 is_stmt 0               @ ../../../../../Library/StdDriver/src/fmc.c:77:21
	cmp	r0, #0
	bgt	.LBB0_31
	b	.LBB0_30
.LBB0_30:                               @   in Loop: Header=BB0_19 Depth=1
.Ltmp11:
	.loc	2 79 38 is_stmt 1               @ ../../../../../Library/StdDriver/src/fmc.c:79:38
	ldr	r1, __arm_cp.0_0
	movs	r0, #0
	mvns	r0, r0
	str	r0, [r1]
	.loc	2 80 21                         @ ../../../../../Library/StdDriver/src/fmc.c:80:21
	b	.LBB0_32
.Ltmp12:
.LBB0_31:                               @   in Loop: Header=BB0_26 Depth=2
	.loc	2 75 13                         @ ../../../../../Library/StdDriver/src/fmc.c:75:13
	b	.LBB0_26
.LBB0_32:                               @   in Loop: Header=BB0_19 Depth=1
.Ltmp13:
	.loc	2 84 31                         @ ../../../../../Library/StdDriver/src/fmc.c:84:31
	ldr	r0, [sp, #124]
	subs	r1, r0, #1
	str	r1, [sp, #124]
.Ltmp14:
	.loc	2 84 17 is_stmt 0               @ ../../../../../Library/StdDriver/src/fmc.c:84:17
	cmp	r0, #0
	bgt	.LBB0_34
	b	.LBB0_33
.LBB0_33:                               @   in Loop: Header=BB0_19 Depth=1
.Ltmp15:
	.loc	2 86 34 is_stmt 1               @ ../../../../../Library/StdDriver/src/fmc.c:86:34
	ldr	r1, __arm_cp.0_0
	movs	r0, #0
	mvns	r0, r0
	str	r0, [r1]
	.loc	2 87 13                         @ ../../../../../Library/StdDriver/src/fmc.c:87:13
	b	.LBB0_34
.Ltmp16:
.LBB0_34:                               @   in Loop: Header=BB0_19 Depth=1
	.loc	2 88 9                          @ ../../../../../Library/StdDriver/src/fmc.c:88:9
	b	.LBB0_35
.Ltmp17:
.LBB0_35:                               @   in Loop: Header=BB0_19 Depth=1
	.loc	2 89 17                         @ ../../../../../Library/StdDriver/src/fmc.c:89:17
	bl	__PC
	lsls	r1, r0, #3
	ldr	r0, __arm_cp.0_7
	ldr	r2, __arm_cp.0_8
	str	r2, [sp, #24]                   @ 4-byte Spill
	cmp	r1, #0
	str	r0, [sp, #28]                   @ 4-byte Spill
	bmi	.LBB0_37
@ %bb.36:                               @   in Loop: Header=BB0_19 Depth=1
	.loc	2 0 17 is_stmt 0                @ ../../../../../Library/StdDriver/src/fmc.c:0:17
	ldr	r0, [sp, #24]                   @ 4-byte Reload
	str	r0, [sp, #28]                   @ 4-byte Spill
.LBB0_37:                               @   in Loop: Header=BB0_19 Depth=1
	.loc	2 89 17                         @ ../../../../../Library/StdDriver/src/fmc.c:89:17
	ldr	r0, [sp, #28]                   @ 4-byte Reload
	.loc	2 89 26                         @ ../../../../../Library/StdDriver/src/fmc.c:89:26
	ldr	r1, [r0]
	movs	r0, #0
	.loc	2 89 41                         @ ../../../../../Library/StdDriver/src/fmc.c:89:41
	str	r0, [sp, #20]                   @ 4-byte Spill
	cbnz	r1, .LBB0_39
	b	.LBB0_38
.LBB0_38:                               @   in Loop: Header=BB0_19 Depth=1
	.loc	2 89 45                         @ ../../../../../Library/StdDriver/src/fmc.c:89:45
	ldr	r0, __arm_cp.0_0
	ldr	r0, [r0]
	.loc	2 89 62                         @ ../../../../../Library/StdDriver/src/fmc.c:89:62
	rsbs	r1, r0, #0
	adcs	r0, r1
	str	r0, [sp, #20]                   @ 4-byte Spill
	b	.LBB0_39
.LBB0_39:                               @   in Loop: Header=BB0_19 Depth=1
	.loc	2 0 0                           @ ../../../../../Library/StdDriver/src/fmc.c:0:0
	ldr	r0, [sp, #20]                   @ 4-byte Reload
.Ltmp18:
	.loc	2 88 9 is_stmt 1                @ ../../../../../Library/StdDriver/src/fmc.c:88:9
	lsls	r0, r0, #31
	cmp	r0, #0
	bne	.LBB0_19
	b	.LBB0_40
.Ltmp19:
.LBB0_40:
	.loc	2 90 5                          @ ../../../../../Library/StdDriver/src/fmc.c:90:5
	b	.LBB0_41
.Ltmp20:
.LBB0_41:
	.loc	2 92 9                          @ ../../../../../Library/StdDriver/src/fmc.c:92:9
	ldr	r0, __arm_cp.0_0
	ldr	r0, [r0]
.Ltmp21:
	.loc	2 92 9 is_stmt 0                @ ../../../../../Library/StdDriver/src/fmc.c:92:9
	cbnz	r0, .LBB0_53
	b	.LBB0_42
.LBB0_42:
.Ltmp22:
	.loc	2 94 13 is_stmt 1               @ ../../../../../Library/StdDriver/src/fmc.c:94:13
	bl	__PC
	lsls	r1, r0, #3
	ldr	r0, __arm_cp.0_7
	ldr	r2, __arm_cp.0_8
	str	r2, [sp, #12]                   @ 4-byte Spill
	cmp	r1, #0
	str	r0, [sp, #16]                   @ 4-byte Spill
	bmi	.LBB0_44
@ %bb.43:
	.loc	2 0 13 is_stmt 0                @ ../../../../../Library/StdDriver/src/fmc.c:0:13
	ldr	r0, [sp, #12]                   @ 4-byte Reload
	str	r0, [sp, #16]                   @ 4-byte Spill
.LBB0_44:
	.loc	2 94 13                         @ ../../../../../Library/StdDriver/src/fmc.c:94:13
	ldr	r0, [sp, #16]                   @ 4-byte Reload
	.loc	2 94 22                         @ ../../../../../Library/StdDriver/src/fmc.c:94:22
	ldr	r0, [r0]
	ldr	r1, __arm_cp.0_12
.Ltmp23:
	.loc	2 94 13                         @ ../../../../../Library/StdDriver/src/fmc.c:94:13
	cmp	r0, r1
	bne	.LBB0_46
	b	.LBB0_45
.LBB0_45:
	.loc	2 0 13                          @ ../../../../../Library/StdDriver/src/fmc.c:0:13
	ldr	r0, __arm_cp.0_12
.Ltmp24:
	.loc	2 95 17 is_stmt 1               @ ../../../../../Library/StdDriver/src/fmc.c:95:17
	str	r0, [sp, #132]
	.loc	2 95 13 is_stmt 0               @ ../../../../../Library/StdDriver/src/fmc.c:95:13
	b	.LBB0_52
.LBB0_46:
.Ltmp25:
	.loc	2 96 18 is_stmt 1               @ ../../../../../Library/StdDriver/src/fmc.c:96:18
	bl	__PC
	lsls	r1, r0, #3
	ldr	r0, __arm_cp.0_7
	ldr	r2, __arm_cp.0_8
	str	r2, [sp, #4]                    @ 4-byte Spill
	cmp	r1, #0
	str	r0, [sp, #8]                    @ 4-byte Spill
	bmi	.LBB0_48
@ %bb.47:
	.loc	2 0 18 is_stmt 0                @ ../../../../../Library/StdDriver/src/fmc.c:0:18
	ldr	r0, [sp, #4]                    @ 4-byte Reload
	str	r0, [sp, #8]                    @ 4-byte Spill
.LBB0_48:
	.loc	2 96 18                         @ ../../../../../Library/StdDriver/src/fmc.c:96:18
	ldr	r0, [sp, #8]                    @ 4-byte Reload
	.loc	2 96 27                         @ ../../../../../Library/StdDriver/src/fmc.c:96:27
	ldr	r0, [r0]
	ldr	r1, __arm_cp.0_13
.Ltmp26:
	.loc	2 96 18                         @ ../../../../../Library/StdDriver/src/fmc.c:96:18
	cmp	r0, r1
	bne	.LBB0_50
	b	.LBB0_49
.LBB0_49:
	.loc	2 0 18                          @ ../../../../../Library/StdDriver/src/fmc.c:0:18
	ldr	r0, __arm_cp.0_13
.Ltmp27:
	.loc	2 97 17 is_stmt 1               @ ../../../../../Library/StdDriver/src/fmc.c:97:17
	str	r0, [sp, #132]
	.loc	2 97 13 is_stmt 0               @ ../../../../../Library/StdDriver/src/fmc.c:97:13
	b	.LBB0_51
.LBB0_50:
	.loc	2 99 30 is_stmt 1               @ ../../../../../Library/StdDriver/src/fmc.c:99:30
	ldr	r1, __arm_cp.0_0
	movs	r0, #0
	mvns	r0, r0
	str	r0, [r1]
	b	.LBB0_51
.Ltmp28:
.LBB0_51:
	.loc	2 0 30 is_stmt 0                @ ../../../../../Library/StdDriver/src/fmc.c:0:30
	b	.LBB0_52
.LBB0_52:
	.loc	2 100 5 is_stmt 1               @ ../../../../../Library/StdDriver/src/fmc.c:100:5
	b	.LBB0_53
.Ltmp29:
.LBB0_53:
	.loc	2 102 12                        @ ../../../../../Library/StdDriver/src/fmc.c:102:12
	ldr	r0, [sp, #132]
	.loc	2 102 5 is_stmt 0               @ ../../../../../Library/StdDriver/src/fmc.c:102:5
	add	sp, #144
	pop	{r7, pc}
.Ltmp30:
	.p2align	2
@ %bb.54:
	.loc	2 0 5                           @ ../../../../../Library/StdDriver/src/fmc.c:0:5
__arm_cp.0_0:
	.long	g_FMC_i32ErrCode
.Lcpi_end0:
	.size	__arm_cp.0_0, .Lcpi_end0-__arm_cp.0_0
__arm_cp.0_1:
	.long	1342226496                      @ 0x5000c040
.Lcpi_end1:
	.size	__arm_cp.0_1, .Lcpi_end1-__arm_cp.0_1
__arm_cp.0_2:
	.long	1073791040                      @ 0x4000c040
.Lcpi_end2:
	.size	__arm_cp.0_2, .Lcpi_end2-__arm_cp.0_2
__arm_cp.0_3:
	.long	1342226444                      @ 0x5000c00c
.Lcpi_end3:
	.size	__arm_cp.0_3, .Lcpi_end3-__arm_cp.0_3
__arm_cp.0_4:
	.long	1073790988                      @ 0x4000c00c
.Lcpi_end4:
	.size	__arm_cp.0_4, .Lcpi_end4-__arm_cp.0_4
__arm_cp.0_5:
	.long	1342226436                      @ 0x5000c004
.Lcpi_end5:
	.size	__arm_cp.0_5, .Lcpi_end5-__arm_cp.0_5
__arm_cp.0_6:
	.long	1073790980                      @ 0x4000c004
.Lcpi_end6:
	.size	__arm_cp.0_6, .Lcpi_end6-__arm_cp.0_6
__arm_cp.0_7:
	.long	1342226440                      @ 0x5000c008
.Lcpi_end7:
	.size	__arm_cp.0_7, .Lcpi_end7-__arm_cp.0_7
__arm_cp.0_8:
	.long	1073790984                      @ 0x4000c008
.Lcpi_end8:
	.size	__arm_cp.0_8, .Lcpi_end8-__arm_cp.0_8
__arm_cp.0_9:
	.long	1342226448                      @ 0x5000c010
.Lcpi_end9:
	.size	__arm_cp.0_9, .Lcpi_end9-__arm_cp.0_9
__arm_cp.0_10:
	.long	1073790992                      @ 0x4000c010
.Lcpi_end10:
	.size	__arm_cp.0_10, .Lcpi_end10-__arm_cp.0_10
__arm_cp.0_11:
	.long	SystemCoreClock
.Lcpi_end11:
	.size	__arm_cp.0_11, .Lcpi_end11-__arm_cp.0_11
__arm_cp.0_12:
	.long	2703228927                      @ 0xa11fffff
.Lcpi_end12:
	.size	__arm_cp.0_12, .Lcpi_end12-__arm_cp.0_12
__arm_cp.0_13:
	.long	2702180352                      @ 0xa1100000
.Lcpi_end13:
	.size	__arm_cp.0_13, .Lcpi_end13-__arm_cp.0_13
.Lfunc_end0:
	.size	FMC_CheckAllOne, .Lfunc_end0-FMC_CheckAllOne
	.cfi_endproc
	.fnend
                                        @ -- End function
	.section	.text.FMC_Close,"ax",%progbits
	.hidden	FMC_Close                       @ -- Begin function FMC_Close
	.globl	FMC_Close
	.p2align	2
	.type	FMC_Close,%function
	.code	16                              @ @FMC_Close
	.thumb_func
FMC_Close:
.Lfunc_begin1:
	.loc	2 117 0 is_stmt 1               @ ../../../../../Library/StdDriver/src/fmc.c:117:0
	.fnstart
	.cfi_startproc
@ %bb.0:
	ldr	r1, __arm_cp.1_0
.Ltmp31:
	.loc	2 118 17 prologue_end           @ ../../../../../Library/StdDriver/src/fmc.c:118:17
	ldr	r0, [r1]
	movs	r2, #1
	bics	r0, r2
	str	r0, [r1]
	.loc	2 119 1                         @ ../../../../../Library/StdDriver/src/fmc.c:119:1
	bx	lr
.Ltmp32:
	.p2align	2
@ %bb.1:
	.loc	2 0 1 is_stmt 0                 @ ../../../../../Library/StdDriver/src/fmc.c:0:1
__arm_cp.1_0:
	.long	1073790976                      @ 0x4000c000
.Lcpi_end14:
	.size	__arm_cp.1_0, .Lcpi_end14-__arm_cp.1_0
.Lfunc_end1:
	.size	FMC_Close, .Lfunc_end1-FMC_Close
	.cfi_endproc
	.cantunwind
	.fnend
                                        @ -- End function
	.section	.text.FMC_ConfigXOM,"ax",%progbits
	.hidden	FMC_ConfigXOM                   @ -- Begin function FMC_ConfigXOM
	.globl	FMC_ConfigXOM
	.p2align	2
	.type	FMC_ConfigXOM,%function
	.code	16                              @ @FMC_ConfigXOM
	.thumb_func
FMC_ConfigXOM:
.Lfunc_begin2:
	.loc	2 141 0 is_stmt 1               @ ../../../../../Library/StdDriver/src/fmc.c:141:0
	.fnstart
	.cfi_startproc
@ %bb.0:
	.save	{r7, lr}
	push	{r7, lr}
	.cfi_def_cfa_offset 8
	.cfi_offset lr, -4
	.cfi_offset r7, -8
	.pad	#224
	sub	sp, #224
	.cfi_def_cfa_offset 232
                                        @ kill: def $r3 killed $r2
	str	r0, [sp, #220]
	str	r1, [sp, #216]
	add	r0, sp, #212
	strb	r2, [r0]
	movs	r0, #0
.Ltmp33:
	.loc	2 142 14 prologue_end           @ ../../../../../Library/StdDriver/src/fmc.c:142:14
	str	r0, [sp, #208]
	.loc	2 146 22                        @ ../../../../../Library/StdDriver/src/fmc.c:146:22
	ldr	r1, __arm_cp.2_0
	str	r0, [r1]
	ldr	r0, __arm_cp.2_1
	.loc	2 149 20                        @ ../../../../../Library/StdDriver/src/fmc.c:149:20
	ldr	r0, [r0]
	movs	r1, #32
	ands	r0, r1
	lsrs	r1, r0, #5
	movs	r2, #1
	lsls	r0, r2, #20
	lsls	r2, r2, #19
	str	r2, [sp, #192]                  @ 4-byte Spill
	str	r0, [sp, #196]                  @ 4-byte Spill
	cbnz	r1, .LBB2_2
@ %bb.1:
	.loc	2 0 20 is_stmt 0                @ ../../../../../Library/StdDriver/src/fmc.c:0:20
	ldr	r0, [sp, #192]                  @ 4-byte Reload
	str	r0, [sp, #196]                  @ 4-byte Spill
.LBB2_2:
	.loc	2 149 20                        @ ../../../../../Library/StdDriver/src/fmc.c:149:20
	ldr	r0, [sp, #196]                  @ 4-byte Reload
	.loc	2 149 18                        @ ../../../../../Library/StdDriver/src/fmc.c:149:18
	str	r0, [sp, #204]
.Ltmp34:
	.loc	2 151 8 is_stmt 1               @ ../../../../../Library/StdDriver/src/fmc.c:151:8
	ldr	r0, [sp, #220]
.Ltmp35:
	.loc	2 151 8 is_stmt 0               @ ../../../../../Library/StdDriver/src/fmc.c:151:8
	cmp	r0, #4
	blo	.LBB2_4
	b	.LBB2_3
.LBB2_3:
.Ltmp36:
	.loc	2 153 26 is_stmt 1              @ ../../../../../Library/StdDriver/src/fmc.c:153:26
	ldr	r1, __arm_cp.2_0
	movs	r0, #1
	mvns	r0, r0
	str	r0, [r1]
	.loc	2 154 13                        @ ../../../../../Library/StdDriver/src/fmc.c:154:13
	str	r0, [sp, #208]
	.loc	2 155 5                         @ ../../../../../Library/StdDriver/src/fmc.c:155:5
	b	.LBB2_4
.Ltmp37:
.LBB2_4:
	.loc	2 157 9                         @ ../../../../../Library/StdDriver/src/fmc.c:157:9
	ldr	r0, [sp, #216]
	.loc	2 157 39 is_stmt 0              @ ../../../../../Library/StdDriver/src/fmc.c:157:39
	cbz	r0, .LBB2_6
	b	.LBB2_5
.LBB2_5:
	.loc	2 157 44                        @ ../../../../../Library/StdDriver/src/fmc.c:157:44
	ldr	r0, [sp, #216]
	add	r1, sp, #212
	.loc	2 157 79                        @ ../../../../../Library/StdDriver/src/fmc.c:157:79
	ldrb	r1, [r1]
	.loc	2 157 77                        @ ../../../../../Library/StdDriver/src/fmc.c:157:77
	lsls	r1, r1, #11
	.loc	2 157 55                        @ ../../../../../Library/StdDriver/src/fmc.c:157:55
	adds	r0, r0, r1
	.loc	2 157 92                        @ ../../../../../Library/StdDriver/src/fmc.c:157:92
	ldr	r1, [sp, #204]
.Ltmp38:
	.loc	2 157 8                         @ ../../../../../Library/StdDriver/src/fmc.c:157:8
	cmp	r0, r1
	bls	.LBB2_7
	b	.LBB2_6
.LBB2_6:
.Ltmp39:
	.loc	2 159 26 is_stmt 1              @ ../../../../../Library/StdDriver/src/fmc.c:159:26
	ldr	r1, __arm_cp.2_0
	movs	r0, #2
	mvns	r0, r0
	str	r0, [r1]
	.loc	2 160 13                        @ ../../../../../Library/StdDriver/src/fmc.c:160:13
	str	r0, [sp, #208]
	.loc	2 161 5                         @ ../../../../../Library/StdDriver/src/fmc.c:161:5
	b	.LBB2_7
.Ltmp40:
.LBB2_7:
	.loc	2 163 8                         @ ../../../../../Library/StdDriver/src/fmc.c:163:8
	ldr	r0, [sp, #208]
.Ltmp41:
	.loc	2 163 8 is_stmt 0               @ ../../../../../Library/StdDriver/src/fmc.c:163:8
	cbnz	r0, .LBB2_9
	b	.LBB2_8
.LBB2_8:
.Ltmp42:
	.loc	2 165 31 is_stmt 1              @ ../../../../../Library/StdDriver/src/fmc.c:165:31
	ldr	r0, [sp, #220]
	.loc	2 165 15 is_stmt 0              @ ../../../../../Library/StdDriver/src/fmc.c:165:15
	bl	FMC_GetXOMState
	.loc	2 165 13                        @ ../../../../../Library/StdDriver/src/fmc.c:165:13
	str	r0, [sp, #208]
	.loc	2 166 5 is_stmt 1               @ ../../../../../Library/StdDriver/src/fmc.c:166:5
	b	.LBB2_9
.Ltmp43:
.LBB2_9:
	.loc	2 168 8                         @ ../../../../../Library/StdDriver/src/fmc.c:168:8
	ldr	r0, [sp, #208]
.Ltmp44:
	.loc	2 168 8 is_stmt 0               @ ../../../../../Library/StdDriver/src/fmc.c:168:8
	cbz	r0, .LBB2_10
	b	.LBB2_32
.LBB2_10:
.Ltmp45:
	.loc	2 170 9 is_stmt 1               @ ../../../../../Library/StdDriver/src/fmc.c:170:9
	bl	__PC
	lsls	r1, r0, #3
	ldr	r0, __arm_cp.2_2
	ldr	r2, __arm_cp.2_3
	str	r2, [sp, #184]                  @ 4-byte Spill
	cmp	r1, #0
	str	r0, [sp, #188]                  @ 4-byte Spill
	bmi	.LBB2_12
@ %bb.11:
	.loc	2 0 9 is_stmt 0                 @ ../../../../../Library/StdDriver/src/fmc.c:0:9
	ldr	r0, [sp, #184]                  @ 4-byte Reload
	str	r0, [sp, #188]                  @ 4-byte Spill
.LBB2_12:
	.loc	2 170 9                         @ ../../../../../Library/StdDriver/src/fmc.c:170:9
	ldr	r1, [sp, #188]                  @ 4-byte Reload
	movs	r0, #33
	.loc	2 170 25                        @ ../../../../../Library/StdDriver/src/fmc.c:170:25
	str	r0, [r1]
	.loc	2 171 44 is_stmt 1              @ ../../../../../Library/StdDriver/src/fmc.c:171:44
	ldr	r0, [sp, #220]
	.loc	2 171 54 is_stmt 0              @ ../../../../../Library/StdDriver/src/fmc.c:171:54
	lsls	r0, r0, #4
	movs	r1, #1
	str	r1, [sp, #168]                  @ 4-byte Spill
	lsls	r1, r1, #21
	.loc	2 171 41                        @ ../../../../../Library/StdDriver/src/fmc.c:171:41
	adds	r0, r0, r1
	.loc	2 171 9                         @ ../../../../../Library/StdDriver/src/fmc.c:171:9
	str	r0, [sp, #172]                  @ 4-byte Spill
	bl	__PC
	lsls	r1, r0, #3
	ldr	r0, __arm_cp.2_4
	ldr	r2, __arm_cp.2_5
	str	r2, [sp, #176]                  @ 4-byte Spill
	cmp	r1, #0
	str	r0, [sp, #180]                  @ 4-byte Spill
	bmi	.LBB2_14
@ %bb.13:
	.loc	2 0 9                           @ ../../../../../Library/StdDriver/src/fmc.c:0:9
	ldr	r0, [sp, #176]                  @ 4-byte Reload
	str	r0, [sp, #180]                  @ 4-byte Spill
.LBB2_14:
	.loc	2 171 9                         @ ../../../../../Library/StdDriver/src/fmc.c:171:9
	ldr	r0, [sp, #172]                  @ 4-byte Reload
	ldr	r1, [sp, #180]                  @ 4-byte Reload
	.loc	2 171 26                        @ ../../../../../Library/StdDriver/src/fmc.c:171:26
	str	r0, [r1]
	.loc	2 172 27 is_stmt 1              @ ../../../../../Library/StdDriver/src/fmc.c:172:27
	ldr	r0, [sp, #216]
	.loc	2 172 9 is_stmt 0               @ ../../../../../Library/StdDriver/src/fmc.c:172:9
	str	r0, [sp, #156]                  @ 4-byte Spill
	bl	__PC
	lsls	r1, r0, #3
	ldr	r0, __arm_cp.2_6
	ldr	r2, __arm_cp.2_7
	str	r2, [sp, #160]                  @ 4-byte Spill
	cmp	r1, #0
	str	r0, [sp, #164]                  @ 4-byte Spill
	bmi	.LBB2_16
@ %bb.15:
	.loc	2 0 9                           @ ../../../../../Library/StdDriver/src/fmc.c:0:9
	ldr	r0, [sp, #160]                  @ 4-byte Reload
	str	r0, [sp, #164]                  @ 4-byte Spill
.LBB2_16:
	.loc	2 172 9                         @ ../../../../../Library/StdDriver/src/fmc.c:172:9
	ldr	r0, [sp, #156]                  @ 4-byte Reload
	ldr	r1, [sp, #164]                  @ 4-byte Reload
	.loc	2 172 25                        @ ../../../../../Library/StdDriver/src/fmc.c:172:25
	str	r0, [r1]
	.loc	2 173 9 is_stmt 1               @ ../../../../../Library/StdDriver/src/fmc.c:173:9
	bl	__PC
	lsls	r1, r0, #3
	ldr	r0, __arm_cp.2_8
	ldr	r2, __arm_cp.2_9
	str	r2, [sp, #148]                  @ 4-byte Spill
	cmp	r1, #0
	str	r0, [sp, #152]                  @ 4-byte Spill
	bmi	.LBB2_18
@ %bb.17:
	.loc	2 0 9 is_stmt 0                 @ ../../../../../Library/StdDriver/src/fmc.c:0:9
	ldr	r0, [sp, #148]                  @ 4-byte Reload
	str	r0, [sp, #152]                  @ 4-byte Spill
.LBB2_18:
	.loc	2 173 9                         @ ../../../../../Library/StdDriver/src/fmc.c:173:9
	ldr	r0, [sp, #168]                  @ 4-byte Reload
	ldr	r1, [sp, #152]                  @ 4-byte Reload
	.loc	2 173 25                        @ ../../../../../Library/StdDriver/src/fmc.c:173:25
	str	r0, [r1]
	.loc	2 174 25 is_stmt 1              @ ../../../../../Library/StdDriver/src/fmc.c:174:25
	ldr	r0, __arm_cp.2_10
	ldr	r0, [r0]
	lsrs	r0, r0, #3
	.loc	2 174 23 is_stmt 0              @ ../../../../../Library/StdDriver/src/fmc.c:174:23
	str	r0, [sp, #200]
	.loc	2 175 9 is_stmt 1               @ ../../../../../Library/StdDriver/src/fmc.c:175:9
	b	.LBB2_19
.LBB2_19:                               @ =>This Inner Loop Header: Depth=1
	.loc	2 175 15 is_stmt 0              @ ../../../../../Library/StdDriver/src/fmc.c:175:15
	bl	__PC
	lsls	r1, r0, #3
	ldr	r0, __arm_cp.2_8
	ldr	r2, __arm_cp.2_9
	str	r2, [sp, #140]                  @ 4-byte Spill
	cmp	r1, #0
	str	r0, [sp, #144]                  @ 4-byte Spill
	bmi	.LBB2_21
@ %bb.20:                               @   in Loop: Header=BB2_19 Depth=1
	.loc	2 0 15                          @ ../../../../../Library/StdDriver/src/fmc.c:0:15
	ldr	r0, [sp, #140]                  @ 4-byte Reload
	str	r0, [sp, #144]                  @ 4-byte Spill
.LBB2_21:                               @   in Loop: Header=BB2_19 Depth=1
	.loc	2 175 15                        @ ../../../../../Library/StdDriver/src/fmc.c:175:15
	ldr	r0, [sp, #144]                  @ 4-byte Reload
	.loc	2 175 24                        @ ../../../../../Library/StdDriver/src/fmc.c:175:24
	ldr	r0, [r0]
	.loc	2 175 9                         @ ../../../../../Library/StdDriver/src/fmc.c:175:9
	lsls	r0, r0, #31
	cbz	r0, .LBB2_25
	b	.LBB2_22
.LBB2_22:                               @   in Loop: Header=BB2_19 Depth=1
.Ltmp46:
	.loc	2 177 30 is_stmt 1              @ ../../../../../Library/StdDriver/src/fmc.c:177:30
	ldr	r0, [sp, #200]
	subs	r1, r0, #1
	str	r1, [sp, #200]
.Ltmp47:
	.loc	2 177 17 is_stmt 0              @ ../../../../../Library/StdDriver/src/fmc.c:177:17
	cmp	r0, #0
	bgt	.LBB2_24
	b	.LBB2_23
.LBB2_23:
.Ltmp48:
	.loc	2 179 34 is_stmt 1              @ ../../../../../Library/StdDriver/src/fmc.c:179:34
	ldr	r1, __arm_cp.2_0
	movs	r0, #0
	mvns	r0, r0
	str	r0, [r1]
	.loc	2 180 21                        @ ../../../../../Library/StdDriver/src/fmc.c:180:21
	str	r0, [sp, #208]
	.loc	2 181 17                        @ ../../../../../Library/StdDriver/src/fmc.c:181:17
	b	.LBB2_25
.Ltmp49:
.LBB2_24:                               @   in Loop: Header=BB2_19 Depth=1
	.loc	2 175 9                         @ ../../../../../Library/StdDriver/src/fmc.c:175:9
	b	.LBB2_19
.LBB2_25:
.Ltmp50:
	.loc	2 185 12                        @ ../../../../../Library/StdDriver/src/fmc.c:185:12
	bl	__PC
	lsls	r1, r0, #3
	ldr	r0, __arm_cp.2_11
	ldr	r2, __arm_cp.2_12
	str	r2, [sp, #132]                  @ 4-byte Spill
	cmp	r1, #0
	str	r0, [sp, #136]                  @ 4-byte Spill
	bmi	.LBB2_27
@ %bb.26:
	.loc	2 0 12 is_stmt 0                @ ../../../../../Library/StdDriver/src/fmc.c:0:12
	ldr	r0, [sp, #132]                  @ 4-byte Reload
	str	r0, [sp, #136]                  @ 4-byte Spill
.LBB2_27:
	.loc	2 185 12                        @ ../../../../../Library/StdDriver/src/fmc.c:185:12
	ldr	r0, [sp, #136]                  @ 4-byte Reload
	.loc	2 185 21                        @ ../../../../../Library/StdDriver/src/fmc.c:185:21
	ldr	r0, [r0]
.Ltmp51:
	.loc	2 185 12                        @ ../../../../../Library/StdDriver/src/fmc.c:185:12
	lsls	r0, r0, #25
	cmp	r0, #0
	bpl	.LBB2_31
	b	.LBB2_28
.LBB2_28:
.Ltmp52:
	.loc	2 187 13 is_stmt 1              @ ../../../../../Library/StdDriver/src/fmc.c:187:13
	bl	__PC
	lsls	r1, r0, #3
	ldr	r0, __arm_cp.2_11
	ldr	r2, __arm_cp.2_12
	str	r2, [sp, #124]                  @ 4-byte Spill
	cmp	r1, #0
	str	r0, [sp, #128]                  @ 4-byte Spill
	bmi	.LBB2_30
@ %bb.29:
	.loc	2 0 13 is_stmt 0                @ ../../../../../Library/StdDriver/src/fmc.c:0:13
	ldr	r0, [sp, #124]                  @ 4-byte Reload
	str	r0, [sp, #128]                  @ 4-byte Spill
.LBB2_30:
	.loc	2 187 13                        @ ../../../../../Library/StdDriver/src/fmc.c:187:13
	ldr	r1, [sp, #128]                  @ 4-byte Reload
	.loc	2 187 29                        @ ../../../../../Library/StdDriver/src/fmc.c:187:29
	ldr	r0, [r1]
	movs	r2, #64
	orrs	r0, r2
	str	r0, [r1]
	.loc	2 188 30 is_stmt 1              @ ../../../../../Library/StdDriver/src/fmc.c:188:30
	ldr	r1, __arm_cp.2_0
	movs	r0, #0
	mvns	r0, r0
	str	r0, [r1]
	.loc	2 189 17                        @ ../../../../../Library/StdDriver/src/fmc.c:189:17
	str	r0, [sp, #208]
	.loc	2 190 9                         @ ../../../../../Library/StdDriver/src/fmc.c:190:9
	b	.LBB2_31
.Ltmp53:
.LBB2_31:
	.loc	2 191 5                         @ ../../../../../Library/StdDriver/src/fmc.c:191:5
	b	.LBB2_32
.Ltmp54:
.LBB2_32:
	.loc	2 193 8                         @ ../../../../../Library/StdDriver/src/fmc.c:193:8
	ldr	r0, [sp, #208]
.Ltmp55:
	.loc	2 193 8 is_stmt 0               @ ../../../../../Library/StdDriver/src/fmc.c:193:8
	cbz	r0, .LBB2_33
	b	.LBB2_55
.LBB2_33:
.Ltmp56:
	.loc	2 195 9 is_stmt 1               @ ../../../../../Library/StdDriver/src/fmc.c:195:9
	bl	__PC
	lsls	r1, r0, #3
	ldr	r0, __arm_cp.2_2
	ldr	r2, __arm_cp.2_3
	str	r2, [sp, #116]                  @ 4-byte Spill
	cmp	r1, #0
	str	r0, [sp, #120]                  @ 4-byte Spill
	bmi	.LBB2_35
@ %bb.34:
	.loc	2 0 9 is_stmt 0                 @ ../../../../../Library/StdDriver/src/fmc.c:0:9
	ldr	r0, [sp, #116]                  @ 4-byte Reload
	str	r0, [sp, #120]                  @ 4-byte Spill
.LBB2_35:
	.loc	2 195 9                         @ ../../../../../Library/StdDriver/src/fmc.c:195:9
	ldr	r1, [sp, #120]                  @ 4-byte Reload
	movs	r0, #33
	.loc	2 195 25                        @ ../../../../../Library/StdDriver/src/fmc.c:195:25
	str	r0, [r1]
	.loc	2 196 44 is_stmt 1              @ ../../../../../Library/StdDriver/src/fmc.c:196:44
	ldr	r0, [sp, #220]
	.loc	2 196 54 is_stmt 0              @ ../../../../../Library/StdDriver/src/fmc.c:196:54
	lsls	r0, r0, #4
	ldr	r1, __arm_cp.2_13
	.loc	2 196 41                        @ ../../../../../Library/StdDriver/src/fmc.c:196:41
	adds	r0, r0, r1
	.loc	2 196 9                         @ ../../../../../Library/StdDriver/src/fmc.c:196:9
	str	r0, [sp, #104]                  @ 4-byte Spill
	bl	__PC
	lsls	r1, r0, #3
	ldr	r0, __arm_cp.2_4
	ldr	r2, __arm_cp.2_5
	str	r2, [sp, #108]                  @ 4-byte Spill
	cmp	r1, #0
	str	r0, [sp, #112]                  @ 4-byte Spill
	bmi	.LBB2_37
@ %bb.36:
	.loc	2 0 9                           @ ../../../../../Library/StdDriver/src/fmc.c:0:9
	ldr	r0, [sp, #108]                  @ 4-byte Reload
	str	r0, [sp, #112]                  @ 4-byte Spill
.LBB2_37:
	.loc	2 196 9                         @ ../../../../../Library/StdDriver/src/fmc.c:196:9
	ldr	r0, [sp, #104]                  @ 4-byte Reload
	ldr	r1, [sp, #112]                  @ 4-byte Reload
	.loc	2 196 26                        @ ../../../../../Library/StdDriver/src/fmc.c:196:26
	str	r0, [r1]
	add	r0, sp, #212
	.loc	2 197 27 is_stmt 1              @ ../../../../../Library/StdDriver/src/fmc.c:197:27
	ldrb	r0, [r0]
	.loc	2 197 9 is_stmt 0               @ ../../../../../Library/StdDriver/src/fmc.c:197:9
	str	r0, [sp, #92]                   @ 4-byte Spill
	bl	__PC
	lsls	r1, r0, #3
	ldr	r0, __arm_cp.2_6
	ldr	r2, __arm_cp.2_7
	str	r2, [sp, #96]                   @ 4-byte Spill
	cmp	r1, #0
	str	r0, [sp, #100]                  @ 4-byte Spill
	bmi	.LBB2_39
@ %bb.38:
	.loc	2 0 9                           @ ../../../../../Library/StdDriver/src/fmc.c:0:9
	ldr	r0, [sp, #96]                   @ 4-byte Reload
	str	r0, [sp, #100]                  @ 4-byte Spill
.LBB2_39:
	.loc	2 197 9                         @ ../../../../../Library/StdDriver/src/fmc.c:197:9
	ldr	r0, [sp, #92]                   @ 4-byte Reload
	ldr	r1, [sp, #100]                  @ 4-byte Reload
	.loc	2 197 25                        @ ../../../../../Library/StdDriver/src/fmc.c:197:25
	str	r0, [r1]
	.loc	2 198 9 is_stmt 1               @ ../../../../../Library/StdDriver/src/fmc.c:198:9
	bl	__PC
	lsls	r1, r0, #3
	ldr	r0, __arm_cp.2_8
	ldr	r2, __arm_cp.2_9
	str	r2, [sp, #84]                   @ 4-byte Spill
	cmp	r1, #0
	str	r0, [sp, #88]                   @ 4-byte Spill
	bmi	.LBB2_41
@ %bb.40:
	.loc	2 0 9 is_stmt 0                 @ ../../../../../Library/StdDriver/src/fmc.c:0:9
	ldr	r0, [sp, #84]                   @ 4-byte Reload
	str	r0, [sp, #88]                   @ 4-byte Spill
.LBB2_41:
	.loc	2 198 9                         @ ../../../../../Library/StdDriver/src/fmc.c:198:9
	ldr	r1, [sp, #88]                   @ 4-byte Reload
	movs	r0, #1
	.loc	2 198 25                        @ ../../../../../Library/StdDriver/src/fmc.c:198:25
	str	r0, [r1]
	.loc	2 199 25 is_stmt 1              @ ../../../../../Library/StdDriver/src/fmc.c:199:25
	ldr	r0, __arm_cp.2_10
	ldr	r0, [r0]
	lsrs	r0, r0, #3
	.loc	2 199 23 is_stmt 0              @ ../../../../../Library/StdDriver/src/fmc.c:199:23
	str	r0, [sp, #200]
	.loc	2 200 9 is_stmt 1               @ ../../../../../Library/StdDriver/src/fmc.c:200:9
	b	.LBB2_42
.LBB2_42:                               @ =>This Inner Loop Header: Depth=1
	.loc	2 200 15 is_stmt 0              @ ../../../../../Library/StdDriver/src/fmc.c:200:15
	bl	__PC
	lsls	r1, r0, #3
	ldr	r0, __arm_cp.2_8
	ldr	r2, __arm_cp.2_9
	str	r2, [sp, #76]                   @ 4-byte Spill
	cmp	r1, #0
	str	r0, [sp, #80]                   @ 4-byte Spill
	bmi	.LBB2_44
@ %bb.43:                               @   in Loop: Header=BB2_42 Depth=1
	.loc	2 0 15                          @ ../../../../../Library/StdDriver/src/fmc.c:0:15
	ldr	r0, [sp, #76]                   @ 4-byte Reload
	str	r0, [sp, #80]                   @ 4-byte Spill
.LBB2_44:                               @   in Loop: Header=BB2_42 Depth=1
	.loc	2 200 15                        @ ../../../../../Library/StdDriver/src/fmc.c:200:15
	ldr	r0, [sp, #80]                   @ 4-byte Reload
	.loc	2 200 24                        @ ../../../../../Library/StdDriver/src/fmc.c:200:24
	ldr	r0, [r0]
	.loc	2 200 9                         @ ../../../../../Library/StdDriver/src/fmc.c:200:9
	lsls	r0, r0, #31
	cbz	r0, .LBB2_48
	b	.LBB2_45
.LBB2_45:                               @   in Loop: Header=BB2_42 Depth=1
.Ltmp57:
	.loc	2 202 30 is_stmt 1              @ ../../../../../Library/StdDriver/src/fmc.c:202:30
	ldr	r0, [sp, #200]
	subs	r1, r0, #1
	str	r1, [sp, #200]
.Ltmp58:
	.loc	2 202 17 is_stmt 0              @ ../../../../../Library/StdDriver/src/fmc.c:202:17
	cmp	r0, #0
	bgt	.LBB2_47
	b	.LBB2_46
.LBB2_46:
.Ltmp59:
	.loc	2 204 34 is_stmt 1              @ ../../../../../Library/StdDriver/src/fmc.c:204:34
	ldr	r1, __arm_cp.2_0
	movs	r0, #0
	mvns	r0, r0
	str	r0, [r1]
	.loc	2 205 21                        @ ../../../../../Library/StdDriver/src/fmc.c:205:21
	str	r0, [sp, #208]
	.loc	2 206 17                        @ ../../../../../Library/StdDriver/src/fmc.c:206:17
	b	.LBB2_48
.Ltmp60:
.LBB2_47:                               @   in Loop: Header=BB2_42 Depth=1
	.loc	2 200 9                         @ ../../../../../Library/StdDriver/src/fmc.c:200:9
	b	.LBB2_42
.LBB2_48:
.Ltmp61:
	.loc	2 210 12                        @ ../../../../../Library/StdDriver/src/fmc.c:210:12
	bl	__PC
	lsls	r1, r0, #3
	ldr	r0, __arm_cp.2_11
	ldr	r2, __arm_cp.2_12
	str	r2, [sp, #68]                   @ 4-byte Spill
	cmp	r1, #0
	str	r0, [sp, #72]                   @ 4-byte Spill
	bmi	.LBB2_50
@ %bb.49:
	.loc	2 0 12 is_stmt 0                @ ../../../../../Library/StdDriver/src/fmc.c:0:12
	ldr	r0, [sp, #68]                   @ 4-byte Reload
	str	r0, [sp, #72]                   @ 4-byte Spill
.LBB2_50:
	.loc	2 210 12                        @ ../../../../../Library/StdDriver/src/fmc.c:210:12
	ldr	r0, [sp, #72]                   @ 4-byte Reload
	.loc	2 210 21                        @ ../../../../../Library/StdDriver/src/fmc.c:210:21
	ldr	r0, [r0]
.Ltmp62:
	.loc	2 210 12                        @ ../../../../../Library/StdDriver/src/fmc.c:210:12
	lsls	r0, r0, #25
	cmp	r0, #0
	bpl	.LBB2_54
	b	.LBB2_51
.LBB2_51:
.Ltmp63:
	.loc	2 212 13 is_stmt 1              @ ../../../../../Library/StdDriver/src/fmc.c:212:13
	bl	__PC
	lsls	r1, r0, #3
	ldr	r0, __arm_cp.2_11
	ldr	r2, __arm_cp.2_12
	str	r2, [sp, #60]                   @ 4-byte Spill
	cmp	r1, #0
	str	r0, [sp, #64]                   @ 4-byte Spill
	bmi	.LBB2_53
@ %bb.52:
	.loc	2 0 13 is_stmt 0                @ ../../../../../Library/StdDriver/src/fmc.c:0:13
	ldr	r0, [sp, #60]                   @ 4-byte Reload
	str	r0, [sp, #64]                   @ 4-byte Spill
.LBB2_53:
	.loc	2 212 13                        @ ../../../../../Library/StdDriver/src/fmc.c:212:13
	ldr	r1, [sp, #64]                   @ 4-byte Reload
	.loc	2 212 29                        @ ../../../../../Library/StdDriver/src/fmc.c:212:29
	ldr	r0, [r1]
	movs	r2, #64
	orrs	r0, r2
	str	r0, [r1]
	.loc	2 213 30 is_stmt 1              @ ../../../../../Library/StdDriver/src/fmc.c:213:30
	ldr	r1, __arm_cp.2_0
	movs	r0, #0
	mvns	r0, r0
	str	r0, [r1]
	.loc	2 214 17                        @ ../../../../../Library/StdDriver/src/fmc.c:214:17
	str	r0, [sp, #208]
	.loc	2 215 9                         @ ../../../../../Library/StdDriver/src/fmc.c:215:9
	b	.LBB2_54
.Ltmp64:
.LBB2_54:
	.loc	2 216 5                         @ ../../../../../Library/StdDriver/src/fmc.c:216:5
	b	.LBB2_55
.Ltmp65:
.LBB2_55:
	.loc	2 218 8                         @ ../../../../../Library/StdDriver/src/fmc.c:218:8
	ldr	r0, [sp, #208]
.Ltmp66:
	.loc	2 218 8 is_stmt 0               @ ../../../../../Library/StdDriver/src/fmc.c:218:8
	cbz	r0, .LBB2_56
	b	.LBB2_78
.LBB2_56:
.Ltmp67:
	.loc	2 220 9 is_stmt 1               @ ../../../../../Library/StdDriver/src/fmc.c:220:9
	bl	__PC
	lsls	r1, r0, #3
	ldr	r0, __arm_cp.2_2
	ldr	r2, __arm_cp.2_3
	str	r2, [sp, #52]                   @ 4-byte Spill
	cmp	r1, #0
	str	r0, [sp, #56]                   @ 4-byte Spill
	bmi	.LBB2_58
@ %bb.57:
	.loc	2 0 9 is_stmt 0                 @ ../../../../../Library/StdDriver/src/fmc.c:0:9
	ldr	r0, [sp, #52]                   @ 4-byte Reload
	str	r0, [sp, #56]                   @ 4-byte Spill
.LBB2_58:
	.loc	2 220 9                         @ ../../../../../Library/StdDriver/src/fmc.c:220:9
	ldr	r1, [sp, #56]                   @ 4-byte Reload
	movs	r0, #33
	.loc	2 220 25                        @ ../../../../../Library/StdDriver/src/fmc.c:220:25
	str	r0, [r1]
	.loc	2 221 44 is_stmt 1              @ ../../../../../Library/StdDriver/src/fmc.c:221:44
	ldr	r0, [sp, #220]
	.loc	2 221 54 is_stmt 0              @ ../../../../../Library/StdDriver/src/fmc.c:221:54
	lsls	r0, r0, #4
	ldr	r1, __arm_cp.2_14
	.loc	2 221 41                        @ ../../../../../Library/StdDriver/src/fmc.c:221:41
	adds	r0, r0, r1
	.loc	2 221 9                         @ ../../../../../Library/StdDriver/src/fmc.c:221:9
	str	r0, [sp, #40]                   @ 4-byte Spill
	bl	__PC
	lsls	r1, r0, #3
	ldr	r0, __arm_cp.2_4
	ldr	r2, __arm_cp.2_5
	str	r2, [sp, #44]                   @ 4-byte Spill
	cmp	r1, #0
	str	r0, [sp, #48]                   @ 4-byte Spill
	bmi	.LBB2_60
@ %bb.59:
	.loc	2 0 9                           @ ../../../../../Library/StdDriver/src/fmc.c:0:9
	ldr	r0, [sp, #44]                   @ 4-byte Reload
	str	r0, [sp, #48]                   @ 4-byte Spill
.LBB2_60:
	.loc	2 221 9                         @ ../../../../../Library/StdDriver/src/fmc.c:221:9
	ldr	r0, [sp, #40]                   @ 4-byte Reload
	ldr	r1, [sp, #48]                   @ 4-byte Reload
	.loc	2 221 26                        @ ../../../../../Library/StdDriver/src/fmc.c:221:26
	str	r0, [r1]
	.loc	2 222 9 is_stmt 1               @ ../../../../../Library/StdDriver/src/fmc.c:222:9
	bl	__PC
	lsls	r1, r0, #3
	ldr	r0, __arm_cp.2_6
	ldr	r2, __arm_cp.2_7
	str	r2, [sp, #32]                   @ 4-byte Spill
	cmp	r1, #0
	str	r0, [sp, #36]                   @ 4-byte Spill
	bmi	.LBB2_62
@ %bb.61:
	.loc	2 0 9 is_stmt 0                 @ ../../../../../Library/StdDriver/src/fmc.c:0:9
	ldr	r0, [sp, #32]                   @ 4-byte Reload
	str	r0, [sp, #36]                   @ 4-byte Spill
.LBB2_62:
	.loc	2 222 9                         @ ../../../../../Library/StdDriver/src/fmc.c:222:9
	ldr	r1, [sp, #36]                   @ 4-byte Reload
	movs	r0, #0
	.loc	2 222 25                        @ ../../../../../Library/StdDriver/src/fmc.c:222:25
	str	r0, [r1]
	.loc	2 223 9 is_stmt 1               @ ../../../../../Library/StdDriver/src/fmc.c:223:9
	bl	__PC
	lsls	r1, r0, #3
	ldr	r0, __arm_cp.2_8
	ldr	r2, __arm_cp.2_9
	str	r2, [sp, #24]                   @ 4-byte Spill
	cmp	r1, #0
	str	r0, [sp, #28]                   @ 4-byte Spill
	bmi	.LBB2_64
@ %bb.63:
	.loc	2 0 9 is_stmt 0                 @ ../../../../../Library/StdDriver/src/fmc.c:0:9
	ldr	r0, [sp, #24]                   @ 4-byte Reload
	str	r0, [sp, #28]                   @ 4-byte Spill
.LBB2_64:
	.loc	2 223 9                         @ ../../../../../Library/StdDriver/src/fmc.c:223:9
	ldr	r1, [sp, #28]                   @ 4-byte Reload
	movs	r0, #1
	.loc	2 223 25                        @ ../../../../../Library/StdDriver/src/fmc.c:223:25
	str	r0, [r1]
	.loc	2 224 25 is_stmt 1              @ ../../../../../Library/StdDriver/src/fmc.c:224:25
	ldr	r0, __arm_cp.2_10
	ldr	r0, [r0]
	lsrs	r0, r0, #3
	.loc	2 224 23 is_stmt 0              @ ../../../../../Library/StdDriver/src/fmc.c:224:23
	str	r0, [sp, #200]
	.loc	2 225 9 is_stmt 1               @ ../../../../../Library/StdDriver/src/fmc.c:225:9
	b	.LBB2_65
.LBB2_65:                               @ =>This Inner Loop Header: Depth=1
	.loc	2 225 15 is_stmt 0              @ ../../../../../Library/StdDriver/src/fmc.c:225:15
	bl	__PC
	lsls	r1, r0, #3
	ldr	r0, __arm_cp.2_8
	ldr	r2, __arm_cp.2_9
	str	r2, [sp, #16]                   @ 4-byte Spill
	cmp	r1, #0
	str	r0, [sp, #20]                   @ 4-byte Spill
	bmi	.LBB2_67
@ %bb.66:                               @   in Loop: Header=BB2_65 Depth=1
	.loc	2 0 15                          @ ../../../../../Library/StdDriver/src/fmc.c:0:15
	ldr	r0, [sp, #16]                   @ 4-byte Reload
	str	r0, [sp, #20]                   @ 4-byte Spill
.LBB2_67:                               @   in Loop: Header=BB2_65 Depth=1
	.loc	2 225 15                        @ ../../../../../Library/StdDriver/src/fmc.c:225:15
	ldr	r0, [sp, #20]                   @ 4-byte Reload
	.loc	2 225 24                        @ ../../../../../Library/StdDriver/src/fmc.c:225:24
	ldr	r0, [r0]
	.loc	2 225 9                         @ ../../../../../Library/StdDriver/src/fmc.c:225:9
	lsls	r0, r0, #31
	cbz	r0, .LBB2_71
	b	.LBB2_68
.LBB2_68:                               @   in Loop: Header=BB2_65 Depth=1
.Ltmp68:
	.loc	2 227 30 is_stmt 1              @ ../../../../../Library/StdDriver/src/fmc.c:227:30
	ldr	r0, [sp, #200]
	subs	r1, r0, #1
	str	r1, [sp, #200]
.Ltmp69:
	.loc	2 227 17 is_stmt 0              @ ../../../../../Library/StdDriver/src/fmc.c:227:17
	cmp	r0, #0
	bgt	.LBB2_70
	b	.LBB2_69
.LBB2_69:
.Ltmp70:
	.loc	2 229 34 is_stmt 1              @ ../../../../../Library/StdDriver/src/fmc.c:229:34
	ldr	r1, __arm_cp.2_0
	movs	r0, #0
	mvns	r0, r0
	str	r0, [r1]
	.loc	2 230 21                        @ ../../../../../Library/StdDriver/src/fmc.c:230:21
	str	r0, [sp, #208]
	.loc	2 231 17                        @ ../../../../../Library/StdDriver/src/fmc.c:231:17
	b	.LBB2_71
.Ltmp71:
.LBB2_70:                               @   in Loop: Header=BB2_65 Depth=1
	.loc	2 225 9                         @ ../../../../../Library/StdDriver/src/fmc.c:225:9
	b	.LBB2_65
.LBB2_71:
.Ltmp72:
	.loc	2 235 12                        @ ../../../../../Library/StdDriver/src/fmc.c:235:12
	bl	__PC
	lsls	r1, r0, #3
	ldr	r0, __arm_cp.2_11
	ldr	r2, __arm_cp.2_12
	str	r2, [sp, #8]                    @ 4-byte Spill
	cmp	r1, #0
	str	r0, [sp, #12]                   @ 4-byte Spill
	bmi	.LBB2_73
@ %bb.72:
	.loc	2 0 12 is_stmt 0                @ ../../../../../Library/StdDriver/src/fmc.c:0:12
	ldr	r0, [sp, #8]                    @ 4-byte Reload
	str	r0, [sp, #12]                   @ 4-byte Spill
.LBB2_73:
	.loc	2 235 12                        @ ../../../../../Library/StdDriver/src/fmc.c:235:12
	ldr	r0, [sp, #12]                   @ 4-byte Reload
	.loc	2 235 21                        @ ../../../../../Library/StdDriver/src/fmc.c:235:21
	ldr	r0, [r0]
.Ltmp73:
	.loc	2 235 12                        @ ../../../../../Library/StdDriver/src/fmc.c:235:12
	lsls	r0, r0, #25
	cmp	r0, #0
	bpl	.LBB2_77
	b	.LBB2_74
.LBB2_74:
.Ltmp74:
	.loc	2 237 13 is_stmt 1              @ ../../../../../Library/StdDriver/src/fmc.c:237:13
	bl	__PC
	lsls	r1, r0, #3
	ldr	r0, __arm_cp.2_11
	ldr	r2, __arm_cp.2_12
	str	r2, [sp]                        @ 4-byte Spill
	cmp	r1, #0
	str	r0, [sp, #4]                    @ 4-byte Spill
	bmi	.LBB2_76
@ %bb.75:
	.loc	2 0 13 is_stmt 0                @ ../../../../../Library/StdDriver/src/fmc.c:0:13
	ldr	r0, [sp]                        @ 4-byte Reload
	str	r0, [sp, #4]                    @ 4-byte Spill
.LBB2_76:
	.loc	2 237 13                        @ ../../../../../Library/StdDriver/src/fmc.c:237:13
	ldr	r1, [sp, #4]                    @ 4-byte Reload
	.loc	2 237 29                        @ ../../../../../Library/StdDriver/src/fmc.c:237:29
	ldr	r0, [r1]
	movs	r2, #64
	orrs	r0, r2
	str	r0, [r1]
	.loc	2 238 30 is_stmt 1              @ ../../../../../Library/StdDriver/src/fmc.c:238:30
	ldr	r1, __arm_cp.2_0
	movs	r0, #0
	mvns	r0, r0
	str	r0, [r1]
	.loc	2 239 17                        @ ../../../../../Library/StdDriver/src/fmc.c:239:17
	str	r0, [sp, #208]
	.loc	2 240 9                         @ ../../../../../Library/StdDriver/src/fmc.c:240:9
	b	.LBB2_77
.Ltmp75:
.LBB2_77:
	.loc	2 241 5                         @ ../../../../../Library/StdDriver/src/fmc.c:241:5
	b	.LBB2_78
.Ltmp76:
.LBB2_78:
	.loc	2 243 12                        @ ../../../../../Library/StdDriver/src/fmc.c:243:12
	ldr	r0, [sp, #208]
	.loc	2 243 5 is_stmt 0               @ ../../../../../Library/StdDriver/src/fmc.c:243:5
	add	sp, #224
	pop	{r7, pc}
.Ltmp77:
	.p2align	2
@ %bb.79:
	.loc	2 0 5                           @ ../../../../../Library/StdDriver/src/fmc.c:0:5
__arm_cp.2_0:
	.long	g_FMC_i32ErrCode
.Lcpi_end15:
	.size	__arm_cp.2_0, .Lcpi_end15-__arm_cp.2_0
__arm_cp.2_1:
	.long	1073795064                      @ 0x4000cff8
.Lcpi_end16:
	.size	__arm_cp.2_1, .Lcpi_end16-__arm_cp.2_1
__arm_cp.2_2:
	.long	1342226444                      @ 0x5000c00c
.Lcpi_end17:
	.size	__arm_cp.2_2, .Lcpi_end17-__arm_cp.2_2
__arm_cp.2_3:
	.long	1073790988                      @ 0x4000c00c
.Lcpi_end18:
	.size	__arm_cp.2_3, .Lcpi_end18-__arm_cp.2_3
__arm_cp.2_4:
	.long	1342226436                      @ 0x5000c004
.Lcpi_end19:
	.size	__arm_cp.2_4, .Lcpi_end19-__arm_cp.2_4
__arm_cp.2_5:
	.long	1073790980                      @ 0x4000c004
.Lcpi_end20:
	.size	__arm_cp.2_5, .Lcpi_end20-__arm_cp.2_5
__arm_cp.2_6:
	.long	1342226440                      @ 0x5000c008
.Lcpi_end21:
	.size	__arm_cp.2_6, .Lcpi_end21-__arm_cp.2_6
__arm_cp.2_7:
	.long	1073790984                      @ 0x4000c008
.Lcpi_end22:
	.size	__arm_cp.2_7, .Lcpi_end22-__arm_cp.2_7
__arm_cp.2_8:
	.long	1342226448                      @ 0x5000c010
.Lcpi_end23:
	.size	__arm_cp.2_8, .Lcpi_end23-__arm_cp.2_8
__arm_cp.2_9:
	.long	1073790992                      @ 0x4000c010
.Lcpi_end24:
	.size	__arm_cp.2_9, .Lcpi_end24-__arm_cp.2_9
__arm_cp.2_10:
	.long	SystemCoreClock
.Lcpi_end25:
	.size	__arm_cp.2_10, .Lcpi_end25-__arm_cp.2_10
__arm_cp.2_11:
	.long	1342226496                      @ 0x5000c040
.Lcpi_end26:
	.size	__arm_cp.2_11, .Lcpi_end26-__arm_cp.2_11
__arm_cp.2_12:
	.long	1073791040                      @ 0x4000c040
.Lcpi_end27:
	.size	__arm_cp.2_12, .Lcpi_end27-__arm_cp.2_12
__arm_cp.2_13:
	.long	2097156                         @ 0x200004
.Lcpi_end28:
	.size	__arm_cp.2_13, .Lcpi_end28-__arm_cp.2_13
__arm_cp.2_14:
	.long	2097160                         @ 0x200008
.Lcpi_end29:
	.size	__arm_cp.2_14, .Lcpi_end29-__arm_cp.2_14
.Lfunc_end2:
	.size	FMC_ConfigXOM, .Lfunc_end2-FMC_ConfigXOM
	.cfi_endproc
	.fnend
                                        @ -- End function
	.section	.text.FMC_GetXOMState,"ax",%progbits
	.hidden	FMC_GetXOMState                 @ -- Begin function FMC_GetXOMState
	.globl	FMC_GetXOMState
	.p2align	2
	.type	FMC_GetXOMState,%function
	.code	16                              @ @FMC_GetXOMState
	.thumb_func
FMC_GetXOMState:
.Lfunc_begin3:
	.loc	2 552 0 is_stmt 1               @ ../../../../../Library/StdDriver/src/fmc.c:552:0
	.fnstart
	.cfi_startproc
@ %bb.0:
	.save	{r7, lr}
	push	{r7, lr}
	.cfi_def_cfa_offset 8
	.cfi_offset lr, -4
	.cfi_offset r7, -8
	.pad	#24
	sub	sp, #24
	.cfi_def_cfa_offset 32
	str	r0, [sp, #20]
	movs	r0, #0
.Ltmp78:
	.loc	2 554 14 prologue_end           @ ../../../../../Library/StdDriver/src/fmc.c:554:14
	str	r0, [sp, #12]
.Ltmp79:
	.loc	2 556 8                         @ ../../../../../Library/StdDriver/src/fmc.c:556:8
	ldr	r0, [sp, #20]
.Ltmp80:
	.loc	2 556 8 is_stmt 0               @ ../../../../../Library/StdDriver/src/fmc.c:556:8
	cmp	r0, #4
	blo	.LBB3_2
	b	.LBB3_1
.LBB3_1:
	.loc	2 0 8                           @ ../../../../../Library/StdDriver/src/fmc.c:0:8
	movs	r0, #1
	mvns	r0, r0
.Ltmp81:
	.loc	2 558 13 is_stmt 1              @ ../../../../../Library/StdDriver/src/fmc.c:558:13
	str	r0, [sp, #12]
	.loc	2 559 5                         @ ../../../../../Library/StdDriver/src/fmc.c:559:5
	b	.LBB3_2
.Ltmp82:
.LBB3_2:
	.loc	2 561 8                         @ ../../../../../Library/StdDriver/src/fmc.c:561:8
	ldr	r0, [sp, #12]
.Ltmp83:
	.loc	2 561 8 is_stmt 0               @ ../../../../../Library/StdDriver/src/fmc.c:561:8
	cmp	r0, #0
	bmi	.LBB3_6
	b	.LBB3_3
.LBB3_3:
.Ltmp84:
	.loc	2 563 21 is_stmt 1              @ ../../../../../Library/StdDriver/src/fmc.c:563:21
	bl	__PC
	lsls	r1, r0, #3
	ldr	r0, __arm_cp.3_0
	ldr	r2, __arm_cp.3_1
	str	r2, [sp, #4]                    @ 4-byte Spill
	cmp	r1, #0
	str	r0, [sp, #8]                    @ 4-byte Spill
	bmi	.LBB3_5
@ %bb.4:
	.loc	2 0 21 is_stmt 0                @ ../../../../../Library/StdDriver/src/fmc.c:0:21
	ldr	r0, [sp, #4]                    @ 4-byte Reload
	str	r0, [sp, #8]                    @ 4-byte Spill
.LBB3_5:
	.loc	2 563 21                        @ ../../../../../Library/StdDriver/src/fmc.c:563:21
	ldr	r0, [sp, #8]                    @ 4-byte Reload
	.loc	2 563 30                        @ ../../../../../Library/StdDriver/src/fmc.c:563:30
	ldr	r0, [r0]
	.loc	2 563 57                        @ ../../../../../Library/StdDriver/src/fmc.c:563:57
	ldr	r1, [sp, #20]
	movs	r2, #1
	.loc	2 563 54                        @ ../../../../../Library/StdDriver/src/fmc.c:563:54
	lsls	r2, r1
	.loc	2 563 38                        @ ../../../../../Library/StdDriver/src/fmc.c:563:38
	ands	r0, r2
	movs	r2, #15
	.loc	2 563 47                        @ ../../../../../Library/StdDriver/src/fmc.c:563:47
	ands	r0, r2
	.loc	2 563 69                        @ ../../../../../Library/StdDriver/src/fmc.c:563:69
	lsrs	r0, r1
	.loc	2 563 16                        @ ../../../../../Library/StdDriver/src/fmc.c:563:16
	str	r0, [sp, #16]
	.loc	2 564 24 is_stmt 1              @ ../../../../../Library/StdDriver/src/fmc.c:564:24
	ldr	r0, [sp, #16]
	.loc	2 564 13 is_stmt 0              @ ../../../../../Library/StdDriver/src/fmc.c:564:13
	str	r0, [sp, #12]
	.loc	2 565 5 is_stmt 1               @ ../../../../../Library/StdDriver/src/fmc.c:565:5
	b	.LBB3_6
.Ltmp85:
.LBB3_6:
	.loc	2 566 12                        @ ../../../../../Library/StdDriver/src/fmc.c:566:12
	ldr	r0, [sp, #12]
	.loc	2 566 5 is_stmt 0               @ ../../../../../Library/StdDriver/src/fmc.c:566:5
	add	sp, #24
	pop	{r7, pc}
.Ltmp86:
	.p2align	2
@ %bb.7:
	.loc	2 0 5                           @ ../../../../../Library/StdDriver/src/fmc.c:0:5
__arm_cp.3_0:
	.long	1342226656                      @ 0x5000c0e0
.Lcpi_end30:
	.size	__arm_cp.3_0, .Lcpi_end30-__arm_cp.3_0
__arm_cp.3_1:
	.long	1073791200                      @ 0x4000c0e0
.Lcpi_end31:
	.size	__arm_cp.3_1, .Lcpi_end31-__arm_cp.3_1
.Lfunc_end3:
	.size	FMC_GetXOMState, .Lfunc_end3-FMC_GetXOMState
	.cfi_endproc
	.fnend
                                        @ -- End function
	.section	.text.FMC_Erase,"ax",%progbits
	.hidden	FMC_Erase                       @ -- Begin function FMC_Erase
	.globl	FMC_Erase
	.p2align	2
	.type	FMC_Erase,%function
	.code	16                              @ @FMC_Erase
	.thumb_func
FMC_Erase:
.Lfunc_begin4:
	.loc	2 262 0 is_stmt 1               @ ../../../../../Library/StdDriver/src/fmc.c:262:0
	.fnstart
	.cfi_startproc
@ %bb.0:
	.save	{r7, lr}
	push	{r7, lr}
	.cfi_def_cfa_offset 8
	.cfi_offset lr, -4
	.cfi_offset r7, -8
	.pad	#64
	sub	sp, #64
	.cfi_def_cfa_offset 72
	str	r0, [sp, #60]
	movs	r0, #0
.Ltmp87:
	.loc	2 263 14 prologue_end           @ ../../../../../Library/StdDriver/src/fmc.c:263:14
	str	r0, [sp, #56]
	.loc	2 266 22                        @ ../../../../../Library/StdDriver/src/fmc.c:266:22
	ldr	r1, __arm_cp.4_0
	str	r0, [r1]
.Ltmp88:
	.loc	2 268 8                         @ ../../../../../Library/StdDriver/src/fmc.c:268:8
	ldr	r0, [sp, #56]
.Ltmp89:
	.loc	2 268 8 is_stmt 0               @ ../../../../../Library/StdDriver/src/fmc.c:268:8
	cmp	r0, #0
	bne	.LBB4_21
	b	.LBB4_1
.LBB4_1:
.Ltmp90:
	.loc	2 270 9 is_stmt 1               @ ../../../../../Library/StdDriver/src/fmc.c:270:9
	bl	__PC
	lsls	r1, r0, #3
	ldr	r0, __arm_cp.4_1
	ldr	r2, __arm_cp.4_2
	str	r2, [sp, #44]                   @ 4-byte Spill
	cmp	r1, #0
	str	r0, [sp, #48]                   @ 4-byte Spill
	bmi	.LBB4_3
@ %bb.2:
	.loc	2 0 9 is_stmt 0                 @ ../../../../../Library/StdDriver/src/fmc.c:0:9
	ldr	r0, [sp, #44]                   @ 4-byte Reload
	str	r0, [sp, #48]                   @ 4-byte Spill
.LBB4_3:
	.loc	2 270 9                         @ ../../../../../Library/StdDriver/src/fmc.c:270:9
	ldr	r1, [sp, #48]                   @ 4-byte Reload
	movs	r0, #34
	.loc	2 270 25                        @ ../../../../../Library/StdDriver/src/fmc.c:270:25
	str	r0, [r1]
	.loc	2 271 28 is_stmt 1              @ ../../../../../Library/StdDriver/src/fmc.c:271:28
	ldr	r0, [sp, #60]
	.loc	2 271 9 is_stmt 0               @ ../../../../../Library/StdDriver/src/fmc.c:271:9
	str	r0, [sp, #32]                   @ 4-byte Spill
	bl	__PC
	lsls	r1, r0, #3
	ldr	r0, __arm_cp.4_3
	ldr	r2, __arm_cp.4_4
	str	r2, [sp, #36]                   @ 4-byte Spill
	cmp	r1, #0
	str	r0, [sp, #40]                   @ 4-byte Spill
	bmi	.LBB4_5
@ %bb.4:
	.loc	2 0 9                           @ ../../../../../Library/StdDriver/src/fmc.c:0:9
	ldr	r0, [sp, #36]                   @ 4-byte Reload
	str	r0, [sp, #40]                   @ 4-byte Spill
.LBB4_5:
	.loc	2 271 9                         @ ../../../../../Library/StdDriver/src/fmc.c:271:9
	ldr	r0, [sp, #32]                   @ 4-byte Reload
	ldr	r1, [sp, #40]                   @ 4-byte Reload
	.loc	2 271 26                        @ ../../../../../Library/StdDriver/src/fmc.c:271:26
	str	r0, [r1]
	.loc	2 272 9 is_stmt 1               @ ../../../../../Library/StdDriver/src/fmc.c:272:9
	bl	__PC
	lsls	r1, r0, #3
	ldr	r0, __arm_cp.4_5
	ldr	r2, __arm_cp.4_6
	str	r2, [sp, #24]                   @ 4-byte Spill
	cmp	r1, #0
	str	r0, [sp, #28]                   @ 4-byte Spill
	bmi	.LBB4_7
@ %bb.6:
	.loc	2 0 9 is_stmt 0                 @ ../../../../../Library/StdDriver/src/fmc.c:0:9
	ldr	r0, [sp, #24]                   @ 4-byte Reload
	str	r0, [sp, #28]                   @ 4-byte Spill
.LBB4_7:
	.loc	2 272 9                         @ ../../../../../Library/StdDriver/src/fmc.c:272:9
	ldr	r1, [sp, #28]                   @ 4-byte Reload
	movs	r0, #1
	.loc	2 272 25                        @ ../../../../../Library/StdDriver/src/fmc.c:272:25
	str	r0, [r1]
	.loc	2 274 25 is_stmt 1              @ ../../../../../Library/StdDriver/src/fmc.c:274:25
	ldr	r0, __arm_cp.4_7
	ldr	r0, [r0]
	lsrs	r0, r0, #2
	.loc	2 274 23 is_stmt 0              @ ../../../../../Library/StdDriver/src/fmc.c:274:23
	str	r0, [sp, #52]
	.loc	2 275 9 is_stmt 1               @ ../../../../../Library/StdDriver/src/fmc.c:275:9
	b	.LBB4_8
.LBB4_8:                                @ =>This Inner Loop Header: Depth=1
	.loc	2 275 15 is_stmt 0              @ ../../../../../Library/StdDriver/src/fmc.c:275:15
	bl	__PC
	lsls	r1, r0, #3
	ldr	r0, __arm_cp.4_5
	ldr	r2, __arm_cp.4_6
	str	r2, [sp, #16]                   @ 4-byte Spill
	cmp	r1, #0
	str	r0, [sp, #20]                   @ 4-byte Spill
	bmi	.LBB4_10
@ %bb.9:                                @   in Loop: Header=BB4_8 Depth=1
	.loc	2 0 15                          @ ../../../../../Library/StdDriver/src/fmc.c:0:15
	ldr	r0, [sp, #16]                   @ 4-byte Reload
	str	r0, [sp, #20]                   @ 4-byte Spill
.LBB4_10:                               @   in Loop: Header=BB4_8 Depth=1
	.loc	2 275 15                        @ ../../../../../Library/StdDriver/src/fmc.c:275:15
	ldr	r0, [sp, #20]                   @ 4-byte Reload
	.loc	2 275 24                        @ ../../../../../Library/StdDriver/src/fmc.c:275:24
	ldr	r0, [r0]
	.loc	2 275 9                         @ ../../../../../Library/StdDriver/src/fmc.c:275:9
	lsls	r0, r0, #31
	cbz	r0, .LBB4_14
	b	.LBB4_11
.LBB4_11:                               @   in Loop: Header=BB4_8 Depth=1
.Ltmp91:
	.loc	2 277 30 is_stmt 1              @ ../../../../../Library/StdDriver/src/fmc.c:277:30
	ldr	r0, [sp, #52]
	subs	r1, r0, #1
	str	r1, [sp, #52]
.Ltmp92:
	.loc	2 277 17 is_stmt 0              @ ../../../../../Library/StdDriver/src/fmc.c:277:17
	cmp	r0, #0
	bgt	.LBB4_13
	b	.LBB4_12
.LBB4_12:
.Ltmp93:
	.loc	2 279 34 is_stmt 1              @ ../../../../../Library/StdDriver/src/fmc.c:279:34
	ldr	r1, __arm_cp.4_0
	movs	r0, #0
	mvns	r0, r0
	str	r0, [r1]
	.loc	2 280 21                        @ ../../../../../Library/StdDriver/src/fmc.c:280:21
	str	r0, [sp, #56]
	.loc	2 281 17                        @ ../../../../../Library/StdDriver/src/fmc.c:281:17
	b	.LBB4_14
.Ltmp94:
.LBB4_13:                               @   in Loop: Header=BB4_8 Depth=1
	.loc	2 275 9                         @ ../../../../../Library/StdDriver/src/fmc.c:275:9
	b	.LBB4_8
.LBB4_14:
.Ltmp95:
	.loc	2 285 12                        @ ../../../../../Library/StdDriver/src/fmc.c:285:12
	bl	__PC
	lsls	r1, r0, #3
	ldr	r0, __arm_cp.4_8
	ldr	r2, __arm_cp.4_9
	str	r2, [sp, #8]                    @ 4-byte Spill
	cmp	r1, #0
	str	r0, [sp, #12]                   @ 4-byte Spill
	bmi	.LBB4_16
@ %bb.15:
	.loc	2 0 12 is_stmt 0                @ ../../../../../Library/StdDriver/src/fmc.c:0:12
	ldr	r0, [sp, #8]                    @ 4-byte Reload
	str	r0, [sp, #12]                   @ 4-byte Spill
.LBB4_16:
	.loc	2 285 12                        @ ../../../../../Library/StdDriver/src/fmc.c:285:12
	ldr	r0, [sp, #12]                   @ 4-byte Reload
	.loc	2 285 21                        @ ../../../../../Library/StdDriver/src/fmc.c:285:21
	ldr	r0, [r0]
.Ltmp96:
	.loc	2 285 12                        @ ../../../../../Library/StdDriver/src/fmc.c:285:12
	lsls	r0, r0, #25
	cmp	r0, #0
	bpl	.LBB4_20
	b	.LBB4_17
.LBB4_17:
.Ltmp97:
	.loc	2 287 13 is_stmt 1              @ ../../../../../Library/StdDriver/src/fmc.c:287:13
	bl	__PC
	lsls	r1, r0, #3
	ldr	r0, __arm_cp.4_8
	ldr	r2, __arm_cp.4_9
	str	r2, [sp]                        @ 4-byte Spill
	cmp	r1, #0
	str	r0, [sp, #4]                    @ 4-byte Spill
	bmi	.LBB4_19
@ %bb.18:
	.loc	2 0 13 is_stmt 0                @ ../../../../../Library/StdDriver/src/fmc.c:0:13
	ldr	r0, [sp]                        @ 4-byte Reload
	str	r0, [sp, #4]                    @ 4-byte Spill
.LBB4_19:
	.loc	2 287 13                        @ ../../../../../Library/StdDriver/src/fmc.c:287:13
	ldr	r1, [sp, #4]                    @ 4-byte Reload
	.loc	2 287 29                        @ ../../../../../Library/StdDriver/src/fmc.c:287:29
	ldr	r0, [r1]
	movs	r2, #64
	orrs	r0, r2
	str	r0, [r1]
	.loc	2 288 30 is_stmt 1              @ ../../../../../Library/StdDriver/src/fmc.c:288:30
	ldr	r1, __arm_cp.4_0
	movs	r0, #0
	mvns	r0, r0
	str	r0, [r1]
	.loc	2 289 17                        @ ../../../../../Library/StdDriver/src/fmc.c:289:17
	str	r0, [sp, #56]
	.loc	2 290 9                         @ ../../../../../Library/StdDriver/src/fmc.c:290:9
	b	.LBB4_20
.Ltmp98:
.LBB4_20:
	.loc	2 291 5                         @ ../../../../../Library/StdDriver/src/fmc.c:291:5
	b	.LBB4_21
.Ltmp99:
.LBB4_21:
	.loc	2 292 12                        @ ../../../../../Library/StdDriver/src/fmc.c:292:12
	ldr	r0, [sp, #56]
	.loc	2 292 5 is_stmt 0               @ ../../../../../Library/StdDriver/src/fmc.c:292:5
	add	sp, #64
	pop	{r7, pc}
.Ltmp100:
	.p2align	2
@ %bb.22:
	.loc	2 0 5                           @ ../../../../../Library/StdDriver/src/fmc.c:0:5
__arm_cp.4_0:
	.long	g_FMC_i32ErrCode
.Lcpi_end32:
	.size	__arm_cp.4_0, .Lcpi_end32-__arm_cp.4_0
__arm_cp.4_1:
	.long	1342226444                      @ 0x5000c00c
.Lcpi_end33:
	.size	__arm_cp.4_1, .Lcpi_end33-__arm_cp.4_1
__arm_cp.4_2:
	.long	1073790988                      @ 0x4000c00c
.Lcpi_end34:
	.size	__arm_cp.4_2, .Lcpi_end34-__arm_cp.4_2
__arm_cp.4_3:
	.long	1342226436                      @ 0x5000c004
.Lcpi_end35:
	.size	__arm_cp.4_3, .Lcpi_end35-__arm_cp.4_3
__arm_cp.4_4:
	.long	1073790980                      @ 0x4000c004
.Lcpi_end36:
	.size	__arm_cp.4_4, .Lcpi_end36-__arm_cp.4_4
__arm_cp.4_5:
	.long	1342226448                      @ 0x5000c010
.Lcpi_end37:
	.size	__arm_cp.4_5, .Lcpi_end37-__arm_cp.4_5
__arm_cp.4_6:
	.long	1073790992                      @ 0x4000c010
.Lcpi_end38:
	.size	__arm_cp.4_6, .Lcpi_end38-__arm_cp.4_6
__arm_cp.4_7:
	.long	SystemCoreClock
.Lcpi_end39:
	.size	__arm_cp.4_7, .Lcpi_end39-__arm_cp.4_7
__arm_cp.4_8:
	.long	1342226432                      @ 0x5000c000
.Lcpi_end40:
	.size	__arm_cp.4_8, .Lcpi_end40-__arm_cp.4_8
__arm_cp.4_9:
	.long	1073790976                      @ 0x4000c000
.Lcpi_end41:
	.size	__arm_cp.4_9, .Lcpi_end41-__arm_cp.4_9
.Lfunc_end4:
	.size	FMC_Erase, .Lfunc_end4-FMC_Erase
	.cfi_endproc
	.fnend
                                        @ -- End function
	.section	.text.FMC_EraseBank,"ax",%progbits
	.hidden	FMC_EraseBank                   @ -- Begin function FMC_EraseBank
	.globl	FMC_EraseBank
	.p2align	2
	.type	FMC_EraseBank,%function
	.code	16                              @ @FMC_EraseBank
	.thumb_func
FMC_EraseBank:
.Lfunc_begin5:
	.loc	2 310 0 is_stmt 1               @ ../../../../../Library/StdDriver/src/fmc.c:310:0
	.fnstart
	.cfi_startproc
@ %bb.0:
	.pad	#12
	sub	sp, #12
	.cfi_def_cfa_offset 12
	str	r0, [sp, #8]
	movs	r0, #0
.Ltmp101:
	.loc	2 311 14 prologue_end           @ ../../../../../Library/StdDriver/src/fmc.c:311:14
	str	r0, [sp, #4]
	.loc	2 314 22                        @ ../../../../../Library/StdDriver/src/fmc.c:314:22
	ldr	r1, __arm_cp.5_0
	str	r0, [r1]
	ldr	r1, __arm_cp.5_1
	movs	r0, #35
	.loc	2 316 17                        @ ../../../../../Library/StdDriver/src/fmc.c:316:17
	str	r0, [r1]
	.loc	2 317 20                        @ ../../../../../Library/StdDriver/src/fmc.c:317:20
	ldr	r0, [sp, #8]
	ldr	r1, __arm_cp.5_2
	.loc	2 317 18 is_stmt 0              @ ../../../../../Library/StdDriver/src/fmc.c:317:18
	str	r0, [r1]
	ldr	r1, __arm_cp.5_3
	movs	r0, #1
	.loc	2 318 17 is_stmt 1              @ ../../../../../Library/StdDriver/src/fmc.c:318:17
	str	r0, [r1]
	.loc	2 320 21                        @ ../../../../../Library/StdDriver/src/fmc.c:320:21
	ldr	r0, __arm_cp.5_4
	ldr	r0, [r0]
	lsrs	r0, r0, #2
	.loc	2 320 19 is_stmt 0              @ ../../../../../Library/StdDriver/src/fmc.c:320:19
	str	r0, [sp]
	.loc	2 321 5 is_stmt 1               @ ../../../../../Library/StdDriver/src/fmc.c:321:5
	b	.LBB5_1
.LBB5_1:                                @ =>This Inner Loop Header: Depth=1
	.loc	2 0 5 is_stmt 0                 @ ../../../../../Library/StdDriver/src/fmc.c:0:5
	ldr	r0, __arm_cp.5_3
	.loc	2 321 16                        @ ../../../../../Library/StdDriver/src/fmc.c:321:16
	ldr	r0, [r0]
	.loc	2 321 5                         @ ../../../../../Library/StdDriver/src/fmc.c:321:5
	lsls	r0, r0, #31
	cbz	r0, .LBB5_5
	b	.LBB5_2
.LBB5_2:                                @   in Loop: Header=BB5_1 Depth=1
.Ltmp102:
	.loc	2 323 26 is_stmt 1              @ ../../../../../Library/StdDriver/src/fmc.c:323:26
	ldr	r0, [sp]
	subs	r1, r0, #1
	str	r1, [sp]
.Ltmp103:
	.loc	2 323 13 is_stmt 0              @ ../../../../../Library/StdDriver/src/fmc.c:323:13
	cmp	r0, #0
	bgt	.LBB5_4
	b	.LBB5_3
.LBB5_3:
.Ltmp104:
	.loc	2 325 30 is_stmt 1              @ ../../../../../Library/StdDriver/src/fmc.c:325:30
	ldr	r1, __arm_cp.5_0
	movs	r0, #0
	mvns	r0, r0
	str	r0, [r1]
	.loc	2 326 17                        @ ../../../../../Library/StdDriver/src/fmc.c:326:17
	str	r0, [sp, #4]
	.loc	2 327 13                        @ ../../../../../Library/StdDriver/src/fmc.c:327:13
	b	.LBB5_5
.Ltmp105:
.LBB5_4:                                @   in Loop: Header=BB5_1 Depth=1
	.loc	2 321 5                         @ ../../../../../Library/StdDriver/src/fmc.c:321:5
	b	.LBB5_1
.LBB5_5:
	.loc	2 0 5 is_stmt 0                 @ ../../../../../Library/StdDriver/src/fmc.c:0:5
	ldr	r0, __arm_cp.5_5
.Ltmp106:
	.loc	2 331 13 is_stmt 1              @ ../../../../../Library/StdDriver/src/fmc.c:331:13
	ldr	r0, [r0]
.Ltmp107:
	.loc	2 331 8 is_stmt 0               @ ../../../../../Library/StdDriver/src/fmc.c:331:8
	lsls	r0, r0, #25
	cmp	r0, #0
	bpl	.LBB5_7
	b	.LBB5_6
.LBB5_6:
	.loc	2 0 8                           @ ../../../../../Library/StdDriver/src/fmc.c:0:8
	ldr	r1, __arm_cp.5_5
.Ltmp108:
	.loc	2 333 21 is_stmt 1              @ ../../../../../Library/StdDriver/src/fmc.c:333:21
	ldr	r0, [r1]
	movs	r2, #64
	orrs	r0, r2
	str	r0, [r1]
	.loc	2 334 26                        @ ../../../../../Library/StdDriver/src/fmc.c:334:26
	ldr	r1, __arm_cp.5_0
	movs	r0, #0
	mvns	r0, r0
	str	r0, [r1]
	.loc	2 335 13                        @ ../../../../../Library/StdDriver/src/fmc.c:335:13
	str	r0, [sp, #4]
	.loc	2 336 5                         @ ../../../../../Library/StdDriver/src/fmc.c:336:5
	b	.LBB5_7
.Ltmp109:
.LBB5_7:
	.loc	2 337 12                        @ ../../../../../Library/StdDriver/src/fmc.c:337:12
	ldr	r0, [sp, #4]
	.loc	2 337 5 is_stmt 0               @ ../../../../../Library/StdDriver/src/fmc.c:337:5
	add	sp, #12
	bx	lr
.Ltmp110:
	.p2align	2
@ %bb.8:
	.loc	2 0 5                           @ ../../../../../Library/StdDriver/src/fmc.c:0:5
__arm_cp.5_0:
	.long	g_FMC_i32ErrCode
.Lcpi_end42:
	.size	__arm_cp.5_0, .Lcpi_end42-__arm_cp.5_0
__arm_cp.5_1:
	.long	1073790988                      @ 0x4000c00c
.Lcpi_end43:
	.size	__arm_cp.5_1, .Lcpi_end43-__arm_cp.5_1
__arm_cp.5_2:
	.long	1073790980                      @ 0x4000c004
.Lcpi_end44:
	.size	__arm_cp.5_2, .Lcpi_end44-__arm_cp.5_2
__arm_cp.5_3:
	.long	1073790992                      @ 0x4000c010
.Lcpi_end45:
	.size	__arm_cp.5_3, .Lcpi_end45-__arm_cp.5_3
__arm_cp.5_4:
	.long	SystemCoreClock
.Lcpi_end46:
	.size	__arm_cp.5_4, .Lcpi_end46-__arm_cp.5_4
__arm_cp.5_5:
	.long	1073790976                      @ 0x4000c000
.Lcpi_end47:
	.size	__arm_cp.5_5, .Lcpi_end47-__arm_cp.5_5
.Lfunc_end5:
	.size	FMC_EraseBank, .Lfunc_end5-FMC_EraseBank
	.cfi_endproc
	.cantunwind
	.fnend
                                        @ -- End function
	.section	.text.FMC_EraseXOM,"ax",%progbits
	.hidden	FMC_EraseXOM                    @ -- Begin function FMC_EraseXOM
	.globl	FMC_EraseXOM
	.p2align	2
	.type	FMC_EraseXOM,%function
	.code	16                              @ @FMC_EraseXOM
	.thumb_func
FMC_EraseXOM:
.Lfunc_begin6:
	.loc	2 358 0 is_stmt 1               @ ../../../../../Library/StdDriver/src/fmc.c:358:0
	.fnstart
	.cfi_startproc
@ %bb.0:
	.save	{r7, lr}
	push	{r7, lr}
	.cfi_def_cfa_offset 8
	.cfi_offset lr, -4
	.cfi_offset r7, -8
	.pad	#24
	sub	sp, #24
	.cfi_def_cfa_offset 32
	str	r0, [sp, #20]
	movs	r0, #0
.Ltmp111:
	.loc	2 360 24 prologue_end           @ ../../../../../Library/StdDriver/src/fmc.c:360:24
	str	r0, [sp, #8]
	.loc	2 363 22                        @ ../../../../../Library/StdDriver/src/fmc.c:363:22
	ldr	r1, __arm_cp.6_0
	str	r0, [r1]
.Ltmp112:
	.loc	2 365 8                         @ ../../../../../Library/StdDriver/src/fmc.c:365:8
	ldr	r0, [sp, #20]
.Ltmp113:
	.loc	2 365 8 is_stmt 0               @ ../../../../../Library/StdDriver/src/fmc.c:365:8
	cmp	r0, #4
	blo	.LBB6_2
	b	.LBB6_1
.LBB6_1:
	.loc	2 0 8                           @ ../../../../../Library/StdDriver/src/fmc.c:0:8
	movs	r0, #1
	mvns	r0, r0
.Ltmp114:
	.loc	2 367 13 is_stmt 1              @ ../../../../../Library/StdDriver/src/fmc.c:367:13
	str	r0, [sp, #8]
	.loc	2 368 5                         @ ../../../../../Library/StdDriver/src/fmc.c:368:5
	b	.LBB6_2
.Ltmp115:
.LBB6_2:
	.loc	2 370 8                         @ ../../../../../Library/StdDriver/src/fmc.c:370:8
	ldr	r0, [sp, #8]
.Ltmp116:
	.loc	2 370 8 is_stmt 0               @ ../../../../../Library/StdDriver/src/fmc.c:370:8
	cmp	r0, #0
	bne	.LBB6_14
	b	.LBB6_3
.LBB6_3:
.Ltmp117:
	.loc	2 372 37 is_stmt 1              @ ../../../../../Library/StdDriver/src/fmc.c:372:37
	ldr	r0, [sp, #20]
	.loc	2 372 21 is_stmt 0              @ ../../../../../Library/StdDriver/src/fmc.c:372:21
	bl	FMC_GetXOMState
	.loc	2 372 19                        @ ../../../../../Library/StdDriver/src/fmc.c:372:19
	str	r0, [sp, #12]
.Ltmp118:
	.loc	2 374 12 is_stmt 1              @ ../../../../../Library/StdDriver/src/fmc.c:374:12
	ldr	r0, [sp, #12]
.Ltmp119:
	.loc	2 374 12 is_stmt 0              @ ../../../../../Library/StdDriver/src/fmc.c:374:12
	cbz	r0, .LBB6_12
	b	.LBB6_4
.LBB6_4:
.Ltmp120:
	.loc	2 376 52 is_stmt 1              @ ../../../../../Library/StdDriver/src/fmc.c:376:52
	ldr	r0, [sp, #20]
	.loc	2 376 35 is_stmt 0              @ ../../../../../Library/StdDriver/src/fmc.c:376:35
	lsls	r0, r0, #2
	ldr	r1, __arm_cp.6_1
	ldr	r0, [r0, r1]
	.loc	2 376 79                        @ ../../../../../Library/StdDriver/src/fmc.c:376:79
	lsrs	r0, r0, #8
	.loc	2 376 21                        @ ../../../../../Library/StdDriver/src/fmc.c:376:21
	str	r0, [sp, #16]
	ldr	r1, __arm_cp.6_2
	movs	r0, #34
	.loc	2 378 25 is_stmt 1              @ ../../../../../Library/StdDriver/src/fmc.c:378:25
	str	r0, [r1]
	.loc	2 379 28                        @ ../../../../../Library/StdDriver/src/fmc.c:379:28
	ldr	r0, [sp, #16]
	ldr	r1, __arm_cp.6_3
	.loc	2 379 26 is_stmt 0              @ ../../../../../Library/StdDriver/src/fmc.c:379:26
	str	r0, [r1]
	ldr	r1, __arm_cp.6_4
	ldr	r0, __arm_cp.6_5
	.loc	2 380 25 is_stmt 1              @ ../../../../../Library/StdDriver/src/fmc.c:380:25
	str	r0, [r1]
	ldr	r1, __arm_cp.6_6
	movs	r0, #1
	.loc	2 381 25                        @ ../../../../../Library/StdDriver/src/fmc.c:381:25
	str	r0, [r1]
	.loc	2 385 29                        @ ../../../../../Library/StdDriver/src/fmc.c:385:29
	ldr	r0, __arm_cp.6_7
	ldr	r0, [r0]
	lsrs	r0, r0, #2
	.loc	2 385 27 is_stmt 0              @ ../../../../../Library/StdDriver/src/fmc.c:385:27
	str	r0, [sp, #4]
	.loc	2 386 13 is_stmt 1              @ ../../../../../Library/StdDriver/src/fmc.c:386:13
	b	.LBB6_5
.LBB6_5:                                @ =>This Inner Loop Header: Depth=1
	.loc	2 0 13 is_stmt 0                @ ../../../../../Library/StdDriver/src/fmc.c:0:13
	ldr	r0, __arm_cp.6_6
	.loc	2 386 24                        @ ../../../../../Library/StdDriver/src/fmc.c:386:24
	ldr	r0, [r0]
	.loc	2 386 13                        @ ../../../../../Library/StdDriver/src/fmc.c:386:13
	cbz	r0, .LBB6_9
	b	.LBB6_6
.LBB6_6:                                @   in Loop: Header=BB6_5 Depth=1
.Ltmp121:
	.loc	2 388 34 is_stmt 1              @ ../../../../../Library/StdDriver/src/fmc.c:388:34
	ldr	r0, [sp, #4]
	subs	r1, r0, #1
	str	r1, [sp, #4]
.Ltmp122:
	.loc	2 388 21 is_stmt 0              @ ../../../../../Library/StdDriver/src/fmc.c:388:21
	cmp	r0, #0
	bgt	.LBB6_8
	b	.LBB6_7
.LBB6_7:
	.loc	2 0 21                          @ ../../../../../Library/StdDriver/src/fmc.c:0:21
	movs	r0, #0
	mvns	r0, r0
.Ltmp123:
	.loc	2 390 25 is_stmt 1              @ ../../../../../Library/StdDriver/src/fmc.c:390:25
	str	r0, [sp, #8]
	.loc	2 391 21                        @ ../../../../../Library/StdDriver/src/fmc.c:391:21
	b	.LBB6_9
.Ltmp124:
.LBB6_8:                                @   in Loop: Header=BB6_5 Depth=1
	.loc	2 386 13                        @ ../../../../../Library/StdDriver/src/fmc.c:386:13
	b	.LBB6_5
.LBB6_9:
	.loc	2 0 13 is_stmt 0                @ ../../../../../Library/StdDriver/src/fmc.c:0:13
	ldr	r0, __arm_cp.6_8
.Ltmp125:
	.loc	2 396 21 is_stmt 1              @ ../../../../../Library/StdDriver/src/fmc.c:396:21
	ldr	r0, [r0]
.Ltmp126:
	.loc	2 396 16 is_stmt 0              @ ../../../../../Library/StdDriver/src/fmc.c:396:16
	lsls	r0, r0, #25
	cmp	r0, #0
	bpl	.LBB6_11
	b	.LBB6_10
.LBB6_10:
	.loc	2 0 16                          @ ../../../../../Library/StdDriver/src/fmc.c:0:16
	ldr	r1, __arm_cp.6_8
.Ltmp127:
	.loc	2 398 29 is_stmt 1              @ ../../../../../Library/StdDriver/src/fmc.c:398:29
	ldr	r0, [r1]
	movs	r2, #64
	orrs	r0, r2
	str	r0, [r1]
	movs	r0, #0
	mvns	r0, r0
	.loc	2 399 21                        @ ../../../../../Library/StdDriver/src/fmc.c:399:21
	str	r0, [sp, #8]
	.loc	2 400 13                        @ ../../../../../Library/StdDriver/src/fmc.c:400:13
	b	.LBB6_11
.Ltmp128:
.LBB6_11:
	.loc	2 401 9                         @ ../../../../../Library/StdDriver/src/fmc.c:401:9
	b	.LBB6_13
.Ltmp129:
.LBB6_12:
	.loc	2 0 9 is_stmt 0                 @ ../../../../../Library/StdDriver/src/fmc.c:0:9
	movs	r0, #0
	mvns	r0, r0
.Ltmp130:
	.loc	2 404 17 is_stmt 1              @ ../../../../../Library/StdDriver/src/fmc.c:404:17
	str	r0, [sp, #8]
	b	.LBB6_13
.Ltmp131:
.LBB6_13:
	.loc	2 406 5                         @ ../../../../../Library/StdDriver/src/fmc.c:406:5
	b	.LBB6_14
.Ltmp132:
.LBB6_14:
	.loc	2 407 24                        @ ../../../../../Library/StdDriver/src/fmc.c:407:24
	ldr	r0, [sp, #8]
	.loc	2 407 22 is_stmt 0              @ ../../../../../Library/StdDriver/src/fmc.c:407:22
	ldr	r1, __arm_cp.6_0
	str	r0, [r1]
	.loc	2 408 12 is_stmt 1              @ ../../../../../Library/StdDriver/src/fmc.c:408:12
	ldr	r0, [sp, #8]
	.loc	2 408 5 is_stmt 0               @ ../../../../../Library/StdDriver/src/fmc.c:408:5
	add	sp, #24
	pop	{r7, pc}
.Ltmp133:
	.p2align	2
@ %bb.15:
	.loc	2 0 5                           @ ../../../../../Library/StdDriver/src/fmc.c:0:5
__arm_cp.6_0:
	.long	g_FMC_i32ErrCode
.Lcpi_end48:
	.size	__arm_cp.6_0, .Lcpi_end48-__arm_cp.6_0
__arm_cp.6_1:
	.long	1073791184                      @ 0x4000c0d0
.Lcpi_end49:
	.size	__arm_cp.6_1, .Lcpi_end49-__arm_cp.6_1
__arm_cp.6_2:
	.long	1073790988                      @ 0x4000c00c
.Lcpi_end50:
	.size	__arm_cp.6_2, .Lcpi_end50-__arm_cp.6_2
__arm_cp.6_3:
	.long	1073790980                      @ 0x4000c004
.Lcpi_end51:
	.size	__arm_cp.6_3, .Lcpi_end51-__arm_cp.6_3
__arm_cp.6_4:
	.long	1073790984                      @ 0x4000c008
.Lcpi_end52:
	.size	__arm_cp.6_4, .Lcpi_end52-__arm_cp.6_4
__arm_cp.6_5:
	.long	5614083                         @ 0x55aa03
.Lcpi_end53:
	.size	__arm_cp.6_5, .Lcpi_end53-__arm_cp.6_5
__arm_cp.6_6:
	.long	1073790992                      @ 0x4000c010
.Lcpi_end54:
	.size	__arm_cp.6_6, .Lcpi_end54-__arm_cp.6_6
__arm_cp.6_7:
	.long	SystemCoreClock
.Lcpi_end55:
	.size	__arm_cp.6_7, .Lcpi_end55-__arm_cp.6_7
__arm_cp.6_8:
	.long	1073790976                      @ 0x4000c000
.Lcpi_end56:
	.size	__arm_cp.6_8, .Lcpi_end56-__arm_cp.6_8
.Lfunc_end6:
	.size	FMC_EraseXOM, .Lfunc_end6-FMC_EraseXOM
	.cfi_endproc
	.fnend
                                        @ -- End function
	.section	.text.FMC_GetChkSum,"ax",%progbits
	.hidden	FMC_GetChkSum                   @ -- Begin function FMC_GetChkSum
	.globl	FMC_GetChkSum
	.p2align	2
	.type	FMC_GetChkSum,%function
	.code	16                              @ @FMC_GetChkSum
	.thumb_func
FMC_GetChkSum:
.Lfunc_begin7:
	.loc	2 428 0 is_stmt 1               @ ../../../../../Library/StdDriver/src/fmc.c:428:0
	.fnstart
	.cfi_startproc
@ %bb.0:
	.save	{r7, lr}
	push	{r7, lr}
	.cfi_def_cfa_offset 8
	.cfi_offset lr, -4
	.cfi_offset r7, -8
	.pad	#112
	sub	sp, #112
	.cfi_def_cfa_offset 120
	str	r0, [sp, #104]
	str	r1, [sp, #100]
.Ltmp134:
	.loc	2 432 22 prologue_end           @ ../../../../../Library/StdDriver/src/fmc.c:432:22
	ldr	r1, __arm_cp.7_0
	movs	r0, #0
	str	r0, [r1]
	add	r0, sp, #104
.Ltmp135:
	.loc	2 434 27                        @ ../../../../../Library/StdDriver/src/fmc.c:434:27
	ldrh	r0, [r0]
	lsls	r0, r0, #21
	cbnz	r0, .LBB7_2
	b	.LBB7_1
.Ltmp136:
.LBB7_1:
	.loc	2 0 27 is_stmt 0                @ ../../../../../Library/StdDriver/src/fmc.c:0:27
	add	r0, sp, #100
	.loc	2 434 8                         @ ../../../../../Library/StdDriver/src/fmc.c:434:8
	ldrh	r0, [r0]
	lsls	r0, r0, #21
	cbz	r0, .LBB7_3
	b	.LBB7_2
.LBB7_2:
.Ltmp137:
	.loc	2 436 26 is_stmt 1              @ ../../../../../Library/StdDriver/src/fmc.c:436:26
	ldr	r1, __arm_cp.7_0
	movs	r0, #1
	mvns	r0, r0
	str	r0, [r1]
	movs	r0, #0
	mvns	r0, r0
	.loc	2 437 13                        @ ../../../../../Library/StdDriver/src/fmc.c:437:13
	str	r0, [sp, #96]
	.loc	2 438 5                         @ ../../../../../Library/StdDriver/src/fmc.c:438:5
	b	.LBB7_34
.Ltmp138:
.LBB7_3:
	.loc	2 441 9                         @ ../../../../../Library/StdDriver/src/fmc.c:441:9
	bl	__PC
	lsls	r1, r0, #3
	ldr	r0, __arm_cp.7_1
	ldr	r2, __arm_cp.7_2
	str	r2, [sp, #84]                   @ 4-byte Spill
	cmp	r1, #0
	str	r0, [sp, #88]                   @ 4-byte Spill
	bmi	.LBB7_5
@ %bb.4:
	.loc	2 0 9 is_stmt 0                 @ ../../../../../Library/StdDriver/src/fmc.c:0:9
	ldr	r0, [sp, #84]                   @ 4-byte Reload
	str	r0, [sp, #88]                   @ 4-byte Spill
.LBB7_5:
	.loc	2 441 9                         @ ../../../../../Library/StdDriver/src/fmc.c:441:9
	ldr	r1, [sp, #88]                   @ 4-byte Reload
	movs	r0, #45
	.loc	2 441 26                        @ ../../../../../Library/StdDriver/src/fmc.c:441:26
	str	r0, [r1]
	.loc	2 442 28 is_stmt 1              @ ../../../../../Library/StdDriver/src/fmc.c:442:28
	ldr	r0, [sp, #104]
	.loc	2 442 9 is_stmt 0               @ ../../../../../Library/StdDriver/src/fmc.c:442:9
	str	r0, [sp, #72]                   @ 4-byte Spill
	bl	__PC
	lsls	r1, r0, #3
	ldr	r0, __arm_cp.7_3
	ldr	r2, __arm_cp.7_4
	str	r2, [sp, #76]                   @ 4-byte Spill
	cmp	r1, #0
	str	r0, [sp, #80]                   @ 4-byte Spill
	bmi	.LBB7_7
@ %bb.6:
	.loc	2 0 9                           @ ../../../../../Library/StdDriver/src/fmc.c:0:9
	ldr	r0, [sp, #76]                   @ 4-byte Reload
	str	r0, [sp, #80]                   @ 4-byte Spill
.LBB7_7:
	.loc	2 442 9                         @ ../../../../../Library/StdDriver/src/fmc.c:442:9
	ldr	r0, [sp, #72]                   @ 4-byte Reload
	ldr	r1, [sp, #80]                   @ 4-byte Reload
	.loc	2 442 26                        @ ../../../../../Library/StdDriver/src/fmc.c:442:26
	str	r0, [r1]
	.loc	2 443 28 is_stmt 1              @ ../../../../../Library/StdDriver/src/fmc.c:443:28
	ldr	r0, [sp, #100]
	.loc	2 443 9 is_stmt 0               @ ../../../../../Library/StdDriver/src/fmc.c:443:9
	str	r0, [sp, #60]                   @ 4-byte Spill
	bl	__PC
	lsls	r1, r0, #3
	ldr	r0, __arm_cp.7_5
	ldr	r2, __arm_cp.7_6
	str	r2, [sp, #64]                   @ 4-byte Spill
	cmp	r1, #0
	str	r0, [sp, #68]                   @ 4-byte Spill
	bmi	.LBB7_9
@ %bb.8:
	.loc	2 0 9                           @ ../../../../../Library/StdDriver/src/fmc.c:0:9
	ldr	r0, [sp, #64]                   @ 4-byte Reload
	str	r0, [sp, #68]                   @ 4-byte Spill
.LBB7_9:
	.loc	2 443 9                         @ ../../../../../Library/StdDriver/src/fmc.c:443:9
	ldr	r0, [sp, #60]                   @ 4-byte Reload
	ldr	r1, [sp, #68]                   @ 4-byte Reload
	.loc	2 443 26                        @ ../../../../../Library/StdDriver/src/fmc.c:443:26
	str	r0, [r1]
	.loc	2 444 9 is_stmt 1               @ ../../../../../Library/StdDriver/src/fmc.c:444:9
	bl	__PC
	lsls	r1, r0, #3
	ldr	r0, __arm_cp.7_7
	ldr	r2, __arm_cp.7_8
	str	r2, [sp, #52]                   @ 4-byte Spill
	cmp	r1, #0
	str	r0, [sp, #56]                   @ 4-byte Spill
	bmi	.LBB7_11
@ %bb.10:
	.loc	2 0 9 is_stmt 0                 @ ../../../../../Library/StdDriver/src/fmc.c:0:9
	ldr	r0, [sp, #52]                   @ 4-byte Reload
	str	r0, [sp, #56]                   @ 4-byte Spill
.LBB7_11:
	.loc	2 444 9                         @ ../../../../../Library/StdDriver/src/fmc.c:444:9
	ldr	r1, [sp, #56]                   @ 4-byte Reload
	movs	r0, #1
	.loc	2 444 26                        @ ../../../../../Library/StdDriver/src/fmc.c:444:26
	str	r0, [r1]
	.loc	2 446 25 is_stmt 1              @ ../../../../../Library/StdDriver/src/fmc.c:446:25
	ldr	r0, __arm_cp.7_9
	ldr	r0, [r0]
	lsls	r0, r0, #1
	.loc	2 446 23 is_stmt 0              @ ../../../../../Library/StdDriver/src/fmc.c:446:23
	str	r0, [sp, #92]
	.loc	2 447 9 is_stmt 1               @ ../../../../../Library/StdDriver/src/fmc.c:447:9
	b	.LBB7_12
.LBB7_12:                               @ =>This Inner Loop Header: Depth=1
	.loc	2 447 15 is_stmt 0              @ ../../../../../Library/StdDriver/src/fmc.c:447:15
	bl	__PC
	lsls	r1, r0, #3
	ldr	r0, __arm_cp.7_10
	ldr	r2, __arm_cp.7_11
	str	r2, [sp, #44]                   @ 4-byte Spill
	cmp	r1, #0
	str	r0, [sp, #48]                   @ 4-byte Spill
	bmi	.LBB7_14
@ %bb.13:                               @   in Loop: Header=BB7_12 Depth=1
	.loc	2 0 15                          @ ../../../../../Library/StdDriver/src/fmc.c:0:15
	ldr	r0, [sp, #44]                   @ 4-byte Reload
	str	r0, [sp, #48]                   @ 4-byte Spill
.LBB7_14:                               @   in Loop: Header=BB7_12 Depth=1
	.loc	2 447 15                        @ ../../../../../Library/StdDriver/src/fmc.c:447:15
	ldr	r0, [sp, #48]                   @ 4-byte Reload
	.loc	2 447 24                        @ ../../../../../Library/StdDriver/src/fmc.c:447:24
	ldr	r0, [r0]
	.loc	2 447 9                         @ ../../../../../Library/StdDriver/src/fmc.c:447:9
	lsls	r0, r0, #31
	cbz	r0, .LBB7_18
	b	.LBB7_15
.LBB7_15:                               @   in Loop: Header=BB7_12 Depth=1
.Ltmp139:
	.loc	2 449 30 is_stmt 1              @ ../../../../../Library/StdDriver/src/fmc.c:449:30
	ldr	r0, [sp, #92]
	subs	r1, r0, #1
	str	r1, [sp, #92]
.Ltmp140:
	.loc	2 449 17 is_stmt 0              @ ../../../../../Library/StdDriver/src/fmc.c:449:17
	cmp	r0, #0
	bgt	.LBB7_17
	b	.LBB7_16
.LBB7_16:
.Ltmp141:
	.loc	2 451 34 is_stmt 1              @ ../../../../../Library/StdDriver/src/fmc.c:451:34
	ldr	r1, __arm_cp.7_0
	movs	r0, #0
	mvns	r0, r0
	str	r0, [r1]
	.loc	2 452 17                        @ ../../../../../Library/StdDriver/src/fmc.c:452:17
	str	r0, [sp, #108]
	b	.LBB7_35
.Ltmp142:
.LBB7_17:                               @   in Loop: Header=BB7_12 Depth=1
	.loc	2 447 9                         @ ../../../../../Library/StdDriver/src/fmc.c:447:9
	b	.LBB7_12
.LBB7_18:
	.loc	2 456 9                         @ ../../../../../Library/StdDriver/src/fmc.c:456:9
	bl	__PC
	lsls	r1, r0, #3
	ldr	r0, __arm_cp.7_1
	ldr	r2, __arm_cp.7_2
	str	r2, [sp, #36]                   @ 4-byte Spill
	cmp	r1, #0
	str	r0, [sp, #40]                   @ 4-byte Spill
	bmi	.LBB7_20
@ %bb.19:
	.loc	2 0 9 is_stmt 0                 @ ../../../../../Library/StdDriver/src/fmc.c:0:9
	ldr	r0, [sp, #36]                   @ 4-byte Reload
	str	r0, [sp, #40]                   @ 4-byte Spill
.LBB7_20:
	.loc	2 456 9                         @ ../../../../../Library/StdDriver/src/fmc.c:456:9
	ldr	r1, [sp, #40]                   @ 4-byte Reload
	movs	r0, #13
	.loc	2 456 25                        @ ../../../../../Library/StdDriver/src/fmc.c:456:25
	str	r0, [r1]
	.loc	2 457 28 is_stmt 1              @ ../../../../../Library/StdDriver/src/fmc.c:457:28
	ldr	r0, [sp, #104]
	.loc	2 457 9 is_stmt 0               @ ../../../../../Library/StdDriver/src/fmc.c:457:9
	str	r0, [sp, #24]                   @ 4-byte Spill
	bl	__PC
	lsls	r1, r0, #3
	ldr	r0, __arm_cp.7_3
	ldr	r2, __arm_cp.7_4
	str	r2, [sp, #28]                   @ 4-byte Spill
	cmp	r1, #0
	str	r0, [sp, #32]                   @ 4-byte Spill
	bmi	.LBB7_22
@ %bb.21:
	.loc	2 0 9                           @ ../../../../../Library/StdDriver/src/fmc.c:0:9
	ldr	r0, [sp, #28]                   @ 4-byte Reload
	str	r0, [sp, #32]                   @ 4-byte Spill
.LBB7_22:
	.loc	2 457 9                         @ ../../../../../Library/StdDriver/src/fmc.c:457:9
	ldr	r0, [sp, #24]                   @ 4-byte Reload
	ldr	r1, [sp, #32]                   @ 4-byte Reload
	.loc	2 457 26                        @ ../../../../../Library/StdDriver/src/fmc.c:457:26
	str	r0, [r1]
	.loc	2 458 9 is_stmt 1               @ ../../../../../Library/StdDriver/src/fmc.c:458:9
	bl	__PC
	lsls	r1, r0, #3
	ldr	r0, __arm_cp.7_7
	ldr	r2, __arm_cp.7_8
	str	r2, [sp, #16]                   @ 4-byte Spill
	cmp	r1, #0
	str	r0, [sp, #20]                   @ 4-byte Spill
	bmi	.LBB7_24
@ %bb.23:
	.loc	2 0 9 is_stmt 0                 @ ../../../../../Library/StdDriver/src/fmc.c:0:9
	ldr	r0, [sp, #16]                   @ 4-byte Reload
	str	r0, [sp, #20]                   @ 4-byte Spill
.LBB7_24:
	.loc	2 458 9                         @ ../../../../../Library/StdDriver/src/fmc.c:458:9
	ldr	r1, [sp, #20]                   @ 4-byte Reload
	movs	r0, #1
	.loc	2 458 25                        @ ../../../../../Library/StdDriver/src/fmc.c:458:25
	str	r0, [r1]
	.loc	2 460 25 is_stmt 1              @ ../../../../../Library/StdDriver/src/fmc.c:460:25
	ldr	r0, __arm_cp.7_9
	ldr	r0, [r0]
	lsls	r0, r0, #1
	.loc	2 460 23 is_stmt 0              @ ../../../../../Library/StdDriver/src/fmc.c:460:23
	str	r0, [sp, #92]
	.loc	2 461 9 is_stmt 1               @ ../../../../../Library/StdDriver/src/fmc.c:461:9
	b	.LBB7_25
.LBB7_25:                               @ =>This Inner Loop Header: Depth=1
	.loc	2 461 15 is_stmt 0              @ ../../../../../Library/StdDriver/src/fmc.c:461:15
	bl	__PC
	lsls	r1, r0, #3
	ldr	r0, __arm_cp.7_10
	ldr	r2, __arm_cp.7_11
	str	r2, [sp, #8]                    @ 4-byte Spill
	cmp	r1, #0
	str	r0, [sp, #12]                   @ 4-byte Spill
	bmi	.LBB7_27
@ %bb.26:                               @   in Loop: Header=BB7_25 Depth=1
	.loc	2 0 15                          @ ../../../../../Library/StdDriver/src/fmc.c:0:15
	ldr	r0, [sp, #8]                    @ 4-byte Reload
	str	r0, [sp, #12]                   @ 4-byte Spill
.LBB7_27:                               @   in Loop: Header=BB7_25 Depth=1
	.loc	2 461 15                        @ ../../../../../Library/StdDriver/src/fmc.c:461:15
	ldr	r0, [sp, #12]                   @ 4-byte Reload
	.loc	2 461 24                        @ ../../../../../Library/StdDriver/src/fmc.c:461:24
	ldr	r0, [r0]
	.loc	2 461 9                         @ ../../../../../Library/StdDriver/src/fmc.c:461:9
	lsls	r0, r0, #31
	cbz	r0, .LBB7_31
	b	.LBB7_28
.LBB7_28:                               @   in Loop: Header=BB7_25 Depth=1
.Ltmp143:
	.loc	2 463 30 is_stmt 1              @ ../../../../../Library/StdDriver/src/fmc.c:463:30
	ldr	r0, [sp, #92]
	subs	r1, r0, #1
	str	r1, [sp, #92]
.Ltmp144:
	.loc	2 463 17 is_stmt 0              @ ../../../../../Library/StdDriver/src/fmc.c:463:17
	cmp	r0, #0
	bgt	.LBB7_30
	b	.LBB7_29
.LBB7_29:
.Ltmp145:
	.loc	2 465 34 is_stmt 1              @ ../../../../../Library/StdDriver/src/fmc.c:465:34
	ldr	r1, __arm_cp.7_0
	movs	r0, #0
	mvns	r0, r0
	str	r0, [r1]
	.loc	2 466 17                        @ ../../../../../Library/StdDriver/src/fmc.c:466:17
	str	r0, [sp, #108]
	b	.LBB7_35
.Ltmp146:
.LBB7_30:                               @   in Loop: Header=BB7_25 Depth=1
	.loc	2 461 9                         @ ../../../../../Library/StdDriver/src/fmc.c:461:9
	b	.LBB7_25
.LBB7_31:
	.loc	2 470 15                        @ ../../../../../Library/StdDriver/src/fmc.c:470:15
	bl	__PC
	lsls	r1, r0, #3
	ldr	r0, __arm_cp.7_5
	ldr	r2, __arm_cp.7_6
	str	r2, [sp]                        @ 4-byte Spill
	cmp	r1, #0
	str	r0, [sp, #4]                    @ 4-byte Spill
	bmi	.LBB7_33
@ %bb.32:
	.loc	2 0 15 is_stmt 0                @ ../../../../../Library/StdDriver/src/fmc.c:0:15
	ldr	r0, [sp]                        @ 4-byte Reload
	str	r0, [sp, #4]                    @ 4-byte Spill
.LBB7_33:
	.loc	2 470 15                        @ ../../../../../Library/StdDriver/src/fmc.c:470:15
	ldr	r0, [sp, #4]                    @ 4-byte Reload
	.loc	2 470 24                        @ ../../../../../Library/StdDriver/src/fmc.c:470:24
	ldr	r0, [r0]
	.loc	2 470 13                        @ ../../../../../Library/StdDriver/src/fmc.c:470:13
	str	r0, [sp, #96]
	b	.LBB7_34
.Ltmp147:
.LBB7_34:
	.loc	2 473 12 is_stmt 1              @ ../../../../../Library/StdDriver/src/fmc.c:473:12
	ldr	r0, [sp, #96]
	.loc	2 473 5 is_stmt 0               @ ../../../../../Library/StdDriver/src/fmc.c:473:5
	str	r0, [sp, #108]
	b	.LBB7_35
.LBB7_35:
	.loc	2 474 1 is_stmt 1               @ ../../../../../Library/StdDriver/src/fmc.c:474:1
	ldr	r0, [sp, #108]
	add	sp, #112
	pop	{r7, pc}
.Ltmp148:
	.p2align	2
@ %bb.36:
	.loc	2 0 1 is_stmt 0                 @ ../../../../../Library/StdDriver/src/fmc.c:0:1
__arm_cp.7_0:
	.long	g_FMC_i32ErrCode
.Lcpi_end57:
	.size	__arm_cp.7_0, .Lcpi_end57-__arm_cp.7_0
__arm_cp.7_1:
	.long	1342226444                      @ 0x5000c00c
.Lcpi_end58:
	.size	__arm_cp.7_1, .Lcpi_end58-__arm_cp.7_1
__arm_cp.7_2:
	.long	1073790988                      @ 0x4000c00c
.Lcpi_end59:
	.size	__arm_cp.7_2, .Lcpi_end59-__arm_cp.7_2
__arm_cp.7_3:
	.long	1342226436                      @ 0x5000c004
.Lcpi_end60:
	.size	__arm_cp.7_3, .Lcpi_end60-__arm_cp.7_3
__arm_cp.7_4:
	.long	1073790980                      @ 0x4000c004
.Lcpi_end61:
	.size	__arm_cp.7_4, .Lcpi_end61-__arm_cp.7_4
__arm_cp.7_5:
	.long	1342226440                      @ 0x5000c008
.Lcpi_end62:
	.size	__arm_cp.7_5, .Lcpi_end62-__arm_cp.7_5
__arm_cp.7_6:
	.long	1073790984                      @ 0x4000c008
.Lcpi_end63:
	.size	__arm_cp.7_6, .Lcpi_end63-__arm_cp.7_6
__arm_cp.7_7:
	.long	1342226448                      @ 0x5000c010
.Lcpi_end64:
	.size	__arm_cp.7_7, .Lcpi_end64-__arm_cp.7_7
__arm_cp.7_8:
	.long	1073790992                      @ 0x4000c010
.Lcpi_end65:
	.size	__arm_cp.7_8, .Lcpi_end65-__arm_cp.7_8
__arm_cp.7_9:
	.long	SystemCoreClock
.Lcpi_end66:
	.size	__arm_cp.7_9, .Lcpi_end66-__arm_cp.7_9
__arm_cp.7_10:
	.long	1342226496                      @ 0x5000c040
.Lcpi_end67:
	.size	__arm_cp.7_10, .Lcpi_end67-__arm_cp.7_10
__arm_cp.7_11:
	.long	1073791040                      @ 0x4000c040
.Lcpi_end68:
	.size	__arm_cp.7_11, .Lcpi_end68-__arm_cp.7_11
.Lfunc_end7:
	.size	FMC_GetChkSum, .Lfunc_end7-FMC_GetChkSum
	.cfi_endproc
	.fnend
                                        @ -- End function
	.section	.text.FMC_IsOTPLocked,"ax",%progbits
	.hidden	FMC_IsOTPLocked                 @ -- Begin function FMC_IsOTPLocked
	.globl	FMC_IsOTPLocked
	.p2align	2
	.type	FMC_IsOTPLocked,%function
	.code	16                              @ @FMC_IsOTPLocked
	.thumb_func
FMC_IsOTPLocked:
.Lfunc_begin8:
	.loc	2 493 0 is_stmt 1               @ ../../../../../Library/StdDriver/src/fmc.c:493:0
	.fnstart
	.cfi_startproc
@ %bb.0:
	.pad	#12
	sub	sp, #12
	.cfi_def_cfa_offset 12
	str	r0, [sp, #8]
	movs	r0, #0
.Ltmp149:
	.loc	2 494 14 prologue_end           @ ../../../../../Library/StdDriver/src/fmc.c:494:14
	str	r0, [sp, #4]
	.loc	2 497 22                        @ ../../../../../Library/StdDriver/src/fmc.c:497:22
	ldr	r1, __arm_cp.8_0
	str	r0, [r1]
.Ltmp150:
	.loc	2 499 8                         @ ../../../../../Library/StdDriver/src/fmc.c:499:8
	ldr	r0, [sp, #8]
.Ltmp151:
	.loc	2 499 8 is_stmt 0               @ ../../../../../Library/StdDriver/src/fmc.c:499:8
	lsrs	r0, r0, #8
	cbz	r0, .LBB8_2
	b	.LBB8_1
.LBB8_1:
.Ltmp152:
	.loc	2 501 26 is_stmt 1              @ ../../../../../Library/StdDriver/src/fmc.c:501:26
	ldr	r1, __arm_cp.8_0
	movs	r0, #1
	mvns	r0, r0
	str	r0, [r1]
	.loc	2 502 13                        @ ../../../../../Library/StdDriver/src/fmc.c:502:13
	str	r0, [sp, #4]
	.loc	2 503 5                         @ ../../../../../Library/StdDriver/src/fmc.c:503:5
	b	.LBB8_2
.Ltmp153:
.LBB8_2:
	.loc	2 505 8                         @ ../../../../../Library/StdDriver/src/fmc.c:505:8
	ldr	r0, [sp, #4]
.Ltmp154:
	.loc	2 505 8 is_stmt 0               @ ../../../../../Library/StdDriver/src/fmc.c:505:8
	cmp	r0, #0
	bne	.LBB8_14
	b	.LBB8_3
.LBB8_3:
	.loc	2 0 8                           @ ../../../../../Library/StdDriver/src/fmc.c:0:8
	ldr	r1, __arm_cp.8_1
	movs	r0, #0
.Ltmp155:
	.loc	2 507 21 is_stmt 1              @ ../../../../../Library/StdDriver/src/fmc.c:507:21
	str	r0, [r1]
	.loc	2 508 49                        @ ../../../../../Library/StdDriver/src/fmc.c:508:49
	ldr	r0, [sp, #8]
	.loc	2 508 59 is_stmt 0              @ ../../../../../Library/StdDriver/src/fmc.c:508:59
	lsls	r0, r0, #2
	ldr	r1, __arm_cp.8_2
	.loc	2 508 47                        @ ../../../../../Library/StdDriver/src/fmc.c:508:47
	adds	r0, r0, r1
	ldr	r1, __arm_cp.8_3
	.loc	2 508 22                        @ ../../../../../Library/StdDriver/src/fmc.c:508:22
	str	r0, [r1]
	ldr	r1, __arm_cp.8_4
	movs	r0, #1
	.loc	2 509 21 is_stmt 1              @ ../../../../../Library/StdDriver/src/fmc.c:509:21
	str	r0, [r1]
	.loc	2 511 25                        @ ../../../../../Library/StdDriver/src/fmc.c:511:25
	ldr	r0, __arm_cp.8_5
	ldr	r0, [r0]
	lsrs	r0, r0, #3
	.loc	2 511 23 is_stmt 0              @ ../../../../../Library/StdDriver/src/fmc.c:511:23
	str	r0, [sp]
	.loc	2 512 9 is_stmt 1               @ ../../../../../Library/StdDriver/src/fmc.c:512:9
	b	.LBB8_4
.LBB8_4:                                @ =>This Inner Loop Header: Depth=1
	.loc	2 0 9 is_stmt 0                 @ ../../../../../Library/StdDriver/src/fmc.c:0:9
	ldr	r0, __arm_cp.8_4
	.loc	2 512 20                        @ ../../../../../Library/StdDriver/src/fmc.c:512:20
	ldr	r0, [r0]
	.loc	2 512 9                         @ ../../../../../Library/StdDriver/src/fmc.c:512:9
	lsls	r0, r0, #31
	cbz	r0, .LBB8_8
	b	.LBB8_5
.LBB8_5:                                @   in Loop: Header=BB8_4 Depth=1
.Ltmp156:
	.loc	2 514 30 is_stmt 1              @ ../../../../../Library/StdDriver/src/fmc.c:514:30
	ldr	r0, [sp]
	subs	r1, r0, #1
	str	r1, [sp]
.Ltmp157:
	.loc	2 514 17 is_stmt 0              @ ../../../../../Library/StdDriver/src/fmc.c:514:17
	cmp	r0, #0
	bgt	.LBB8_7
	b	.LBB8_6
.LBB8_6:
.Ltmp158:
	.loc	2 516 34 is_stmt 1              @ ../../../../../Library/StdDriver/src/fmc.c:516:34
	ldr	r1, __arm_cp.8_0
	movs	r0, #0
	mvns	r0, r0
	str	r0, [r1]
	.loc	2 517 21                        @ ../../../../../Library/StdDriver/src/fmc.c:517:21
	str	r0, [sp, #4]
	.loc	2 518 17                        @ ../../../../../Library/StdDriver/src/fmc.c:518:17
	b	.LBB8_8
.Ltmp159:
.LBB8_7:                                @   in Loop: Header=BB8_4 Depth=1
	.loc	2 512 9                         @ ../../../../../Library/StdDriver/src/fmc.c:512:9
	b	.LBB8_4
.LBB8_8:
	.loc	2 0 9 is_stmt 0                 @ ../../../../../Library/StdDriver/src/fmc.c:0:9
	ldr	r0, __arm_cp.8_6
.Ltmp160:
	.loc	2 522 17 is_stmt 1              @ ../../../../../Library/StdDriver/src/fmc.c:522:17
	ldr	r0, [r0]
.Ltmp161:
	.loc	2 522 12 is_stmt 0              @ ../../../../../Library/StdDriver/src/fmc.c:522:12
	lsls	r0, r0, #25
	cmp	r0, #0
	bpl	.LBB8_10
	b	.LBB8_9
.LBB8_9:
	.loc	2 0 12                          @ ../../../../../Library/StdDriver/src/fmc.c:0:12
	ldr	r1, __arm_cp.8_6
.Ltmp162:
	.loc	2 524 25 is_stmt 1              @ ../../../../../Library/StdDriver/src/fmc.c:524:25
	ldr	r0, [r1]
	movs	r2, #64
	orrs	r0, r2
	str	r0, [r1]
	.loc	2 525 30                        @ ../../../../../Library/StdDriver/src/fmc.c:525:30
	ldr	r1, __arm_cp.8_0
	movs	r0, #0
	mvns	r0, r0
	str	r0, [r1]
	.loc	2 526 17                        @ ../../../../../Library/StdDriver/src/fmc.c:526:17
	str	r0, [sp, #4]
	.loc	2 527 9                         @ ../../../../../Library/StdDriver/src/fmc.c:527:9
	b	.LBB8_13
.Ltmp163:
.LBB8_10:
	.loc	2 0 9 is_stmt 0                 @ ../../../../../Library/StdDriver/src/fmc.c:0:9
	ldr	r0, __arm_cp.8_7
.Ltmp164:
	.loc	2 530 21 is_stmt 1              @ ../../../../../Library/StdDriver/src/fmc.c:530:21
	ldr	r0, [r0]
.Ltmp165:
	.loc	2 530 16 is_stmt 0              @ ../../../../../Library/StdDriver/src/fmc.c:530:16
	adds	r0, r0, #1
	cbz	r0, .LBB8_12
	b	.LBB8_11
.LBB8_11:
.Ltmp166:
	.loc	2 532 34 is_stmt 1              @ ../../../../../Library/StdDriver/src/fmc.c:532:34
	ldr	r1, __arm_cp.8_0
	movs	r0, #0
	mvns	r0, r0
	str	r0, [r1]
	movs	r0, #1
	.loc	2 533 21                        @ ../../../../../Library/StdDriver/src/fmc.c:533:21
	str	r0, [sp, #4]
	.loc	2 534 13                        @ ../../../../../Library/StdDriver/src/fmc.c:534:13
	b	.LBB8_12
.Ltmp167:
.LBB8_12:
	.loc	2 0 13 is_stmt 0                @ ../../../../../Library/StdDriver/src/fmc.c:0:13
	b	.LBB8_13
.LBB8_13:
	.loc	2 536 5 is_stmt 1               @ ../../../../../Library/StdDriver/src/fmc.c:536:5
	b	.LBB8_14
.Ltmp168:
.LBB8_14:
	.loc	2 537 12                        @ ../../../../../Library/StdDriver/src/fmc.c:537:12
	ldr	r0, [sp, #4]
	.loc	2 537 5 is_stmt 0               @ ../../../../../Library/StdDriver/src/fmc.c:537:5
	add	sp, #12
	bx	lr
.Ltmp169:
	.p2align	2
@ %bb.15:
	.loc	2 0 5                           @ ../../../../../Library/StdDriver/src/fmc.c:0:5
__arm_cp.8_0:
	.long	g_FMC_i32ErrCode
.Lcpi_end69:
	.size	__arm_cp.8_0, .Lcpi_end69-__arm_cp.8_0
__arm_cp.8_1:
	.long	1073790988                      @ 0x4000c00c
.Lcpi_end70:
	.size	__arm_cp.8_1, .Lcpi_end70-__arm_cp.8_1
__arm_cp.8_2:
	.long	3213312                         @ 0x310800
.Lcpi_end71:
	.size	__arm_cp.8_2, .Lcpi_end71-__arm_cp.8_2
__arm_cp.8_3:
	.long	1073790980                      @ 0x4000c004
.Lcpi_end72:
	.size	__arm_cp.8_3, .Lcpi_end72-__arm_cp.8_3
__arm_cp.8_4:
	.long	1073790992                      @ 0x4000c010
.Lcpi_end73:
	.size	__arm_cp.8_4, .Lcpi_end73-__arm_cp.8_4
__arm_cp.8_5:
	.long	SystemCoreClock
.Lcpi_end74:
	.size	__arm_cp.8_5, .Lcpi_end74-__arm_cp.8_5
__arm_cp.8_6:
	.long	1073791040                      @ 0x4000c040
.Lcpi_end75:
	.size	__arm_cp.8_6, .Lcpi_end75-__arm_cp.8_6
__arm_cp.8_7:
	.long	1073790984                      @ 0x4000c008
.Lcpi_end76:
	.size	__arm_cp.8_7, .Lcpi_end76-__arm_cp.8_7
.Lfunc_end8:
	.size	FMC_IsOTPLocked, .Lfunc_end8-FMC_IsOTPLocked
	.cfi_endproc
	.cantunwind
	.fnend
                                        @ -- End function
	.section	.text.FMC_LockOTP,"ax",%progbits
	.hidden	FMC_LockOTP                     @ -- Begin function FMC_LockOTP
	.globl	FMC_LockOTP
	.p2align	2
	.type	FMC_LockOTP,%function
	.code	16                              @ @FMC_LockOTP
	.thumb_func
FMC_LockOTP:
.Lfunc_begin9:
	.loc	2 585 0 is_stmt 1               @ ../../../../../Library/StdDriver/src/fmc.c:585:0
	.fnstart
	.cfi_startproc
@ %bb.0:
	.pad	#12
	sub	sp, #12
	.cfi_def_cfa_offset 12
	str	r0, [sp, #8]
	movs	r0, #0
.Ltmp170:
	.loc	2 586 14 prologue_end           @ ../../../../../Library/StdDriver/src/fmc.c:586:14
	str	r0, [sp, #4]
	.loc	2 589 22                        @ ../../../../../Library/StdDriver/src/fmc.c:589:22
	ldr	r1, __arm_cp.9_0
	str	r0, [r1]
.Ltmp171:
	.loc	2 591 8                         @ ../../../../../Library/StdDriver/src/fmc.c:591:8
	ldr	r0, [sp, #8]
.Ltmp172:
	.loc	2 591 8 is_stmt 0               @ ../../../../../Library/StdDriver/src/fmc.c:591:8
	lsrs	r0, r0, #8
	cbz	r0, .LBB9_2
	b	.LBB9_1
.LBB9_1:
.Ltmp173:
	.loc	2 593 26 is_stmt 1              @ ../../../../../Library/StdDriver/src/fmc.c:593:26
	ldr	r1, __arm_cp.9_0
	movs	r0, #1
	mvns	r0, r0
	str	r0, [r1]
	.loc	2 594 13                        @ ../../../../../Library/StdDriver/src/fmc.c:594:13
	str	r0, [sp, #4]
	.loc	2 595 5                         @ ../../../../../Library/StdDriver/src/fmc.c:595:5
	b	.LBB9_2
.Ltmp174:
.LBB9_2:
	.loc	2 597 8                         @ ../../../../../Library/StdDriver/src/fmc.c:597:8
	ldr	r0, [sp, #4]
.Ltmp175:
	.loc	2 597 8 is_stmt 0               @ ../../../../../Library/StdDriver/src/fmc.c:597:8
	cbnz	r0, .LBB9_11
	b	.LBB9_3
.LBB9_3:
	.loc	2 0 8                           @ ../../../../../Library/StdDriver/src/fmc.c:0:8
	ldr	r1, __arm_cp.9_1
	movs	r0, #33
.Ltmp176:
	.loc	2 599 21 is_stmt 1              @ ../../../../../Library/StdDriver/src/fmc.c:599:21
	str	r0, [r1]
	.loc	2 600 49                        @ ../../../../../Library/StdDriver/src/fmc.c:600:49
	ldr	r0, [sp, #8]
	.loc	2 600 59 is_stmt 0              @ ../../../../../Library/StdDriver/src/fmc.c:600:59
	lsls	r0, r0, #2
	ldr	r1, __arm_cp.9_2
	.loc	2 600 47                        @ ../../../../../Library/StdDriver/src/fmc.c:600:47
	adds	r0, r0, r1
	ldr	r1, __arm_cp.9_3
	.loc	2 600 22                        @ ../../../../../Library/StdDriver/src/fmc.c:600:22
	str	r0, [r1]
	ldr	r1, __arm_cp.9_4
	movs	r0, #0
	.loc	2 601 21 is_stmt 1              @ ../../../../../Library/StdDriver/src/fmc.c:601:21
	str	r0, [r1]
	ldr	r1, __arm_cp.9_5
	movs	r0, #1
	.loc	2 602 21                        @ ../../../../../Library/StdDriver/src/fmc.c:602:21
	str	r0, [r1]
	.loc	2 604 25                        @ ../../../../../Library/StdDriver/src/fmc.c:604:25
	ldr	r0, __arm_cp.9_6
	ldr	r0, [r0]
	lsrs	r0, r0, #3
	.loc	2 604 23 is_stmt 0              @ ../../../../../Library/StdDriver/src/fmc.c:604:23
	str	r0, [sp]
	.loc	2 605 9 is_stmt 1               @ ../../../../../Library/StdDriver/src/fmc.c:605:9
	b	.LBB9_4
.LBB9_4:                                @ =>This Inner Loop Header: Depth=1
	.loc	2 0 9 is_stmt 0                 @ ../../../../../Library/StdDriver/src/fmc.c:0:9
	ldr	r0, __arm_cp.9_5
	.loc	2 605 20                        @ ../../../../../Library/StdDriver/src/fmc.c:605:20
	ldr	r0, [r0]
	.loc	2 605 9                         @ ../../../../../Library/StdDriver/src/fmc.c:605:9
	lsls	r0, r0, #31
	cbz	r0, .LBB9_8
	b	.LBB9_5
.LBB9_5:                                @   in Loop: Header=BB9_4 Depth=1
.Ltmp177:
	.loc	2 607 30 is_stmt 1              @ ../../../../../Library/StdDriver/src/fmc.c:607:30
	ldr	r0, [sp]
	subs	r1, r0, #1
	str	r1, [sp]
.Ltmp178:
	.loc	2 607 17 is_stmt 0              @ ../../../../../Library/StdDriver/src/fmc.c:607:17
	cmp	r0, #0
	bgt	.LBB9_7
	b	.LBB9_6
.LBB9_6:
.Ltmp179:
	.loc	2 609 34 is_stmt 1              @ ../../../../../Library/StdDriver/src/fmc.c:609:34
	ldr	r1, __arm_cp.9_0
	movs	r0, #0
	mvns	r0, r0
	str	r0, [r1]
	.loc	2 610 21                        @ ../../../../../Library/StdDriver/src/fmc.c:610:21
	str	r0, [sp, #4]
	.loc	2 611 17                        @ ../../../../../Library/StdDriver/src/fmc.c:611:17
	b	.LBB9_8
.Ltmp180:
.LBB9_7:                                @   in Loop: Header=BB9_4 Depth=1
	.loc	2 605 9                         @ ../../../../../Library/StdDriver/src/fmc.c:605:9
	b	.LBB9_4
.LBB9_8:
	.loc	2 0 9 is_stmt 0                 @ ../../../../../Library/StdDriver/src/fmc.c:0:9
	ldr	r0, __arm_cp.9_7
.Ltmp181:
	.loc	2 615 17 is_stmt 1              @ ../../../../../Library/StdDriver/src/fmc.c:615:17
	ldr	r0, [r0]
.Ltmp182:
	.loc	2 615 12 is_stmt 0              @ ../../../../../Library/StdDriver/src/fmc.c:615:12
	lsls	r0, r0, #25
	cmp	r0, #0
	bpl	.LBB9_10
	b	.LBB9_9
.LBB9_9:
	.loc	2 0 12                          @ ../../../../../Library/StdDriver/src/fmc.c:0:12
	ldr	r1, __arm_cp.9_7
.Ltmp183:
	.loc	2 617 25 is_stmt 1              @ ../../../../../Library/StdDriver/src/fmc.c:617:25
	ldr	r0, [r1]
	movs	r2, #64
	orrs	r0, r2
	str	r0, [r1]
	.loc	2 618 30                        @ ../../../../../Library/StdDriver/src/fmc.c:618:30
	ldr	r1, __arm_cp.9_0
	movs	r0, #0
	mvns	r0, r0
	str	r0, [r1]
	.loc	2 619 17                        @ ../../../../../Library/StdDriver/src/fmc.c:619:17
	str	r0, [sp, #4]
	.loc	2 620 9                         @ ../../../../../Library/StdDriver/src/fmc.c:620:9
	b	.LBB9_10
.Ltmp184:
.LBB9_10:
	.loc	2 621 5                         @ ../../../../../Library/StdDriver/src/fmc.c:621:5
	b	.LBB9_11
.Ltmp185:
.LBB9_11:
	.loc	2 622 12                        @ ../../../../../Library/StdDriver/src/fmc.c:622:12
	ldr	r0, [sp, #4]
	.loc	2 622 5 is_stmt 0               @ ../../../../../Library/StdDriver/src/fmc.c:622:5
	add	sp, #12
	bx	lr
.Ltmp186:
	.p2align	2
@ %bb.12:
	.loc	2 0 5                           @ ../../../../../Library/StdDriver/src/fmc.c:0:5
__arm_cp.9_0:
	.long	g_FMC_i32ErrCode
.Lcpi_end77:
	.size	__arm_cp.9_0, .Lcpi_end77-__arm_cp.9_0
__arm_cp.9_1:
	.long	1073790988                      @ 0x4000c00c
.Lcpi_end78:
	.size	__arm_cp.9_1, .Lcpi_end78-__arm_cp.9_1
__arm_cp.9_2:
	.long	3213312                         @ 0x310800
.Lcpi_end79:
	.size	__arm_cp.9_2, .Lcpi_end79-__arm_cp.9_2
__arm_cp.9_3:
	.long	1073790980                      @ 0x4000c004
.Lcpi_end80:
	.size	__arm_cp.9_3, .Lcpi_end80-__arm_cp.9_3
__arm_cp.9_4:
	.long	1073790984                      @ 0x4000c008
.Lcpi_end81:
	.size	__arm_cp.9_4, .Lcpi_end81-__arm_cp.9_4
__arm_cp.9_5:
	.long	1073790992                      @ 0x4000c010
.Lcpi_end82:
	.size	__arm_cp.9_5, .Lcpi_end82-__arm_cp.9_5
__arm_cp.9_6:
	.long	SystemCoreClock
.Lcpi_end83:
	.size	__arm_cp.9_6, .Lcpi_end83-__arm_cp.9_6
__arm_cp.9_7:
	.long	1073791040                      @ 0x4000c040
.Lcpi_end84:
	.size	__arm_cp.9_7, .Lcpi_end84-__arm_cp.9_7
.Lfunc_end9:
	.size	FMC_LockOTP, .Lfunc_end9-FMC_LockOTP
	.cfi_endproc
	.cantunwind
	.fnend
                                        @ -- End function
	.section	.text.FMC_Open,"ax",%progbits
	.hidden	FMC_Open                        @ -- Begin function FMC_Open
	.globl	FMC_Open
	.p2align	2
	.type	FMC_Open,%function
	.code	16                              @ @FMC_Open
	.thumb_func
FMC_Open:
.Lfunc_begin10:
	.loc	2 639 0 is_stmt 1               @ ../../../../../Library/StdDriver/src/fmc.c:639:0
	.fnstart
	.cfi_startproc
@ %bb.0:
	.save	{r7, lr}
	push	{r7, lr}
	.cfi_def_cfa_offset 8
	.cfi_offset lr, -4
	.cfi_offset r7, -8
	.pad	#8
	sub	sp, #8
	.cfi_def_cfa_offset 16
.Ltmp187:
	.loc	2 640 5 prologue_end            @ ../../../../../Library/StdDriver/src/fmc.c:640:5
	bl	__PC
	lsls	r1, r0, #3
	ldr	r0, __arm_cp.10_0
	ldr	r2, __arm_cp.10_1
	str	r2, [sp]                        @ 4-byte Spill
	cmp	r1, #0
	str	r0, [sp, #4]                    @ 4-byte Spill
	bmi	.LBB10_2
@ %bb.1:
	.loc	2 0 5 is_stmt 0                 @ ../../../../../Library/StdDriver/src/fmc.c:0:5
	ldr	r0, [sp]                        @ 4-byte Reload
	str	r0, [sp, #4]                    @ 4-byte Spill
.LBB10_2:
	.loc	2 640 5                         @ ../../../../../Library/StdDriver/src/fmc.c:640:5
	ldr	r1, [sp, #4]                    @ 4-byte Reload
	.loc	2 640 21                        @ ../../../../../Library/StdDriver/src/fmc.c:640:21
	ldr	r0, [r1]
	movs	r2, #1
	orrs	r0, r2
	str	r0, [r1]
	.loc	2 641 1 is_stmt 1               @ ../../../../../Library/StdDriver/src/fmc.c:641:1
	add	sp, #8
	pop	{r7, pc}
.Ltmp188:
	.p2align	2
@ %bb.3:
	.loc	2 0 1 is_stmt 0                 @ ../../../../../Library/StdDriver/src/fmc.c:0:1
__arm_cp.10_0:
	.long	1342226432                      @ 0x5000c000
.Lcpi_end85:
	.size	__arm_cp.10_0, .Lcpi_end85-__arm_cp.10_0
__arm_cp.10_1:
	.long	1073790976                      @ 0x4000c000
.Lcpi_end86:
	.size	__arm_cp.10_1, .Lcpi_end86-__arm_cp.10_1
.Lfunc_end10:
	.size	FMC_Open, .Lfunc_end10-FMC_Open
	.cfi_endproc
	.fnend
                                        @ -- End function
	.section	.text.FMC_Read,"ax",%progbits
	.hidden	FMC_Read                        @ -- Begin function FMC_Read
	.globl	FMC_Read
	.p2align	2
	.type	FMC_Read,%function
	.code	16                              @ @FMC_Read
	.thumb_func
FMC_Read:
.Lfunc_begin11:
	.loc	2 659 0 is_stmt 1               @ ../../../../../Library/StdDriver/src/fmc.c:659:0
	.fnstart
	.cfi_startproc
@ %bb.0:
	.save	{r7, lr}
	push	{r7, lr}
	.cfi_def_cfa_offset 8
	.cfi_offset lr, -4
	.cfi_offset r7, -8
	.pad	#64
	sub	sp, #64
	.cfi_def_cfa_offset 72
	str	r0, [sp, #56]
.Ltmp189:
	.loc	2 662 22 prologue_end           @ ../../../../../Library/StdDriver/src/fmc.c:662:22
	ldr	r1, __arm_cp.11_0
	movs	r0, #0
	str	r0, [sp, #40]                   @ 4-byte Spill
	str	r0, [r1]
	.loc	2 664 5                         @ ../../../../../Library/StdDriver/src/fmc.c:664:5
	bl	__PC
	lsls	r1, r0, #3
	ldr	r0, __arm_cp.11_1
	ldr	r2, __arm_cp.11_2
	str	r2, [sp, #44]                   @ 4-byte Spill
	cmp	r1, #0
	str	r0, [sp, #48]                   @ 4-byte Spill
	bmi	.LBB11_2
@ %bb.1:
	.loc	2 0 5 is_stmt 0                 @ ../../../../../Library/StdDriver/src/fmc.c:0:5
	ldr	r0, [sp, #44]                   @ 4-byte Reload
	str	r0, [sp, #48]                   @ 4-byte Spill
.LBB11_2:
	.loc	2 664 5                         @ ../../../../../Library/StdDriver/src/fmc.c:664:5
	ldr	r0, [sp, #40]                   @ 4-byte Reload
	ldr	r1, [sp, #48]                   @ 4-byte Reload
	.loc	2 664 21                        @ ../../../../../Library/StdDriver/src/fmc.c:664:21
	str	r0, [r1]
	.loc	2 665 24 is_stmt 1              @ ../../../../../Library/StdDriver/src/fmc.c:665:24
	ldr	r0, [sp, #56]
	.loc	2 665 5 is_stmt 0               @ ../../../../../Library/StdDriver/src/fmc.c:665:5
	str	r0, [sp, #28]                   @ 4-byte Spill
	bl	__PC
	lsls	r1, r0, #3
	ldr	r0, __arm_cp.11_3
	ldr	r2, __arm_cp.11_4
	str	r2, [sp, #32]                   @ 4-byte Spill
	cmp	r1, #0
	str	r0, [sp, #36]                   @ 4-byte Spill
	bmi	.LBB11_4
@ %bb.3:
	.loc	2 0 5                           @ ../../../../../Library/StdDriver/src/fmc.c:0:5
	ldr	r0, [sp, #32]                   @ 4-byte Reload
	str	r0, [sp, #36]                   @ 4-byte Spill
.LBB11_4:
	.loc	2 665 5                         @ ../../../../../Library/StdDriver/src/fmc.c:665:5
	ldr	r0, [sp, #28]                   @ 4-byte Reload
	ldr	r1, [sp, #36]                   @ 4-byte Reload
	.loc	2 665 22                        @ ../../../../../Library/StdDriver/src/fmc.c:665:22
	str	r0, [r1]
	.loc	2 666 5 is_stmt 1               @ ../../../../../Library/StdDriver/src/fmc.c:666:5
	bl	__PC
	lsls	r1, r0, #3
	ldr	r0, __arm_cp.11_5
	ldr	r2, __arm_cp.11_6
	str	r2, [sp, #20]                   @ 4-byte Spill
	cmp	r1, #0
	str	r0, [sp, #24]                   @ 4-byte Spill
	bmi	.LBB11_6
@ %bb.5:
	.loc	2 0 5 is_stmt 0                 @ ../../../../../Library/StdDriver/src/fmc.c:0:5
	ldr	r0, [sp, #20]                   @ 4-byte Reload
	str	r0, [sp, #24]                   @ 4-byte Spill
.LBB11_6:
	.loc	2 666 5                         @ ../../../../../Library/StdDriver/src/fmc.c:666:5
	ldr	r1, [sp, #24]                   @ 4-byte Reload
	movs	r0, #1
	.loc	2 666 21                        @ ../../../../../Library/StdDriver/src/fmc.c:666:21
	str	r0, [r1]
	.loc	2 668 21 is_stmt 1              @ ../../../../../Library/StdDriver/src/fmc.c:668:21
	ldr	r0, __arm_cp.11_7
	ldr	r0, [r0]
	lsrs	r0, r0, #3
	.loc	2 668 19 is_stmt 0              @ ../../../../../Library/StdDriver/src/fmc.c:668:19
	str	r0, [sp, #52]
	.loc	2 669 5 is_stmt 1               @ ../../../../../Library/StdDriver/src/fmc.c:669:5
	b	.LBB11_7
.LBB11_7:                               @ =>This Inner Loop Header: Depth=1
	.loc	2 669 11 is_stmt 0              @ ../../../../../Library/StdDriver/src/fmc.c:669:11
	bl	__PC
	lsls	r1, r0, #3
	ldr	r0, __arm_cp.11_5
	ldr	r2, __arm_cp.11_6
	str	r2, [sp, #12]                   @ 4-byte Spill
	cmp	r1, #0
	str	r0, [sp, #16]                   @ 4-byte Spill
	bmi	.LBB11_9
@ %bb.8:                                @   in Loop: Header=BB11_7 Depth=1
	.loc	2 0 11                          @ ../../../../../Library/StdDriver/src/fmc.c:0:11
	ldr	r0, [sp, #12]                   @ 4-byte Reload
	str	r0, [sp, #16]                   @ 4-byte Spill
.LBB11_9:                               @   in Loop: Header=BB11_7 Depth=1
	.loc	2 669 11                        @ ../../../../../Library/StdDriver/src/fmc.c:669:11
	ldr	r0, [sp, #16]                   @ 4-byte Reload
	.loc	2 669 20                        @ ../../../../../Library/StdDriver/src/fmc.c:669:20
	ldr	r0, [r0]
	.loc	2 669 5                         @ ../../../../../Library/StdDriver/src/fmc.c:669:5
	lsls	r0, r0, #31
	cbz	r0, .LBB11_13
	b	.LBB11_10
.LBB11_10:                              @   in Loop: Header=BB11_7 Depth=1
.Ltmp190:
	.loc	2 671 26 is_stmt 1              @ ../../../../../Library/StdDriver/src/fmc.c:671:26
	ldr	r0, [sp, #52]
	subs	r1, r0, #1
	str	r1, [sp, #52]
.Ltmp191:
	.loc	2 671 13 is_stmt 0              @ ../../../../../Library/StdDriver/src/fmc.c:671:13
	cmp	r0, #0
	bgt	.LBB11_12
	b	.LBB11_11
.LBB11_11:
.Ltmp192:
	.loc	2 673 30 is_stmt 1              @ ../../../../../Library/StdDriver/src/fmc.c:673:30
	ldr	r1, __arm_cp.11_0
	movs	r0, #0
	mvns	r0, r0
	str	r0, [r1]
	.loc	2 674 13                        @ ../../../../../Library/StdDriver/src/fmc.c:674:13
	str	r0, [sp, #60]
	b	.LBB11_16
.Ltmp193:
.LBB11_12:                              @   in Loop: Header=BB11_7 Depth=1
	.loc	2 669 5                         @ ../../../../../Library/StdDriver/src/fmc.c:669:5
	b	.LBB11_7
.LBB11_13:
	.loc	2 678 12                        @ ../../../../../Library/StdDriver/src/fmc.c:678:12
	bl	__PC
	lsls	r1, r0, #3
	ldr	r0, __arm_cp.11_8
	ldr	r2, __arm_cp.11_9
	str	r2, [sp, #4]                    @ 4-byte Spill
	cmp	r1, #0
	str	r0, [sp, #8]                    @ 4-byte Spill
	bmi	.LBB11_15
@ %bb.14:
	.loc	2 0 12 is_stmt 0                @ ../../../../../Library/StdDriver/src/fmc.c:0:12
	ldr	r0, [sp, #4]                    @ 4-byte Reload
	str	r0, [sp, #8]                    @ 4-byte Spill
.LBB11_15:
	.loc	2 678 12                        @ ../../../../../Library/StdDriver/src/fmc.c:678:12
	ldr	r0, [sp, #8]                    @ 4-byte Reload
	.loc	2 678 21                        @ ../../../../../Library/StdDriver/src/fmc.c:678:21
	ldr	r0, [r0]
	.loc	2 678 5                         @ ../../../../../Library/StdDriver/src/fmc.c:678:5
	str	r0, [sp, #60]
	b	.LBB11_16
.LBB11_16:
	.loc	2 679 1 is_stmt 1               @ ../../../../../Library/StdDriver/src/fmc.c:679:1
	ldr	r0, [sp, #60]
	add	sp, #64
	pop	{r7, pc}
.Ltmp194:
	.p2align	2
@ %bb.17:
	.loc	2 0 1 is_stmt 0                 @ ../../../../../Library/StdDriver/src/fmc.c:0:1
__arm_cp.11_0:
	.long	g_FMC_i32ErrCode
.Lcpi_end87:
	.size	__arm_cp.11_0, .Lcpi_end87-__arm_cp.11_0
__arm_cp.11_1:
	.long	1342226444                      @ 0x5000c00c
.Lcpi_end88:
	.size	__arm_cp.11_1, .Lcpi_end88-__arm_cp.11_1
__arm_cp.11_2:
	.long	1073790988                      @ 0x4000c00c
.Lcpi_end89:
	.size	__arm_cp.11_2, .Lcpi_end89-__arm_cp.11_2
__arm_cp.11_3:
	.long	1342226436                      @ 0x5000c004
.Lcpi_end90:
	.size	__arm_cp.11_3, .Lcpi_end90-__arm_cp.11_3
__arm_cp.11_4:
	.long	1073790980                      @ 0x4000c004
.Lcpi_end91:
	.size	__arm_cp.11_4, .Lcpi_end91-__arm_cp.11_4
__arm_cp.11_5:
	.long	1342226448                      @ 0x5000c010
.Lcpi_end92:
	.size	__arm_cp.11_5, .Lcpi_end92-__arm_cp.11_5
__arm_cp.11_6:
	.long	1073790992                      @ 0x4000c010
.Lcpi_end93:
	.size	__arm_cp.11_6, .Lcpi_end93-__arm_cp.11_6
__arm_cp.11_7:
	.long	SystemCoreClock
.Lcpi_end94:
	.size	__arm_cp.11_7, .Lcpi_end94-__arm_cp.11_7
__arm_cp.11_8:
	.long	1342226440                      @ 0x5000c008
.Lcpi_end95:
	.size	__arm_cp.11_8, .Lcpi_end95-__arm_cp.11_8
__arm_cp.11_9:
	.long	1073790984                      @ 0x4000c008
.Lcpi_end96:
	.size	__arm_cp.11_9, .Lcpi_end96-__arm_cp.11_9
.Lfunc_end11:
	.size	FMC_Read, .Lfunc_end11-FMC_Read
	.cfi_endproc
	.fnend
                                        @ -- End function
	.section	.text.FMC_Read64,"ax",%progbits
	.hidden	FMC_Read64                      @ -- Begin function FMC_Read64
	.globl	FMC_Read64
	.p2align	2
	.type	FMC_Read64,%function
	.code	16                              @ @FMC_Read64
	.thumb_func
FMC_Read64:
.Lfunc_begin12:
	.loc	2 699 0 is_stmt 1               @ ../../../../../Library/StdDriver/src/fmc.c:699:0
	.fnstart
	.cfi_startproc
@ %bb.0:
	.pad	#20
	sub	sp, #20
	.cfi_def_cfa_offset 20
	str	r0, [sp, #16]
	str	r1, [sp, #12]
	str	r2, [sp, #8]
	movs	r0, #0
.Ltmp195:
	.loc	2 700 14 prologue_end           @ ../../../../../Library/StdDriver/src/fmc.c:700:14
	str	r0, [sp, #4]
	.loc	2 703 22                        @ ../../../../../Library/StdDriver/src/fmc.c:703:22
	ldr	r1, __arm_cp.12_0
	str	r0, [r1]
	ldr	r2, __arm_cp.12_1
	movs	r1, #64
	.loc	2 705 17                        @ ../../../../../Library/StdDriver/src/fmc.c:705:17
	str	r1, [r2]
	.loc	2 706 20                        @ ../../../../../Library/StdDriver/src/fmc.c:706:20
	ldr	r1, [sp, #16]
	ldr	r2, __arm_cp.12_2
	.loc	2 706 18 is_stmt 0              @ ../../../../../Library/StdDriver/src/fmc.c:706:18
	str	r1, [r2]
	ldr	r1, __arm_cp.12_3
	.loc	2 707 17 is_stmt 1              @ ../../../../../Library/StdDriver/src/fmc.c:707:17
	str	r0, [r1]
	ldr	r1, __arm_cp.12_4
	movs	r0, #1
	.loc	2 708 17                        @ ../../../../../Library/StdDriver/src/fmc.c:708:17
	str	r0, [r1]
	.loc	2 710 21                        @ ../../../../../Library/StdDriver/src/fmc.c:710:21
	ldr	r0, __arm_cp.12_5
	ldr	r0, [r0]
	lsrs	r0, r0, #3
	.loc	2 710 19 is_stmt 0              @ ../../../../../Library/StdDriver/src/fmc.c:710:19
	str	r0, [sp]
	.loc	2 711 5 is_stmt 1               @ ../../../../../Library/StdDriver/src/fmc.c:711:5
	b	.LBB12_1
.LBB12_1:                               @ =>This Inner Loop Header: Depth=1
	.loc	2 0 5 is_stmt 0                 @ ../../../../../Library/StdDriver/src/fmc.c:0:5
	ldr	r0, __arm_cp.12_6
	.loc	2 711 16                        @ ../../../../../Library/StdDriver/src/fmc.c:711:16
	ldr	r0, [r0]
	.loc	2 711 5                         @ ../../../../../Library/StdDriver/src/fmc.c:711:5
	lsls	r0, r0, #31
	cbz	r0, .LBB12_5
	b	.LBB12_2
.LBB12_2:                               @   in Loop: Header=BB12_1 Depth=1
.Ltmp196:
	.loc	2 713 26 is_stmt 1              @ ../../../../../Library/StdDriver/src/fmc.c:713:26
	ldr	r0, [sp]
	subs	r1, r0, #1
	str	r1, [sp]
.Ltmp197:
	.loc	2 713 13 is_stmt 0              @ ../../../../../Library/StdDriver/src/fmc.c:713:13
	cmp	r0, #0
	bgt	.LBB12_4
	b	.LBB12_3
.LBB12_3:
.Ltmp198:
	.loc	2 715 30 is_stmt 1              @ ../../../../../Library/StdDriver/src/fmc.c:715:30
	ldr	r1, __arm_cp.12_0
	movs	r0, #0
	mvns	r0, r0
	str	r0, [r1]
	.loc	2 716 17                        @ ../../../../../Library/StdDriver/src/fmc.c:716:17
	str	r0, [sp, #4]
	.loc	2 717 13                        @ ../../../../../Library/StdDriver/src/fmc.c:717:13
	b	.LBB12_5
.Ltmp199:
.LBB12_4:                               @   in Loop: Header=BB12_1 Depth=1
	.loc	2 711 5                         @ ../../../../../Library/StdDriver/src/fmc.c:711:5
	b	.LBB12_1
.LBB12_5:
	.loc	2 0 5 is_stmt 0                 @ ../../../../../Library/StdDriver/src/fmc.c:0:5
	ldr	r0, __arm_cp.12_6
.Ltmp200:
	.loc	2 721 13 is_stmt 1              @ ../../../../../Library/StdDriver/src/fmc.c:721:13
	ldr	r0, [r0]
.Ltmp201:
	.loc	2 721 8 is_stmt 0               @ ../../../../../Library/StdDriver/src/fmc.c:721:8
	lsls	r0, r0, #25
	cmp	r0, #0
	bpl	.LBB12_7
	b	.LBB12_6
.LBB12_6:
	.loc	2 0 8                           @ ../../../../../Library/StdDriver/src/fmc.c:0:8
	ldr	r1, __arm_cp.12_6
.Ltmp202:
	.loc	2 723 21 is_stmt 1              @ ../../../../../Library/StdDriver/src/fmc.c:723:21
	ldr	r0, [r1]
	movs	r2, #64
	orrs	r0, r2
	str	r0, [r1]
	.loc	2 724 26                        @ ../../../../../Library/StdDriver/src/fmc.c:724:26
	ldr	r1, __arm_cp.12_0
	movs	r0, #0
	mvns	r0, r0
	str	r0, [r1]
	.loc	2 725 13                        @ ../../../../../Library/StdDriver/src/fmc.c:725:13
	str	r0, [sp, #4]
	.loc	2 726 5                         @ ../../../../../Library/StdDriver/src/fmc.c:726:5
	b	.LBB12_8
.Ltmp203:
.LBB12_7:
	.loc	2 0 5 is_stmt 0                 @ ../../../../../Library/StdDriver/src/fmc.c:0:5
	ldr	r0, __arm_cp.12_7
.Ltmp204:
	.loc	2 729 26 is_stmt 1              @ ../../../../../Library/StdDriver/src/fmc.c:729:26
	ldr	r0, [r0]
	.loc	2 729 10 is_stmt 0              @ ../../../../../Library/StdDriver/src/fmc.c:729:10
	ldr	r1, [sp, #12]
	.loc	2 729 19                        @ ../../../../../Library/StdDriver/src/fmc.c:729:19
	str	r0, [r1]
	ldr	r0, __arm_cp.12_8
	.loc	2 730 26 is_stmt 1              @ ../../../../../Library/StdDriver/src/fmc.c:730:26
	ldr	r0, [r0]
	.loc	2 730 10 is_stmt 0              @ ../../../../../Library/StdDriver/src/fmc.c:730:10
	ldr	r1, [sp, #8]
	.loc	2 730 19                        @ ../../../../../Library/StdDriver/src/fmc.c:730:19
	str	r0, [r1]
	b	.LBB12_8
.Ltmp205:
.LBB12_8:
	.loc	2 732 12 is_stmt 1              @ ../../../../../Library/StdDriver/src/fmc.c:732:12
	ldr	r0, [sp, #4]
	.loc	2 732 5 is_stmt 0               @ ../../../../../Library/StdDriver/src/fmc.c:732:5
	add	sp, #20
	bx	lr
.Ltmp206:
	.p2align	2
@ %bb.9:
	.loc	2 0 5                           @ ../../../../../Library/StdDriver/src/fmc.c:0:5
__arm_cp.12_0:
	.long	g_FMC_i32ErrCode
.Lcpi_end97:
	.size	__arm_cp.12_0, .Lcpi_end97-__arm_cp.12_0
__arm_cp.12_1:
	.long	1073790988                      @ 0x4000c00c
.Lcpi_end98:
	.size	__arm_cp.12_1, .Lcpi_end98-__arm_cp.12_1
__arm_cp.12_2:
	.long	1073790980                      @ 0x4000c004
.Lcpi_end99:
	.size	__arm_cp.12_2, .Lcpi_end99-__arm_cp.12_2
__arm_cp.12_3:
	.long	1073790984                      @ 0x4000c008
.Lcpi_end100:
	.size	__arm_cp.12_3, .Lcpi_end100-__arm_cp.12_3
__arm_cp.12_4:
	.long	1073790992                      @ 0x4000c010
.Lcpi_end101:
	.size	__arm_cp.12_4, .Lcpi_end101-__arm_cp.12_4
__arm_cp.12_5:
	.long	SystemCoreClock
.Lcpi_end102:
	.size	__arm_cp.12_5, .Lcpi_end102-__arm_cp.12_5
__arm_cp.12_6:
	.long	1073791040                      @ 0x4000c040
.Lcpi_end103:
	.size	__arm_cp.12_6, .Lcpi_end103-__arm_cp.12_6
__arm_cp.12_7:
	.long	1073791104                      @ 0x4000c080
.Lcpi_end104:
	.size	__arm_cp.12_7, .Lcpi_end104-__arm_cp.12_7
__arm_cp.12_8:
	.long	1073791108                      @ 0x4000c084
.Lcpi_end105:
	.size	__arm_cp.12_8, .Lcpi_end105-__arm_cp.12_8
.Lfunc_end12:
	.size	FMC_Read64, .Lfunc_end12-FMC_Read64
	.cfi_endproc
	.cantunwind
	.fnend
                                        @ -- End function
	.section	.text.FMC_ReadOTP,"ax",%progbits
	.hidden	FMC_ReadOTP                     @ -- Begin function FMC_ReadOTP
	.globl	FMC_ReadOTP
	.p2align	2
	.type	FMC_ReadOTP,%function
	.code	16                              @ @FMC_ReadOTP
	.thumb_func
FMC_ReadOTP:
.Lfunc_begin13:
	.loc	2 753 0 is_stmt 1               @ ../../../../../Library/StdDriver/src/fmc.c:753:0
	.fnstart
	.cfi_startproc
@ %bb.0:
	.pad	#20
	sub	sp, #20
	.cfi_def_cfa_offset 20
	str	r0, [sp, #16]
	str	r1, [sp, #12]
	str	r2, [sp, #8]
	movs	r0, #0
.Ltmp207:
	.loc	2 754 14 prologue_end           @ ../../../../../Library/StdDriver/src/fmc.c:754:14
	str	r0, [sp, #4]
	.loc	2 757 22                        @ ../../../../../Library/StdDriver/src/fmc.c:757:22
	ldr	r1, __arm_cp.13_0
	str	r0, [r1]
.Ltmp208:
	.loc	2 759 8                         @ ../../../../../Library/StdDriver/src/fmc.c:759:8
	ldr	r0, [sp, #16]
.Ltmp209:
	.loc	2 759 8 is_stmt 0               @ ../../../../../Library/StdDriver/src/fmc.c:759:8
	lsrs	r0, r0, #8
	cbz	r0, .LBB13_2
	b	.LBB13_1
.LBB13_1:
.Ltmp210:
	.loc	2 761 26 is_stmt 1              @ ../../../../../Library/StdDriver/src/fmc.c:761:26
	ldr	r1, __arm_cp.13_0
	movs	r0, #1
	mvns	r0, r0
	str	r0, [r1]
	.loc	2 762 13                        @ ../../../../../Library/StdDriver/src/fmc.c:762:13
	str	r0, [sp, #4]
	.loc	2 763 5                         @ ../../../../../Library/StdDriver/src/fmc.c:763:5
	b	.LBB13_2
.Ltmp211:
.LBB13_2:
	.loc	2 765 8                         @ ../../../../../Library/StdDriver/src/fmc.c:765:8
	ldr	r0, [sp, #4]
.Ltmp212:
	.loc	2 765 8 is_stmt 0               @ ../../../../../Library/StdDriver/src/fmc.c:765:8
	cmp	r0, #0
	bne	.LBB13_12
	b	.LBB13_3
.LBB13_3:
	.loc	2 0 8                           @ ../../../../../Library/StdDriver/src/fmc.c:0:8
	ldr	r1, __arm_cp.13_1
	movs	r0, #64
.Ltmp213:
	.loc	2 767 21 is_stmt 1              @ ../../../../../Library/StdDriver/src/fmc.c:767:21
	str	r0, [r1]
	.loc	2 768 39                        @ ../../../../../Library/StdDriver/src/fmc.c:768:39
	ldr	r0, [sp, #16]
	.loc	2 768 49 is_stmt 0              @ ../../../../../Library/StdDriver/src/fmc.c:768:49
	lsls	r0, r0, #3
	movs	r1, #49
	lsls	r1, r1, #16
	.loc	2 768 37                        @ ../../../../../Library/StdDriver/src/fmc.c:768:37
	adds	r0, r0, r1
	ldr	r1, __arm_cp.13_2
	.loc	2 768 22                        @ ../../../../../Library/StdDriver/src/fmc.c:768:22
	str	r0, [r1]
	ldr	r1, __arm_cp.13_3
	movs	r0, #0
	.loc	2 769 21 is_stmt 1              @ ../../../../../Library/StdDriver/src/fmc.c:769:21
	str	r0, [r1]
	ldr	r1, __arm_cp.13_4
	movs	r0, #1
	.loc	2 770 21                        @ ../../../../../Library/StdDriver/src/fmc.c:770:21
	str	r0, [r1]
	.loc	2 772 25                        @ ../../../../../Library/StdDriver/src/fmc.c:772:25
	ldr	r0, __arm_cp.13_5
	ldr	r0, [r0]
	lsrs	r0, r0, #3
	.loc	2 772 23 is_stmt 0              @ ../../../../../Library/StdDriver/src/fmc.c:772:23
	str	r0, [sp]
	.loc	2 773 9 is_stmt 1               @ ../../../../../Library/StdDriver/src/fmc.c:773:9
	b	.LBB13_4
.LBB13_4:                               @ =>This Inner Loop Header: Depth=1
	.loc	2 0 9 is_stmt 0                 @ ../../../../../Library/StdDriver/src/fmc.c:0:9
	ldr	r0, __arm_cp.13_6
	.loc	2 773 20                        @ ../../../../../Library/StdDriver/src/fmc.c:773:20
	ldr	r0, [r0]
	.loc	2 773 9                         @ ../../../../../Library/StdDriver/src/fmc.c:773:9
	lsls	r0, r0, #31
	cbz	r0, .LBB13_8
	b	.LBB13_5
.LBB13_5:                               @   in Loop: Header=BB13_4 Depth=1
.Ltmp214:
	.loc	2 775 30 is_stmt 1              @ ../../../../../Library/StdDriver/src/fmc.c:775:30
	ldr	r0, [sp]
	subs	r1, r0, #1
	str	r1, [sp]
.Ltmp215:
	.loc	2 775 17 is_stmt 0              @ ../../../../../Library/StdDriver/src/fmc.c:775:17
	cmp	r0, #0
	bgt	.LBB13_7
	b	.LBB13_6
.LBB13_6:
.Ltmp216:
	.loc	2 777 34 is_stmt 1              @ ../../../../../Library/StdDriver/src/fmc.c:777:34
	ldr	r1, __arm_cp.13_0
	movs	r0, #0
	mvns	r0, r0
	str	r0, [r1]
	.loc	2 778 21                        @ ../../../../../Library/StdDriver/src/fmc.c:778:21
	str	r0, [sp, #4]
	.loc	2 779 17                        @ ../../../../../Library/StdDriver/src/fmc.c:779:17
	b	.LBB13_8
.Ltmp217:
.LBB13_7:                               @   in Loop: Header=BB13_4 Depth=1
	.loc	2 773 9                         @ ../../../../../Library/StdDriver/src/fmc.c:773:9
	b	.LBB13_4
.LBB13_8:
	.loc	2 0 9 is_stmt 0                 @ ../../../../../Library/StdDriver/src/fmc.c:0:9
	ldr	r0, __arm_cp.13_6
.Ltmp218:
	.loc	2 783 17 is_stmt 1              @ ../../../../../Library/StdDriver/src/fmc.c:783:17
	ldr	r0, [r0]
.Ltmp219:
	.loc	2 783 12 is_stmt 0              @ ../../../../../Library/StdDriver/src/fmc.c:783:12
	lsls	r0, r0, #25
	cmp	r0, #0
	bpl	.LBB13_10
	b	.LBB13_9
.LBB13_9:
	.loc	2 0 12                          @ ../../../../../Library/StdDriver/src/fmc.c:0:12
	ldr	r1, __arm_cp.13_6
.Ltmp220:
	.loc	2 785 25 is_stmt 1              @ ../../../../../Library/StdDriver/src/fmc.c:785:25
	ldr	r0, [r1]
	movs	r2, #64
	orrs	r0, r2
	str	r0, [r1]
	.loc	2 786 30                        @ ../../../../../Library/StdDriver/src/fmc.c:786:30
	ldr	r1, __arm_cp.13_0
	movs	r0, #0
	mvns	r0, r0
	str	r0, [r1]
	.loc	2 787 17                        @ ../../../../../Library/StdDriver/src/fmc.c:787:17
	str	r0, [sp, #4]
	.loc	2 788 9                         @ ../../../../../Library/StdDriver/src/fmc.c:788:9
	b	.LBB13_11
.Ltmp221:
.LBB13_10:
	.loc	2 0 9 is_stmt 0                 @ ../../../../../Library/StdDriver/src/fmc.c:0:9
	ldr	r0, __arm_cp.13_7
.Ltmp222:
	.loc	2 791 32 is_stmt 1              @ ../../../../../Library/StdDriver/src/fmc.c:791:32
	ldr	r0, [r0]
	.loc	2 791 14 is_stmt 0              @ ../../../../../Library/StdDriver/src/fmc.c:791:14
	ldr	r1, [sp, #12]
	.loc	2 791 25                        @ ../../../../../Library/StdDriver/src/fmc.c:791:25
	str	r0, [r1]
	ldr	r0, __arm_cp.13_8
	.loc	2 792 33 is_stmt 1              @ ../../../../../Library/StdDriver/src/fmc.c:792:33
	ldr	r0, [r0]
	.loc	2 792 14 is_stmt 0              @ ../../../../../Library/StdDriver/src/fmc.c:792:14
	ldr	r1, [sp, #8]
	.loc	2 792 26                        @ ../../../../../Library/StdDriver/src/fmc.c:792:26
	str	r0, [r1]
	b	.LBB13_11
.Ltmp223:
.LBB13_11:
	.loc	2 794 5 is_stmt 1               @ ../../../../../Library/StdDriver/src/fmc.c:794:5
	b	.LBB13_12
.Ltmp224:
.LBB13_12:
	.loc	2 795 12                        @ ../../../../../Library/StdDriver/src/fmc.c:795:12
	ldr	r0, [sp, #4]
	.loc	2 795 5 is_stmt 0               @ ../../../../../Library/StdDriver/src/fmc.c:795:5
	add	sp, #20
	bx	lr
.Ltmp225:
	.p2align	2
@ %bb.13:
	.loc	2 0 5                           @ ../../../../../Library/StdDriver/src/fmc.c:0:5
__arm_cp.13_0:
	.long	g_FMC_i32ErrCode
.Lcpi_end106:
	.size	__arm_cp.13_0, .Lcpi_end106-__arm_cp.13_0
__arm_cp.13_1:
	.long	1073790988                      @ 0x4000c00c
.Lcpi_end107:
	.size	__arm_cp.13_1, .Lcpi_end107-__arm_cp.13_1
__arm_cp.13_2:
	.long	1073790980                      @ 0x4000c004
.Lcpi_end108:
	.size	__arm_cp.13_2, .Lcpi_end108-__arm_cp.13_2
__arm_cp.13_3:
	.long	1073790984                      @ 0x4000c008
.Lcpi_end109:
	.size	__arm_cp.13_3, .Lcpi_end109-__arm_cp.13_3
__arm_cp.13_4:
	.long	1073790992                      @ 0x4000c010
.Lcpi_end110:
	.size	__arm_cp.13_4, .Lcpi_end110-__arm_cp.13_4
__arm_cp.13_5:
	.long	SystemCoreClock
.Lcpi_end111:
	.size	__arm_cp.13_5, .Lcpi_end111-__arm_cp.13_5
__arm_cp.13_6:
	.long	1073791040                      @ 0x4000c040
.Lcpi_end112:
	.size	__arm_cp.13_6, .Lcpi_end112-__arm_cp.13_6
__arm_cp.13_7:
	.long	1073791104                      @ 0x4000c080
.Lcpi_end113:
	.size	__arm_cp.13_7, .Lcpi_end113-__arm_cp.13_7
__arm_cp.13_8:
	.long	1073791108                      @ 0x4000c084
.Lcpi_end114:
	.size	__arm_cp.13_8, .Lcpi_end114-__arm_cp.13_8
.Lfunc_end13:
	.size	FMC_ReadOTP, .Lfunc_end13-FMC_ReadOTP
	.cfi_endproc
	.cantunwind
	.fnend
                                        @ -- End function
	.section	.text.FMC_ReadConfig,"ax",%progbits
	.hidden	FMC_ReadConfig                  @ -- Begin function FMC_ReadConfig
	.globl	FMC_ReadConfig
	.p2align	2
	.type	FMC_ReadConfig,%function
	.code	16                              @ @FMC_ReadConfig
	.thumb_func
FMC_ReadConfig:
.Lfunc_begin14:
	.loc	2 816 0 is_stmt 1               @ ../../../../../Library/StdDriver/src/fmc.c:816:0
	.fnstart
	.cfi_startproc
@ %bb.0:
	.save	{r7, lr}
	push	{r7, lr}
	.cfi_def_cfa_offset 8
	.cfi_offset lr, -4
	.cfi_offset r7, -8
	.pad	#16
	sub	sp, #16
	.cfi_def_cfa_offset 24
	str	r0, [sp, #12]
	str	r1, [sp, #8]
	movs	r0, #0
.Ltmp226:
	.loc	2 818 13 prologue_end           @ ../../../../../Library/StdDriver/src/fmc.c:818:13
	str	r0, [sp]
.Ltmp227:
	.loc	2 820 11                        @ ../../../../../Library/StdDriver/src/fmc.c:820:11
	str	r0, [sp, #4]
	.loc	2 820 9 is_stmt 0               @ ../../../../../Library/StdDriver/src/fmc.c:820:9
	b	.LBB14_1
.LBB14_1:                               @ =>This Inner Loop Header: Depth=1
.Ltmp228:
	.loc	2 820 17                        @ ../../../../../Library/StdDriver/src/fmc.c:820:17
	ldr	r0, [sp, #4]
	.loc	2 820 21                        @ ../../../../../Library/StdDriver/src/fmc.c:820:21
	ldr	r1, [sp, #8]
.Ltmp229:
	.loc	2 820 5                         @ ../../../../../Library/StdDriver/src/fmc.c:820:5
	cmp	r0, r1
	bhs	.LBB14_4
	b	.LBB14_2
.LBB14_2:                               @   in Loop: Header=BB14_1 Depth=1
.Ltmp230:
	.loc	2 822 51 is_stmt 1              @ ../../../../../Library/StdDriver/src/fmc.c:822:51
	ldr	r0, [sp, #4]
	.loc	2 822 53 is_stmt 0              @ ../../../../../Library/StdDriver/src/fmc.c:822:53
	lsls	r0, r0, #2
	movs	r1, #3
	lsls	r1, r1, #20
	.loc	2 822 49                        @ ../../../../../Library/StdDriver/src/fmc.c:822:49
	adds	r0, r0, r1
	.loc	2 822 24                        @ ../../../../../Library/StdDriver/src/fmc.c:822:24
	bl	FMC_Read
	.loc	2 822 9                         @ ../../../../../Library/StdDriver/src/fmc.c:822:9
	ldr	r1, [sp, #12]
	.loc	2 822 19                        @ ../../../../../Library/StdDriver/src/fmc.c:822:19
	ldr	r2, [sp, #4]
	.loc	2 822 9                         @ ../../../../../Library/StdDriver/src/fmc.c:822:9
	lsls	r2, r2, #2
	.loc	2 822 22                        @ ../../../../../Library/StdDriver/src/fmc.c:822:22
	str	r0, [r1, r2]
	.loc	2 823 5 is_stmt 1               @ ../../../../../Library/StdDriver/src/fmc.c:823:5
	b	.LBB14_3
.Ltmp231:
.LBB14_3:                               @   in Loop: Header=BB14_1 Depth=1
	.loc	2 820 32                        @ ../../../../../Library/StdDriver/src/fmc.c:820:32
	ldr	r0, [sp, #4]
	adds	r0, r0, #1
	str	r0, [sp, #4]
	.loc	2 820 5 is_stmt 0               @ ../../../../../Library/StdDriver/src/fmc.c:820:5
	b	.LBB14_1
.Ltmp232:
.LBB14_4:
	.loc	2 825 9 is_stmt 1               @ ../../../../../Library/StdDriver/src/fmc.c:825:9
	ldr	r0, __arm_cp.14_0
	ldr	r0, [r0]
.Ltmp233:
	.loc	2 825 9 is_stmt 0               @ ../../../../../Library/StdDriver/src/fmc.c:825:9
	cbz	r0, .LBB14_6
	b	.LBB14_5
.LBB14_5:
.Ltmp234:
	.loc	2 825 38                        @ ../../../../../Library/StdDriver/src/fmc.c:825:38
	ldr	r0, __arm_cp.14_0
	ldr	r0, [r0]
	.loc	2 825 36                        @ ../../../../../Library/StdDriver/src/fmc.c:825:36
	str	r0, [sp]
	.loc	2 825 32                        @ ../../../../../Library/StdDriver/src/fmc.c:825:32
	b	.LBB14_6
.Ltmp235:
.LBB14_6:
	.loc	2 827 12 is_stmt 1              @ ../../../../../Library/StdDriver/src/fmc.c:827:12
	ldr	r0, [sp]
	.loc	2 827 5 is_stmt 0               @ ../../../../../Library/StdDriver/src/fmc.c:827:5
	add	sp, #16
	pop	{r7, pc}
.Ltmp236:
	.p2align	2
@ %bb.7:
	.loc	2 0 5                           @ ../../../../../Library/StdDriver/src/fmc.c:0:5
__arm_cp.14_0:
	.long	g_FMC_i32ErrCode
.Lcpi_end115:
	.size	__arm_cp.14_0, .Lcpi_end115-__arm_cp.14_0
.Lfunc_end14:
	.size	FMC_ReadConfig, .Lfunc_end14-FMC_ReadConfig
	.cfi_endproc
	.fnend
                                        @ -- End function
	.section	.text.FMC_Write,"ax",%progbits
	.hidden	FMC_Write                       @ -- Begin function FMC_Write
	.globl	FMC_Write
	.p2align	2
	.type	FMC_Write,%function
	.code	16                              @ @FMC_Write
	.thumb_func
FMC_Write:
.Lfunc_begin15:
	.loc	2 846 0 is_stmt 1               @ ../../../../../Library/StdDriver/src/fmc.c:846:0
	.fnstart
	.cfi_startproc
@ %bb.0:
	.save	{r7, lr}
	push	{r7, lr}
	.cfi_def_cfa_offset 8
	.cfi_offset lr, -4
	.cfi_offset r7, -8
	.pad	#64
	sub	sp, #64
	.cfi_def_cfa_offset 72
	str	r0, [sp, #56]
	str	r1, [sp, #52]
.Ltmp237:
	.loc	2 849 22 prologue_end           @ ../../../../../Library/StdDriver/src/fmc.c:849:22
	ldr	r1, __arm_cp.15_0
	movs	r0, #0
	str	r0, [r1]
	.loc	2 851 5                         @ ../../../../../Library/StdDriver/src/fmc.c:851:5
	bl	__PC
	lsls	r1, r0, #3
	ldr	r0, __arm_cp.15_1
	ldr	r2, __arm_cp.15_2
	str	r2, [sp, #40]                   @ 4-byte Spill
	cmp	r1, #0
	str	r0, [sp, #44]                   @ 4-byte Spill
	bmi	.LBB15_2
@ %bb.1:
	.loc	2 0 5 is_stmt 0                 @ ../../../../../Library/StdDriver/src/fmc.c:0:5
	ldr	r0, [sp, #40]                   @ 4-byte Reload
	str	r0, [sp, #44]                   @ 4-byte Spill
.LBB15_2:
	.loc	2 851 5                         @ ../../../../../Library/StdDriver/src/fmc.c:851:5
	ldr	r1, [sp, #44]                   @ 4-byte Reload
	movs	r0, #33
	.loc	2 851 21                        @ ../../../../../Library/StdDriver/src/fmc.c:851:21
	str	r0, [r1]
	.loc	2 852 24 is_stmt 1              @ ../../../../../Library/StdDriver/src/fmc.c:852:24
	ldr	r0, [sp, #56]
	.loc	2 852 5 is_stmt 0               @ ../../../../../Library/StdDriver/src/fmc.c:852:5
	str	r0, [sp, #28]                   @ 4-byte Spill
	bl	__PC
	lsls	r1, r0, #3
	ldr	r0, __arm_cp.15_3
	ldr	r2, __arm_cp.15_4
	str	r2, [sp, #32]                   @ 4-byte Spill
	cmp	r1, #0
	str	r0, [sp, #36]                   @ 4-byte Spill
	bmi	.LBB15_4
@ %bb.3:
	.loc	2 0 5                           @ ../../../../../Library/StdDriver/src/fmc.c:0:5
	ldr	r0, [sp, #32]                   @ 4-byte Reload
	str	r0, [sp, #36]                   @ 4-byte Spill
.LBB15_4:
	.loc	2 852 5                         @ ../../../../../Library/StdDriver/src/fmc.c:852:5
	ldr	r0, [sp, #28]                   @ 4-byte Reload
	ldr	r1, [sp, #36]                   @ 4-byte Reload
	.loc	2 852 22                        @ ../../../../../Library/StdDriver/src/fmc.c:852:22
	str	r0, [r1]
	.loc	2 853 23 is_stmt 1              @ ../../../../../Library/StdDriver/src/fmc.c:853:23
	ldr	r0, [sp, #52]
	.loc	2 853 5 is_stmt 0               @ ../../../../../Library/StdDriver/src/fmc.c:853:5
	str	r0, [sp, #16]                   @ 4-byte Spill
	bl	__PC
	lsls	r1, r0, #3
	ldr	r0, __arm_cp.15_5
	ldr	r2, __arm_cp.15_6
	str	r2, [sp, #20]                   @ 4-byte Spill
	cmp	r1, #0
	str	r0, [sp, #24]                   @ 4-byte Spill
	bmi	.LBB15_6
@ %bb.5:
	.loc	2 0 5                           @ ../../../../../Library/StdDriver/src/fmc.c:0:5
	ldr	r0, [sp, #20]                   @ 4-byte Reload
	str	r0, [sp, #24]                   @ 4-byte Spill
.LBB15_6:
	.loc	2 853 5                         @ ../../../../../Library/StdDriver/src/fmc.c:853:5
	ldr	r0, [sp, #16]                   @ 4-byte Reload
	ldr	r1, [sp, #24]                   @ 4-byte Reload
	.loc	2 853 21                        @ ../../../../../Library/StdDriver/src/fmc.c:853:21
	str	r0, [r1]
	.loc	2 854 5 is_stmt 1               @ ../../../../../Library/StdDriver/src/fmc.c:854:5
	bl	__PC
	lsls	r1, r0, #3
	ldr	r0, __arm_cp.15_7
	ldr	r2, __arm_cp.15_8
	str	r2, [sp, #8]                    @ 4-byte Spill
	cmp	r1, #0
	str	r0, [sp, #12]                   @ 4-byte Spill
	bmi	.LBB15_8
@ %bb.7:
	.loc	2 0 5 is_stmt 0                 @ ../../../../../Library/StdDriver/src/fmc.c:0:5
	ldr	r0, [sp, #8]                    @ 4-byte Reload
	str	r0, [sp, #12]                   @ 4-byte Spill
.LBB15_8:
	.loc	2 854 5                         @ ../../../../../Library/StdDriver/src/fmc.c:854:5
	ldr	r1, [sp, #12]                   @ 4-byte Reload
	movs	r0, #1
	.loc	2 854 21                        @ ../../../../../Library/StdDriver/src/fmc.c:854:21
	str	r0, [r1]
	.loc	2 856 21 is_stmt 1              @ ../../../../../Library/StdDriver/src/fmc.c:856:21
	ldr	r0, __arm_cp.15_9
	ldr	r0, [r0]
	lsrs	r0, r0, #3
	.loc	2 856 19 is_stmt 0              @ ../../../../../Library/StdDriver/src/fmc.c:856:19
	str	r0, [sp, #48]
	.loc	2 857 5 is_stmt 1               @ ../../../../../Library/StdDriver/src/fmc.c:857:5
	b	.LBB15_9
.LBB15_9:                               @ =>This Inner Loop Header: Depth=1
	.loc	2 857 11 is_stmt 0              @ ../../../../../Library/StdDriver/src/fmc.c:857:11
	bl	__PC
	lsls	r1, r0, #3
	ldr	r0, __arm_cp.15_7
	ldr	r2, __arm_cp.15_8
	str	r2, [sp]                        @ 4-byte Spill
	cmp	r1, #0
	str	r0, [sp, #4]                    @ 4-byte Spill
	bmi	.LBB15_11
@ %bb.10:                               @   in Loop: Header=BB15_9 Depth=1
	.loc	2 0 11                          @ ../../../../../Library/StdDriver/src/fmc.c:0:11
	ldr	r0, [sp]                        @ 4-byte Reload
	str	r0, [sp, #4]                    @ 4-byte Spill
.LBB15_11:                              @   in Loop: Header=BB15_9 Depth=1
	.loc	2 857 11                        @ ../../../../../Library/StdDriver/src/fmc.c:857:11
	ldr	r0, [sp, #4]                    @ 4-byte Reload
	.loc	2 857 20                        @ ../../../../../Library/StdDriver/src/fmc.c:857:20
	ldr	r0, [r0]
	.loc	2 857 5                         @ ../../../../../Library/StdDriver/src/fmc.c:857:5
	lsls	r0, r0, #31
	cbz	r0, .LBB15_15
	b	.LBB15_12
.LBB15_12:                              @   in Loop: Header=BB15_9 Depth=1
.Ltmp238:
	.loc	2 859 26 is_stmt 1              @ ../../../../../Library/StdDriver/src/fmc.c:859:26
	ldr	r0, [sp, #48]
	subs	r1, r0, #1
	str	r1, [sp, #48]
.Ltmp239:
	.loc	2 859 13 is_stmt 0              @ ../../../../../Library/StdDriver/src/fmc.c:859:13
	cmp	r0, #0
	bgt	.LBB15_14
	b	.LBB15_13
.LBB15_13:
.Ltmp240:
	.loc	2 861 30 is_stmt 1              @ ../../../../../Library/StdDriver/src/fmc.c:861:30
	ldr	r1, __arm_cp.15_0
	movs	r0, #0
	mvns	r0, r0
	str	r0, [r1]
	.loc	2 862 13                        @ ../../../../../Library/StdDriver/src/fmc.c:862:13
	str	r0, [sp, #60]
	b	.LBB15_16
.Ltmp241:
.LBB15_14:                              @   in Loop: Header=BB15_9 Depth=1
	.loc	2 857 5                         @ ../../../../../Library/StdDriver/src/fmc.c:857:5
	b	.LBB15_9
.LBB15_15:
	.loc	2 0 5 is_stmt 0                 @ ../../../../../Library/StdDriver/src/fmc.c:0:5
	movs	r0, #0
	.loc	2 866 5 is_stmt 1               @ ../../../../../Library/StdDriver/src/fmc.c:866:5
	str	r0, [sp, #60]
	b	.LBB15_16
.LBB15_16:
	.loc	2 867 1                         @ ../../../../../Library/StdDriver/src/fmc.c:867:1
	ldr	r0, [sp, #60]
	add	sp, #64
	pop	{r7, pc}
.Ltmp242:
	.p2align	2
@ %bb.17:
	.loc	2 0 1 is_stmt 0                 @ ../../../../../Library/StdDriver/src/fmc.c:0:1
__arm_cp.15_0:
	.long	g_FMC_i32ErrCode
.Lcpi_end116:
	.size	__arm_cp.15_0, .Lcpi_end116-__arm_cp.15_0
__arm_cp.15_1:
	.long	1342226444                      @ 0x5000c00c
.Lcpi_end117:
	.size	__arm_cp.15_1, .Lcpi_end117-__arm_cp.15_1
__arm_cp.15_2:
	.long	1073790988                      @ 0x4000c00c
.Lcpi_end118:
	.size	__arm_cp.15_2, .Lcpi_end118-__arm_cp.15_2
__arm_cp.15_3:
	.long	1342226436                      @ 0x5000c004
.Lcpi_end119:
	.size	__arm_cp.15_3, .Lcpi_end119-__arm_cp.15_3
__arm_cp.15_4:
	.long	1073790980                      @ 0x4000c004
.Lcpi_end120:
	.size	__arm_cp.15_4, .Lcpi_end120-__arm_cp.15_4
__arm_cp.15_5:
	.long	1342226440                      @ 0x5000c008
.Lcpi_end121:
	.size	__arm_cp.15_5, .Lcpi_end121-__arm_cp.15_5
__arm_cp.15_6:
	.long	1073790984                      @ 0x4000c008
.Lcpi_end122:
	.size	__arm_cp.15_6, .Lcpi_end122-__arm_cp.15_6
__arm_cp.15_7:
	.long	1342226448                      @ 0x5000c010
.Lcpi_end123:
	.size	__arm_cp.15_7, .Lcpi_end123-__arm_cp.15_7
__arm_cp.15_8:
	.long	1073790992                      @ 0x4000c010
.Lcpi_end124:
	.size	__arm_cp.15_8, .Lcpi_end124-__arm_cp.15_8
__arm_cp.15_9:
	.long	SystemCoreClock
.Lcpi_end125:
	.size	__arm_cp.15_9, .Lcpi_end125-__arm_cp.15_9
.Lfunc_end15:
	.size	FMC_Write, .Lfunc_end15-FMC_Write
	.cfi_endproc
	.fnend
                                        @ -- End function
	.section	.text.FMC_Write8Bytes,"ax",%progbits
	.hidden	FMC_Write8Bytes                 @ -- Begin function FMC_Write8Bytes
	.globl	FMC_Write8Bytes
	.p2align	2
	.type	FMC_Write8Bytes,%function
	.code	16                              @ @FMC_Write8Bytes
	.thumb_func
FMC_Write8Bytes:
.Lfunc_begin16:
	.loc	2 886 0 is_stmt 1               @ ../../../../../Library/StdDriver/src/fmc.c:886:0
	.fnstart
	.cfi_startproc
@ %bb.0:
	.pad	#24
	sub	sp, #24
	.cfi_def_cfa_offset 24
	str	r0, [sp, #16]
	str	r1, [sp, #12]
	str	r2, [sp, #8]
	movs	r0, #0
.Ltmp243:
	.loc	2 887 14 prologue_end           @ ../../../../../Library/StdDriver/src/fmc.c:887:14
	str	r0, [sp, #4]
	.loc	2 890 22                        @ ../../../../../Library/StdDriver/src/fmc.c:890:22
	ldr	r1, __arm_cp.16_0
	str	r0, [r1]
	ldr	r1, __arm_cp.16_1
	movs	r0, #97
	.loc	2 892 18                        @ ../../../../../Library/StdDriver/src/fmc.c:892:18
	str	r0, [r1]
	.loc	2 893 20                        @ ../../../../../Library/StdDriver/src/fmc.c:893:20
	ldr	r0, [sp, #16]
	ldr	r1, __arm_cp.16_2
	.loc	2 893 18 is_stmt 0              @ ../../../../../Library/StdDriver/src/fmc.c:893:18
	str	r0, [r1]
	.loc	2 894 20 is_stmt 1              @ ../../../../../Library/StdDriver/src/fmc.c:894:20
	ldr	r0, [sp, #12]
	ldr	r1, __arm_cp.16_3
	.loc	2 894 18 is_stmt 0              @ ../../../../../Library/StdDriver/src/fmc.c:894:18
	str	r0, [r1]
	.loc	2 895 20 is_stmt 1              @ ../../../../../Library/StdDriver/src/fmc.c:895:20
	ldr	r0, [sp, #8]
	ldr	r1, __arm_cp.16_4
	.loc	2 895 18 is_stmt 0              @ ../../../../../Library/StdDriver/src/fmc.c:895:18
	str	r0, [r1]
	ldr	r1, __arm_cp.16_5
	movs	r0, #1
	.loc	2 896 18 is_stmt 1              @ ../../../../../Library/StdDriver/src/fmc.c:896:18
	str	r0, [r1]
	.loc	2 898 21                        @ ../../../../../Library/StdDriver/src/fmc.c:898:21
	ldr	r0, __arm_cp.16_6
	ldr	r0, [r0]
	lsrs	r0, r0, #3
	.loc	2 898 19 is_stmt 0              @ ../../../../../Library/StdDriver/src/fmc.c:898:19
	str	r0, [sp]
	.loc	2 899 5 is_stmt 1               @ ../../../../../Library/StdDriver/src/fmc.c:899:5
	b	.LBB16_1
.LBB16_1:                               @ =>This Inner Loop Header: Depth=1
	.loc	2 0 5 is_stmt 0                 @ ../../../../../Library/StdDriver/src/fmc.c:0:5
	ldr	r0, __arm_cp.16_7
	.loc	2 899 16                        @ ../../../../../Library/StdDriver/src/fmc.c:899:16
	ldr	r0, [r0]
	.loc	2 899 5                         @ ../../../../../Library/StdDriver/src/fmc.c:899:5
	lsls	r0, r0, #31
	cbz	r0, .LBB16_5
	b	.LBB16_2
.LBB16_2:                               @   in Loop: Header=BB16_1 Depth=1
.Ltmp244:
	.loc	2 901 26 is_stmt 1              @ ../../../../../Library/StdDriver/src/fmc.c:901:26
	ldr	r0, [sp]
	subs	r1, r0, #1
	str	r1, [sp]
.Ltmp245:
	.loc	2 901 13 is_stmt 0              @ ../../../../../Library/StdDriver/src/fmc.c:901:13
	cmp	r0, #0
	bgt	.LBB16_4
	b	.LBB16_3
.LBB16_3:
.Ltmp246:
	.loc	2 903 30 is_stmt 1              @ ../../../../../Library/StdDriver/src/fmc.c:903:30
	ldr	r1, __arm_cp.16_0
	movs	r0, #0
	mvns	r0, r0
	str	r0, [r1]
	.loc	2 904 13                        @ ../../../../../Library/StdDriver/src/fmc.c:904:13
	str	r0, [sp, #20]
	b	.LBB16_8
.Ltmp247:
.LBB16_4:                               @   in Loop: Header=BB16_1 Depth=1
	.loc	2 899 5                         @ ../../../../../Library/StdDriver/src/fmc.c:899:5
	b	.LBB16_1
.LBB16_5:
	.loc	2 0 5 is_stmt 0                 @ ../../../../../Library/StdDriver/src/fmc.c:0:5
	ldr	r0, __arm_cp.16_7
.Ltmp248:
	.loc	2 908 13 is_stmt 1              @ ../../../../../Library/StdDriver/src/fmc.c:908:13
	ldr	r0, [r0]
.Ltmp249:
	.loc	2 908 8 is_stmt 0               @ ../../../../../Library/StdDriver/src/fmc.c:908:8
	lsls	r0, r0, #25
	cmp	r0, #0
	bpl	.LBB16_7
	b	.LBB16_6
.LBB16_6:
	.loc	2 0 8                           @ ../../../../../Library/StdDriver/src/fmc.c:0:8
	ldr	r1, __arm_cp.16_7
.Ltmp250:
	.loc	2 910 21 is_stmt 1              @ ../../../../../Library/StdDriver/src/fmc.c:910:21
	ldr	r0, [r1]
	movs	r2, #64
	orrs	r0, r2
	str	r0, [r1]
	.loc	2 911 26                        @ ../../../../../Library/StdDriver/src/fmc.c:911:26
	ldr	r1, __arm_cp.16_0
	movs	r0, #0
	mvns	r0, r0
	str	r0, [r1]
	.loc	2 912 13                        @ ../../../../../Library/StdDriver/src/fmc.c:912:13
	str	r0, [sp, #4]
	.loc	2 913 5                         @ ../../../../../Library/StdDriver/src/fmc.c:913:5
	b	.LBB16_7
.Ltmp251:
.LBB16_7:
	.loc	2 914 12                        @ ../../../../../Library/StdDriver/src/fmc.c:914:12
	ldr	r0, [sp, #4]
	.loc	2 914 5 is_stmt 0               @ ../../../../../Library/StdDriver/src/fmc.c:914:5
	str	r0, [sp, #20]
	b	.LBB16_8
.LBB16_8:
	.loc	2 915 1 is_stmt 1               @ ../../../../../Library/StdDriver/src/fmc.c:915:1
	ldr	r0, [sp, #20]
	add	sp, #24
	bx	lr
.Ltmp252:
	.p2align	2
@ %bb.9:
	.loc	2 0 1 is_stmt 0                 @ ../../../../../Library/StdDriver/src/fmc.c:0:1
__arm_cp.16_0:
	.long	g_FMC_i32ErrCode
.Lcpi_end126:
	.size	__arm_cp.16_0, .Lcpi_end126-__arm_cp.16_0
__arm_cp.16_1:
	.long	1073790988                      @ 0x4000c00c
.Lcpi_end127:
	.size	__arm_cp.16_1, .Lcpi_end127-__arm_cp.16_1
__arm_cp.16_2:
	.long	1073790980                      @ 0x4000c004
.Lcpi_end128:
	.size	__arm_cp.16_2, .Lcpi_end128-__arm_cp.16_2
__arm_cp.16_3:
	.long	1073791104                      @ 0x4000c080
.Lcpi_end129:
	.size	__arm_cp.16_3, .Lcpi_end129-__arm_cp.16_3
__arm_cp.16_4:
	.long	1073791108                      @ 0x4000c084
.Lcpi_end130:
	.size	__arm_cp.16_4, .Lcpi_end130-__arm_cp.16_4
__arm_cp.16_5:
	.long	1073790992                      @ 0x4000c010
.Lcpi_end131:
	.size	__arm_cp.16_5, .Lcpi_end131-__arm_cp.16_5
__arm_cp.16_6:
	.long	SystemCoreClock
.Lcpi_end132:
	.size	__arm_cp.16_6, .Lcpi_end132-__arm_cp.16_6
__arm_cp.16_7:
	.long	1073791040                      @ 0x4000c040
.Lcpi_end133:
	.size	__arm_cp.16_7, .Lcpi_end133-__arm_cp.16_7
.Lfunc_end16:
	.size	FMC_Write8Bytes, .Lfunc_end16-FMC_Write8Bytes
	.cfi_endproc
	.cantunwind
	.fnend
                                        @ -- End function
	.section	.text.FMC_WriteConfig,"ax",%progbits
	.hidden	FMC_WriteConfig                 @ -- Begin function FMC_WriteConfig
	.globl	FMC_WriteConfig
	.p2align	2
	.type	FMC_WriteConfig,%function
	.code	16                              @ @FMC_WriteConfig
	.thumb_func
FMC_WriteConfig:
.Lfunc_begin17:
	.loc	2 935 0 is_stmt 1               @ ../../../../../Library/StdDriver/src/fmc.c:935:0
	.fnstart
	.cfi_startproc
@ %bb.0:
	.save	{r7, lr}
	push	{r7, lr}
	.cfi_def_cfa_offset 8
	.cfi_offset lr, -4
	.cfi_offset r7, -8
	.pad	#16
	sub	sp, #16
	.cfi_def_cfa_offset 24
	str	r0, [sp, #12]
	str	r1, [sp, #8]
	movs	r0, #0
.Ltmp253:
	.loc	2 936 14 prologue_end           @ ../../../../../Library/StdDriver/src/fmc.c:936:14
	str	r0, [sp, #4]
	ldr	r2, __arm_cp.17_0
	.loc	2 939 5                         @ ../../../../../Library/StdDriver/src/fmc.c:939:5
	ldr	r1, [r2]
	movs	r3, #16
	orrs	r1, r3
	str	r1, [r2]
.Ltmp254:
	.loc	2 940 11                        @ ../../../../../Library/StdDriver/src/fmc.c:940:11
	str	r0, [sp]
	.loc	2 940 9 is_stmt 0               @ ../../../../../Library/StdDriver/src/fmc.c:940:9
	b	.LBB17_1
.LBB17_1:                               @ =>This Inner Loop Header: Depth=1
.Ltmp255:
	.loc	2 940 17                        @ ../../../../../Library/StdDriver/src/fmc.c:940:17
	ldr	r0, [sp]
	.loc	2 940 21                        @ ../../../../../Library/StdDriver/src/fmc.c:940:21
	ldr	r1, [sp, #8]
.Ltmp256:
	.loc	2 940 5                         @ ../../../../../Library/StdDriver/src/fmc.c:940:5
	cmp	r0, r1
	bhs	.LBB17_8
	b	.LBB17_2
.LBB17_2:                               @   in Loop: Header=BB17_1 Depth=1
.Ltmp257:
	.loc	2 942 37 is_stmt 1              @ ../../../../../Library/StdDriver/src/fmc.c:942:37
	ldr	r0, [sp]
	.loc	2 942 39 is_stmt 0              @ ../../../../../Library/StdDriver/src/fmc.c:942:39
	lsls	r2, r0, #2
	movs	r0, #3
	lsls	r0, r0, #20
	.loc	2 942 35                        @ ../../../../../Library/StdDriver/src/fmc.c:942:35
	adds	r0, r2, r0
	.loc	2 942 45                        @ ../../../../../Library/StdDriver/src/fmc.c:942:45
	ldr	r1, [sp, #12]
	ldr	r1, [r1, r2]
	.loc	2 942 9                         @ ../../../../../Library/StdDriver/src/fmc.c:942:9
	bl	FMC_Write
.Ltmp258:
	.loc	2 943 13 is_stmt 1              @ ../../../../../Library/StdDriver/src/fmc.c:943:13
	ldr	r0, __arm_cp.17_1
	ldr	r0, [r0]
.Ltmp259:
	.loc	2 943 13 is_stmt 0              @ ../../../../../Library/StdDriver/src/fmc.c:943:13
	cbz	r0, .LBB17_4
	b	.LBB17_3
.LBB17_3:                               @   in Loop: Header=BB17_1 Depth=1
	.loc	2 0 13                          @ ../../../../../Library/StdDriver/src/fmc.c:0:13
	movs	r0, #0
	mvns	r0, r0
.Ltmp260:
	.loc	2 945 17 is_stmt 1              @ ../../../../../Library/StdDriver/src/fmc.c:945:17
	str	r0, [sp, #4]
	.loc	2 946 9                         @ ../../../../../Library/StdDriver/src/fmc.c:946:9
	b	.LBB17_4
.Ltmp261:
.LBB17_4:                               @   in Loop: Header=BB17_1 Depth=1
	.loc	2 947 39                        @ ../../../../../Library/StdDriver/src/fmc.c:947:39
	ldr	r0, [sp]
	.loc	2 947 41 is_stmt 0              @ ../../../../../Library/StdDriver/src/fmc.c:947:41
	lsls	r0, r0, #2
	movs	r1, #3
	lsls	r1, r1, #20
	.loc	2 947 37                        @ ../../../../../Library/StdDriver/src/fmc.c:947:37
	adds	r0, r0, r1
	.loc	2 947 12                        @ ../../../../../Library/StdDriver/src/fmc.c:947:12
	bl	FMC_Read
	.loc	2 947 50                        @ ../../../../../Library/StdDriver/src/fmc.c:947:50
	ldr	r1, [sp, #12]
	.loc	2 947 61                        @ ../../../../../Library/StdDriver/src/fmc.c:947:61
	ldr	r2, [sp]
	.loc	2 947 50                        @ ../../../../../Library/StdDriver/src/fmc.c:947:50
	lsls	r2, r2, #2
	ldr	r1, [r1, r2]
.Ltmp262:
	.loc	2 947 12                        @ ../../../../../Library/StdDriver/src/fmc.c:947:12
	cmp	r0, r1
	beq	.LBB17_6
	b	.LBB17_5
.LBB17_5:                               @   in Loop: Header=BB17_1 Depth=1
	.loc	2 0 12                          @ ../../../../../Library/StdDriver/src/fmc.c:0:12
	movs	r0, #0
	mvns	r0, r0
.Ltmp263:
	.loc	2 949 17 is_stmt 1              @ ../../../../../Library/StdDriver/src/fmc.c:949:17
	str	r0, [sp, #4]
	.loc	2 950 9                         @ ../../../../../Library/StdDriver/src/fmc.c:950:9
	b	.LBB17_6
.Ltmp264:
.LBB17_6:                               @   in Loop: Header=BB17_1 Depth=1
	.loc	2 951 5                         @ ../../../../../Library/StdDriver/src/fmc.c:951:5
	b	.LBB17_7
.Ltmp265:
.LBB17_7:                               @   in Loop: Header=BB17_1 Depth=1
	.loc	2 940 32                        @ ../../../../../Library/StdDriver/src/fmc.c:940:32
	ldr	r0, [sp]
	adds	r0, r0, #1
	str	r0, [sp]
	.loc	2 940 5 is_stmt 0               @ ../../../../../Library/StdDriver/src/fmc.c:940:5
	b	.LBB17_1
.Ltmp266:
.LBB17_8:
	.loc	2 0 5                           @ ../../../../../Library/StdDriver/src/fmc.c:0:5
	ldr	r1, __arm_cp.17_0
	.loc	2 952 5 is_stmt 1               @ ../../../../../Library/StdDriver/src/fmc.c:952:5
	ldr	r0, [r1]
	movs	r2, #16
	bics	r0, r2
	str	r0, [r1]
	.loc	2 953 12                        @ ../../../../../Library/StdDriver/src/fmc.c:953:12
	ldr	r0, [sp, #4]
	.loc	2 953 5 is_stmt 0               @ ../../../../../Library/StdDriver/src/fmc.c:953:5
	add	sp, #16
	pop	{r7, pc}
.Ltmp267:
	.p2align	2
@ %bb.9:
	.loc	2 0 5                           @ ../../../../../Library/StdDriver/src/fmc.c:0:5
__arm_cp.17_0:
	.long	1073790976                      @ 0x4000c000
.Lcpi_end134:
	.size	__arm_cp.17_0, .Lcpi_end134-__arm_cp.17_0
__arm_cp.17_1:
	.long	g_FMC_i32ErrCode
.Lcpi_end135:
	.size	__arm_cp.17_1, .Lcpi_end135-__arm_cp.17_1
.Lfunc_end17:
	.size	FMC_WriteConfig, .Lfunc_end17-FMC_WriteConfig
	.cfi_endproc
	.fnend
                                        @ -- End function
	.section	.text.FMC_WriteMultiple,"ax",%progbits
	.hidden	FMC_WriteMultiple               @ -- Begin function FMC_WriteMultiple
	.globl	FMC_WriteMultiple
	.p2align	2
	.type	FMC_WriteMultiple,%function
	.code	16                              @ @FMC_WriteMultiple
	.thumb_func
FMC_WriteMultiple:
.Lfunc_begin18:
	.loc	2 976 0 is_stmt 1               @ ../../../../../Library/StdDriver/src/fmc.c:976:0
	.fnstart
	.cfi_startproc
@ %bb.0:
	.pad	#72
	sub	sp, #72
	.cfi_def_cfa_offset 72
	str	r0, [sp, #40]
	str	r1, [sp, #36]
	str	r2, [sp, #32]
	movs	r0, #0
.Ltmp268:
	.loc	2 979 18 prologue_end           @ ../../../../../Library/StdDriver/src/fmc.c:979:18
	str	r0, [sp, #12]
	.loc	2 981 22                        @ ../../../../../Library/StdDriver/src/fmc.c:981:22
	ldr	r1, __arm_cp.18_0
	str	r0, [r1]
.Ltmp269:
	.loc	2 983 9                         @ ../../../../../Library/StdDriver/src/fmc.c:983:9
	ldr	r0, [sp, #40]
	.loc	2 983 35 is_stmt 0              @ ../../../../../Library/StdDriver/src/fmc.c:983:35
	lsrs	r0, r0, #20
	cbnz	r0, .LBB18_2
	b	.LBB18_1
.Ltmp270:
.LBB18_1:
	.loc	2 0 35                          @ ../../../../../Library/StdDriver/src/fmc.c:0:35
	add	r0, sp, #40
	.loc	2 983 8                         @ ../../../../../Library/StdDriver/src/fmc.c:983:8
	ldrb	r0, [r0]
	lsls	r0, r0, #29
	cbz	r0, .LBB18_3
	b	.LBB18_2
.LBB18_2:
.Ltmp271:
	.loc	2 985 26 is_stmt 1              @ ../../../../../Library/StdDriver/src/fmc.c:985:26
	ldr	r1, __arm_cp.18_0
	movs	r0, #1
	mvns	r0, r0
	str	r0, [r1]
	.loc	2 986 9                         @ ../../../../../Library/StdDriver/src/fmc.c:986:9
	str	r0, [sp, #44]
	b	.LBB18_42
.Ltmp272:
.LBB18_3:
	.loc	2 0 9 is_stmt 0                 @ ../../../../../Library/StdDriver/src/fmc.c:0:9
	movs	r0, #0
	.loc	2 989 9 is_stmt 1               @ ../../../../../Library/StdDriver/src/fmc.c:989:9
	str	r0, [sp, #24]
	ldr	r1, __arm_cp.18_1
	movs	r0, #39
	.loc	2 990 17                        @ ../../../../../Library/StdDriver/src/fmc.c:990:17
	str	r0, [r1]
	.loc	2 991 20                        @ ../../../../../Library/StdDriver/src/fmc.c:991:20
	ldr	r0, [sp, #40]
	ldr	r1, __arm_cp.18_2
	.loc	2 991 18 is_stmt 0              @ ../../../../../Library/StdDriver/src/fmc.c:991:18
	str	r0, [r1]
	.loc	2 992 12 is_stmt 1              @ ../../../../../Library/StdDriver/src/fmc.c:992:12
	ldr	r0, [sp, #12]
	adds	r0, #16
	str	r0, [sp, #12]
	.loc	2 993 5                         @ ../../../../../Library/StdDriver/src/fmc.c:993:5
	b	.LBB18_4
.LBB18_4:                               @ =>This Loop Header: Depth=1
                                        @     Child Loop BB18_5 Depth 2
                                        @       Child Loop BB18_7 Depth 3
                                        @       Child Loop BB18_17 Depth 3
                                        @     Child Loop BB18_34 Depth 2
	.loc	2 0 5 is_stmt 0                 @ ../../../../../Library/StdDriver/src/fmc.c:0:5
	movs	r0, #0
.Ltmp273:
	.loc	2 995 13 is_stmt 1              @ ../../../../../Library/StdDriver/src/fmc.c:995:13
	str	r0, [sp, #16]
	movs	r0, #1
	.loc	2 996 19                        @ ../../../../../Library/StdDriver/src/fmc.c:996:19
	str	r0, [sp, #20]
	.loc	2 997 23                        @ ../../../../../Library/StdDriver/src/fmc.c:997:23
	ldr	r1, [sp, #36]
	.loc	2 997 31 is_stmt 0              @ ../../../../../Library/StdDriver/src/fmc.c:997:31
	ldr	r2, [sp, #24]
	.loc	2 997 23                        @ ../../../../../Library/StdDriver/src/fmc.c:997:23
	lsls	r2, r2, #2
	ldr	r1, [r1, r2]
	ldr	r2, __arm_cp.18_3
	.loc	2 997 21                        @ ../../../../../Library/StdDriver/src/fmc.c:997:21
	str	r1, [r2]
	.loc	2 998 23 is_stmt 1              @ ../../../../../Library/StdDriver/src/fmc.c:998:23
	ldr	r2, [sp, #36]
	.loc	2 998 31 is_stmt 0              @ ../../../../../Library/StdDriver/src/fmc.c:998:31
	ldr	r1, [sp, #24]
	.loc	2 998 35                        @ ../../../../../Library/StdDriver/src/fmc.c:998:35
	lsls	r1, r1, #2
	.loc	2 998 23                        @ ../../../../../Library/StdDriver/src/fmc.c:998:23
	adds	r1, r1, r2
	ldr	r1, [r1, #4]
	ldr	r2, __arm_cp.18_4
	.loc	2 998 21                        @ ../../../../../Library/StdDriver/src/fmc.c:998:21
	str	r1, [r2]
	.loc	2 999 23 is_stmt 1              @ ../../../../../Library/StdDriver/src/fmc.c:999:23
	ldr	r2, [sp, #36]
	.loc	2 999 31 is_stmt 0              @ ../../../../../Library/StdDriver/src/fmc.c:999:31
	ldr	r1, [sp, #24]
	.loc	2 999 35                        @ ../../../../../Library/StdDriver/src/fmc.c:999:35
	lsls	r1, r1, #2
	.loc	2 999 23                        @ ../../../../../Library/StdDriver/src/fmc.c:999:23
	adds	r1, r1, r2
	ldr	r1, [r1, #8]
	ldr	r2, __arm_cp.18_5
	.loc	2 999 21                        @ ../../../../../Library/StdDriver/src/fmc.c:999:21
	str	r1, [r2]
	.loc	2 1000 23 is_stmt 1             @ ../../../../../Library/StdDriver/src/fmc.c:1000:23
	ldr	r2, [sp, #36]
	.loc	2 1000 31 is_stmt 0             @ ../../../../../Library/StdDriver/src/fmc.c:1000:31
	ldr	r1, [sp, #24]
	.loc	2 1000 35                       @ ../../../../../Library/StdDriver/src/fmc.c:1000:35
	lsls	r1, r1, #2
	.loc	2 1000 23                       @ ../../../../../Library/StdDriver/src/fmc.c:1000:23
	adds	r1, r1, r2
	ldr	r1, [r1, #12]
	ldr	r2, __arm_cp.18_6
	.loc	2 1000 21                       @ ../../../../../Library/StdDriver/src/fmc.c:1000:21
	str	r1, [r2]
	ldr	r1, __arm_cp.18_7
	.loc	2 1001 21 is_stmt 1             @ ../../../../../Library/StdDriver/src/fmc.c:1001:21
	str	r0, [r1]
	.loc	2 1002 13                       @ ../../../../../Library/StdDriver/src/fmc.c:1002:13
	ldr	r0, [sp, #24]
	adds	r0, r0, #4
	str	r0, [sp, #24]
.Ltmp274:
	.loc	2 1004 17                       @ ../../../../../Library/StdDriver/src/fmc.c:1004:17
	ldr	r0, [sp, #24]
	.loc	2 1004 15 is_stmt 0             @ ../../../../../Library/StdDriver/src/fmc.c:1004:15
	str	r0, [sp, #28]
	.loc	2 1004 13                       @ ../../../../../Library/StdDriver/src/fmc.c:1004:13
	b	.LBB18_5
.LBB18_5:                               @   Parent Loop BB18_4 Depth=1
                                        @ =>  This Loop Header: Depth=2
                                        @       Child Loop BB18_7 Depth 3
                                        @       Child Loop BB18_17 Depth 3
.Ltmp275:
	.loc	2 1004 22                       @ ../../../../../Library/StdDriver/src/fmc.c:1004:22
	ldr	r0, [sp, #28]
	.loc	2 1004 27                       @ ../../../../../Library/StdDriver/src/fmc.c:1004:27
	ldr	r1, [sp, #32]
	.loc	2 1004 34                       @ ../../../../../Library/StdDriver/src/fmc.c:1004:34
	lsrs	r1, r1, #2
.Ltmp276:
	.loc	2 1004 9                        @ ../../../../../Library/StdDriver/src/fmc.c:1004:9
	cmp	r0, r1
	blo	.LBB18_6
	b	.LBB18_32
.LBB18_6:                               @   in Loop: Header=BB18_5 Depth=2
.Ltmp277:
	.loc	2 1006 29 is_stmt 1             @ ../../../../../Library/StdDriver/src/fmc.c:1006:29
	ldr	r0, __arm_cp.18_8
	ldr	r0, [r0]
	lsrs	r0, r0, #3
	.loc	2 1006 27 is_stmt 0             @ ../../../../../Library/StdDriver/src/fmc.c:1006:27
	str	r0, [sp, #8]
	movs	r0, #1
	str	r0, [sp, #68]
.Ltmp278:
	.file	5 "C:\\Users\\Borhan\\Desktop\\M2354_Series_BSP_CMSIS_V3.00.005_duplicate\\SampleCode\\TrustZone\\E-Voting-System\\Secure\\KEIL" "../../../../../Library/CMSIS/Include/cmsis_armclang.h"
	.loc	5 400 46 is_stmt 1              @ ../../../../../Library/CMSIS/Include/cmsis_armclang.h:400:46
	ldr	r0, [sp, #68]
	.loc	5 400 3 is_stmt 0               @ ../../../../../Library/CMSIS/Include/cmsis_armclang.h:400:3
	@APP
	msr	primask, r0
	@NO_APP
.Ltmp279:
	.loc	2 1008 13 is_stmt 1             @ ../../../../../Library/StdDriver/src/fmc.c:1008:13
	b	.LBB18_7
.LBB18_7:                               @   Parent Loop BB18_4 Depth=1
                                        @     Parent Loop BB18_5 Depth=2
                                        @ =>    This Inner Loop Header: Depth=3
	.loc	2 0 13 is_stmt 0                @ ../../../../../Library/StdDriver/src/fmc.c:0:13
	ldr	r0, __arm_cp.18_9
.Ltmp280:
	.loc	2 1010 26 is_stmt 1             @ ../../../../../Library/StdDriver/src/fmc.c:1010:26
	ldr	r0, [r0]
.Ltmp281:
	.loc	2 1010 20 is_stmt 0             @ ../../../../../Library/StdDriver/src/fmc.c:1010:20
	lsls	r0, r0, #31
	cbnz	r0, .LBB18_9
	b	.LBB18_8
.LBB18_8:                               @   in Loop: Header=BB18_7 Depth=3
	.loc	2 0 20                          @ ../../../../../Library/StdDriver/src/fmc.c:0:20
	movs	r0, #0
	str	r0, [sp, #64]
.Ltmp282:
	.loc	5 400 46 is_stmt 1              @ ../../../../../Library/CMSIS/Include/cmsis_armclang.h:400:46
	ldr	r1, [sp, #64]
	.loc	5 400 3 is_stmt 0               @ ../../../../../Library/CMSIS/Include/cmsis_armclang.h:400:3
	@APP
	msr	primask, r1
	@NO_APP
	ldr	r1, __arm_cp.18_10
.Ltmp283:
	.loc	2 1014 41 is_stmt 1             @ ../../../../../Library/StdDriver/src/fmc.c:1014:41
	ldr	r2, [r1]
	movs	r1, #15
	.loc	2 1014 48 is_stmt 0             @ ../../../../../Library/StdDriver/src/fmc.c:1014:48
	bics	r2, r1
	ldr	r1, __arm_cp.18_2
	.loc	2 1014 34                       @ ../../../../../Library/StdDriver/src/fmc.c:1014:34
	str	r2, [r1]
	.loc	2 1015 33 is_stmt 1             @ ../../../../../Library/StdDriver/src/fmc.c:1015:33
	ldr	r1, [r1]
	.loc	2 1015 43 is_stmt 0             @ ../../../../../Library/StdDriver/src/fmc.c:1015:43
	ldr	r2, [sp, #40]
	.loc	2 1015 41                       @ ../../../../../Library/StdDriver/src/fmc.c:1015:41
	subs	r1, r1, r2
	.loc	2 1015 52                       @ ../../../../../Library/StdDriver/src/fmc.c:1015:52
	lsrs	r1, r1, #2
	.loc	2 1015 25                       @ ../../../../../Library/StdDriver/src/fmc.c:1015:25
	str	r1, [sp, #24]
	mvns	r0, r0
	.loc	2 1016 25 is_stmt 1             @ ../../../../../Library/StdDriver/src/fmc.c:1016:25
	str	r0, [sp, #16]
	.loc	2 1017 17                       @ ../../../../../Library/StdDriver/src/fmc.c:1017:17
	b	.LBB18_9
.Ltmp284:
.LBB18_9:                               @   in Loop: Header=BB18_7 Depth=3
	.loc	2 1018 34                       @ ../../../../../Library/StdDriver/src/fmc.c:1018:34
	ldr	r0, [sp, #8]
	subs	r1, r0, #1
	str	r1, [sp, #8]
.Ltmp285:
	.loc	2 1018 21 is_stmt 0             @ ../../../../../Library/StdDriver/src/fmc.c:1018:21
	cmp	r0, #0
	bgt	.LBB18_11
	b	.LBB18_10
.LBB18_10:                              @   in Loop: Header=BB18_7 Depth=3
	.loc	2 0 21                          @ ../../../../../Library/StdDriver/src/fmc.c:0:21
	movs	r0, #0
	str	r0, [sp, #60]
.Ltmp286:
	.loc	5 400 46 is_stmt 1              @ ../../../../../Library/CMSIS/Include/cmsis_armclang.h:400:46
	ldr	r1, [sp, #60]
	.loc	5 400 3 is_stmt 0               @ ../../../../../Library/CMSIS/Include/cmsis_armclang.h:400:3
	@APP
	msr	primask, r1
	@NO_APP
.Ltmp287:
	.loc	2 1021 38 is_stmt 1             @ ../../../../../Library/StdDriver/src/fmc.c:1021:38
	ldr	r1, __arm_cp.18_0
	mvns	r0, r0
	str	r0, [r1]
	.loc	2 1022 25                       @ ../../../../../Library/StdDriver/src/fmc.c:1022:25
	str	r0, [sp, #16]
	.loc	2 1023 17                       @ ../../../../../Library/StdDriver/src/fmc.c:1023:17
	b	.LBB18_11
.Ltmp288:
.LBB18_11:                              @   in Loop: Header=BB18_7 Depth=3
	.loc	2 1024 13                       @ ../../../../../Library/StdDriver/src/fmc.c:1024:13
	b	.LBB18_12
.Ltmp289:
.LBB18_12:                              @   in Loop: Header=BB18_7 Depth=3
	.loc	2 0 13 is_stmt 0                @ ../../../../../Library/StdDriver/src/fmc.c:0:13
	ldr	r0, __arm_cp.18_9
	.loc	2 1025 25 is_stmt 1             @ ../../../../../Library/StdDriver/src/fmc.c:1025:25
	ldr	r1, [r0]
	movs	r0, #0
	.loc	2 1025 59 is_stmt 0             @ ../../../../../Library/StdDriver/src/fmc.c:1025:59
	lsls	r1, r1, #26
	lsrs	r1, r1, #30
	str	r0, [sp, #4]                    @ 4-byte Spill
	cbz	r1, .LBB18_14
	b	.LBB18_13
.LBB18_13:                              @   in Loop: Header=BB18_7 Depth=3
	.loc	2 1025 63                       @ ../../../../../Library/StdDriver/src/fmc.c:1025:63
	ldr	r0, [sp, #16]
	.loc	2 1025 67                       @ ../../../../../Library/StdDriver/src/fmc.c:1025:67
	rsbs	r1, r0, #0
	adcs	r0, r1
	str	r0, [sp, #4]                    @ 4-byte Spill
	b	.LBB18_14
.LBB18_14:                              @   in Loop: Header=BB18_7 Depth=3
	.loc	2 0 0                           @ ../../../../../Library/StdDriver/src/fmc.c:0:0
	ldr	r0, [sp, #4]                    @ 4-byte Reload
.Ltmp290:
	.loc	2 1024 13 is_stmt 1             @ ../../../../../Library/StdDriver/src/fmc.c:1024:13
	lsls	r0, r0, #31
	cmp	r0, #0
	bne	.LBB18_7
	b	.LBB18_15
.Ltmp291:
.LBB18_15:                              @   in Loop: Header=BB18_5 Depth=2
	.loc	2 1027 16                       @ ../../../../../Library/StdDriver/src/fmc.c:1027:16
	ldr	r0, [sp, #16]
.Ltmp292:
	.loc	2 1027 16 is_stmt 0             @ ../../../../../Library/StdDriver/src/fmc.c:1027:16
	cmp	r0, #0
	bne	.LBB18_28
	b	.LBB18_16
.LBB18_16:                              @   in Loop: Header=BB18_5 Depth=2
.Ltmp293:
	.loc	2 1029 24 is_stmt 1             @ ../../../../../Library/StdDriver/src/fmc.c:1029:24
	ldr	r0, [sp, #12]
	adds	r0, #8
	str	r0, [sp, #12]
	.loc	2 1032 31                       @ ../../../../../Library/StdDriver/src/fmc.c:1032:31
	ldr	r0, [sp, #36]
	.loc	2 1032 39 is_stmt 0             @ ../../../../../Library/StdDriver/src/fmc.c:1032:39
	ldr	r1, [sp, #28]
	.loc	2 1032 31                       @ ../../../../../Library/StdDriver/src/fmc.c:1032:31
	lsls	r1, r1, #2
	ldr	r0, [r0, r1]
	ldr	r1, __arm_cp.18_3
	.loc	2 1032 29                       @ ../../../../../Library/StdDriver/src/fmc.c:1032:29
	str	r0, [r1]
	.loc	2 1033 31 is_stmt 1             @ ../../../../../Library/StdDriver/src/fmc.c:1033:31
	ldr	r1, [sp, #36]
	.loc	2 1033 39 is_stmt 0             @ ../../../../../Library/StdDriver/src/fmc.c:1033:39
	ldr	r0, [sp, #28]
	.loc	2 1033 41                       @ ../../../../../Library/StdDriver/src/fmc.c:1033:41
	lsls	r0, r0, #2
	.loc	2 1033 31                       @ ../../../../../Library/StdDriver/src/fmc.c:1033:31
	adds	r0, r0, r1
	ldr	r0, [r0, #4]
	ldr	r1, __arm_cp.18_4
	.loc	2 1033 29                       @ ../../../../../Library/StdDriver/src/fmc.c:1033:29
	str	r0, [r1]
	.loc	2 1034 33 is_stmt 1             @ ../../../../../Library/StdDriver/src/fmc.c:1034:33
	ldr	r0, __arm_cp.18_8
	ldr	r0, [r0]
	lsrs	r0, r0, #3
	.loc	2 1034 31 is_stmt 0             @ ../../../../../Library/StdDriver/src/fmc.c:1034:31
	str	r0, [sp, #8]
	.loc	2 1035 17 is_stmt 1             @ ../../../../../Library/StdDriver/src/fmc.c:1035:17
	b	.LBB18_17
.LBB18_17:                              @   Parent Loop BB18_4 Depth=1
                                        @     Parent Loop BB18_5 Depth=2
                                        @ =>    This Inner Loop Header: Depth=3
	.loc	2 0 17 is_stmt 0                @ ../../../../../Library/StdDriver/src/fmc.c:0:17
	ldr	r0, __arm_cp.18_9
.Ltmp294:
	.loc	2 1037 30 is_stmt 1             @ ../../../../../Library/StdDriver/src/fmc.c:1037:30
	ldr	r0, [r0]
.Ltmp295:
	.loc	2 1037 24 is_stmt 0             @ ../../../../../Library/StdDriver/src/fmc.c:1037:24
	lsls	r0, r0, #31
	cbnz	r0, .LBB18_19
	b	.LBB18_18
.LBB18_18:                              @   in Loop: Header=BB18_17 Depth=3
	.loc	2 0 24                          @ ../../../../../Library/StdDriver/src/fmc.c:0:24
	movs	r0, #0
	str	r0, [sp, #56]
.Ltmp296:
	.loc	5 400 46 is_stmt 1              @ ../../../../../Library/CMSIS/Include/cmsis_armclang.h:400:46
	ldr	r1, [sp, #56]
	.loc	5 400 3 is_stmt 0               @ ../../../../../Library/CMSIS/Include/cmsis_armclang.h:400:3
	@APP
	msr	primask, r1
	@NO_APP
	ldr	r1, __arm_cp.18_10
.Ltmp297:
	.loc	2 1040 45 is_stmt 1             @ ../../../../../Library/StdDriver/src/fmc.c:1040:45
	ldr	r2, [r1]
	movs	r1, #15
	.loc	2 1040 52 is_stmt 0             @ ../../../../../Library/StdDriver/src/fmc.c:1040:52
	bics	r2, r1
	ldr	r1, __arm_cp.18_2
	.loc	2 1040 38                       @ ../../../../../Library/StdDriver/src/fmc.c:1040:38
	str	r2, [r1]
	.loc	2 1041 37 is_stmt 1             @ ../../../../../Library/StdDriver/src/fmc.c:1041:37
	ldr	r1, [r1]
	.loc	2 1041 47 is_stmt 0             @ ../../../../../Library/StdDriver/src/fmc.c:1041:47
	ldr	r2, [sp, #40]
	.loc	2 1041 45                       @ ../../../../../Library/StdDriver/src/fmc.c:1041:45
	subs	r1, r1, r2
	.loc	2 1041 56                       @ ../../../../../Library/StdDriver/src/fmc.c:1041:56
	lsrs	r1, r1, #2
	.loc	2 1041 29                       @ ../../../../../Library/StdDriver/src/fmc.c:1041:29
	str	r1, [sp, #24]
	mvns	r0, r0
	.loc	2 1042 29 is_stmt 1             @ ../../../../../Library/StdDriver/src/fmc.c:1042:29
	str	r0, [sp, #16]
	.loc	2 1043 21                       @ ../../../../../Library/StdDriver/src/fmc.c:1043:21
	b	.LBB18_19
.Ltmp298:
.LBB18_19:                              @   in Loop: Header=BB18_17 Depth=3
	.loc	2 1044 38                       @ ../../../../../Library/StdDriver/src/fmc.c:1044:38
	ldr	r0, [sp, #8]
	subs	r1, r0, #1
	str	r1, [sp, #8]
.Ltmp299:
	.loc	2 1044 25 is_stmt 0             @ ../../../../../Library/StdDriver/src/fmc.c:1044:25
	cmp	r0, #0
	bgt	.LBB18_21
	b	.LBB18_20
.LBB18_20:                              @   in Loop: Header=BB18_17 Depth=3
	.loc	2 0 25                          @ ../../../../../Library/StdDriver/src/fmc.c:0:25
	movs	r0, #0
	str	r0, [sp, #52]
.Ltmp300:
	.loc	5 400 46 is_stmt 1              @ ../../../../../Library/CMSIS/Include/cmsis_armclang.h:400:46
	ldr	r1, [sp, #52]
	.loc	5 400 3 is_stmt 0               @ ../../../../../Library/CMSIS/Include/cmsis_armclang.h:400:3
	@APP
	msr	primask, r1
	@NO_APP
.Ltmp301:
	.loc	2 1047 42 is_stmt 1             @ ../../../../../Library/StdDriver/src/fmc.c:1047:42
	ldr	r1, __arm_cp.18_0
	mvns	r0, r0
	str	r0, [r1]
	.loc	2 1048 29                       @ ../../../../../Library/StdDriver/src/fmc.c:1048:29
	str	r0, [sp, #16]
	.loc	2 1049 21                       @ ../../../../../Library/StdDriver/src/fmc.c:1049:21
	b	.LBB18_21
.Ltmp302:
.LBB18_21:                              @   in Loop: Header=BB18_17 Depth=3
	.loc	2 1050 17                       @ ../../../../../Library/StdDriver/src/fmc.c:1050:17
	b	.LBB18_22
.Ltmp303:
.LBB18_22:                              @   in Loop: Header=BB18_17 Depth=3
	.loc	2 0 17 is_stmt 0                @ ../../../../../Library/StdDriver/src/fmc.c:0:17
	ldr	r0, __arm_cp.18_9
	.loc	2 1051 29 is_stmt 1             @ ../../../../../Library/StdDriver/src/fmc.c:1051:29
	ldr	r1, [r0]
	movs	r0, #0
	.loc	2 1051 63 is_stmt 0             @ ../../../../../Library/StdDriver/src/fmc.c:1051:63
	lsls	r1, r1, #24
	lsrs	r1, r1, #30
	str	r0, [sp]                        @ 4-byte Spill
	cbz	r1, .LBB18_24
	b	.LBB18_23
.LBB18_23:                              @   in Loop: Header=BB18_17 Depth=3
	.loc	2 1051 67                       @ ../../../../../Library/StdDriver/src/fmc.c:1051:67
	ldr	r0, [sp, #16]
	.loc	2 1051 71                       @ ../../../../../Library/StdDriver/src/fmc.c:1051:71
	rsbs	r1, r0, #0
	adcs	r0, r1
	str	r0, [sp]                        @ 4-byte Spill
	b	.LBB18_24
.LBB18_24:                              @   in Loop: Header=BB18_17 Depth=3
	.loc	2 0 0                           @ ../../../../../Library/StdDriver/src/fmc.c:0:0
	ldr	r0, [sp]                        @ 4-byte Reload
.Ltmp304:
	.loc	2 1050 17 is_stmt 1             @ ../../../../../Library/StdDriver/src/fmc.c:1050:17
	lsls	r0, r0, #31
	cmp	r0, #0
	bne	.LBB18_17
	b	.LBB18_25
.Ltmp305:
.LBB18_25:                              @   in Loop: Header=BB18_5 Depth=2
	.loc	2 1053 20                       @ ../../../../../Library/StdDriver/src/fmc.c:1053:20
	ldr	r0, [sp, #16]
.Ltmp306:
	.loc	2 1053 20 is_stmt 0             @ ../../../../../Library/StdDriver/src/fmc.c:1053:20
	cbnz	r0, .LBB18_27
	b	.LBB18_26
.LBB18_26:                              @   in Loop: Header=BB18_5 Depth=2
.Ltmp307:
	.loc	2 1055 28 is_stmt 1             @ ../../../../../Library/StdDriver/src/fmc.c:1055:28
	ldr	r0, [sp, #12]
	adds	r0, #8
	str	r0, [sp, #12]
	.loc	2 1058 35                       @ ../../../../../Library/StdDriver/src/fmc.c:1058:35
	ldr	r1, [sp, #36]
	.loc	2 1058 43 is_stmt 0             @ ../../../../../Library/StdDriver/src/fmc.c:1058:43
	ldr	r0, [sp, #28]
	.loc	2 1058 45                       @ ../../../../../Library/StdDriver/src/fmc.c:1058:45
	lsls	r0, r0, #2
	.loc	2 1058 35                       @ ../../../../../Library/StdDriver/src/fmc.c:1058:35
	adds	r0, r0, r1
	ldr	r0, [r0, #8]
	ldr	r1, __arm_cp.18_5
	.loc	2 1058 33                       @ ../../../../../Library/StdDriver/src/fmc.c:1058:33
	str	r0, [r1]
	.loc	2 1059 35 is_stmt 1             @ ../../../../../Library/StdDriver/src/fmc.c:1059:35
	ldr	r1, [sp, #36]
	.loc	2 1059 43 is_stmt 0             @ ../../../../../Library/StdDriver/src/fmc.c:1059:43
	ldr	r0, [sp, #28]
	.loc	2 1059 45                       @ ../../../../../Library/StdDriver/src/fmc.c:1059:45
	lsls	r0, r0, #2
	.loc	2 1059 35                       @ ../../../../../Library/StdDriver/src/fmc.c:1059:35
	adds	r0, r0, r1
	ldr	r0, [r0, #12]
	ldr	r1, __arm_cp.18_6
	.loc	2 1059 33                       @ ../../../../../Library/StdDriver/src/fmc.c:1059:33
	str	r0, [r1]
	movs	r0, #0
	str	r0, [sp, #48]
.Ltmp308:
	.loc	5 400 46 is_stmt 1              @ ../../../../../Library/CMSIS/Include/cmsis_armclang.h:400:46
	ldr	r0, [sp, #48]
	.loc	5 400 3 is_stmt 0               @ ../../../../../Library/CMSIS/Include/cmsis_armclang.h:400:3
	@APP
	msr	primask, r0
	@NO_APP
.Ltmp309:
	.loc	2 1061 17 is_stmt 1             @ ../../../../../Library/StdDriver/src/fmc.c:1061:17
	b	.LBB18_27
.Ltmp310:
.LBB18_27:                              @   in Loop: Header=BB18_5 Depth=2
	.loc	2 1062 13                       @ ../../../../../Library/StdDriver/src/fmc.c:1062:13
	b	.LBB18_28
.Ltmp311:
.LBB18_28:                              @   in Loop: Header=BB18_5 Depth=2
	.loc	2 1064 16                       @ ../../../../../Library/StdDriver/src/fmc.c:1064:16
	ldr	r0, [sp, #16]
.Ltmp312:
	.loc	2 1064 16 is_stmt 0             @ ../../../../../Library/StdDriver/src/fmc.c:1064:16
	cmp	r0, #0
	bpl	.LBB18_30
	b	.LBB18_29
.LBB18_29:                              @   in Loop: Header=BB18_4 Depth=1
.Ltmp313:
	.loc	2 1066 17 is_stmt 1             @ ../../../../../Library/StdDriver/src/fmc.c:1066:17
	b	.LBB18_32
.Ltmp314:
.LBB18_30:                              @   in Loop: Header=BB18_5 Depth=2
	.loc	2 1068 9                        @ ../../../../../Library/StdDriver/src/fmc.c:1068:9
	b	.LBB18_31
.Ltmp315:
.LBB18_31:                              @   in Loop: Header=BB18_5 Depth=2
	.loc	2 1004 43                       @ ../../../../../Library/StdDriver/src/fmc.c:1004:43
	ldr	r0, [sp, #28]
	adds	r0, r0, #4
	str	r0, [sp, #28]
	.loc	2 1004 9 is_stmt 0              @ ../../../../../Library/StdDriver/src/fmc.c:1004:9
	b	.LBB18_5
.Ltmp316:
.LBB18_32:                              @   in Loop: Header=BB18_4 Depth=1
	.loc	2 1069 12 is_stmt 1             @ ../../../../../Library/StdDriver/src/fmc.c:1069:12
	ldr	r0, [sp, #16]
.Ltmp317:
	.loc	2 1069 12 is_stmt 0             @ ../../../../../Library/StdDriver/src/fmc.c:1069:12
	cbnz	r0, .LBB18_39
	b	.LBB18_33
.LBB18_33:                              @   in Loop: Header=BB18_4 Depth=1
	.loc	2 0 12                          @ ../../../../../Library/StdDriver/src/fmc.c:0:12
	movs	r0, #0
.Ltmp318:
	.loc	2 1071 23 is_stmt 1             @ ../../../../../Library/StdDriver/src/fmc.c:1071:23
	str	r0, [sp, #20]
	.loc	2 1072 29                       @ ../../../../../Library/StdDriver/src/fmc.c:1072:29
	ldr	r0, __arm_cp.18_8
	ldr	r0, [r0]
	lsrs	r0, r0, #3
	.loc	2 1072 27 is_stmt 0             @ ../../../../../Library/StdDriver/src/fmc.c:1072:27
	str	r0, [sp, #8]
	.loc	2 1073 13 is_stmt 1             @ ../../../../../Library/StdDriver/src/fmc.c:1073:13
	b	.LBB18_34
.LBB18_34:                              @   Parent Loop BB18_4 Depth=1
                                        @ =>  This Inner Loop Header: Depth=2
	.loc	2 0 13 is_stmt 0                @ ../../../../../Library/StdDriver/src/fmc.c:0:13
	ldr	r0, __arm_cp.18_11
	.loc	2 1073 24                       @ ../../../../../Library/StdDriver/src/fmc.c:1073:24
	ldr	r0, [r0]
	.loc	2 1073 13                       @ ../../../../../Library/StdDriver/src/fmc.c:1073:13
	lsls	r0, r0, #31
	cbz	r0, .LBB18_38
	b	.LBB18_35
.LBB18_35:                              @   in Loop: Header=BB18_34 Depth=2
.Ltmp319:
	.loc	2 1075 34 is_stmt 1             @ ../../../../../Library/StdDriver/src/fmc.c:1075:34
	ldr	r0, [sp, #8]
	subs	r1, r0, #1
	str	r1, [sp, #8]
.Ltmp320:
	.loc	2 1075 21 is_stmt 0             @ ../../../../../Library/StdDriver/src/fmc.c:1075:21
	cmp	r0, #0
	bgt	.LBB18_37
	b	.LBB18_36
.LBB18_36:                              @   in Loop: Header=BB18_4 Depth=1
.Ltmp321:
	.loc	2 1077 38 is_stmt 1             @ ../../../../../Library/StdDriver/src/fmc.c:1077:38
	ldr	r1, __arm_cp.18_0
	movs	r0, #0
	mvns	r0, r0
	str	r0, [r1]
	.loc	2 1078 21                       @ ../../../../../Library/StdDriver/src/fmc.c:1078:21
	b	.LBB18_38
.Ltmp322:
.LBB18_37:                              @   in Loop: Header=BB18_34 Depth=2
	.loc	2 1073 13                       @ ../../../../../Library/StdDriver/src/fmc.c:1073:13
	b	.LBB18_34
.LBB18_38:                              @   in Loop: Header=BB18_4 Depth=1
	.loc	2 1081 9                        @ ../../../../../Library/StdDriver/src/fmc.c:1081:9
	b	.LBB18_39
.Ltmp323:
.LBB18_39:                              @   in Loop: Header=BB18_4 Depth=1
	.loc	2 1082 5                        @ ../../../../../Library/StdDriver/src/fmc.c:1082:5
	b	.LBB18_40
.Ltmp324:
.LBB18_40:                              @   in Loop: Header=BB18_4 Depth=1
	.loc	2 1083 11                       @ ../../../../../Library/StdDriver/src/fmc.c:1083:11
	ldr	r0, [sp, #20]
.Ltmp325:
	.loc	2 1082 5                        @ ../../../../../Library/StdDriver/src/fmc.c:1082:5
	cbz	r0, .LBB18_41
	b	.LBB18_4
.Ltmp326:
.LBB18_41:
	.loc	2 1085 12                       @ ../../../../../Library/StdDriver/src/fmc.c:1085:12
	ldr	r0, [sp, #12]
	.loc	2 1085 5 is_stmt 0              @ ../../../../../Library/StdDriver/src/fmc.c:1085:5
	str	r0, [sp, #44]
	b	.LBB18_42
.LBB18_42:
	.loc	2 1086 1 is_stmt 1              @ ../../../../../Library/StdDriver/src/fmc.c:1086:1
	ldr	r0, [sp, #44]
	add	sp, #72
	bx	lr
.Ltmp327:
	.p2align	2
@ %bb.43:
	.loc	2 0 1 is_stmt 0                 @ ../../../../../Library/StdDriver/src/fmc.c:0:1
__arm_cp.18_0:
	.long	g_FMC_i32ErrCode
.Lcpi_end136:
	.size	__arm_cp.18_0, .Lcpi_end136-__arm_cp.18_0
__arm_cp.18_1:
	.long	1073790988                      @ 0x4000c00c
.Lcpi_end137:
	.size	__arm_cp.18_1, .Lcpi_end137-__arm_cp.18_1
__arm_cp.18_2:
	.long	1073790980                      @ 0x4000c004
.Lcpi_end138:
	.size	__arm_cp.18_2, .Lcpi_end138-__arm_cp.18_2
__arm_cp.18_3:
	.long	1073791104                      @ 0x4000c080
.Lcpi_end139:
	.size	__arm_cp.18_3, .Lcpi_end139-__arm_cp.18_3
__arm_cp.18_4:
	.long	1073791108                      @ 0x4000c084
.Lcpi_end140:
	.size	__arm_cp.18_4, .Lcpi_end140-__arm_cp.18_4
__arm_cp.18_5:
	.long	1073791112                      @ 0x4000c088
.Lcpi_end141:
	.size	__arm_cp.18_5, .Lcpi_end141-__arm_cp.18_5
__arm_cp.18_6:
	.long	1073791116                      @ 0x4000c08c
.Lcpi_end142:
	.size	__arm_cp.18_6, .Lcpi_end142-__arm_cp.18_6
__arm_cp.18_7:
	.long	1073790992                      @ 0x4000c010
.Lcpi_end143:
	.size	__arm_cp.18_7, .Lcpi_end143-__arm_cp.18_7
__arm_cp.18_8:
	.long	SystemCoreClock
.Lcpi_end144:
	.size	__arm_cp.18_8, .Lcpi_end144-__arm_cp.18_8
__arm_cp.18_9:
	.long	1073791168                      @ 0x4000c0c0
.Lcpi_end145:
	.size	__arm_cp.18_9, .Lcpi_end145-__arm_cp.18_9
__arm_cp.18_10:
	.long	1073791172                      @ 0x4000c0c4
.Lcpi_end146:
	.size	__arm_cp.18_10, .Lcpi_end146-__arm_cp.18_10
__arm_cp.18_11:
	.long	1073791040                      @ 0x4000c040
.Lcpi_end147:
	.size	__arm_cp.18_11, .Lcpi_end147-__arm_cp.18_11
.Lfunc_end18:
	.size	FMC_WriteMultiple, .Lfunc_end18-FMC_WriteMultiple
	.cfi_endproc
	.fnend
                                        @ -- End function
	.section	.text.FMC_WriteOTP,"ax",%progbits
	.hidden	FMC_WriteOTP                    @ -- Begin function FMC_WriteOTP
	.globl	FMC_WriteOTP
	.p2align	2
	.type	FMC_WriteOTP,%function
	.code	16                              @ @FMC_WriteOTP
	.thumb_func
FMC_WriteOTP:
.Lfunc_begin19:
	.loc	2 1106 0 is_stmt 1              @ ../../../../../Library/StdDriver/src/fmc.c:1106:0
	.fnstart
	.cfi_startproc
@ %bb.0:
	.pad	#20
	sub	sp, #20
	.cfi_def_cfa_offset 20
	str	r0, [sp, #16]
	str	r1, [sp, #12]
	str	r2, [sp, #8]
	movs	r0, #0
.Ltmp328:
	.loc	2 1107 14 prologue_end          @ ../../../../../Library/StdDriver/src/fmc.c:1107:14
	str	r0, [sp, #4]
	.loc	2 1109 22                       @ ../../../../../Library/StdDriver/src/fmc.c:1109:22
	ldr	r1, __arm_cp.19_0
	str	r0, [r1]
.Ltmp329:
	.loc	2 1111 8                        @ ../../../../../Library/StdDriver/src/fmc.c:1111:8
	ldr	r0, [sp, #16]
.Ltmp330:
	.loc	2 1111 8 is_stmt 0              @ ../../../../../Library/StdDriver/src/fmc.c:1111:8
	lsrs	r0, r0, #8
	cbz	r0, .LBB19_2
	b	.LBB19_1
.LBB19_1:
.Ltmp331:
	.loc	2 1113 26 is_stmt 1             @ ../../../../../Library/StdDriver/src/fmc.c:1113:26
	ldr	r1, __arm_cp.19_0
	movs	r0, #1
	mvns	r0, r0
	str	r0, [r1]
	.loc	2 1114 13                       @ ../../../../../Library/StdDriver/src/fmc.c:1114:13
	str	r0, [sp, #4]
	.loc	2 1115 5                        @ ../../../../../Library/StdDriver/src/fmc.c:1115:5
	b	.LBB19_2
.Ltmp332:
.LBB19_2:
	.loc	2 1117 8                        @ ../../../../../Library/StdDriver/src/fmc.c:1117:8
	ldr	r0, [sp, #4]
.Ltmp333:
	.loc	2 1117 8 is_stmt 0              @ ../../../../../Library/StdDriver/src/fmc.c:1117:8
	cbnz	r0, .LBB19_11
	b	.LBB19_3
.LBB19_3:
	.loc	2 0 8                           @ ../../../../../Library/StdDriver/src/fmc.c:0:8
	ldr	r1, __arm_cp.19_1
	movs	r0, #33
.Ltmp334:
	.loc	2 1119 21 is_stmt 1             @ ../../../../../Library/StdDriver/src/fmc.c:1119:21
	str	r0, [r1]
	.loc	2 1120 39                       @ ../../../../../Library/StdDriver/src/fmc.c:1120:39
	ldr	r0, [sp, #16]
	.loc	2 1120 49 is_stmt 0             @ ../../../../../Library/StdDriver/src/fmc.c:1120:49
	lsls	r0, r0, #3
	movs	r1, #49
	lsls	r1, r1, #16
	.loc	2 1120 37                       @ ../../../../../Library/StdDriver/src/fmc.c:1120:37
	adds	r0, r0, r1
	ldr	r1, __arm_cp.19_2
	.loc	2 1120 22                       @ ../../../../../Library/StdDriver/src/fmc.c:1120:22
	str	r0, [r1]
	.loc	2 1121 23 is_stmt 1             @ ../../../../../Library/StdDriver/src/fmc.c:1121:23
	ldr	r0, [sp, #12]
	ldr	r1, __arm_cp.19_3
	.loc	2 1121 21 is_stmt 0             @ ../../../../../Library/StdDriver/src/fmc.c:1121:21
	str	r0, [r1]
	ldr	r1, __arm_cp.19_4
	movs	r0, #1
	.loc	2 1122 21 is_stmt 1             @ ../../../../../Library/StdDriver/src/fmc.c:1122:21
	str	r0, [r1]
	.loc	2 1124 25                       @ ../../../../../Library/StdDriver/src/fmc.c:1124:25
	ldr	r0, __arm_cp.19_5
	ldr	r0, [r0]
	lsrs	r0, r0, #3
	.loc	2 1124 23 is_stmt 0             @ ../../../../../Library/StdDriver/src/fmc.c:1124:23
	str	r0, [sp]
	.loc	2 1125 9 is_stmt 1              @ ../../../../../Library/StdDriver/src/fmc.c:1125:9
	b	.LBB19_4
.LBB19_4:                               @ =>This Inner Loop Header: Depth=1
	.loc	2 0 9 is_stmt 0                 @ ../../../../../Library/StdDriver/src/fmc.c:0:9
	ldr	r0, __arm_cp.19_4
	.loc	2 1125 20                       @ ../../../../../Library/StdDriver/src/fmc.c:1125:20
	ldr	r0, [r0]
	.loc	2 1125 9                        @ ../../../../../Library/StdDriver/src/fmc.c:1125:9
	lsls	r0, r0, #31
	cbz	r0, .LBB19_8
	b	.LBB19_5
.LBB19_5:                               @   in Loop: Header=BB19_4 Depth=1
.Ltmp335:
	.loc	2 1127 30 is_stmt 1             @ ../../../../../Library/StdDriver/src/fmc.c:1127:30
	ldr	r0, [sp]
	subs	r1, r0, #1
	str	r1, [sp]
.Ltmp336:
	.loc	2 1127 17 is_stmt 0             @ ../../../../../Library/StdDriver/src/fmc.c:1127:17
	cmp	r0, #0
	bgt	.LBB19_7
	b	.LBB19_6
.LBB19_6:
.Ltmp337:
	.loc	2 1129 34 is_stmt 1             @ ../../../../../Library/StdDriver/src/fmc.c:1129:34
	ldr	r1, __arm_cp.19_0
	movs	r0, #0
	mvns	r0, r0
	str	r0, [r1]
	.loc	2 1130 21                       @ ../../../../../Library/StdDriver/src/fmc.c:1130:21
	str	r0, [sp, #4]
	.loc	2 1131 17                       @ ../../../../../Library/StdDriver/src/fmc.c:1131:17
	b	.LBB19_8
.Ltmp338:
.LBB19_7:                               @   in Loop: Header=BB19_4 Depth=1
	.loc	2 1125 9                        @ ../../../../../Library/StdDriver/src/fmc.c:1125:9
	b	.LBB19_4
.LBB19_8:
	.loc	2 0 9 is_stmt 0                 @ ../../../../../Library/StdDriver/src/fmc.c:0:9
	ldr	r0, __arm_cp.19_6
.Ltmp339:
	.loc	2 1135 17 is_stmt 1             @ ../../../../../Library/StdDriver/src/fmc.c:1135:17
	ldr	r0, [r0]
.Ltmp340:
	.loc	2 1135 12 is_stmt 0             @ ../../../../../Library/StdDriver/src/fmc.c:1135:12
	lsls	r0, r0, #25
	cmp	r0, #0
	bpl	.LBB19_10
	b	.LBB19_9
.LBB19_9:
	.loc	2 0 12                          @ ../../../../../Library/StdDriver/src/fmc.c:0:12
	ldr	r1, __arm_cp.19_6
.Ltmp341:
	.loc	2 1137 25 is_stmt 1             @ ../../../../../Library/StdDriver/src/fmc.c:1137:25
	ldr	r0, [r1]
	movs	r2, #64
	orrs	r0, r2
	str	r0, [r1]
	.loc	2 1138 30                       @ ../../../../../Library/StdDriver/src/fmc.c:1138:30
	ldr	r1, __arm_cp.19_0
	movs	r0, #0
	mvns	r0, r0
	str	r0, [r1]
	.loc	2 1139 17                       @ ../../../../../Library/StdDriver/src/fmc.c:1139:17
	str	r0, [sp, #4]
	.loc	2 1140 9                        @ ../../../../../Library/StdDriver/src/fmc.c:1140:9
	b	.LBB19_10
.Ltmp342:
.LBB19_10:
	.loc	2 1141 5                        @ ../../../../../Library/StdDriver/src/fmc.c:1141:5
	b	.LBB19_11
.Ltmp343:
.LBB19_11:
	.loc	2 1143 8                        @ ../../../../../Library/StdDriver/src/fmc.c:1143:8
	ldr	r0, [sp, #4]
.Ltmp344:
	.loc	2 1143 8 is_stmt 0              @ ../../../../../Library/StdDriver/src/fmc.c:1143:8
	cbnz	r0, .LBB19_20
	b	.LBB19_12
.LBB19_12:
	.loc	2 0 8                           @ ../../../../../Library/StdDriver/src/fmc.c:0:8
	ldr	r1, __arm_cp.19_1
	movs	r0, #33
.Ltmp345:
	.loc	2 1145 21 is_stmt 1             @ ../../../../../Library/StdDriver/src/fmc.c:1145:21
	str	r0, [r1]
	.loc	2 1146 39                       @ ../../../../../Library/StdDriver/src/fmc.c:1146:39
	ldr	r0, [sp, #16]
	.loc	2 1146 49 is_stmt 0             @ ../../../../../Library/StdDriver/src/fmc.c:1146:49
	lsls	r0, r0, #3
	ldr	r1, __arm_cp.19_7
	.loc	2 1146 55                       @ ../../../../../Library/StdDriver/src/fmc.c:1146:55
	adds	r0, r0, r1
	ldr	r1, __arm_cp.19_2
	.loc	2 1146 22                       @ ../../../../../Library/StdDriver/src/fmc.c:1146:22
	str	r0, [r1]
	.loc	2 1147 23 is_stmt 1             @ ../../../../../Library/StdDriver/src/fmc.c:1147:23
	ldr	r0, [sp, #8]
	ldr	r1, __arm_cp.19_3
	.loc	2 1147 21 is_stmt 0             @ ../../../../../Library/StdDriver/src/fmc.c:1147:21
	str	r0, [r1]
	ldr	r1, __arm_cp.19_4
	movs	r0, #1
	.loc	2 1148 21 is_stmt 1             @ ../../../../../Library/StdDriver/src/fmc.c:1148:21
	str	r0, [r1]
	.loc	2 1150 25                       @ ../../../../../Library/StdDriver/src/fmc.c:1150:25
	ldr	r0, __arm_cp.19_5
	ldr	r0, [r0]
	lsrs	r0, r0, #3
	.loc	2 1150 23 is_stmt 0             @ ../../../../../Library/StdDriver/src/fmc.c:1150:23
	str	r0, [sp]
	.loc	2 1151 9 is_stmt 1              @ ../../../../../Library/StdDriver/src/fmc.c:1151:9
	b	.LBB19_13
.LBB19_13:                              @ =>This Inner Loop Header: Depth=1
	.loc	2 0 9 is_stmt 0                 @ ../../../../../Library/StdDriver/src/fmc.c:0:9
	ldr	r0, __arm_cp.19_4
	.loc	2 1151 20                       @ ../../../../../Library/StdDriver/src/fmc.c:1151:20
	ldr	r0, [r0]
	.loc	2 1151 9                        @ ../../../../../Library/StdDriver/src/fmc.c:1151:9
	lsls	r0, r0, #31
	cbz	r0, .LBB19_17
	b	.LBB19_14
.LBB19_14:                              @   in Loop: Header=BB19_13 Depth=1
.Ltmp346:
	.loc	2 1153 30 is_stmt 1             @ ../../../../../Library/StdDriver/src/fmc.c:1153:30
	ldr	r0, [sp]
	subs	r1, r0, #1
	str	r1, [sp]
.Ltmp347:
	.loc	2 1153 17 is_stmt 0             @ ../../../../../Library/StdDriver/src/fmc.c:1153:17
	cmp	r0, #0
	bgt	.LBB19_16
	b	.LBB19_15
.LBB19_15:
.Ltmp348:
	.loc	2 1155 34 is_stmt 1             @ ../../../../../Library/StdDriver/src/fmc.c:1155:34
	ldr	r1, __arm_cp.19_0
	movs	r0, #0
	mvns	r0, r0
	str	r0, [r1]
	.loc	2 1156 21                       @ ../../../../../Library/StdDriver/src/fmc.c:1156:21
	str	r0, [sp, #4]
	.loc	2 1157 17                       @ ../../../../../Library/StdDriver/src/fmc.c:1157:17
	b	.LBB19_17
.Ltmp349:
.LBB19_16:                              @   in Loop: Header=BB19_13 Depth=1
	.loc	2 1151 9                        @ ../../../../../Library/StdDriver/src/fmc.c:1151:9
	b	.LBB19_13
.LBB19_17:
	.loc	2 0 9 is_stmt 0                 @ ../../../../../Library/StdDriver/src/fmc.c:0:9
	ldr	r0, __arm_cp.19_6
.Ltmp350:
	.loc	2 1161 17 is_stmt 1             @ ../../../../../Library/StdDriver/src/fmc.c:1161:17
	ldr	r0, [r0]
.Ltmp351:
	.loc	2 1161 12 is_stmt 0             @ ../../../../../Library/StdDriver/src/fmc.c:1161:12
	lsls	r0, r0, #25
	cmp	r0, #0
	bpl	.LBB19_19
	b	.LBB19_18
.LBB19_18:
	.loc	2 0 12                          @ ../../../../../Library/StdDriver/src/fmc.c:0:12
	ldr	r1, __arm_cp.19_6
.Ltmp352:
	.loc	2 1163 25 is_stmt 1             @ ../../../../../Library/StdDriver/src/fmc.c:1163:25
	ldr	r0, [r1]
	movs	r2, #64
	orrs	r0, r2
	str	r0, [r1]
	.loc	2 1164 30                       @ ../../../../../Library/StdDriver/src/fmc.c:1164:30
	ldr	r1, __arm_cp.19_0
	movs	r0, #0
	mvns	r0, r0
	str	r0, [r1]
	.loc	2 1165 17                       @ ../../../../../Library/StdDriver/src/fmc.c:1165:17
	str	r0, [sp, #4]
	.loc	2 1166 9                        @ ../../../../../Library/StdDriver/src/fmc.c:1166:9
	b	.LBB19_19
.Ltmp353:
.LBB19_19:
	.loc	2 1167 5                        @ ../../../../../Library/StdDriver/src/fmc.c:1167:5
	b	.LBB19_20
.Ltmp354:
.LBB19_20:
	.loc	2 1169 12                       @ ../../../../../Library/StdDriver/src/fmc.c:1169:12
	ldr	r0, [sp, #4]
	.loc	2 1169 5 is_stmt 0              @ ../../../../../Library/StdDriver/src/fmc.c:1169:5
	add	sp, #20
	bx	lr
.Ltmp355:
	.p2align	2
@ %bb.21:
	.loc	2 0 5                           @ ../../../../../Library/StdDriver/src/fmc.c:0:5
__arm_cp.19_0:
	.long	g_FMC_i32ErrCode
.Lcpi_end148:
	.size	__arm_cp.19_0, .Lcpi_end148-__arm_cp.19_0
__arm_cp.19_1:
	.long	1073790988                      @ 0x4000c00c
.Lcpi_end149:
	.size	__arm_cp.19_1, .Lcpi_end149-__arm_cp.19_1
__arm_cp.19_2:
	.long	1073790980                      @ 0x4000c004
.Lcpi_end150:
	.size	__arm_cp.19_2, .Lcpi_end150-__arm_cp.19_2
__arm_cp.19_3:
	.long	1073790984                      @ 0x4000c008
.Lcpi_end151:
	.size	__arm_cp.19_3, .Lcpi_end151-__arm_cp.19_3
__arm_cp.19_4:
	.long	1073790992                      @ 0x4000c010
.Lcpi_end152:
	.size	__arm_cp.19_4, .Lcpi_end152-__arm_cp.19_4
__arm_cp.19_5:
	.long	SystemCoreClock
.Lcpi_end153:
	.size	__arm_cp.19_5, .Lcpi_end153-__arm_cp.19_5
__arm_cp.19_6:
	.long	1073791040                      @ 0x4000c040
.Lcpi_end154:
	.size	__arm_cp.19_6, .Lcpi_end154-__arm_cp.19_6
__arm_cp.19_7:
	.long	3211268                         @ 0x310004
.Lcpi_end155:
	.size	__arm_cp.19_7, .Lcpi_end155-__arm_cp.19_7
.Lfunc_end19:
	.size	FMC_WriteOTP, .Lfunc_end19-FMC_WriteOTP
	.cfi_endproc
	.cantunwind
	.fnend
                                        @ -- End function
	.section	.text.FMC_RemapBank,"ax",%progbits
	.hidden	FMC_RemapBank                   @ -- Begin function FMC_RemapBank
	.globl	FMC_RemapBank
	.p2align	2
	.type	FMC_RemapBank,%function
	.code	16                              @ @FMC_RemapBank
	.thumb_func
FMC_RemapBank:
.Lfunc_begin20:
	.loc	2 1186 0 is_stmt 1              @ ../../../../../Library/StdDriver/src/fmc.c:1186:0
	.fnstart
	.cfi_startproc
@ %bb.0:
	.pad	#12
	sub	sp, #12
	.cfi_def_cfa_offset 12
	str	r0, [sp, #8]
	movs	r0, #0
.Ltmp356:
	.loc	2 1187 14 prologue_end          @ ../../../../../Library/StdDriver/src/fmc.c:1187:14
	str	r0, [sp, #4]
	.loc	2 1190 22                       @ ../../../../../Library/StdDriver/src/fmc.c:1190:22
	ldr	r1, __arm_cp.20_0
	str	r0, [r1]
	ldr	r1, __arm_cp.20_1
	movs	r0, #44
	.loc	2 1192 17                       @ ../../../../../Library/StdDriver/src/fmc.c:1192:17
	str	r0, [r1]
	.loc	2 1193 20                       @ ../../../../../Library/StdDriver/src/fmc.c:1193:20
	ldr	r0, [sp, #8]
	ldr	r1, __arm_cp.20_2
	.loc	2 1193 18 is_stmt 0             @ ../../../../../Library/StdDriver/src/fmc.c:1193:18
	str	r0, [r1]
	ldr	r1, __arm_cp.20_3
	ldr	r0, __arm_cp.20_4
	.loc	2 1194 17 is_stmt 1             @ ../../../../../Library/StdDriver/src/fmc.c:1194:17
	str	r0, [r1]
	ldr	r1, __arm_cp.20_5
	movs	r0, #1
	.loc	2 1195 17                       @ ../../../../../Library/StdDriver/src/fmc.c:1195:17
	str	r0, [r1]
	.loc	2 1197 21                       @ ../../../../../Library/StdDriver/src/fmc.c:1197:21
	ldr	r0, __arm_cp.20_6
	ldr	r0, [r0]
	lsrs	r0, r0, #3
	.loc	2 1197 19 is_stmt 0             @ ../../../../../Library/StdDriver/src/fmc.c:1197:19
	str	r0, [sp]
	.loc	2 1198 5 is_stmt 1              @ ../../../../../Library/StdDriver/src/fmc.c:1198:5
	b	.LBB20_1
.LBB20_1:                               @ =>This Inner Loop Header: Depth=1
	.loc	2 0 5 is_stmt 0                 @ ../../../../../Library/StdDriver/src/fmc.c:0:5
	ldr	r0, __arm_cp.20_5
	.loc	2 1198 16                       @ ../../../../../Library/StdDriver/src/fmc.c:1198:16
	ldr	r0, [r0]
	.loc	2 1198 5                        @ ../../../../../Library/StdDriver/src/fmc.c:1198:5
	lsls	r0, r0, #31
	cbz	r0, .LBB20_5
	b	.LBB20_2
.LBB20_2:                               @   in Loop: Header=BB20_1 Depth=1
.Ltmp357:
	.loc	2 1200 26 is_stmt 1             @ ../../../../../Library/StdDriver/src/fmc.c:1200:26
	ldr	r0, [sp]
	subs	r1, r0, #1
	str	r1, [sp]
.Ltmp358:
	.loc	2 1200 13 is_stmt 0             @ ../../../../../Library/StdDriver/src/fmc.c:1200:13
	cmp	r0, #0
	bgt	.LBB20_4
	b	.LBB20_3
.LBB20_3:
.Ltmp359:
	.loc	2 1202 30 is_stmt 1             @ ../../../../../Library/StdDriver/src/fmc.c:1202:30
	ldr	r1, __arm_cp.20_0
	movs	r0, #0
	mvns	r0, r0
	str	r0, [r1]
	.loc	2 1203 17                       @ ../../../../../Library/StdDriver/src/fmc.c:1203:17
	str	r0, [sp, #4]
	.loc	2 1204 13                       @ ../../../../../Library/StdDriver/src/fmc.c:1204:13
	b	.LBB20_5
.Ltmp360:
.LBB20_4:                               @   in Loop: Header=BB20_1 Depth=1
	.loc	2 1198 5                        @ ../../../../../Library/StdDriver/src/fmc.c:1198:5
	b	.LBB20_1
.LBB20_5:
	.loc	2 0 5 is_stmt 0                 @ ../../../../../Library/StdDriver/src/fmc.c:0:5
	ldr	r0, __arm_cp.20_7
.Ltmp361:
	.loc	2 1208 13 is_stmt 1             @ ../../../../../Library/StdDriver/src/fmc.c:1208:13
	ldr	r0, [r0]
.Ltmp362:
	.loc	2 1208 8 is_stmt 0              @ ../../../../../Library/StdDriver/src/fmc.c:1208:8
	lsls	r0, r0, #25
	cmp	r0, #0
	bpl	.LBB20_7
	b	.LBB20_6
.LBB20_6:
	.loc	2 0 8                           @ ../../../../../Library/StdDriver/src/fmc.c:0:8
	ldr	r1, __arm_cp.20_7
.Ltmp363:
	.loc	2 1210 21 is_stmt 1             @ ../../../../../Library/StdDriver/src/fmc.c:1210:21
	ldr	r0, [r1]
	movs	r2, #64
	orrs	r0, r2
	str	r0, [r1]
	.loc	2 1211 26                       @ ../../../../../Library/StdDriver/src/fmc.c:1211:26
	ldr	r1, __arm_cp.20_0
	movs	r0, #0
	mvns	r0, r0
	str	r0, [r1]
	.loc	2 1212 13                       @ ../../../../../Library/StdDriver/src/fmc.c:1212:13
	str	r0, [sp, #4]
	.loc	2 1213 5                        @ ../../../../../Library/StdDriver/src/fmc.c:1213:5
	b	.LBB20_7
.Ltmp364:
.LBB20_7:
	.loc	2 1214 12                       @ ../../../../../Library/StdDriver/src/fmc.c:1214:12
	ldr	r0, [sp, #4]
	.loc	2 1214 5 is_stmt 0              @ ../../../../../Library/StdDriver/src/fmc.c:1214:5
	add	sp, #12
	bx	lr
.Ltmp365:
	.p2align	2
@ %bb.8:
	.loc	2 0 5                           @ ../../../../../Library/StdDriver/src/fmc.c:0:5
__arm_cp.20_0:
	.long	g_FMC_i32ErrCode
.Lcpi_end156:
	.size	__arm_cp.20_0, .Lcpi_end156-__arm_cp.20_0
__arm_cp.20_1:
	.long	1073790988                      @ 0x4000c00c
.Lcpi_end157:
	.size	__arm_cp.20_1, .Lcpi_end157-__arm_cp.20_1
__arm_cp.20_2:
	.long	1073790980                      @ 0x4000c004
.Lcpi_end158:
	.size	__arm_cp.20_2, .Lcpi_end158-__arm_cp.20_2
__arm_cp.20_3:
	.long	1073790984                      @ 0x4000c008
.Lcpi_end159:
	.size	__arm_cp.20_3, .Lcpi_end159-__arm_cp.20_3
__arm_cp.20_4:
	.long	1520786085                      @ 0x5aa55aa5
.Lcpi_end160:
	.size	__arm_cp.20_4, .Lcpi_end160-__arm_cp.20_4
__arm_cp.20_5:
	.long	1073790992                      @ 0x4000c010
.Lcpi_end161:
	.size	__arm_cp.20_5, .Lcpi_end161-__arm_cp.20_5
__arm_cp.20_6:
	.long	SystemCoreClock
.Lcpi_end162:
	.size	__arm_cp.20_6, .Lcpi_end162-__arm_cp.20_6
__arm_cp.20_7:
	.long	1073790976                      @ 0x4000c000
.Lcpi_end163:
	.size	__arm_cp.20_7, .Lcpi_end163-__arm_cp.20_7
.Lfunc_end20:
	.size	FMC_RemapBank, .Lfunc_end20-FMC_RemapBank
	.cfi_endproc
	.cantunwind
	.fnend
                                        @ -- End function
	.hidden	g_FMC_i32ErrCode                @ @g_FMC_i32ErrCode
	.type	g_FMC_i32ErrCode,%object
	.section	.bss.g_FMC_i32ErrCode,"aw",%nobits
	.globl	g_FMC_i32ErrCode
	.p2align	2, 0x0
g_FMC_i32ErrCode:
	.long	0                               @ 0x0
	.size	g_FMC_i32ErrCode, 4

	.section	.debug_abbrev,"",%progbits
	.byte	1                               @ Abbreviation Code
	.byte	17                              @ DW_TAG_compile_unit
	.byte	1                               @ DW_CHILDREN_yes
	.byte	37                              @ DW_AT_producer
	.byte	14                              @ DW_FORM_strp
	.byte	19                              @ DW_AT_language
	.byte	5                               @ DW_FORM_data2
	.byte	3                               @ DW_AT_name
	.byte	14                              @ DW_FORM_strp
	.byte	16                              @ DW_AT_stmt_list
	.byte	23                              @ DW_FORM_sec_offset
	.byte	27                              @ DW_AT_comp_dir
	.byte	14                              @ DW_FORM_strp
	.byte	17                              @ DW_AT_low_pc
	.byte	1                               @ DW_FORM_addr
	.byte	85                              @ DW_AT_ranges
	.byte	23                              @ DW_FORM_sec_offset
	.byte	0                               @ EOM(1)
	.byte	0                               @ EOM(2)
	.byte	2                               @ Abbreviation Code
	.byte	52                              @ DW_TAG_variable
	.byte	0                               @ DW_CHILDREN_no
	.byte	3                               @ DW_AT_name
	.byte	14                              @ DW_FORM_strp
	.byte	73                              @ DW_AT_type
	.byte	19                              @ DW_FORM_ref4
	.byte	63                              @ DW_AT_external
	.byte	25                              @ DW_FORM_flag_present
	.byte	58                              @ DW_AT_decl_file
	.byte	11                              @ DW_FORM_data1
	.byte	59                              @ DW_AT_decl_line
	.byte	11                              @ DW_FORM_data1
	.byte	2                               @ DW_AT_location
	.byte	24                              @ DW_FORM_exprloc
	.byte	0                               @ EOM(1)
	.byte	0                               @ EOM(2)
	.byte	3                               @ Abbreviation Code
	.byte	22                              @ DW_TAG_typedef
	.byte	0                               @ DW_CHILDREN_no
	.byte	73                              @ DW_AT_type
	.byte	19                              @ DW_FORM_ref4
	.byte	3                               @ DW_AT_name
	.byte	14                              @ DW_FORM_strp
	.byte	58                              @ DW_AT_decl_file
	.byte	11                              @ DW_FORM_data1
	.byte	59                              @ DW_AT_decl_line
	.byte	11                              @ DW_FORM_data1
	.byte	0                               @ EOM(1)
	.byte	0                               @ EOM(2)
	.byte	4                               @ Abbreviation Code
	.byte	36                              @ DW_TAG_base_type
	.byte	0                               @ DW_CHILDREN_no
	.byte	3                               @ DW_AT_name
	.byte	14                              @ DW_FORM_strp
	.byte	62                              @ DW_AT_encoding
	.byte	11                              @ DW_FORM_data1
	.byte	11                              @ DW_AT_byte_size
	.byte	11                              @ DW_FORM_data1
	.byte	0                               @ EOM(1)
	.byte	0                               @ EOM(2)
	.byte	5                               @ Abbreviation Code
	.byte	15                              @ DW_TAG_pointer_type
	.byte	0                               @ DW_CHILDREN_no
	.byte	73                              @ DW_AT_type
	.byte	19                              @ DW_FORM_ref4
	.byte	0                               @ EOM(1)
	.byte	0                               @ EOM(2)
	.byte	6                               @ Abbreviation Code
	.byte	22                              @ DW_TAG_typedef
	.byte	0                               @ DW_CHILDREN_no
	.byte	73                              @ DW_AT_type
	.byte	19                              @ DW_FORM_ref4
	.byte	3                               @ DW_AT_name
	.byte	14                              @ DW_FORM_strp
	.byte	58                              @ DW_AT_decl_file
	.byte	11                              @ DW_FORM_data1
	.byte	59                              @ DW_AT_decl_line
	.byte	5                               @ DW_FORM_data2
	.byte	0                               @ EOM(1)
	.byte	0                               @ EOM(2)
	.byte	7                               @ Abbreviation Code
	.byte	19                              @ DW_TAG_structure_type
	.byte	1                               @ DW_CHILDREN_yes
	.byte	11                              @ DW_AT_byte_size
	.byte	5                               @ DW_FORM_data2
	.byte	58                              @ DW_AT_decl_file
	.byte	11                              @ DW_FORM_data1
	.byte	59                              @ DW_AT_decl_line
	.byte	11                              @ DW_FORM_data1
	.byte	0                               @ EOM(1)
	.byte	0                               @ EOM(2)
	.byte	8                               @ Abbreviation Code
	.byte	13                              @ DW_TAG_member
	.byte	0                               @ DW_CHILDREN_no
	.byte	3                               @ DW_AT_name
	.byte	14                              @ DW_FORM_strp
	.byte	73                              @ DW_AT_type
	.byte	19                              @ DW_FORM_ref4
	.byte	58                              @ DW_AT_decl_file
	.byte	11                              @ DW_FORM_data1
	.byte	59                              @ DW_AT_decl_line
	.byte	5                               @ DW_FORM_data2
	.byte	56                              @ DW_AT_data_member_location
	.byte	11                              @ DW_FORM_data1
	.byte	0                               @ EOM(1)
	.byte	0                               @ EOM(2)
	.byte	9                               @ Abbreviation Code
	.byte	13                              @ DW_TAG_member
	.byte	0                               @ DW_CHILDREN_no
	.byte	3                               @ DW_AT_name
	.byte	14                              @ DW_FORM_strp
	.byte	73                              @ DW_AT_type
	.byte	19                              @ DW_FORM_ref4
	.byte	58                              @ DW_AT_decl_file
	.byte	11                              @ DW_FORM_data1
	.byte	59                              @ DW_AT_decl_line
	.byte	5                               @ DW_FORM_data2
	.byte	56                              @ DW_AT_data_member_location
	.byte	5                               @ DW_FORM_data2
	.byte	0                               @ EOM(1)
	.byte	0                               @ EOM(2)
	.byte	10                              @ Abbreviation Code
	.byte	53                              @ DW_TAG_volatile_type
	.byte	0                               @ DW_CHILDREN_no
	.byte	73                              @ DW_AT_type
	.byte	19                              @ DW_FORM_ref4
	.byte	0                               @ EOM(1)
	.byte	0                               @ EOM(2)
	.byte	11                              @ Abbreviation Code
	.byte	1                               @ DW_TAG_array_type
	.byte	1                               @ DW_CHILDREN_yes
	.byte	73                              @ DW_AT_type
	.byte	19                              @ DW_FORM_ref4
	.byte	0                               @ EOM(1)
	.byte	0                               @ EOM(2)
	.byte	12                              @ Abbreviation Code
	.byte	33                              @ DW_TAG_subrange_type
	.byte	0                               @ DW_CHILDREN_no
	.byte	73                              @ DW_AT_type
	.byte	19                              @ DW_FORM_ref4
	.byte	55                              @ DW_AT_count
	.byte	11                              @ DW_FORM_data1
	.byte	0                               @ EOM(1)
	.byte	0                               @ EOM(2)
	.byte	13                              @ Abbreviation Code
	.byte	38                              @ DW_TAG_const_type
	.byte	0                               @ DW_CHILDREN_no
	.byte	73                              @ DW_AT_type
	.byte	19                              @ DW_FORM_ref4
	.byte	0                               @ EOM(1)
	.byte	0                               @ EOM(2)
	.byte	14                              @ Abbreviation Code
	.byte	36                              @ DW_TAG_base_type
	.byte	0                               @ DW_CHILDREN_no
	.byte	3                               @ DW_AT_name
	.byte	14                              @ DW_FORM_strp
	.byte	11                              @ DW_AT_byte_size
	.byte	11                              @ DW_FORM_data1
	.byte	62                              @ DW_AT_encoding
	.byte	11                              @ DW_FORM_data1
	.byte	0                               @ EOM(1)
	.byte	0                               @ EOM(2)
	.byte	15                              @ Abbreviation Code
	.byte	46                              @ DW_TAG_subprogram
	.byte	1                               @ DW_CHILDREN_yes
	.byte	17                              @ DW_AT_low_pc
	.byte	1                               @ DW_FORM_addr
	.byte	18                              @ DW_AT_high_pc
	.byte	6                               @ DW_FORM_data4
	.byte	64                              @ DW_AT_frame_base
	.byte	24                              @ DW_FORM_exprloc
	.byte	3                               @ DW_AT_name
	.byte	14                              @ DW_FORM_strp
	.byte	58                              @ DW_AT_decl_file
	.byte	11                              @ DW_FORM_data1
	.byte	59                              @ DW_AT_decl_line
	.byte	11                              @ DW_FORM_data1
	.byte	39                              @ DW_AT_prototyped
	.byte	25                              @ DW_FORM_flag_present
	.byte	73                              @ DW_AT_type
	.byte	19                              @ DW_FORM_ref4
	.byte	63                              @ DW_AT_external
	.byte	25                              @ DW_FORM_flag_present
	.byte	0                               @ EOM(1)
	.byte	0                               @ EOM(2)
	.byte	16                              @ Abbreviation Code
	.byte	5                               @ DW_TAG_formal_parameter
	.byte	0                               @ DW_CHILDREN_no
	.byte	2                               @ DW_AT_location
	.byte	24                              @ DW_FORM_exprloc
	.byte	3                               @ DW_AT_name
	.byte	14                              @ DW_FORM_strp
	.byte	58                              @ DW_AT_decl_file
	.byte	11                              @ DW_FORM_data1
	.byte	59                              @ DW_AT_decl_line
	.byte	11                              @ DW_FORM_data1
	.byte	73                              @ DW_AT_type
	.byte	19                              @ DW_FORM_ref4
	.byte	0                               @ EOM(1)
	.byte	0                               @ EOM(2)
	.byte	17                              @ Abbreviation Code
	.byte	52                              @ DW_TAG_variable
	.byte	0                               @ DW_CHILDREN_no
	.byte	2                               @ DW_AT_location
	.byte	24                              @ DW_FORM_exprloc
	.byte	3                               @ DW_AT_name
	.byte	14                              @ DW_FORM_strp
	.byte	58                              @ DW_AT_decl_file
	.byte	11                              @ DW_FORM_data1
	.byte	59                              @ DW_AT_decl_line
	.byte	11                              @ DW_FORM_data1
	.byte	73                              @ DW_AT_type
	.byte	19                              @ DW_FORM_ref4
	.byte	0                               @ EOM(1)
	.byte	0                               @ EOM(2)
	.byte	18                              @ Abbreviation Code
	.byte	46                              @ DW_TAG_subprogram
	.byte	0                               @ DW_CHILDREN_no
	.byte	17                              @ DW_AT_low_pc
	.byte	1                               @ DW_FORM_addr
	.byte	18                              @ DW_AT_high_pc
	.byte	6                               @ DW_FORM_data4
	.byte	64                              @ DW_AT_frame_base
	.byte	24                              @ DW_FORM_exprloc
	.byte	3                               @ DW_AT_name
	.byte	14                              @ DW_FORM_strp
	.byte	58                              @ DW_AT_decl_file
	.byte	11                              @ DW_FORM_data1
	.byte	59                              @ DW_AT_decl_line
	.byte	11                              @ DW_FORM_data1
	.byte	39                              @ DW_AT_prototyped
	.byte	25                              @ DW_FORM_flag_present
	.byte	63                              @ DW_AT_external
	.byte	25                              @ DW_FORM_flag_present
	.byte	0                               @ EOM(1)
	.byte	0                               @ EOM(2)
	.byte	19                              @ Abbreviation Code
	.byte	46                              @ DW_TAG_subprogram
	.byte	1                               @ DW_CHILDREN_yes
	.byte	17                              @ DW_AT_low_pc
	.byte	1                               @ DW_FORM_addr
	.byte	18                              @ DW_AT_high_pc
	.byte	6                               @ DW_FORM_data4
	.byte	64                              @ DW_AT_frame_base
	.byte	24                              @ DW_FORM_exprloc
	.byte	3                               @ DW_AT_name
	.byte	14                              @ DW_FORM_strp
	.byte	58                              @ DW_AT_decl_file
	.byte	11                              @ DW_FORM_data1
	.byte	59                              @ DW_AT_decl_line
	.byte	5                               @ DW_FORM_data2
	.byte	39                              @ DW_AT_prototyped
	.byte	25                              @ DW_FORM_flag_present
	.byte	73                              @ DW_AT_type
	.byte	19                              @ DW_FORM_ref4
	.byte	63                              @ DW_AT_external
	.byte	25                              @ DW_FORM_flag_present
	.byte	0                               @ EOM(1)
	.byte	0                               @ EOM(2)
	.byte	20                              @ Abbreviation Code
	.byte	5                               @ DW_TAG_formal_parameter
	.byte	0                               @ DW_CHILDREN_no
	.byte	2                               @ DW_AT_location
	.byte	24                              @ DW_FORM_exprloc
	.byte	3                               @ DW_AT_name
	.byte	14                              @ DW_FORM_strp
	.byte	58                              @ DW_AT_decl_file
	.byte	11                              @ DW_FORM_data1
	.byte	59                              @ DW_AT_decl_line
	.byte	5                               @ DW_FORM_data2
	.byte	73                              @ DW_AT_type
	.byte	19                              @ DW_FORM_ref4
	.byte	0                               @ EOM(1)
	.byte	0                               @ EOM(2)
	.byte	21                              @ Abbreviation Code
	.byte	52                              @ DW_TAG_variable
	.byte	0                               @ DW_CHILDREN_no
	.byte	2                               @ DW_AT_location
	.byte	24                              @ DW_FORM_exprloc
	.byte	3                               @ DW_AT_name
	.byte	14                              @ DW_FORM_strp
	.byte	58                              @ DW_AT_decl_file
	.byte	11                              @ DW_FORM_data1
	.byte	59                              @ DW_AT_decl_line
	.byte	5                               @ DW_FORM_data2
	.byte	73                              @ DW_AT_type
	.byte	19                              @ DW_FORM_ref4
	.byte	0                               @ EOM(1)
	.byte	0                               @ EOM(2)
	.byte	22                              @ Abbreviation Code
	.byte	46                              @ DW_TAG_subprogram
	.byte	0                               @ DW_CHILDREN_no
	.byte	17                              @ DW_AT_low_pc
	.byte	1                               @ DW_FORM_addr
	.byte	18                              @ DW_AT_high_pc
	.byte	6                               @ DW_FORM_data4
	.byte	64                              @ DW_AT_frame_base
	.byte	24                              @ DW_FORM_exprloc
	.byte	3                               @ DW_AT_name
	.byte	14                              @ DW_FORM_strp
	.byte	58                              @ DW_AT_decl_file
	.byte	11                              @ DW_FORM_data1
	.byte	59                              @ DW_AT_decl_line
	.byte	5                               @ DW_FORM_data2
	.byte	39                              @ DW_AT_prototyped
	.byte	25                              @ DW_FORM_flag_present
	.byte	63                              @ DW_AT_external
	.byte	25                              @ DW_FORM_flag_present
	.byte	0                               @ EOM(1)
	.byte	0                               @ EOM(2)
	.byte	23                              @ Abbreviation Code
	.byte	46                              @ DW_TAG_subprogram
	.byte	1                               @ DW_CHILDREN_yes
	.byte	3                               @ DW_AT_name
	.byte	14                              @ DW_FORM_strp
	.byte	58                              @ DW_AT_decl_file
	.byte	11                              @ DW_FORM_data1
	.byte	59                              @ DW_AT_decl_line
	.byte	5                               @ DW_FORM_data2
	.byte	39                              @ DW_AT_prototyped
	.byte	25                              @ DW_FORM_flag_present
	.byte	32                              @ DW_AT_inline
	.byte	11                              @ DW_FORM_data1
	.byte	0                               @ EOM(1)
	.byte	0                               @ EOM(2)
	.byte	24                              @ Abbreviation Code
	.byte	5                               @ DW_TAG_formal_parameter
	.byte	0                               @ DW_CHILDREN_no
	.byte	3                               @ DW_AT_name
	.byte	14                              @ DW_FORM_strp
	.byte	58                              @ DW_AT_decl_file
	.byte	11                              @ DW_FORM_data1
	.byte	59                              @ DW_AT_decl_line
	.byte	5                               @ DW_FORM_data2
	.byte	73                              @ DW_AT_type
	.byte	19                              @ DW_FORM_ref4
	.byte	0                               @ EOM(1)
	.byte	0                               @ EOM(2)
	.byte	25                              @ Abbreviation Code
	.byte	29                              @ DW_TAG_inlined_subroutine
	.byte	1                               @ DW_CHILDREN_yes
	.byte	49                              @ DW_AT_abstract_origin
	.byte	19                              @ DW_FORM_ref4
	.byte	17                              @ DW_AT_low_pc
	.byte	1                               @ DW_FORM_addr
	.byte	18                              @ DW_AT_high_pc
	.byte	6                               @ DW_FORM_data4
	.byte	88                              @ DW_AT_call_file
	.byte	11                              @ DW_FORM_data1
	.byte	89                              @ DW_AT_call_line
	.byte	5                               @ DW_FORM_data2
	.byte	87                              @ DW_AT_call_column
	.byte	11                              @ DW_FORM_data1
	.byte	0                               @ EOM(1)
	.byte	0                               @ EOM(2)
	.byte	26                              @ Abbreviation Code
	.byte	5                               @ DW_TAG_formal_parameter
	.byte	0                               @ DW_CHILDREN_no
	.byte	2                               @ DW_AT_location
	.byte	24                              @ DW_FORM_exprloc
	.byte	49                              @ DW_AT_abstract_origin
	.byte	19                              @ DW_FORM_ref4
	.byte	0                               @ EOM(1)
	.byte	0                               @ EOM(2)
	.byte	0                               @ EOM(3)
	.section	.debug_info,"",%progbits
.Lcu_begin0:
	.long	.Ldebug_info_end0-.Ldebug_info_start0 @ Length of Unit
.Ldebug_info_start0:
	.short	4                               @ DWARF version number
	.long	.debug_abbrev                   @ Offset Into Abbrev. Section
	.byte	4                               @ Address Size (in bytes)
	.byte	1                               @ Abbrev [1] 0xb:0x983 DW_TAG_compile_unit
	.long	.Linfo_string0                  @ DW_AT_producer
	.short	12                              @ DW_AT_language
	.long	.Linfo_string1                  @ DW_AT_name
	.long	.Lline_table_start0             @ DW_AT_stmt_list
	.long	.Linfo_string2                  @ DW_AT_comp_dir
	.long	0                               @ DW_AT_low_pc
	.long	.Ldebug_ranges0                 @ DW_AT_ranges
	.byte	2                               @ Abbrev [2] 0x26:0x11 DW_TAG_variable
	.long	.Linfo_string3                  @ DW_AT_name
	.long	55                              @ DW_AT_type
                                        @ DW_AT_external
	.byte	2                               @ DW_AT_decl_file
	.byte	20                              @ DW_AT_decl_line
	.byte	5                               @ DW_AT_location
	.byte	3
	.long	g_FMC_i32ErrCode
	.byte	3                               @ Abbrev [3] 0x37:0xb DW_TAG_typedef
	.long	66                              @ DW_AT_type
	.long	.Linfo_string5                  @ DW_AT_name
	.byte	1                               @ DW_AT_decl_file
	.byte	58                              @ DW_AT_decl_line
	.byte	4                               @ Abbrev [4] 0x42:0x7 DW_TAG_base_type
	.long	.Linfo_string4                  @ DW_AT_name
	.byte	5                               @ DW_AT_encoding
	.byte	4                               @ DW_AT_byte_size
	.byte	5                               @ Abbrev [5] 0x49:0x5 DW_TAG_pointer_type
	.long	78                              @ DW_AT_type
	.byte	6                               @ Abbrev [6] 0x4e:0xc DW_TAG_typedef
	.long	90                              @ DW_AT_type
	.long	.Linfo_string37                 @ DW_AT_name
	.byte	3                               @ DW_AT_decl_file
	.short	403                             @ DW_AT_decl_line
	.byte	7                               @ Abbrev [7] 0x5a:0x176 DW_TAG_structure_type
	.short	272                             @ DW_AT_byte_size
	.byte	3                               @ DW_AT_decl_file
	.byte	26                              @ DW_AT_decl_line
	.byte	8                               @ Abbrev [8] 0x5f:0xd DW_TAG_member
	.long	.Linfo_string6                  @ DW_AT_name
	.long	464                             @ DW_AT_type
	.byte	3                               @ DW_AT_decl_file
	.short	374                             @ DW_AT_decl_line
	.byte	0                               @ DW_AT_data_member_location
	.byte	8                               @ Abbrev [8] 0x6c:0xd DW_TAG_member
	.long	.Linfo_string9                  @ DW_AT_name
	.long	464                             @ DW_AT_type
	.byte	3                               @ DW_AT_decl_file
	.short	375                             @ DW_AT_decl_line
	.byte	4                               @ DW_AT_data_member_location
	.byte	8                               @ Abbrev [8] 0x79:0xd DW_TAG_member
	.long	.Linfo_string10                 @ DW_AT_name
	.long	464                             @ DW_AT_type
	.byte	3                               @ DW_AT_decl_file
	.short	376                             @ DW_AT_decl_line
	.byte	8                               @ DW_AT_data_member_location
	.byte	8                               @ Abbrev [8] 0x86:0xd DW_TAG_member
	.long	.Linfo_string11                 @ DW_AT_name
	.long	464                             @ DW_AT_type
	.byte	3                               @ DW_AT_decl_file
	.short	377                             @ DW_AT_decl_line
	.byte	12                              @ DW_AT_data_member_location
	.byte	8                               @ Abbrev [8] 0x93:0xd DW_TAG_member
	.long	.Linfo_string12                 @ DW_AT_name
	.long	464                             @ DW_AT_type
	.byte	3                               @ DW_AT_decl_file
	.short	378                             @ DW_AT_decl_line
	.byte	16                              @ DW_AT_data_member_location
	.byte	8                               @ Abbrev [8] 0xa0:0xd DW_TAG_member
	.long	.Linfo_string13                 @ DW_AT_name
	.long	487                             @ DW_AT_type
	.byte	3                               @ DW_AT_decl_file
	.short	379                             @ DW_AT_decl_line
	.byte	20                              @ DW_AT_data_member_location
	.byte	8                               @ Abbrev [8] 0xad:0xd DW_TAG_member
	.long	.Linfo_string15                 @ DW_AT_name
	.long	464                             @ DW_AT_type
	.byte	3                               @ DW_AT_decl_file
	.short	380                             @ DW_AT_decl_line
	.byte	64                              @ DW_AT_data_member_location
	.byte	8                               @ Abbrev [8] 0xba:0xd DW_TAG_member
	.long	.Linfo_string16                 @ DW_AT_name
	.long	511                             @ DW_AT_type
	.byte	3                               @ DW_AT_decl_file
	.short	381                             @ DW_AT_decl_line
	.byte	68                              @ DW_AT_data_member_location
	.byte	8                               @ Abbrev [8] 0xc7:0xd DW_TAG_member
	.long	.Linfo_string17                 @ DW_AT_name
	.long	464                             @ DW_AT_type
	.byte	3                               @ DW_AT_decl_file
	.short	382                             @ DW_AT_decl_line
	.byte	76                              @ DW_AT_data_member_location
	.byte	8                               @ Abbrev [8] 0xd4:0xd DW_TAG_member
	.long	.Linfo_string18                 @ DW_AT_name
	.long	523                             @ DW_AT_type
	.byte	3                               @ DW_AT_decl_file
	.short	383                             @ DW_AT_decl_line
	.byte	80                              @ DW_AT_data_member_location
	.byte	8                               @ Abbrev [8] 0xe1:0xd DW_TAG_member
	.long	.Linfo_string19                 @ DW_AT_name
	.long	464                             @ DW_AT_type
	.byte	3                               @ DW_AT_decl_file
	.short	384                             @ DW_AT_decl_line
	.byte	128                             @ DW_AT_data_member_location
	.byte	8                               @ Abbrev [8] 0xee:0xd DW_TAG_member
	.long	.Linfo_string20                 @ DW_AT_name
	.long	464                             @ DW_AT_type
	.byte	3                               @ DW_AT_decl_file
	.short	385                             @ DW_AT_decl_line
	.byte	132                             @ DW_AT_data_member_location
	.byte	8                               @ Abbrev [8] 0xfb:0xd DW_TAG_member
	.long	.Linfo_string21                 @ DW_AT_name
	.long	464                             @ DW_AT_type
	.byte	3                               @ DW_AT_decl_file
	.short	386                             @ DW_AT_decl_line
	.byte	136                             @ DW_AT_data_member_location
	.byte	8                               @ Abbrev [8] 0x108:0xd DW_TAG_member
	.long	.Linfo_string22                 @ DW_AT_name
	.long	464                             @ DW_AT_type
	.byte	3                               @ DW_AT_decl_file
	.short	387                             @ DW_AT_decl_line
	.byte	140                             @ DW_AT_data_member_location
	.byte	8                               @ Abbrev [8] 0x115:0xd DW_TAG_member
	.long	.Linfo_string23                 @ DW_AT_name
	.long	523                             @ DW_AT_type
	.byte	3                               @ DW_AT_decl_file
	.short	388                             @ DW_AT_decl_line
	.byte	144                             @ DW_AT_data_member_location
	.byte	8                               @ Abbrev [8] 0x122:0xd DW_TAG_member
	.long	.Linfo_string24                 @ DW_AT_name
	.long	499                             @ DW_AT_type
	.byte	3                               @ DW_AT_decl_file
	.short	389                             @ DW_AT_decl_line
	.byte	192                             @ DW_AT_data_member_location
	.byte	8                               @ Abbrev [8] 0x12f:0xd DW_TAG_member
	.long	.Linfo_string25                 @ DW_AT_name
	.long	499                             @ DW_AT_type
	.byte	3                               @ DW_AT_decl_file
	.short	390                             @ DW_AT_decl_line
	.byte	196                             @ DW_AT_data_member_location
	.byte	8                               @ Abbrev [8] 0x13c:0xd DW_TAG_member
	.long	.Linfo_string26                 @ DW_AT_name
	.long	511                             @ DW_AT_type
	.byte	3                               @ DW_AT_decl_file
	.short	391                             @ DW_AT_decl_line
	.byte	200                             @ DW_AT_data_member_location
	.byte	8                               @ Abbrev [8] 0x149:0xd DW_TAG_member
	.long	.Linfo_string27                 @ DW_AT_name
	.long	499                             @ DW_AT_type
	.byte	3                               @ DW_AT_decl_file
	.short	392                             @ DW_AT_decl_line
	.byte	208                             @ DW_AT_data_member_location
	.byte	8                               @ Abbrev [8] 0x156:0xd DW_TAG_member
	.long	.Linfo_string28                 @ DW_AT_name
	.long	499                             @ DW_AT_type
	.byte	3                               @ DW_AT_decl_file
	.short	393                             @ DW_AT_decl_line
	.byte	212                             @ DW_AT_data_member_location
	.byte	8                               @ Abbrev [8] 0x163:0xd DW_TAG_member
	.long	.Linfo_string29                 @ DW_AT_name
	.long	499                             @ DW_AT_type
	.byte	3                               @ DW_AT_decl_file
	.short	394                             @ DW_AT_decl_line
	.byte	216                             @ DW_AT_data_member_location
	.byte	8                               @ Abbrev [8] 0x170:0xd DW_TAG_member
	.long	.Linfo_string30                 @ DW_AT_name
	.long	499                             @ DW_AT_type
	.byte	3                               @ DW_AT_decl_file
	.short	395                             @ DW_AT_decl_line
	.byte	220                             @ DW_AT_data_member_location
	.byte	8                               @ Abbrev [8] 0x17d:0xd DW_TAG_member
	.long	.Linfo_string31                 @ DW_AT_name
	.long	499                             @ DW_AT_type
	.byte	3                               @ DW_AT_decl_file
	.short	396                             @ DW_AT_decl_line
	.byte	224                             @ DW_AT_data_member_location
	.byte	8                               @ Abbrev [8] 0x18a:0xd DW_TAG_member
	.long	.Linfo_string32                 @ DW_AT_name
	.long	535                             @ DW_AT_type
	.byte	3                               @ DW_AT_decl_file
	.short	397                             @ DW_AT_decl_line
	.byte	228                             @ DW_AT_data_member_location
	.byte	9                               @ Abbrev [9] 0x197:0xe DW_TAG_member
	.long	.Linfo_string33                 @ DW_AT_name
	.long	464                             @ DW_AT_type
	.byte	3                               @ DW_AT_decl_file
	.short	398                             @ DW_AT_decl_line
	.short	256                             @ DW_AT_data_member_location
	.byte	9                               @ Abbrev [9] 0x1a5:0xe DW_TAG_member
	.long	.Linfo_string34                 @ DW_AT_name
	.long	499                             @ DW_AT_type
	.byte	3                               @ DW_AT_decl_file
	.short	399                             @ DW_AT_decl_line
	.short	260                             @ DW_AT_data_member_location
	.byte	9                               @ Abbrev [9] 0x1b3:0xe DW_TAG_member
	.long	.Linfo_string35                 @ DW_AT_name
	.long	464                             @ DW_AT_type
	.byte	3                               @ DW_AT_decl_file
	.short	400                             @ DW_AT_decl_line
	.short	264                             @ DW_AT_data_member_location
	.byte	9                               @ Abbrev [9] 0x1c1:0xe DW_TAG_member
	.long	.Linfo_string36                 @ DW_AT_name
	.long	464                             @ DW_AT_type
	.byte	3                               @ DW_AT_decl_file
	.short	401                             @ DW_AT_decl_line
	.short	268                             @ DW_AT_data_member_location
	.byte	0                               @ End Of Children Mark
	.byte	10                              @ Abbrev [10] 0x1d0:0x5 DW_TAG_volatile_type
	.long	469                             @ DW_AT_type
	.byte	3                               @ Abbrev [3] 0x1d5:0xb DW_TAG_typedef
	.long	480                             @ DW_AT_type
	.long	.Linfo_string8                  @ DW_AT_name
	.byte	1                               @ DW_AT_decl_file
	.byte	64                              @ DW_AT_decl_line
	.byte	4                               @ Abbrev [4] 0x1e0:0x7 DW_TAG_base_type
	.long	.Linfo_string7                  @ DW_AT_name
	.byte	7                               @ DW_AT_encoding
	.byte	4                               @ DW_AT_byte_size
	.byte	11                              @ Abbrev [11] 0x1e7:0xc DW_TAG_array_type
	.long	499                             @ DW_AT_type
	.byte	12                              @ Abbrev [12] 0x1ec:0x6 DW_TAG_subrange_type
	.long	504                             @ DW_AT_type
	.byte	11                              @ DW_AT_count
	.byte	0                               @ End Of Children Mark
	.byte	13                              @ Abbrev [13] 0x1f3:0x5 DW_TAG_const_type
	.long	464                             @ DW_AT_type
	.byte	14                              @ Abbrev [14] 0x1f8:0x7 DW_TAG_base_type
	.long	.Linfo_string14                 @ DW_AT_name
	.byte	8                               @ DW_AT_byte_size
	.byte	7                               @ DW_AT_encoding
	.byte	11                              @ Abbrev [11] 0x1ff:0xc DW_TAG_array_type
	.long	499                             @ DW_AT_type
	.byte	12                              @ Abbrev [12] 0x204:0x6 DW_TAG_subrange_type
	.long	504                             @ DW_AT_type
	.byte	2                               @ DW_AT_count
	.byte	0                               @ End Of Children Mark
	.byte	11                              @ Abbrev [11] 0x20b:0xc DW_TAG_array_type
	.long	499                             @ DW_AT_type
	.byte	12                              @ Abbrev [12] 0x210:0x6 DW_TAG_subrange_type
	.long	504                             @ DW_AT_type
	.byte	12                              @ DW_AT_count
	.byte	0                               @ End Of Children Mark
	.byte	11                              @ Abbrev [11] 0x217:0xc DW_TAG_array_type
	.long	499                             @ DW_AT_type
	.byte	12                              @ Abbrev [12] 0x21c:0x6 DW_TAG_subrange_type
	.long	504                             @ DW_AT_type
	.byte	7                               @ DW_AT_count
	.byte	0                               @ End Of Children Mark
	.byte	5                               @ Abbrev [5] 0x223:0x5 DW_TAG_pointer_type
	.long	552                             @ DW_AT_type
	.byte	3                               @ Abbrev [3] 0x228:0xb DW_TAG_typedef
	.long	563                             @ DW_AT_type
	.long	.Linfo_string38                 @ DW_AT_name
	.byte	4                               @ DW_AT_decl_file
	.byte	32                              @ DW_AT_decl_line
	.byte	10                              @ Abbrev [10] 0x233:0x5 DW_TAG_volatile_type
	.long	480                             @ DW_AT_type
	.byte	15                              @ Abbrev [15] 0x238:0x61 DW_TAG_subprogram
	.long	.Lfunc_begin0                   @ DW_AT_low_pc
	.long	.Lfunc_end0-.Lfunc_begin0       @ DW_AT_high_pc
	.byte	1                               @ DW_AT_frame_base
	.byte	93
	.long	.Linfo_string41                 @ DW_AT_name
	.byte	2                               @ DW_AT_decl_file
	.byte	41                              @ DW_AT_decl_line
                                        @ DW_AT_prototyped
	.long	469                             @ DW_AT_type
                                        @ DW_AT_external
	.byte	16                              @ Abbrev [16] 0x24d:0xf DW_TAG_formal_parameter
	.byte	3                               @ DW_AT_location
	.byte	145
	.ascii	"\214\001"
	.long	.Linfo_string62                 @ DW_AT_name
	.byte	2                               @ DW_AT_decl_file
	.byte	41                              @ DW_AT_decl_line
	.long	469                             @ DW_AT_type
	.byte	16                              @ Abbrev [16] 0x25c:0xf DW_TAG_formal_parameter
	.byte	3                               @ DW_AT_location
	.byte	145
	.ascii	"\210\001"
	.long	.Linfo_string63                 @ DW_AT_name
	.byte	2                               @ DW_AT_decl_file
	.byte	41                              @ DW_AT_decl_line
	.long	469                             @ DW_AT_type
	.byte	17                              @ Abbrev [17] 0x26b:0xf DW_TAG_variable
	.byte	3                               @ DW_AT_location
	.byte	145
	.ascii	"\204\001"
	.long	.Linfo_string64                 @ DW_AT_name
	.byte	2                               @ DW_AT_decl_file
	.byte	43                              @ DW_AT_decl_line
	.long	469                             @ DW_AT_type
	.byte	17                              @ Abbrev [17] 0x27a:0xf DW_TAG_variable
	.byte	3                               @ DW_AT_location
	.byte	145
	.ascii	"\200\001"
	.long	.Linfo_string65                 @ DW_AT_name
	.byte	2                               @ DW_AT_decl_file
	.byte	44                              @ DW_AT_decl_line
	.long	55                              @ DW_AT_type
	.byte	17                              @ Abbrev [17] 0x289:0xf DW_TAG_variable
	.byte	3                               @ DW_AT_location
	.byte	145
	.asciz	"\374"
	.long	.Linfo_string66                 @ DW_AT_name
	.byte	2                               @ DW_AT_decl_file
	.byte	44                              @ DW_AT_decl_line
	.long	55                              @ DW_AT_type
	.byte	0                               @ End Of Children Mark
	.byte	18                              @ Abbrev [18] 0x299:0x11 DW_TAG_subprogram
	.long	.Lfunc_begin1                   @ DW_AT_low_pc
	.long	.Lfunc_end1-.Lfunc_begin1       @ DW_AT_high_pc
	.byte	1                               @ DW_AT_frame_base
	.byte	93
	.long	.Linfo_string42                 @ DW_AT_name
	.byte	2                               @ DW_AT_decl_file
	.byte	116                             @ DW_AT_decl_line
                                        @ DW_AT_prototyped
                                        @ DW_AT_external
	.byte	15                              @ Abbrev [15] 0x2aa:0x70 DW_TAG_subprogram
	.long	.Lfunc_begin2                   @ DW_AT_low_pc
	.long	.Lfunc_end2-.Lfunc_begin2       @ DW_AT_high_pc
	.byte	1                               @ DW_AT_frame_base
	.byte	93
	.long	.Linfo_string43                 @ DW_AT_name
	.byte	2                               @ DW_AT_decl_file
	.byte	140                             @ DW_AT_decl_line
                                        @ DW_AT_prototyped
	.long	55                              @ DW_AT_type
                                        @ DW_AT_external
	.byte	16                              @ Abbrev [16] 0x2bf:0xf DW_TAG_formal_parameter
	.byte	3                               @ DW_AT_location
	.byte	145
	.ascii	"\334\001"
	.long	.Linfo_string67                 @ DW_AT_name
	.byte	2                               @ DW_AT_decl_file
	.byte	140                             @ DW_AT_decl_line
	.long	469                             @ DW_AT_type
	.byte	16                              @ Abbrev [16] 0x2ce:0xf DW_TAG_formal_parameter
	.byte	3                               @ DW_AT_location
	.byte	145
	.ascii	"\330\001"
	.long	.Linfo_string68                 @ DW_AT_name
	.byte	2                               @ DW_AT_decl_file
	.byte	140                             @ DW_AT_decl_line
	.long	469                             @ DW_AT_type
	.byte	16                              @ Abbrev [16] 0x2dd:0xf DW_TAG_formal_parameter
	.byte	3                               @ DW_AT_location
	.byte	145
	.ascii	"\324\001"
	.long	.Linfo_string69                 @ DW_AT_name
	.byte	2                               @ DW_AT_decl_file
	.byte	140                             @ DW_AT_decl_line
	.long	2422                            @ DW_AT_type
	.byte	17                              @ Abbrev [17] 0x2ec:0xf DW_TAG_variable
	.byte	3                               @ DW_AT_location
	.byte	145
	.ascii	"\320\001"
	.long	.Linfo_string64                 @ DW_AT_name
	.byte	2                               @ DW_AT_decl_file
	.byte	142                             @ DW_AT_decl_line
	.long	55                              @ DW_AT_type
	.byte	17                              @ Abbrev [17] 0x2fb:0xf DW_TAG_variable
	.byte	3                               @ DW_AT_location
	.byte	145
	.ascii	"\314\001"
	.long	.Linfo_string72                 @ DW_AT_name
	.byte	2                               @ DW_AT_decl_file
	.byte	143                             @ DW_AT_decl_line
	.long	469                             @ DW_AT_type
	.byte	17                              @ Abbrev [17] 0x30a:0xf DW_TAG_variable
	.byte	3                               @ DW_AT_location
	.byte	145
	.ascii	"\310\001"
	.long	.Linfo_string73                 @ DW_AT_name
	.byte	2                               @ DW_AT_decl_file
	.byte	144                             @ DW_AT_decl_line
	.long	55                              @ DW_AT_type
	.byte	0                               @ End Of Children Mark
	.byte	19                              @ Abbrev [19] 0x31a:0x44 DW_TAG_subprogram
	.long	.Lfunc_begin3                   @ DW_AT_low_pc
	.long	.Lfunc_end3-.Lfunc_begin3       @ DW_AT_high_pc
	.byte	1                               @ DW_AT_frame_base
	.byte	93
	.long	.Linfo_string44                 @ DW_AT_name
	.byte	2                               @ DW_AT_decl_file
	.short	551                             @ DW_AT_decl_line
                                        @ DW_AT_prototyped
	.long	55                              @ DW_AT_type
                                        @ DW_AT_external
	.byte	20                              @ Abbrev [20] 0x330:0xf DW_TAG_formal_parameter
	.byte	2                               @ DW_AT_location
	.byte	145
	.byte	20
	.long	.Linfo_string67                 @ DW_AT_name
	.byte	2                               @ DW_AT_decl_file
	.short	551                             @ DW_AT_decl_line
	.long	469                             @ DW_AT_type
	.byte	21                              @ Abbrev [21] 0x33f:0xf DW_TAG_variable
	.byte	2                               @ DW_AT_location
	.byte	145
	.byte	16
	.long	.Linfo_string74                 @ DW_AT_name
	.byte	2                               @ DW_AT_decl_file
	.short	553                             @ DW_AT_decl_line
	.long	469                             @ DW_AT_type
	.byte	21                              @ Abbrev [21] 0x34e:0xf DW_TAG_variable
	.byte	2                               @ DW_AT_location
	.byte	145
	.byte	12
	.long	.Linfo_string64                 @ DW_AT_name
	.byte	2                               @ DW_AT_decl_file
	.short	554                             @ DW_AT_decl_line
	.long	55                              @ DW_AT_type
	.byte	0                               @ End Of Children Mark
	.byte	19                              @ Abbrev [19] 0x35e:0x44 DW_TAG_subprogram
	.long	.Lfunc_begin4                   @ DW_AT_low_pc
	.long	.Lfunc_end4-.Lfunc_begin4       @ DW_AT_high_pc
	.byte	1                               @ DW_AT_frame_base
	.byte	93
	.long	.Linfo_string45                 @ DW_AT_name
	.byte	2                               @ DW_AT_decl_file
	.short	261                             @ DW_AT_decl_line
                                        @ DW_AT_prototyped
	.long	55                              @ DW_AT_type
                                        @ DW_AT_external
	.byte	20                              @ Abbrev [20] 0x374:0xf DW_TAG_formal_parameter
	.byte	2                               @ DW_AT_location
	.byte	145
	.byte	60
	.long	.Linfo_string75                 @ DW_AT_name
	.byte	2                               @ DW_AT_decl_file
	.short	261                             @ DW_AT_decl_line
	.long	469                             @ DW_AT_type
	.byte	21                              @ Abbrev [21] 0x383:0xf DW_TAG_variable
	.byte	2                               @ DW_AT_location
	.byte	145
	.byte	56
	.long	.Linfo_string64                 @ DW_AT_name
	.byte	2                               @ DW_AT_decl_file
	.short	263                             @ DW_AT_decl_line
	.long	55                              @ DW_AT_type
	.byte	21                              @ Abbrev [21] 0x392:0xf DW_TAG_variable
	.byte	2                               @ DW_AT_location
	.byte	145
	.byte	52
	.long	.Linfo_string73                 @ DW_AT_name
	.byte	2                               @ DW_AT_decl_file
	.short	264                             @ DW_AT_decl_line
	.long	55                              @ DW_AT_type
	.byte	0                               @ End Of Children Mark
	.byte	19                              @ Abbrev [19] 0x3a2:0x44 DW_TAG_subprogram
	.long	.Lfunc_begin5                   @ DW_AT_low_pc
	.long	.Lfunc_end5-.Lfunc_begin5       @ DW_AT_high_pc
	.byte	1                               @ DW_AT_frame_base
	.byte	93
	.long	.Linfo_string46                 @ DW_AT_name
	.byte	2                               @ DW_AT_decl_file
	.short	309                             @ DW_AT_decl_line
                                        @ DW_AT_prototyped
	.long	55                              @ DW_AT_type
                                        @ DW_AT_external
	.byte	20                              @ Abbrev [20] 0x3b8:0xf DW_TAG_formal_parameter
	.byte	2                               @ DW_AT_location
	.byte	145
	.byte	8
	.long	.Linfo_string76                 @ DW_AT_name
	.byte	2                               @ DW_AT_decl_file
	.short	309                             @ DW_AT_decl_line
	.long	469                             @ DW_AT_type
	.byte	21                              @ Abbrev [21] 0x3c7:0xf DW_TAG_variable
	.byte	2                               @ DW_AT_location
	.byte	145
	.byte	4
	.long	.Linfo_string64                 @ DW_AT_name
	.byte	2                               @ DW_AT_decl_file
	.short	311                             @ DW_AT_decl_line
	.long	55                              @ DW_AT_type
	.byte	21                              @ Abbrev [21] 0x3d6:0xf DW_TAG_variable
	.byte	2                               @ DW_AT_location
	.byte	145
	.byte	0
	.long	.Linfo_string73                 @ DW_AT_name
	.byte	2                               @ DW_AT_decl_file
	.short	312                             @ DW_AT_decl_line
	.long	55                              @ DW_AT_type
	.byte	0                               @ End Of Children Mark
	.byte	19                              @ Abbrev [19] 0x3e6:0x62 DW_TAG_subprogram
	.long	.Lfunc_begin6                   @ DW_AT_low_pc
	.long	.Lfunc_end6-.Lfunc_begin6       @ DW_AT_high_pc
	.byte	1                               @ DW_AT_frame_base
	.byte	93
	.long	.Linfo_string47                 @ DW_AT_name
	.byte	2                               @ DW_AT_decl_file
	.short	357                             @ DW_AT_decl_line
                                        @ DW_AT_prototyped
	.long	55                              @ DW_AT_type
                                        @ DW_AT_external
	.byte	20                              @ Abbrev [20] 0x3fc:0xf DW_TAG_formal_parameter
	.byte	2                               @ DW_AT_location
	.byte	145
	.byte	20
	.long	.Linfo_string67                 @ DW_AT_name
	.byte	2                               @ DW_AT_decl_file
	.short	357                             @ DW_AT_decl_line
	.long	469                             @ DW_AT_type
	.byte	21                              @ Abbrev [21] 0x40b:0xf DW_TAG_variable
	.byte	2                               @ DW_AT_location
	.byte	145
	.byte	16
	.long	.Linfo_string77                 @ DW_AT_name
	.byte	2                               @ DW_AT_decl_file
	.short	359                             @ DW_AT_decl_line
	.long	469                             @ DW_AT_type
	.byte	21                              @ Abbrev [21] 0x41a:0xf DW_TAG_variable
	.byte	2                               @ DW_AT_location
	.byte	145
	.byte	12
	.long	.Linfo_string78                 @ DW_AT_name
	.byte	2                               @ DW_AT_decl_file
	.short	360                             @ DW_AT_decl_line
	.long	55                              @ DW_AT_type
	.byte	21                              @ Abbrev [21] 0x429:0xf DW_TAG_variable
	.byte	2                               @ DW_AT_location
	.byte	145
	.byte	8
	.long	.Linfo_string79                 @ DW_AT_name
	.byte	2                               @ DW_AT_decl_file
	.short	360                             @ DW_AT_decl_line
	.long	55                              @ DW_AT_type
	.byte	21                              @ Abbrev [21] 0x438:0xf DW_TAG_variable
	.byte	2                               @ DW_AT_location
	.byte	145
	.byte	4
	.long	.Linfo_string73                 @ DW_AT_name
	.byte	2                               @ DW_AT_decl_file
	.short	361                             @ DW_AT_decl_line
	.long	55                              @ DW_AT_type
	.byte	0                               @ End Of Children Mark
	.byte	19                              @ Abbrev [19] 0x448:0x57 DW_TAG_subprogram
	.long	.Lfunc_begin7                   @ DW_AT_low_pc
	.long	.Lfunc_end7-.Lfunc_begin7       @ DW_AT_high_pc
	.byte	1                               @ DW_AT_frame_base
	.byte	93
	.long	.Linfo_string48                 @ DW_AT_name
	.byte	2                               @ DW_AT_decl_file
	.short	427                             @ DW_AT_decl_line
                                        @ DW_AT_prototyped
	.long	469                             @ DW_AT_type
                                        @ DW_AT_external
	.byte	20                              @ Abbrev [20] 0x45e:0x10 DW_TAG_formal_parameter
	.byte	3                               @ DW_AT_location
	.byte	145
	.asciz	"\350"
	.long	.Linfo_string62                 @ DW_AT_name
	.byte	2                               @ DW_AT_decl_file
	.short	427                             @ DW_AT_decl_line
	.long	469                             @ DW_AT_type
	.byte	20                              @ Abbrev [20] 0x46e:0x10 DW_TAG_formal_parameter
	.byte	3                               @ DW_AT_location
	.byte	145
	.asciz	"\344"
	.long	.Linfo_string63                 @ DW_AT_name
	.byte	2                               @ DW_AT_decl_file
	.short	427                             @ DW_AT_decl_line
	.long	469                             @ DW_AT_type
	.byte	21                              @ Abbrev [21] 0x47e:0x10 DW_TAG_variable
	.byte	3                               @ DW_AT_location
	.byte	145
	.asciz	"\340"
	.long	.Linfo_string64                 @ DW_AT_name
	.byte	2                               @ DW_AT_decl_file
	.short	429                             @ DW_AT_decl_line
	.long	469                             @ DW_AT_type
	.byte	21                              @ Abbrev [21] 0x48e:0x10 DW_TAG_variable
	.byte	3                               @ DW_AT_location
	.byte	145
	.asciz	"\334"
	.long	.Linfo_string73                 @ DW_AT_name
	.byte	2                               @ DW_AT_decl_file
	.short	430                             @ DW_AT_decl_line
	.long	55                              @ DW_AT_type
	.byte	0                               @ End Of Children Mark
	.byte	19                              @ Abbrev [19] 0x49f:0x44 DW_TAG_subprogram
	.long	.Lfunc_begin8                   @ DW_AT_low_pc
	.long	.Lfunc_end8-.Lfunc_begin8       @ DW_AT_high_pc
	.byte	1                               @ DW_AT_frame_base
	.byte	93
	.long	.Linfo_string49                 @ DW_AT_name
	.byte	2                               @ DW_AT_decl_file
	.short	492                             @ DW_AT_decl_line
                                        @ DW_AT_prototyped
	.long	55                              @ DW_AT_type
                                        @ DW_AT_external
	.byte	20                              @ Abbrev [20] 0x4b5:0xf DW_TAG_formal_parameter
	.byte	2                               @ DW_AT_location
	.byte	145
	.byte	8
	.long	.Linfo_string80                 @ DW_AT_name
	.byte	2                               @ DW_AT_decl_file
	.short	492                             @ DW_AT_decl_line
	.long	469                             @ DW_AT_type
	.byte	21                              @ Abbrev [21] 0x4c4:0xf DW_TAG_variable
	.byte	2                               @ DW_AT_location
	.byte	145
	.byte	4
	.long	.Linfo_string64                 @ DW_AT_name
	.byte	2                               @ DW_AT_decl_file
	.short	494                             @ DW_AT_decl_line
	.long	55                              @ DW_AT_type
	.byte	21                              @ Abbrev [21] 0x4d3:0xf DW_TAG_variable
	.byte	2                               @ DW_AT_location
	.byte	145
	.byte	0
	.long	.Linfo_string73                 @ DW_AT_name
	.byte	2                               @ DW_AT_decl_file
	.short	495                             @ DW_AT_decl_line
	.long	55                              @ DW_AT_type
	.byte	0                               @ End Of Children Mark
	.byte	19                              @ Abbrev [19] 0x4e3:0x44 DW_TAG_subprogram
	.long	.Lfunc_begin9                   @ DW_AT_low_pc
	.long	.Lfunc_end9-.Lfunc_begin9       @ DW_AT_high_pc
	.byte	1                               @ DW_AT_frame_base
	.byte	93
	.long	.Linfo_string50                 @ DW_AT_name
	.byte	2                               @ DW_AT_decl_file
	.short	584                             @ DW_AT_decl_line
                                        @ DW_AT_prototyped
	.long	55                              @ DW_AT_type
                                        @ DW_AT_external
	.byte	20                              @ Abbrev [20] 0x4f9:0xf DW_TAG_formal_parameter
	.byte	2                               @ DW_AT_location
	.byte	145
	.byte	8
	.long	.Linfo_string80                 @ DW_AT_name
	.byte	2                               @ DW_AT_decl_file
	.short	584                             @ DW_AT_decl_line
	.long	469                             @ DW_AT_type
	.byte	21                              @ Abbrev [21] 0x508:0xf DW_TAG_variable
	.byte	2                               @ DW_AT_location
	.byte	145
	.byte	4
	.long	.Linfo_string64                 @ DW_AT_name
	.byte	2                               @ DW_AT_decl_file
	.short	586                             @ DW_AT_decl_line
	.long	55                              @ DW_AT_type
	.byte	21                              @ Abbrev [21] 0x517:0xf DW_TAG_variable
	.byte	2                               @ DW_AT_location
	.byte	145
	.byte	0
	.long	.Linfo_string73                 @ DW_AT_name
	.byte	2                               @ DW_AT_decl_file
	.short	587                             @ DW_AT_decl_line
	.long	55                              @ DW_AT_type
	.byte	0                               @ End Of Children Mark
	.byte	22                              @ Abbrev [22] 0x527:0x12 DW_TAG_subprogram
	.long	.Lfunc_begin10                  @ DW_AT_low_pc
	.long	.Lfunc_end10-.Lfunc_begin10     @ DW_AT_high_pc
	.byte	1                               @ DW_AT_frame_base
	.byte	93
	.long	.Linfo_string51                 @ DW_AT_name
	.byte	2                               @ DW_AT_decl_file
	.short	638                             @ DW_AT_decl_line
                                        @ DW_AT_prototyped
                                        @ DW_AT_external
	.byte	19                              @ Abbrev [19] 0x539:0x35 DW_TAG_subprogram
	.long	.Lfunc_begin11                  @ DW_AT_low_pc
	.long	.Lfunc_end11-.Lfunc_begin11     @ DW_AT_high_pc
	.byte	1                               @ DW_AT_frame_base
	.byte	93
	.long	.Linfo_string52                 @ DW_AT_name
	.byte	2                               @ DW_AT_decl_file
	.short	658                             @ DW_AT_decl_line
                                        @ DW_AT_prototyped
	.long	469                             @ DW_AT_type
                                        @ DW_AT_external
	.byte	20                              @ Abbrev [20] 0x54f:0xf DW_TAG_formal_parameter
	.byte	2                               @ DW_AT_location
	.byte	145
	.byte	56
	.long	.Linfo_string77                 @ DW_AT_name
	.byte	2                               @ DW_AT_decl_file
	.short	658                             @ DW_AT_decl_line
	.long	469                             @ DW_AT_type
	.byte	21                              @ Abbrev [21] 0x55e:0xf DW_TAG_variable
	.byte	2                               @ DW_AT_location
	.byte	145
	.byte	52
	.long	.Linfo_string73                 @ DW_AT_name
	.byte	2                               @ DW_AT_decl_file
	.short	660                             @ DW_AT_decl_line
	.long	55                              @ DW_AT_type
	.byte	0                               @ End Of Children Mark
	.byte	19                              @ Abbrev [19] 0x56e:0x62 DW_TAG_subprogram
	.long	.Lfunc_begin12                  @ DW_AT_low_pc
	.long	.Lfunc_end12-.Lfunc_begin12     @ DW_AT_high_pc
	.byte	1                               @ DW_AT_frame_base
	.byte	93
	.long	.Linfo_string53                 @ DW_AT_name
	.byte	2                               @ DW_AT_decl_file
	.short	698                             @ DW_AT_decl_line
                                        @ DW_AT_prototyped
	.long	55                              @ DW_AT_type
                                        @ DW_AT_external
	.byte	20                              @ Abbrev [20] 0x584:0xf DW_TAG_formal_parameter
	.byte	2                               @ DW_AT_location
	.byte	145
	.byte	16
	.long	.Linfo_string62                 @ DW_AT_name
	.byte	2                               @ DW_AT_decl_file
	.short	698                             @ DW_AT_decl_line
	.long	469                             @ DW_AT_type
	.byte	20                              @ Abbrev [20] 0x593:0xf DW_TAG_formal_parameter
	.byte	2                               @ DW_AT_location
	.byte	145
	.byte	12
	.long	.Linfo_string81                 @ DW_AT_name
	.byte	2                               @ DW_AT_decl_file
	.short	698                             @ DW_AT_decl_line
	.long	2440                            @ DW_AT_type
	.byte	20                              @ Abbrev [20] 0x5a2:0xf DW_TAG_formal_parameter
	.byte	2                               @ DW_AT_location
	.byte	145
	.byte	8
	.long	.Linfo_string82                 @ DW_AT_name
	.byte	2                               @ DW_AT_decl_file
	.short	698                             @ DW_AT_decl_line
	.long	2440                            @ DW_AT_type
	.byte	21                              @ Abbrev [21] 0x5b1:0xf DW_TAG_variable
	.byte	2                               @ DW_AT_location
	.byte	145
	.byte	4
	.long	.Linfo_string64                 @ DW_AT_name
	.byte	2                               @ DW_AT_decl_file
	.short	700                             @ DW_AT_decl_line
	.long	55                              @ DW_AT_type
	.byte	21                              @ Abbrev [21] 0x5c0:0xf DW_TAG_variable
	.byte	2                               @ DW_AT_location
	.byte	145
	.byte	0
	.long	.Linfo_string73                 @ DW_AT_name
	.byte	2                               @ DW_AT_decl_file
	.short	701                             @ DW_AT_decl_line
	.long	55                              @ DW_AT_type
	.byte	0                               @ End Of Children Mark
	.byte	19                              @ Abbrev [19] 0x5d0:0x62 DW_TAG_subprogram
	.long	.Lfunc_begin13                  @ DW_AT_low_pc
	.long	.Lfunc_end13-.Lfunc_begin13     @ DW_AT_high_pc
	.byte	1                               @ DW_AT_frame_base
	.byte	93
	.long	.Linfo_string54                 @ DW_AT_name
	.byte	2                               @ DW_AT_decl_file
	.short	752                             @ DW_AT_decl_line
                                        @ DW_AT_prototyped
	.long	55                              @ DW_AT_type
                                        @ DW_AT_external
	.byte	20                              @ Abbrev [20] 0x5e6:0xf DW_TAG_formal_parameter
	.byte	2                               @ DW_AT_location
	.byte	145
	.byte	16
	.long	.Linfo_string80                 @ DW_AT_name
	.byte	2                               @ DW_AT_decl_file
	.short	752                             @ DW_AT_decl_line
	.long	469                             @ DW_AT_type
	.byte	20                              @ Abbrev [20] 0x5f5:0xf DW_TAG_formal_parameter
	.byte	2                               @ DW_AT_location
	.byte	145
	.byte	12
	.long	.Linfo_string83                 @ DW_AT_name
	.byte	2                               @ DW_AT_decl_file
	.short	752                             @ DW_AT_decl_line
	.long	2440                            @ DW_AT_type
	.byte	20                              @ Abbrev [20] 0x604:0xf DW_TAG_formal_parameter
	.byte	2                               @ DW_AT_location
	.byte	145
	.byte	8
	.long	.Linfo_string84                 @ DW_AT_name
	.byte	2                               @ DW_AT_decl_file
	.short	752                             @ DW_AT_decl_line
	.long	2440                            @ DW_AT_type
	.byte	21                              @ Abbrev [21] 0x613:0xf DW_TAG_variable
	.byte	2                               @ DW_AT_location
	.byte	145
	.byte	4
	.long	.Linfo_string64                 @ DW_AT_name
	.byte	2                               @ DW_AT_decl_file
	.short	754                             @ DW_AT_decl_line
	.long	55                              @ DW_AT_type
	.byte	21                              @ Abbrev [21] 0x622:0xf DW_TAG_variable
	.byte	2                               @ DW_AT_location
	.byte	145
	.byte	0
	.long	.Linfo_string73                 @ DW_AT_name
	.byte	2                               @ DW_AT_decl_file
	.short	755                             @ DW_AT_decl_line
	.long	55                              @ DW_AT_type
	.byte	0                               @ End Of Children Mark
	.byte	19                              @ Abbrev [19] 0x632:0x53 DW_TAG_subprogram
	.long	.Lfunc_begin14                  @ DW_AT_low_pc
	.long	.Lfunc_end14-.Lfunc_begin14     @ DW_AT_high_pc
	.byte	1                               @ DW_AT_frame_base
	.byte	93
	.long	.Linfo_string55                 @ DW_AT_name
	.byte	2                               @ DW_AT_decl_file
	.short	815                             @ DW_AT_decl_line
                                        @ DW_AT_prototyped
	.long	55                              @ DW_AT_type
                                        @ DW_AT_external
	.byte	20                              @ Abbrev [20] 0x648:0xf DW_TAG_formal_parameter
	.byte	2                               @ DW_AT_location
	.byte	145
	.byte	12
	.long	.Linfo_string85                 @ DW_AT_name
	.byte	2                               @ DW_AT_decl_file
	.short	815                             @ DW_AT_decl_line
	.long	2440                            @ DW_AT_type
	.byte	20                              @ Abbrev [20] 0x657:0xf DW_TAG_formal_parameter
	.byte	2                               @ DW_AT_location
	.byte	145
	.byte	8
	.long	.Linfo_string86                 @ DW_AT_name
	.byte	2                               @ DW_AT_decl_file
	.short	815                             @ DW_AT_decl_line
	.long	469                             @ DW_AT_type
	.byte	21                              @ Abbrev [21] 0x666:0xf DW_TAG_variable
	.byte	2                               @ DW_AT_location
	.byte	145
	.byte	4
	.long	.Linfo_string87                 @ DW_AT_name
	.byte	2                               @ DW_AT_decl_file
	.short	817                             @ DW_AT_decl_line
	.long	469                             @ DW_AT_type
	.byte	21                              @ Abbrev [21] 0x675:0xf DW_TAG_variable
	.byte	2                               @ DW_AT_location
	.byte	145
	.byte	0
	.long	.Linfo_string64                 @ DW_AT_name
	.byte	2                               @ DW_AT_decl_file
	.short	818                             @ DW_AT_decl_line
	.long	55                              @ DW_AT_type
	.byte	0                               @ End Of Children Mark
	.byte	19                              @ Abbrev [19] 0x685:0x44 DW_TAG_subprogram
	.long	.Lfunc_begin15                  @ DW_AT_low_pc
	.long	.Lfunc_end15-.Lfunc_begin15     @ DW_AT_high_pc
	.byte	1                               @ DW_AT_frame_base
	.byte	93
	.long	.Linfo_string56                 @ DW_AT_name
	.byte	2                               @ DW_AT_decl_file
	.short	845                             @ DW_AT_decl_line
                                        @ DW_AT_prototyped
	.long	55                              @ DW_AT_type
                                        @ DW_AT_external
	.byte	20                              @ Abbrev [20] 0x69b:0xf DW_TAG_formal_parameter
	.byte	2                               @ DW_AT_location
	.byte	145
	.byte	56
	.long	.Linfo_string77                 @ DW_AT_name
	.byte	2                               @ DW_AT_decl_file
	.short	845                             @ DW_AT_decl_line
	.long	469                             @ DW_AT_type
	.byte	20                              @ Abbrev [20] 0x6aa:0xf DW_TAG_formal_parameter
	.byte	2                               @ DW_AT_location
	.byte	145
	.byte	52
	.long	.Linfo_string88                 @ DW_AT_name
	.byte	2                               @ DW_AT_decl_file
	.short	845                             @ DW_AT_decl_line
	.long	469                             @ DW_AT_type
	.byte	21                              @ Abbrev [21] 0x6b9:0xf DW_TAG_variable
	.byte	2                               @ DW_AT_location
	.byte	145
	.byte	48
	.long	.Linfo_string73                 @ DW_AT_name
	.byte	2                               @ DW_AT_decl_file
	.short	847                             @ DW_AT_decl_line
	.long	55                              @ DW_AT_type
	.byte	0                               @ End Of Children Mark
	.byte	19                              @ Abbrev [19] 0x6c9:0x62 DW_TAG_subprogram
	.long	.Lfunc_begin16                  @ DW_AT_low_pc
	.long	.Lfunc_end16-.Lfunc_begin16     @ DW_AT_high_pc
	.byte	1                               @ DW_AT_frame_base
	.byte	93
	.long	.Linfo_string57                 @ DW_AT_name
	.byte	2                               @ DW_AT_decl_file
	.short	885                             @ DW_AT_decl_line
                                        @ DW_AT_prototyped
	.long	55                              @ DW_AT_type
                                        @ DW_AT_external
	.byte	20                              @ Abbrev [20] 0x6df:0xf DW_TAG_formal_parameter
	.byte	2                               @ DW_AT_location
	.byte	145
	.byte	16
	.long	.Linfo_string62                 @ DW_AT_name
	.byte	2                               @ DW_AT_decl_file
	.short	885                             @ DW_AT_decl_line
	.long	469                             @ DW_AT_type
	.byte	20                              @ Abbrev [20] 0x6ee:0xf DW_TAG_formal_parameter
	.byte	2                               @ DW_AT_location
	.byte	145
	.byte	12
	.long	.Linfo_string81                 @ DW_AT_name
	.byte	2                               @ DW_AT_decl_file
	.short	885                             @ DW_AT_decl_line
	.long	469                             @ DW_AT_type
	.byte	20                              @ Abbrev [20] 0x6fd:0xf DW_TAG_formal_parameter
	.byte	2                               @ DW_AT_location
	.byte	145
	.byte	8
	.long	.Linfo_string82                 @ DW_AT_name
	.byte	2                               @ DW_AT_decl_file
	.short	885                             @ DW_AT_decl_line
	.long	469                             @ DW_AT_type
	.byte	21                              @ Abbrev [21] 0x70c:0xf DW_TAG_variable
	.byte	2                               @ DW_AT_location
	.byte	145
	.byte	4
	.long	.Linfo_string64                 @ DW_AT_name
	.byte	2                               @ DW_AT_decl_file
	.short	887                             @ DW_AT_decl_line
	.long	55                              @ DW_AT_type
	.byte	21                              @ Abbrev [21] 0x71b:0xf DW_TAG_variable
	.byte	2                               @ DW_AT_location
	.byte	145
	.byte	0
	.long	.Linfo_string73                 @ DW_AT_name
	.byte	2                               @ DW_AT_decl_file
	.short	888                             @ DW_AT_decl_line
	.long	55                              @ DW_AT_type
	.byte	0                               @ End Of Children Mark
	.byte	19                              @ Abbrev [19] 0x72b:0x53 DW_TAG_subprogram
	.long	.Lfunc_begin17                  @ DW_AT_low_pc
	.long	.Lfunc_end17-.Lfunc_begin17     @ DW_AT_high_pc
	.byte	1                               @ DW_AT_frame_base
	.byte	93
	.long	.Linfo_string58                 @ DW_AT_name
	.byte	2                               @ DW_AT_decl_file
	.short	934                             @ DW_AT_decl_line
                                        @ DW_AT_prototyped
	.long	55                              @ DW_AT_type
                                        @ DW_AT_external
	.byte	20                              @ Abbrev [20] 0x741:0xf DW_TAG_formal_parameter
	.byte	2                               @ DW_AT_location
	.byte	145
	.byte	12
	.long	.Linfo_string89                 @ DW_AT_name
	.byte	2                               @ DW_AT_decl_file
	.short	934                             @ DW_AT_decl_line
	.long	2440                            @ DW_AT_type
	.byte	20                              @ Abbrev [20] 0x750:0xf DW_TAG_formal_parameter
	.byte	2                               @ DW_AT_location
	.byte	145
	.byte	8
	.long	.Linfo_string86                 @ DW_AT_name
	.byte	2                               @ DW_AT_decl_file
	.short	934                             @ DW_AT_decl_line
	.long	469                             @ DW_AT_type
	.byte	21                              @ Abbrev [21] 0x75f:0xf DW_TAG_variable
	.byte	2                               @ DW_AT_location
	.byte	145
	.byte	4
	.long	.Linfo_string64                 @ DW_AT_name
	.byte	2                               @ DW_AT_decl_file
	.short	936                             @ DW_AT_decl_line
	.long	55                              @ DW_AT_type
	.byte	21                              @ Abbrev [21] 0x76e:0xf DW_TAG_variable
	.byte	2                               @ DW_AT_location
	.byte	145
	.byte	0
	.long	.Linfo_string87                 @ DW_AT_name
	.byte	2                               @ DW_AT_decl_file
	.short	937                             @ DW_AT_decl_line
	.long	469                             @ DW_AT_type
	.byte	0                               @ End Of Children Mark
	.byte	23                              @ Abbrev [23] 0x77e:0x16 DW_TAG_subprogram
	.long	.Linfo_string39                 @ DW_AT_name
	.byte	5                               @ DW_AT_decl_file
	.short	398                             @ DW_AT_decl_line
                                        @ DW_AT_prototyped
	.byte	1                               @ DW_AT_inline
	.byte	24                              @ Abbrev [24] 0x787:0xc DW_TAG_formal_parameter
	.long	.Linfo_string40                 @ DW_AT_name
	.byte	5                               @ DW_AT_decl_file
	.short	398                             @ DW_AT_decl_line
	.long	469                             @ DW_AT_type
	.byte	0                               @ End Of Children Mark
	.byte	19                              @ Abbrev [19] 0x794:0x13c DW_TAG_subprogram
	.long	.Lfunc_begin18                  @ DW_AT_low_pc
	.long	.Lfunc_end18-.Lfunc_begin18     @ DW_AT_high_pc
	.byte	1                               @ DW_AT_frame_base
	.byte	93
	.long	.Linfo_string59                 @ DW_AT_name
	.byte	2                               @ DW_AT_decl_file
	.short	975                             @ DW_AT_decl_line
                                        @ DW_AT_prototyped
	.long	55                              @ DW_AT_type
                                        @ DW_AT_external
	.byte	20                              @ Abbrev [20] 0x7aa:0xf DW_TAG_formal_parameter
	.byte	2                               @ DW_AT_location
	.byte	145
	.byte	40
	.long	.Linfo_string77                 @ DW_AT_name
	.byte	2                               @ DW_AT_decl_file
	.short	975                             @ DW_AT_decl_line
	.long	469                             @ DW_AT_type
	.byte	20                              @ Abbrev [20] 0x7b9:0xf DW_TAG_formal_parameter
	.byte	2                               @ DW_AT_location
	.byte	145
	.byte	36
	.long	.Linfo_string90                 @ DW_AT_name
	.byte	2                               @ DW_AT_decl_file
	.short	975                             @ DW_AT_decl_line
	.long	2440                            @ DW_AT_type
	.byte	20                              @ Abbrev [20] 0x7c8:0xf DW_TAG_formal_parameter
	.byte	2                               @ DW_AT_location
	.byte	145
	.byte	32
	.long	.Linfo_string91                 @ DW_AT_name
	.byte	2                               @ DW_AT_decl_file
	.short	975                             @ DW_AT_decl_line
	.long	469                             @ DW_AT_type
	.byte	21                              @ Abbrev [21] 0x7d7:0xf DW_TAG_variable
	.byte	2                               @ DW_AT_location
	.byte	145
	.byte	28
	.long	.Linfo_string87                 @ DW_AT_name
	.byte	2                               @ DW_AT_decl_file
	.short	978                             @ DW_AT_decl_line
	.long	469                             @ DW_AT_type
	.byte	21                              @ Abbrev [21] 0x7e6:0xf DW_TAG_variable
	.byte	2                               @ DW_AT_location
	.byte	145
	.byte	24
	.long	.Linfo_string92                 @ DW_AT_name
	.byte	2                               @ DW_AT_decl_file
	.short	978                             @ DW_AT_decl_line
	.long	469                             @ DW_AT_type
	.byte	21                              @ Abbrev [21] 0x7f5:0xf DW_TAG_variable
	.byte	2                               @ DW_AT_location
	.byte	145
	.byte	20
	.long	.Linfo_string93                 @ DW_AT_name
	.byte	2                               @ DW_AT_decl_file
	.short	978                             @ DW_AT_decl_line
	.long	469                             @ DW_AT_type
	.byte	21                              @ Abbrev [21] 0x804:0xf DW_TAG_variable
	.byte	2                               @ DW_AT_location
	.byte	145
	.byte	16
	.long	.Linfo_string79                 @ DW_AT_name
	.byte	2                               @ DW_AT_decl_file
	.short	979                             @ DW_AT_decl_line
	.long	55                              @ DW_AT_type
	.byte	21                              @ Abbrev [21] 0x813:0xf DW_TAG_variable
	.byte	2                               @ DW_AT_location
	.byte	145
	.byte	12
	.long	.Linfo_string94                 @ DW_AT_name
	.byte	2                               @ DW_AT_decl_file
	.short	979                             @ DW_AT_decl_line
	.long	55                              @ DW_AT_type
	.byte	21                              @ Abbrev [21] 0x822:0xf DW_TAG_variable
	.byte	2                               @ DW_AT_location
	.byte	145
	.byte	8
	.long	.Linfo_string73                 @ DW_AT_name
	.byte	2                               @ DW_AT_decl_file
	.short	979                             @ DW_AT_decl_line
	.long	55                              @ DW_AT_type
	.byte	25                              @ Abbrev [25] 0x831:0x1b DW_TAG_inlined_subroutine
	.long	1918                            @ DW_AT_abstract_origin
	.long	.Ltmp278                        @ DW_AT_low_pc
	.long	.Ltmp279-.Ltmp278               @ DW_AT_high_pc
	.byte	2                               @ DW_AT_call_file
	.short	1007                            @ DW_AT_call_line
	.byte	13                              @ DW_AT_call_column
	.byte	26                              @ Abbrev [26] 0x842:0x9 DW_TAG_formal_parameter
	.byte	3                               @ DW_AT_location
	.byte	145
	.asciz	"\304"
	.long	1927                            @ DW_AT_abstract_origin
	.byte	0                               @ End Of Children Mark
	.byte	25                              @ Abbrev [25] 0x84c:0x1b DW_TAG_inlined_subroutine
	.long	1918                            @ DW_AT_abstract_origin
	.long	.Ltmp282                        @ DW_AT_low_pc
	.long	.Ltmp283-.Ltmp282               @ DW_AT_high_pc
	.byte	2                               @ DW_AT_call_file
	.short	1012                            @ DW_AT_call_line
	.byte	21                              @ DW_AT_call_column
	.byte	26                              @ Abbrev [26] 0x85d:0x9 DW_TAG_formal_parameter
	.byte	3                               @ DW_AT_location
	.byte	145
	.asciz	"\300"
	.long	1927                            @ DW_AT_abstract_origin
	.byte	0                               @ End Of Children Mark
	.byte	25                              @ Abbrev [25] 0x867:0x1a DW_TAG_inlined_subroutine
	.long	1918                            @ DW_AT_abstract_origin
	.long	.Ltmp286                        @ DW_AT_low_pc
	.long	.Ltmp287-.Ltmp286               @ DW_AT_high_pc
	.byte	2                               @ DW_AT_call_file
	.short	1020                            @ DW_AT_call_line
	.byte	21                              @ DW_AT_call_column
	.byte	26                              @ Abbrev [26] 0x878:0x8 DW_TAG_formal_parameter
	.byte	2                               @ DW_AT_location
	.byte	145
	.byte	60
	.long	1927                            @ DW_AT_abstract_origin
	.byte	0                               @ End Of Children Mark
	.byte	25                              @ Abbrev [25] 0x881:0x1a DW_TAG_inlined_subroutine
	.long	1918                            @ DW_AT_abstract_origin
	.long	.Ltmp296                        @ DW_AT_low_pc
	.long	.Ltmp297-.Ltmp296               @ DW_AT_high_pc
	.byte	2                               @ DW_AT_call_file
	.short	1039                            @ DW_AT_call_line
	.byte	25                              @ DW_AT_call_column
	.byte	26                              @ Abbrev [26] 0x892:0x8 DW_TAG_formal_parameter
	.byte	2                               @ DW_AT_location
	.byte	145
	.byte	56
	.long	1927                            @ DW_AT_abstract_origin
	.byte	0                               @ End Of Children Mark
	.byte	25                              @ Abbrev [25] 0x89b:0x1a DW_TAG_inlined_subroutine
	.long	1918                            @ DW_AT_abstract_origin
	.long	.Ltmp300                        @ DW_AT_low_pc
	.long	.Ltmp301-.Ltmp300               @ DW_AT_high_pc
	.byte	2                               @ DW_AT_call_file
	.short	1046                            @ DW_AT_call_line
	.byte	25                              @ DW_AT_call_column
	.byte	26                              @ Abbrev [26] 0x8ac:0x8 DW_TAG_formal_parameter
	.byte	2                               @ DW_AT_location
	.byte	145
	.byte	52
	.long	1927                            @ DW_AT_abstract_origin
	.byte	0                               @ End Of Children Mark
	.byte	25                              @ Abbrev [25] 0x8b5:0x1a DW_TAG_inlined_subroutine
	.long	1918                            @ DW_AT_abstract_origin
	.long	.Ltmp308                        @ DW_AT_low_pc
	.long	.Ltmp309-.Ltmp308               @ DW_AT_high_pc
	.byte	2                               @ DW_AT_call_file
	.short	1060                            @ DW_AT_call_line
	.byte	21                              @ DW_AT_call_column
	.byte	26                              @ Abbrev [26] 0x8c6:0x8 DW_TAG_formal_parameter
	.byte	2                               @ DW_AT_location
	.byte	145
	.byte	48
	.long	1927                            @ DW_AT_abstract_origin
	.byte	0                               @ End Of Children Mark
	.byte	0                               @ End Of Children Mark
	.byte	19                              @ Abbrev [19] 0x8d0:0x62 DW_TAG_subprogram
	.long	.Lfunc_begin19                  @ DW_AT_low_pc
	.long	.Lfunc_end19-.Lfunc_begin19     @ DW_AT_high_pc
	.byte	1                               @ DW_AT_frame_base
	.byte	93
	.long	.Linfo_string60                 @ DW_AT_name
	.byte	2                               @ DW_AT_decl_file
	.short	1105                            @ DW_AT_decl_line
                                        @ DW_AT_prototyped
	.long	55                              @ DW_AT_type
                                        @ DW_AT_external
	.byte	20                              @ Abbrev [20] 0x8e6:0xf DW_TAG_formal_parameter
	.byte	2                               @ DW_AT_location
	.byte	145
	.byte	16
	.long	.Linfo_string80                 @ DW_AT_name
	.byte	2                               @ DW_AT_decl_file
	.short	1105                            @ DW_AT_decl_line
	.long	469                             @ DW_AT_type
	.byte	20                              @ Abbrev [20] 0x8f5:0xf DW_TAG_formal_parameter
	.byte	2                               @ DW_AT_location
	.byte	145
	.byte	12
	.long	.Linfo_string83                 @ DW_AT_name
	.byte	2                               @ DW_AT_decl_file
	.short	1105                            @ DW_AT_decl_line
	.long	469                             @ DW_AT_type
	.byte	20                              @ Abbrev [20] 0x904:0xf DW_TAG_formal_parameter
	.byte	2                               @ DW_AT_location
	.byte	145
	.byte	8
	.long	.Linfo_string84                 @ DW_AT_name
	.byte	2                               @ DW_AT_decl_file
	.short	1105                            @ DW_AT_decl_line
	.long	469                             @ DW_AT_type
	.byte	21                              @ Abbrev [21] 0x913:0xf DW_TAG_variable
	.byte	2                               @ DW_AT_location
	.byte	145
	.byte	4
	.long	.Linfo_string64                 @ DW_AT_name
	.byte	2                               @ DW_AT_decl_file
	.short	1107                            @ DW_AT_decl_line
	.long	55                              @ DW_AT_type
	.byte	21                              @ Abbrev [21] 0x922:0xf DW_TAG_variable
	.byte	2                               @ DW_AT_location
	.byte	145
	.byte	0
	.long	.Linfo_string73                 @ DW_AT_name
	.byte	2                               @ DW_AT_decl_file
	.short	1107                            @ DW_AT_decl_line
	.long	55                              @ DW_AT_type
	.byte	0                               @ End Of Children Mark
	.byte	19                              @ Abbrev [19] 0x932:0x44 DW_TAG_subprogram
	.long	.Lfunc_begin20                  @ DW_AT_low_pc
	.long	.Lfunc_end20-.Lfunc_begin20     @ DW_AT_high_pc
	.byte	1                               @ DW_AT_frame_base
	.byte	93
	.long	.Linfo_string61                 @ DW_AT_name
	.byte	2                               @ DW_AT_decl_file
	.short	1185                            @ DW_AT_decl_line
                                        @ DW_AT_prototyped
	.long	55                              @ DW_AT_type
                                        @ DW_AT_external
	.byte	20                              @ Abbrev [20] 0x948:0xf DW_TAG_formal_parameter
	.byte	2                               @ DW_AT_location
	.byte	145
	.byte	8
	.long	.Linfo_string95                 @ DW_AT_name
	.byte	2                               @ DW_AT_decl_file
	.short	1185                            @ DW_AT_decl_line
	.long	469                             @ DW_AT_type
	.byte	21                              @ Abbrev [21] 0x957:0xf DW_TAG_variable
	.byte	2                               @ DW_AT_location
	.byte	145
	.byte	4
	.long	.Linfo_string64                 @ DW_AT_name
	.byte	2                               @ DW_AT_decl_file
	.short	1187                            @ DW_AT_decl_line
	.long	55                              @ DW_AT_type
	.byte	21                              @ Abbrev [21] 0x966:0xf DW_TAG_variable
	.byte	2                               @ DW_AT_location
	.byte	145
	.byte	0
	.long	.Linfo_string73                 @ DW_AT_name
	.byte	2                               @ DW_AT_decl_file
	.short	1188                            @ DW_AT_decl_line
	.long	55                              @ DW_AT_type
	.byte	0                               @ End Of Children Mark
	.byte	3                               @ Abbrev [3] 0x976:0xb DW_TAG_typedef
	.long	2433                            @ DW_AT_type
	.long	.Linfo_string71                 @ DW_AT_name
	.byte	1                               @ DW_AT_decl_file
	.byte	62                              @ DW_AT_decl_line
	.byte	4                               @ Abbrev [4] 0x981:0x7 DW_TAG_base_type
	.long	.Linfo_string70                 @ DW_AT_name
	.byte	8                               @ DW_AT_encoding
	.byte	1                               @ DW_AT_byte_size
	.byte	5                               @ Abbrev [5] 0x988:0x5 DW_TAG_pointer_type
	.long	469                             @ DW_AT_type
	.byte	0                               @ End Of Children Mark
.Ldebug_info_end0:
	.section	.debug_ranges,"",%progbits
.Ldebug_ranges0:
	.long	.Lfunc_begin0
	.long	.Lfunc_end0
	.long	.Lfunc_begin1
	.long	.Lfunc_end1
	.long	.Lfunc_begin2
	.long	.Lfunc_end2
	.long	.Lfunc_begin3
	.long	.Lfunc_end3
	.long	.Lfunc_begin4
	.long	.Lfunc_end4
	.long	.Lfunc_begin5
	.long	.Lfunc_end5
	.long	.Lfunc_begin6
	.long	.Lfunc_end6
	.long	.Lfunc_begin7
	.long	.Lfunc_end7
	.long	.Lfunc_begin8
	.long	.Lfunc_end8
	.long	.Lfunc_begin9
	.long	.Lfunc_end9
	.long	.Lfunc_begin10
	.long	.Lfunc_end10
	.long	.Lfunc_begin11
	.long	.Lfunc_end11
	.long	.Lfunc_begin12
	.long	.Lfunc_end12
	.long	.Lfunc_begin13
	.long	.Lfunc_end13
	.long	.Lfunc_begin14
	.long	.Lfunc_end14
	.long	.Lfunc_begin15
	.long	.Lfunc_end15
	.long	.Lfunc_begin16
	.long	.Lfunc_end16
	.long	.Lfunc_begin17
	.long	.Lfunc_end17
	.long	.Lfunc_begin18
	.long	.Lfunc_end18
	.long	.Lfunc_begin19
	.long	.Lfunc_end19
	.long	.Lfunc_begin20
	.long	.Lfunc_end20
	.long	0
	.long	0
	.section	.debug_str,"MS",%progbits,1
.Linfo_string0:
	.asciz	"Component: Arm Compiler for Embedded 6.19 Tool: armclang [5e73cb00]" @ string offset=0
.Linfo_string1:
	.asciz	"../../../../../Library/StdDriver/src\\fmc.c" @ string offset=68
.Linfo_string2:
	.asciz	"C:\\Users\\Borhan\\Desktop\\M2354_Series_BSP_CMSIS_V3.00.005_duplicate\\SampleCode\\TrustZone\\E-Voting-System\\Secure\\KEIL" @ string offset=111
.Linfo_string3:
	.asciz	"g_FMC_i32ErrCode"              @ string offset=227
.Linfo_string4:
	.asciz	"int"                           @ string offset=244
.Linfo_string5:
	.asciz	"int32_t"                       @ string offset=248
.Linfo_string6:
	.asciz	"ISPCTL"                        @ string offset=256
.Linfo_string7:
	.asciz	"unsigned int"                  @ string offset=263
.Linfo_string8:
	.asciz	"uint32_t"                      @ string offset=276
.Linfo_string9:
	.asciz	"ISPADDR"                       @ string offset=285
.Linfo_string10:
	.asciz	"ISPDAT"                        @ string offset=293
.Linfo_string11:
	.asciz	"ISPCMD"                        @ string offset=300
.Linfo_string12:
	.asciz	"ISPTRG"                        @ string offset=307
.Linfo_string13:
	.asciz	"RESERVE0"                      @ string offset=314
.Linfo_string14:
	.asciz	"__ARRAY_SIZE_TYPE__"           @ string offset=323
.Linfo_string15:
	.asciz	"ISPSTS"                        @ string offset=343
.Linfo_string16:
	.asciz	"RESERVE1"                      @ string offset=350
.Linfo_string17:
	.asciz	"CYCCTL"                        @ string offset=359
.Linfo_string18:
	.asciz	"RESERVE2"                      @ string offset=366
.Linfo_string19:
	.asciz	"MPDAT0"                        @ string offset=375
.Linfo_string20:
	.asciz	"MPDAT1"                        @ string offset=382
.Linfo_string21:
	.asciz	"MPDAT2"                        @ string offset=389
.Linfo_string22:
	.asciz	"MPDAT3"                        @ string offset=396
.Linfo_string23:
	.asciz	"RESERVE3"                      @ string offset=403
.Linfo_string24:
	.asciz	"MPSTS"                         @ string offset=412
.Linfo_string25:
	.asciz	"MPADDR"                        @ string offset=418
.Linfo_string26:
	.asciz	"RESERVE4"                      @ string offset=425
.Linfo_string27:
	.asciz	"XOMR0STS"                      @ string offset=434
.Linfo_string28:
	.asciz	"XOMR1STS"                      @ string offset=443
.Linfo_string29:
	.asciz	"XOMR2STS"                      @ string offset=452
.Linfo_string30:
	.asciz	"XOMR3STS"                      @ string offset=461
.Linfo_string31:
	.asciz	"XOMSTS"                        @ string offset=470
.Linfo_string32:
	.asciz	"RESERVE5"                      @ string offset=477
.Linfo_string33:
	.asciz	"DFCTL"                         @ string offset=486
.Linfo_string34:
	.asciz	"RESERVE6"                      @ string offset=492
.Linfo_string35:
	.asciz	"DFSTS"                         @ string offset=501
.Linfo_string36:
	.asciz	"SCRKEY"                        @ string offset=507
.Linfo_string37:
	.asciz	"FMC_T"                         @ string offset=514
.Linfo_string38:
	.asciz	"vu32"                          @ string offset=520
.Linfo_string39:
	.asciz	"__set_PRIMASK"                 @ string offset=525
.Linfo_string40:
	.asciz	"priMask"                       @ string offset=539
.Linfo_string41:
	.asciz	"FMC_CheckAllOne"               @ string offset=547
.Linfo_string42:
	.asciz	"FMC_Close"                     @ string offset=563
.Linfo_string43:
	.asciz	"FMC_ConfigXOM"                 @ string offset=573
.Linfo_string44:
	.asciz	"FMC_GetXOMState"               @ string offset=587
.Linfo_string45:
	.asciz	"FMC_Erase"                     @ string offset=603
.Linfo_string46:
	.asciz	"FMC_EraseBank"                 @ string offset=613
.Linfo_string47:
	.asciz	"FMC_EraseXOM"                  @ string offset=627
.Linfo_string48:
	.asciz	"FMC_GetChkSum"                 @ string offset=640
.Linfo_string49:
	.asciz	"FMC_IsOTPLocked"               @ string offset=654
.Linfo_string50:
	.asciz	"FMC_LockOTP"                   @ string offset=670
.Linfo_string51:
	.asciz	"FMC_Open"                      @ string offset=682
.Linfo_string52:
	.asciz	"FMC_Read"                      @ string offset=691
.Linfo_string53:
	.asciz	"FMC_Read64"                    @ string offset=700
.Linfo_string54:
	.asciz	"FMC_ReadOTP"                   @ string offset=711
.Linfo_string55:
	.asciz	"FMC_ReadConfig"                @ string offset=723
.Linfo_string56:
	.asciz	"FMC_Write"                     @ string offset=738
.Linfo_string57:
	.asciz	"FMC_Write8Bytes"               @ string offset=748
.Linfo_string58:
	.asciz	"FMC_WriteConfig"               @ string offset=764
.Linfo_string59:
	.asciz	"FMC_WriteMultiple"             @ string offset=780
.Linfo_string60:
	.asciz	"FMC_WriteOTP"                  @ string offset=798
.Linfo_string61:
	.asciz	"FMC_RemapBank"                 @ string offset=811
.Linfo_string62:
	.asciz	"u32addr"                       @ string offset=825
.Linfo_string63:
	.asciz	"u32count"                      @ string offset=833
.Linfo_string64:
	.asciz	"ret"                           @ string offset=842
.Linfo_string65:
	.asciz	"i32TimeOutCnt0"                @ string offset=846
.Linfo_string66:
	.asciz	"i32TimeOutCnt1"                @ string offset=861
.Linfo_string67:
	.asciz	"u32XomNum"                     @ string offset=876
.Linfo_string68:
	.asciz	"u32XomBase"                    @ string offset=886
.Linfo_string69:
	.asciz	"u8XomPage"                     @ string offset=897
.Linfo_string70:
	.asciz	"unsigned char"                 @ string offset=907
.Linfo_string71:
	.asciz	"uint8_t"                       @ string offset=921
.Linfo_string72:
	.asciz	"u32ApromSize"                  @ string offset=929
.Linfo_string73:
	.asciz	"i32TimeOutCnt"                 @ string offset=942
.Linfo_string74:
	.asciz	"u32act"                        @ string offset=956
.Linfo_string75:
	.asciz	"u32PageAddr"                   @ string offset=963
.Linfo_string76:
	.asciz	"u32BankAddr"                   @ string offset=975
.Linfo_string77:
	.asciz	"u32Addr"                       @ string offset=987
.Linfo_string78:
	.asciz	"i32Active"                     @ string offset=995
.Linfo_string79:
	.asciz	"err"                           @ string offset=1005
.Linfo_string80:
	.asciz	"u32OtpNum"                     @ string offset=1009
.Linfo_string81:
	.asciz	"u32data0"                      @ string offset=1019
.Linfo_string82:
	.asciz	"u32data1"                      @ string offset=1028
.Linfo_string83:
	.asciz	"u32LowWord"                    @ string offset=1037
.Linfo_string84:
	.asciz	"u32HighWord"                   @ string offset=1048
.Linfo_string85:
	.asciz	"u32Config"                     @ string offset=1060
.Linfo_string86:
	.asciz	"u32Count"                      @ string offset=1070
.Linfo_string87:
	.asciz	"i"                             @ string offset=1079
.Linfo_string88:
	.asciz	"u32Data"                       @ string offset=1081
.Linfo_string89:
	.asciz	"au32Config"                    @ string offset=1089
.Linfo_string90:
	.asciz	"pu32Buf"                       @ string offset=1100
.Linfo_string91:
	.asciz	"u32Len"                        @ string offset=1108
.Linfo_string92:
	.asciz	"idx"                           @ string offset=1115
.Linfo_string93:
	.asciz	"u32OnProg"                     @ string offset=1119
.Linfo_string94:
	.asciz	"retval"                        @ string offset=1129
.Linfo_string95:
	.asciz	"u32Bank"                       @ string offset=1136
	.ident	"Component: Arm Compiler for Embedded 6.19 Tool: armclang [5e73cb00]"
	.section	".note.GNU-stack","",%progbits
	.eabi_attribute	30, 6	@ Tag_ABI_optimization_goals
	.ARM_attribute	6, 1	@ Tag_AV_cpp_exceptions
	.ARM_attribute	16, 1	@ Tag_AV_eba
	.section	.debug_line,"",%progbits
.Lline_table_start0:
