	.text
	.syntax unified
	.eabi_attribute	67, "2.09"	@ Tag_conformance
	.cpu	cortex-m23
	.eabi_attribute	6, 16	@ Tag_CPU_arch
	.eabi_attribute	7, 77	@ Tag_CPU_arch_profile
	.eabi_attribute	8, 0	@ Tag_ARM_ISA_use
	.eabi_attribute	9, 3	@ Tag_THUMB_ISA_use
	.eabi_attribute	34, 0	@ Tag_CPU_unaligned_access
	.eabi_attribute	17, 1	@ Tag_ABI_PCS_GOT_use
	.eabi_attribute	20, 2	@ Tag_ABI_FP_denormal
	.eabi_attribute	21, 0	@ Tag_ABI_FP_exceptions
	.eabi_attribute	23, 1	@ Tag_ABI_FP_number_model
	.eabi_attribute	24, 1	@ Tag_ABI_align_needed
	.eabi_attribute	25, 1	@ Tag_ABI_align_preserved
	.eabi_attribute	38, 1	@ Tag_ABI_FP_16bit_format
	.eabi_attribute	18, 4	@ Tag_ABI_PCS_wchar_t
	.eabi_attribute	26, 2	@ Tag_ABI_enum_size
	.eabi_attribute	14, 0	@ Tag_ABI_PCS_R9_use
	.file	"keystore.c"
	.file	1 "C:\\Users\\Borhan\\Desktop\\M2354_Series_BSP_CMSIS_V3.00.005_duplicate\\SampleCode\\TrustZone\\E-Voting-System\\Secure\\KEIL" "../../../../../Library/StdDriver/inc\\keystore.h"
	.file	2 "C:\\Keil_v5\\ARM\\ARMCLANG\\Bin\\..\\include" "stdint.h"
	.file	3 "C:\\Users\\Borhan\\Desktop\\M2354_Series_BSP_CMSIS_V3.00.005_duplicate\\SampleCode\\TrustZone\\E-Voting-System\\Secure\\KEIL" "../../../../../Library/Device/Nuvoton/M2354/Include/keystore_reg.h"
	.section	.text.KS_Open,"ax",%progbits
	.hidden	KS_Open                         @ -- Begin function KS_Open
	.globl	KS_Open
	.p2align	2
	.type	KS_Open,%function
	.code	16                              @ @KS_Open
	.thumb_func
KS_Open:
.Lfunc_begin0:
	.file	4 "C:\\Users\\Borhan\\Desktop\\M2354_Series_BSP_CMSIS_V3.00.005_duplicate\\SampleCode\\TrustZone\\E-Voting-System\\Secure\\KEIL" "../../../../../Library/StdDriver/src/keystore.c"
	.loc	4 30 0                          @ ../../../../../Library/StdDriver/src/keystore.c:30:0
	.fnstart
	.cfi_sections .debug_frame
	.cfi_startproc
@ %bb.0:
	.pad	#8
	sub	sp, #8
	.cfi_def_cfa_offset 8
	ldr	r0, __arm_cp.0_0
.Ltmp0:
	.loc	4 33 13 prologue_end            @ ../../../../../Library/StdDriver/src/keystore.c:33:13
	ldr	r0, [r0]
.Ltmp1:
	.loc	4 33 8 is_stmt 0                @ ../../../../../Library/StdDriver/src/keystore.c:33:8
	lsls	r0, r0, #24
	cmp	r0, #0
	bmi	.LBB0_12
	b	.LBB0_1
.LBB0_1:
.Ltmp2:
	.loc	4 36 27 is_stmt 1               @ ../../../../../Library/StdDriver/src/keystore.c:36:27
	ldr	r0, __arm_cp.0_1
	ldr	r0, [r0]
	.loc	4 36 25 is_stmt 0               @ ../../../../../Library/StdDriver/src/keystore.c:36:25
	str	r0, [sp]
	.loc	4 37 9 is_stmt 1                @ ../../../../../Library/StdDriver/src/keystore.c:37:9
	b	.LBB0_2
.LBB0_2:                                @ =>This Inner Loop Header: Depth=1
	.loc	4 0 9 is_stmt 0                 @ ../../../../../Library/StdDriver/src/keystore.c:0:9
	ldr	r0, __arm_cp.0_0
	.loc	4 37 19                         @ ../../../../../Library/StdDriver/src/keystore.c:37:19
	ldr	r0, [r0]
	.loc	4 37 9                          @ ../../../../../Library/StdDriver/src/keystore.c:37:9
	lsls	r0, r0, #29
	cmp	r0, #0
	bpl	.LBB0_6
	b	.LBB0_3
.LBB0_3:                                @   in Loop: Header=BB0_2 Depth=1
.Ltmp3:
	.loc	4 39 16 is_stmt 1               @ ../../../../../Library/StdDriver/src/keystore.c:39:16
	ldr	r0, [sp]
	subs	r0, r0, #1
	str	r0, [sp]
.Ltmp4:
	.loc	4 39 16 is_stmt 0               @ ../../../../../Library/StdDriver/src/keystore.c:39:16
	cbnz	r0, .LBB0_5
	b	.LBB0_4
.LBB0_4:
	.loc	4 0 16                          @ ../../../../../Library/StdDriver/src/keystore.c:0:16
	movs	r0, #1
	mvns	r0, r0
.Ltmp5:
	.loc	4 41 17 is_stmt 1               @ ../../../../../Library/StdDriver/src/keystore.c:41:17
	str	r0, [sp, #4]
	b	.LBB0_18
.Ltmp6:
.LBB0_5:                                @   in Loop: Header=BB0_2 Depth=1
	.loc	4 37 9                          @ ../../../../../Library/StdDriver/src/keystore.c:37:9
	b	.LBB0_2
.LBB0_6:
	.loc	4 0 9 is_stmt 0                 @ ../../../../../Library/StdDriver/src/keystore.c:0:9
	ldr	r1, __arm_cp.0_2
	movw	r0, #257
	.loc	4 46 17 is_stmt 1               @ ../../../../../Library/StdDriver/src/keystore.c:46:17
	str	r0, [r1]
	.loc	4 49 27                         @ ../../../../../Library/StdDriver/src/keystore.c:49:27
	ldr	r0, __arm_cp.0_1
	ldr	r0, [r0]
	.loc	4 49 25 is_stmt 0               @ ../../../../../Library/StdDriver/src/keystore.c:49:25
	str	r0, [sp]
	.loc	4 50 9 is_stmt 1                @ ../../../../../Library/StdDriver/src/keystore.c:50:9
	b	.LBB0_7
.LBB0_7:                                @ =>This Inner Loop Header: Depth=1
	.loc	4 0 9 is_stmt 0                 @ ../../../../../Library/StdDriver/src/keystore.c:0:9
	ldr	r0, __arm_cp.0_0
	.loc	4 50 20                         @ ../../../../../Library/StdDriver/src/keystore.c:50:20
	ldr	r0, [r0]
	.loc	4 50 9                          @ ../../../../../Library/StdDriver/src/keystore.c:50:9
	lsls	r0, r0, #24
	cmp	r0, #0
	bmi	.LBB0_11
	b	.LBB0_8
.LBB0_8:                                @   in Loop: Header=BB0_7 Depth=1
.Ltmp7:
	.loc	4 52 16 is_stmt 1               @ ../../../../../Library/StdDriver/src/keystore.c:52:16
	ldr	r0, [sp]
	subs	r0, r0, #1
	str	r0, [sp]
.Ltmp8:
	.loc	4 52 16 is_stmt 0               @ ../../../../../Library/StdDriver/src/keystore.c:52:16
	cbnz	r0, .LBB0_10
	b	.LBB0_9
.LBB0_9:
	.loc	4 0 16                          @ ../../../../../Library/StdDriver/src/keystore.c:0:16
	movs	r0, #1
	mvns	r0, r0
.Ltmp9:
	.loc	4 54 17 is_stmt 1               @ ../../../../../Library/StdDriver/src/keystore.c:54:17
	str	r0, [sp, #4]
	b	.LBB0_18
.Ltmp10:
.LBB0_10:                               @   in Loop: Header=BB0_7 Depth=1
	.loc	4 50 9                          @ ../../../../../Library/StdDriver/src/keystore.c:50:9
	b	.LBB0_7
.LBB0_11:
	.loc	4 57 5                          @ ../../../../../Library/StdDriver/src/keystore.c:57:5
	b	.LBB0_12
.Ltmp11:
.LBB0_12:
	.loc	4 60 23                         @ ../../../../../Library/StdDriver/src/keystore.c:60:23
	ldr	r0, __arm_cp.0_1
	ldr	r0, [r0]
	.loc	4 60 21 is_stmt 0               @ ../../../../../Library/StdDriver/src/keystore.c:60:21
	str	r0, [sp]
	.loc	4 61 5 is_stmt 1                @ ../../../../../Library/StdDriver/src/keystore.c:61:5
	b	.LBB0_13
.LBB0_13:                               @ =>This Inner Loop Header: Depth=1
	.loc	4 0 5 is_stmt 0                 @ ../../../../../Library/StdDriver/src/keystore.c:0:5
	ldr	r0, __arm_cp.0_0
	.loc	4 61 15                         @ ../../../../../Library/StdDriver/src/keystore.c:61:15
	ldr	r0, [r0]
	.loc	4 61 5                          @ ../../../../../Library/StdDriver/src/keystore.c:61:5
	lsls	r0, r0, #29
	cmp	r0, #0
	bpl	.LBB0_17
	b	.LBB0_14
.LBB0_14:                               @   in Loop: Header=BB0_13 Depth=1
.Ltmp12:
	.loc	4 63 12 is_stmt 1               @ ../../../../../Library/StdDriver/src/keystore.c:63:12
	ldr	r0, [sp]
	subs	r0, r0, #1
	str	r0, [sp]
.Ltmp13:
	.loc	4 63 12 is_stmt 0               @ ../../../../../Library/StdDriver/src/keystore.c:63:12
	cbnz	r0, .LBB0_16
	b	.LBB0_15
.LBB0_15:
	.loc	4 0 12                          @ ../../../../../Library/StdDriver/src/keystore.c:0:12
	movs	r0, #1
	mvns	r0, r0
.Ltmp14:
	.loc	4 65 13 is_stmt 1               @ ../../../../../Library/StdDriver/src/keystore.c:65:13
	str	r0, [sp, #4]
	b	.LBB0_18
.Ltmp15:
.LBB0_16:                               @   in Loop: Header=BB0_13 Depth=1
	.loc	4 61 5                          @ ../../../../../Library/StdDriver/src/keystore.c:61:5
	b	.LBB0_13
.LBB0_17:
	.loc	4 0 5 is_stmt 0                 @ ../../../../../Library/StdDriver/src/keystore.c:0:5
	movs	r0, #0
	.loc	4 69 5 is_stmt 1                @ ../../../../../Library/StdDriver/src/keystore.c:69:5
	str	r0, [sp, #4]
	b	.LBB0_18
.LBB0_18:
	.loc	4 70 1                          @ ../../../../../Library/StdDriver/src/keystore.c:70:1
	ldr	r0, [sp, #4]
	add	sp, #8
	bx	lr
.Ltmp16:
	.p2align	2
@ %bb.19:
	.loc	4 0 1 is_stmt 0                 @ ../../../../../Library/StdDriver/src/keystore.c:0:1
__arm_cp.0_0:
	.long	1073958920                      @ 0x40035008
.Lcpi_end0:
	.size	__arm_cp.0_0, .Lcpi_end0-__arm_cp.0_0
__arm_cp.0_1:
	.long	SystemCoreClock
.Lcpi_end1:
	.size	__arm_cp.0_1, .Lcpi_end1-__arm_cp.0_1
__arm_cp.0_2:
	.long	1073958912                      @ 0x40035000
.Lcpi_end2:
	.size	__arm_cp.0_2, .Lcpi_end2-__arm_cp.0_2
.Lfunc_end0:
	.size	KS_Open, .Lfunc_end0-KS_Open
	.cfi_endproc
	.cantunwind
	.fnend
                                        @ -- End function
	.section	.text.KS_Read,"ax",%progbits
	.hidden	KS_Read                         @ -- Begin function KS_Read
	.globl	KS_Read
	.p2align	2
	.type	KS_Read,%function
	.code	16                              @ @KS_Read
	.thumb_func
KS_Read:
.Lfunc_begin1:
	.loc	4 88 0 is_stmt 1                @ ../../../../../Library/StdDriver/src/keystore.c:88:0
	.fnstart
	.cfi_startproc
@ %bb.0:
	.pad	#44
	sub	sp, #44
	.cfi_def_cfa_offset 44
	str	r0, [sp, #36]
	str	r1, [sp, #32]
	str	r2, [sp, #28]
	str	r3, [sp, #24]
	ldr	r0, __arm_cp.1_0
.Ltmp17:
	.loc	4 95 12 prologue_end            @ ../../../../../Library/StdDriver/src/keystore.c:95:12
	ldr	r0, [r0]
.Ltmp18:
	.loc	4 95 8 is_stmt 0                @ ../../../../../Library/StdDriver/src/keystore.c:95:8
	lsls	r0, r0, #29
	cmp	r0, #0
	bpl	.LBB1_2
	b	.LBB1_1
.LBB1_1:
	.loc	4 0 8                           @ ../../../../../Library/StdDriver/src/keystore.c:0:8
	movs	r0, #0
	mvns	r0, r0
.Ltmp19:
	.loc	4 96 9 is_stmt 1                @ ../../../../../Library/StdDriver/src/keystore.c:96:9
	str	r0, [sp, #40]
	b	.LBB1_19
.Ltmp20:
.LBB1_2:
	.loc	4 99 31                         @ ../../../../../Library/StdDriver/src/keystore.c:99:31
	ldr	r0, [sp, #36]
	.loc	4 99 37 is_stmt 0               @ ../../../../../Library/StdDriver/src/keystore.c:99:37
	lsls	r0, r0, #30
	.loc	4 99 63                         @ ../../../../../Library/StdDriver/src/keystore.c:99:63
	ldr	r1, [sp, #32]
	lsls	r1, r1, #26
	lsrs	r1, r1, #6
	.loc	4 99 61                         @ ../../../../../Library/StdDriver/src/keystore.c:99:61
	adds	r0, r0, r1
	ldr	r1, __arm_cp.1_1
	.loc	4 99 18                         @ ../../../../../Library/StdDriver/src/keystore.c:99:18
	str	r0, [r1]
	ldr	r1, __arm_cp.1_0
	movs	r0, #2
	.loc	4 102 13 is_stmt 1              @ ../../../../../Library/StdDriver/src/keystore.c:102:13
	str	r0, [r1]
	movs	r0, #0
	.loc	4 103 12                        @ ../../../../../Library/StdDriver/src/keystore.c:103:12
	str	r0, [sp, #12]
	.loc	4 104 13                        @ ../../../../../Library/StdDriver/src/keystore.c:104:13
	str	r0, [sp, #16]
	.loc	4 105 23                        @ ../../../../../Library/StdDriver/src/keystore.c:105:23
	ldr	r0, [sp, #24]
	.loc	4 105 12 is_stmt 0              @ ../../../../../Library/StdDriver/src/keystore.c:105:12
	str	r0, [sp, #20]
	.loc	4 106 5 is_stmt 1               @ ../../../../../Library/StdDriver/src/keystore.c:106:5
	b	.LBB1_3
.LBB1_3:                                @ =>This Loop Header: Depth=1
                                        @     Child Loop BB1_4 Depth 2
                                        @     Child Loop BB1_11 Depth 2
	.loc	4 0 5 is_stmt 0                 @ ../../../../../Library/StdDriver/src/keystore.c:0:5
	ldr	r1, __arm_cp.1_0
	movs	r0, #3
.Ltmp21:
	.loc	4 109 17 is_stmt 1              @ ../../../../../Library/StdDriver/src/keystore.c:109:17
	str	r0, [r1]
	.loc	4 112 19                        @ ../../../../../Library/StdDriver/src/keystore.c:112:19
	ldr	r0, [sp, #16]
	ldr	r1, __arm_cp.1_2
	.loc	4 112 66 is_stmt 0              @ ../../../../../Library/StdDriver/src/keystore.c:112:66
	ldr	r2, [r1]
	movw	r3, #3072
	.loc	4 112 70                        @ ../../../../../Library/StdDriver/src/keystore.c:112:70
	ands	r2, r3
	.loc	4 112 40                        @ ../../../../../Library/StdDriver/src/keystore.c:112:40
	orrs	r0, r2
	movs	r2, #1
	.loc	4 112 59                        @ ../../../../../Library/StdDriver/src/keystore.c:112:59
	orrs	r0, r2
	.loc	4 112 17                        @ ../../../../../Library/StdDriver/src/keystore.c:112:17
	str	r0, [r1]
	.loc	4 114 27 is_stmt 1              @ ../../../../../Library/StdDriver/src/keystore.c:114:27
	ldr	r0, __arm_cp.1_3
	ldr	r0, [r0]
	.loc	4 114 25 is_stmt 0              @ ../../../../../Library/StdDriver/src/keystore.c:114:25
	str	r0, [sp]
	.loc	4 115 9 is_stmt 1               @ ../../../../../Library/StdDriver/src/keystore.c:115:9
	b	.LBB1_4
.LBB1_4:                                @   Parent Loop BB1_3 Depth=1
                                        @ =>  This Inner Loop Header: Depth=2
	.loc	4 0 9 is_stmt 0                 @ ../../../../../Library/StdDriver/src/keystore.c:0:9
	ldr	r0, __arm_cp.1_0
	.loc	4 115 19                        @ ../../../../../Library/StdDriver/src/keystore.c:115:19
	ldr	r0, [r0]
	.loc	4 115 9                         @ ../../../../../Library/StdDriver/src/keystore.c:115:9
	lsls	r0, r0, #29
	cmp	r0, #0
	bpl	.LBB1_8
	b	.LBB1_5
.LBB1_5:                                @   in Loop: Header=BB1_4 Depth=2
.Ltmp22:
	.loc	4 117 16 is_stmt 1              @ ../../../../../Library/StdDriver/src/keystore.c:117:16
	ldr	r0, [sp]
	subs	r0, r0, #1
	str	r0, [sp]
.Ltmp23:
	.loc	4 117 16 is_stmt 0              @ ../../../../../Library/StdDriver/src/keystore.c:117:16
	cbnz	r0, .LBB1_7
	b	.LBB1_6
.LBB1_6:
	.loc	4 0 16                          @ ../../../../../Library/StdDriver/src/keystore.c:0:16
	movs	r0, #0
	mvns	r0, r0
.Ltmp24:
	.loc	4 118 17 is_stmt 1              @ ../../../../../Library/StdDriver/src/keystore.c:118:17
	str	r0, [sp, #40]
	b	.LBB1_19
.Ltmp25:
.LBB1_7:                                @   in Loop: Header=BB1_4 Depth=2
	.loc	4 115 9                         @ ../../../../../Library/StdDriver/src/keystore.c:115:9
	b	.LBB1_4
.LBB1_8:                                @   in Loop: Header=BB1_3 Depth=1
	.loc	4 122 15                        @ ../../../../../Library/StdDriver/src/keystore.c:122:15
	ldr	r0, [sp, #20]
	.loc	4 122 13 is_stmt 0              @ ../../../../../Library/StdDriver/src/keystore.c:122:13
	str	r0, [sp, #4]
.Ltmp26:
	.loc	4 123 12 is_stmt 1              @ ../../../../../Library/StdDriver/src/keystore.c:123:12
	ldr	r0, [sp, #4]
.Ltmp27:
	.loc	4 123 12 is_stmt 0              @ ../../../../../Library/StdDriver/src/keystore.c:123:12
	cmp	r0, #9
	blt	.LBB1_10
	b	.LBB1_9
.LBB1_9:                                @   in Loop: Header=BB1_3 Depth=1
	.loc	4 0 12                          @ ../../../../../Library/StdDriver/src/keystore.c:0:12
	movs	r0, #8
.Ltmp28:
	.loc	4 124 17 is_stmt 1              @ ../../../../../Library/StdDriver/src/keystore.c:124:17
	str	r0, [sp, #4]
	.loc	4 124 13 is_stmt 0              @ ../../../../../Library/StdDriver/src/keystore.c:124:13
	b	.LBB1_10
.Ltmp29:
.LBB1_10:                               @   in Loop: Header=BB1_3 Depth=1
	.loc	4 0 13                          @ ../../../../../Library/StdDriver/src/keystore.c:0:13
	movs	r0, #0
.Ltmp30:
	.loc	4 125 15 is_stmt 1              @ ../../../../../Library/StdDriver/src/keystore.c:125:15
	str	r0, [sp, #8]
	.loc	4 125 13 is_stmt 0              @ ../../../../../Library/StdDriver/src/keystore.c:125:13
	b	.LBB1_11
.LBB1_11:                               @   Parent Loop BB1_3 Depth=1
                                        @ =>  This Inner Loop Header: Depth=2
.Ltmp31:
	.loc	4 125 20                        @ ../../../../../Library/StdDriver/src/keystore.c:125:20
	ldr	r0, [sp, #8]
	.loc	4 125 24                        @ ../../../../../Library/StdDriver/src/keystore.c:125:24
	ldr	r1, [sp, #4]
.Ltmp32:
	.loc	4 125 9                         @ ../../../../../Library/StdDriver/src/keystore.c:125:9
	cmp	r0, r1
	bge	.LBB1_14
	b	.LBB1_12
.LBB1_12:                               @   in Loop: Header=BB1_11 Depth=2
.Ltmp33:
	.loc	4 127 43 is_stmt 1              @ ../../../../../Library/StdDriver/src/keystore.c:127:43
	ldr	r0, [sp, #8]
	.loc	4 127 35 is_stmt 0              @ ../../../../../Library/StdDriver/src/keystore.c:127:35
	lsls	r0, r0, #2
	ldr	r1, __arm_cp.1_4
	ldr	r0, [r0, r1]
	.loc	4 127 13                        @ ../../../../../Library/StdDriver/src/keystore.c:127:13
	ldr	r1, [sp, #28]
	.loc	4 127 21                        @ ../../../../../Library/StdDriver/src/keystore.c:127:21
	ldr	r2, [sp, #12]
	.loc	4 127 30                        @ ../../../../../Library/StdDriver/src/keystore.c:127:30
	ldr	r3, [sp, #8]
	.loc	4 127 28                        @ ../../../../../Library/StdDriver/src/keystore.c:127:28
	adds	r2, r2, r3
	.loc	4 127 13                        @ ../../../../../Library/StdDriver/src/keystore.c:127:13
	lsls	r2, r2, #2
	.loc	4 127 33                        @ ../../../../../Library/StdDriver/src/keystore.c:127:33
	str	r0, [r1, r2]
	.loc	4 129 9 is_stmt 1               @ ../../../../../Library/StdDriver/src/keystore.c:129:9
	b	.LBB1_13
.Ltmp34:
.LBB1_13:                               @   in Loop: Header=BB1_11 Depth=2
	.loc	4 125 30                        @ ../../../../../Library/StdDriver/src/keystore.c:125:30
	ldr	r0, [sp, #8]
	adds	r0, r0, #1
	str	r0, [sp, #8]
	.loc	4 125 9 is_stmt 0               @ ../../../../../Library/StdDriver/src/keystore.c:125:9
	b	.LBB1_11
.Ltmp35:
.LBB1_14:                               @   in Loop: Header=BB1_3 Depth=1
	.loc	4 0 9                           @ ../../../../../Library/StdDriver/src/keystore.c:0:9
	movs	r0, #128
	.loc	4 131 17 is_stmt 1              @ ../../../../../Library/StdDriver/src/keystore.c:131:17
	str	r0, [sp, #16]
	.loc	4 132 16                        @ ../../../../../Library/StdDriver/src/keystore.c:132:16
	ldr	r0, [sp, #20]
	subs	r0, #8
	str	r0, [sp, #20]
	.loc	4 133 16                        @ ../../../../../Library/StdDriver/src/keystore.c:133:16
	ldr	r0, [sp, #12]
	adds	r0, #8
	str	r0, [sp, #12]
	.loc	4 134 5                         @ ../../../../../Library/StdDriver/src/keystore.c:134:5
	b	.LBB1_15
.Ltmp36:
.LBB1_15:                               @   in Loop: Header=BB1_3 Depth=1
	.loc	4 135 11                        @ ../../../../../Library/StdDriver/src/keystore.c:135:11
	ldr	r0, [sp, #20]
.Ltmp37:
	.loc	4 134 5                         @ ../../../../../Library/StdDriver/src/keystore.c:134:5
	cmp	r0, #0
	bgt	.LBB1_3
	b	.LBB1_16
.Ltmp38:
.LBB1_16:
	.loc	4 0 5 is_stmt 0                 @ ../../../../../Library/StdDriver/src/keystore.c:0:5
	ldr	r0, __arm_cp.1_0
.Ltmp39:
	.loc	4 138 12 is_stmt 1              @ ../../../../../Library/StdDriver/src/keystore.c:138:12
	ldr	r0, [r0]
.Ltmp40:
	.loc	4 138 8 is_stmt 0               @ ../../../../../Library/StdDriver/src/keystore.c:138:8
	lsls	r0, r0, #30
	cmp	r0, #0
	bpl	.LBB1_18
	b	.LBB1_17
.LBB1_17:
	.loc	4 0 8                           @ ../../../../../Library/StdDriver/src/keystore.c:0:8
	movs	r0, #0
	mvns	r0, r0
.Ltmp41:
	.loc	4 139 9 is_stmt 1               @ ../../../../../Library/StdDriver/src/keystore.c:139:9
	str	r0, [sp, #40]
	b	.LBB1_19
.Ltmp42:
.LBB1_18:
	.loc	4 0 9 is_stmt 0                 @ ../../../../../Library/StdDriver/src/keystore.c:0:9
	movs	r0, #0
	.loc	4 142 5 is_stmt 1               @ ../../../../../Library/StdDriver/src/keystore.c:142:5
	str	r0, [sp, #40]
	b	.LBB1_19
.LBB1_19:
	.loc	4 143 1                         @ ../../../../../Library/StdDriver/src/keystore.c:143:1
	ldr	r0, [sp, #40]
	add	sp, #44
	bx	lr
.Ltmp43:
	.p2align	2
@ %bb.20:
	.loc	4 0 1 is_stmt 0                 @ ../../../../../Library/StdDriver/src/keystore.c:0:1
__arm_cp.1_0:
	.long	1073958920                      @ 0x40035008
.Lcpi_end3:
	.size	__arm_cp.1_0, .Lcpi_end3-__arm_cp.1_0
__arm_cp.1_1:
	.long	1073958916                      @ 0x40035004
.Lcpi_end4:
	.size	__arm_cp.1_1, .Lcpi_end4-__arm_cp.1_1
__arm_cp.1_2:
	.long	1073958912                      @ 0x40035000
.Lcpi_end5:
	.size	__arm_cp.1_2, .Lcpi_end5-__arm_cp.1_2
__arm_cp.1_3:
	.long	SystemCoreClock
.Lcpi_end6:
	.size	__arm_cp.1_3, .Lcpi_end6-__arm_cp.1_3
__arm_cp.1_4:
	.long	1073958944                      @ 0x40035020
.Lcpi_end7:
	.size	__arm_cp.1_4, .Lcpi_end7-__arm_cp.1_4
.Lfunc_end1:
	.size	KS_Read, .Lfunc_end1-KS_Read
	.cfi_endproc
	.cantunwind
	.fnend
                                        @ -- End function
	.section	.text.KS_GetKeyWordCnt,"ax",%progbits
	.hidden	KS_GetKeyWordCnt                @ -- Begin function KS_GetKeyWordCnt
	.globl	KS_GetKeyWordCnt
	.p2align	2
	.type	KS_GetKeyWordCnt,%function
	.code	16                              @ @KS_GetKeyWordCnt
	.thumb_func
KS_GetKeyWordCnt:
.Lfunc_begin2:
	.loc	4 170 0 is_stmt 1               @ ../../../../../Library/StdDriver/src/keystore.c:170:0
	.fnstart
	.cfi_startproc
@ %bb.0:
	.save	{r7, lr}
	push	{r7, lr}
	.cfi_def_cfa_offset 8
	.cfi_offset lr, -4
	.cfi_offset r7, -8
	.pad	#56
	sub	sp, #56
	.cfi_def_cfa_offset 64
	str	r0, [sp, #52]
.Ltmp44:
	.loc	4 171 20 prologue_end           @ ../../../../../Library/StdDriver/src/keystore.c:171:20
	ldr	r1, __arm_cp.2_0
	add	r0, sp, #8
	str	r0, [sp, #4]                    @ 4-byte Spill
	movs	r2, #42
	bl	__aeabi_memcpy
                                        @ kill: def $r1 killed $r0
	.loc	4 172 24                        @ ../../../../../Library/StdDriver/src/keystore.c:172:24
	ldr	r0, [sp, #4]                    @ 4-byte Reload
	ldr	r1, [sp, #52]
	movw	r2, #7936
	.loc	4 172 32 is_stmt 0              @ ../../../../../Library/StdDriver/src/keystore.c:172:32
	ands	r1, r2
	.loc	4 172 12                        @ ../../../../../Library/StdDriver/src/keystore.c:172:12
	lsrs	r1, r1, #7
	ldrh	r0, [r0, r1]
	.loc	4 172 5                         @ ../../../../../Library/StdDriver/src/keystore.c:172:5
	add	sp, #56
	pop	{r7, pc}
.Ltmp45:
	.p2align	2
@ %bb.1:
	.loc	4 0 5                           @ ../../../../../Library/StdDriver/src/keystore.c:0:5
__arm_cp.2_0:
	.long	.L__const.KS_GetKeyWordCnt.au8CntTbl
.Lcpi_end8:
	.size	__arm_cp.2_0, .Lcpi_end8-__arm_cp.2_0
.Lfunc_end2:
	.size	KS_GetKeyWordCnt, .Lfunc_end2-KS_GetKeyWordCnt
	.cfi_endproc
	.cantunwind
	.fnend
                                        @ -- End function
	.section	.text.KS_Write,"ax",%progbits
	.hidden	KS_Write                        @ -- Begin function KS_Write
	.globl	KS_Write
	.p2align	2
	.type	KS_Write,%function
	.code	16                              @ @KS_Write
	.thumb_func
KS_Write:
.Lfunc_begin3:
	.loc	4 217 0 is_stmt 1               @ ../../../../../Library/StdDriver/src/keystore.c:217:0
	.fnstart
	.cfi_startproc
@ %bb.0:
	.save	{r4, lr}
	push	{r4, lr}
	.cfi_def_cfa_offset 8
	.cfi_offset lr, -4
	.cfi_offset r4, -8
	.pad	#40
	sub	sp, #40
	.cfi_def_cfa_offset 48
	str	r0, [sp, #32]
	str	r1, [sp, #28]
	str	r2, [sp, #24]
	ldr	r0, __arm_cp.3_0
.Ltmp46:
	.loc	4 225 12 prologue_end           @ ../../../../../Library/StdDriver/src/keystore.c:225:12
	ldr	r0, [r0]
.Ltmp47:
	.loc	4 225 8 is_stmt 0               @ ../../../../../Library/StdDriver/src/keystore.c:225:8
	lsls	r0, r0, #29
	cmp	r0, #0
	bpl	.LBB3_2
	b	.LBB3_1
.LBB3_1:
	.loc	4 0 8                           @ ../../../../../Library/StdDriver/src/keystore.c:0:8
	movs	r0, #0
	mvns	r0, r0
.Ltmp48:
	.loc	4 226 9 is_stmt 1               @ ../../../../../Library/StdDriver/src/keystore.c:226:9
	str	r0, [sp, #36]
	b	.LBB3_24
.Ltmp49:
.LBB3_2:
	.loc	4 229 21                        @ ../../../../../Library/StdDriver/src/keystore.c:229:21
	ldr	r0, [sp, #32]
	.loc	4 229 27 is_stmt 0              @ ../../../../../Library/StdDriver/src/keystore.c:229:27
	lsls	r0, r0, #30
	.loc	4 229 53                        @ ../../../../../Library/StdDriver/src/keystore.c:229:53
	ldr	r1, [sp, #28]
	.loc	4 229 51                        @ ../../../../../Library/StdDriver/src/keystore.c:229:51
	orrs	r0, r1
	ldr	r1, __arm_cp.3_1
	.loc	4 229 18                        @ ../../../../../Library/StdDriver/src/keystore.c:229:18
	str	r0, [r1]
	.loc	4 232 40 is_stmt 1              @ ../../../../../Library/StdDriver/src/keystore.c:232:40
	ldr	r0, [sp, #28]
	.loc	4 232 23 is_stmt 0              @ ../../../../../Library/StdDriver/src/keystore.c:232:23
	bl	KS_GetKeyWordCnt
	.loc	4 232 12                        @ ../../../../../Library/StdDriver/src/keystore.c:232:12
	str	r0, [sp, #20]
.Ltmp50:
	.loc	4 235 8 is_stmt 1               @ ../../../../../Library/StdDriver/src/keystore.c:235:8
	ldr	r0, [sp, #20]
.Ltmp51:
	.loc	4 235 8 is_stmt 0               @ ../../../../../Library/StdDriver/src/keystore.c:235:8
	cbnz	r0, .LBB3_4
	b	.LBB3_3
.LBB3_3:
	.loc	4 0 8                           @ ../../../../../Library/StdDriver/src/keystore.c:0:8
	movs	r0, #0
	mvns	r0, r0
.Ltmp52:
	.loc	4 236 9 is_stmt 1               @ ../../../../../Library/StdDriver/src/keystore.c:236:9
	str	r0, [sp, #36]
	b	.LBB3_24
.Ltmp53:
.LBB3_4:
	.loc	4 239 9                         @ ../../../../../Library/StdDriver/src/keystore.c:239:9
	ldr	r0, [sp, #32]
	.loc	4 239 26 is_stmt 0              @ ../../../../../Library/StdDriver/src/keystore.c:239:26
	cmp	r0, #2
	bne	.LBB3_7
	b	.LBB3_5
.LBB3_5:
	.loc	4 239 30                        @ ../../../../../Library/StdDriver/src/keystore.c:239:30
	ldr	r0, [sp, #20]
.Ltmp54:
	.loc	4 239 8                         @ ../../../../../Library/StdDriver/src/keystore.c:239:8
	cmp	r0, #9
	blt	.LBB3_7
	b	.LBB3_6
.LBB3_6:
	.loc	4 0 8                           @ ../../../../../Library/StdDriver/src/keystore.c:0:8
	movs	r0, #0
	mvns	r0, r0
.Ltmp55:
	.loc	4 240 9 is_stmt 1               @ ../../../../../Library/StdDriver/src/keystore.c:240:9
	str	r0, [sp, #36]
	b	.LBB3_24
.Ltmp56:
.LBB3_7:
	.loc	4 0 9 is_stmt 0                 @ ../../../../../Library/StdDriver/src/keystore.c:0:9
	ldr	r1, __arm_cp.3_0
	movs	r0, #2
	.loc	4 243 13 is_stmt 1              @ ../../../../../Library/StdDriver/src/keystore.c:243:13
	str	r0, [r1]
	movs	r0, #0
	.loc	4 244 12                        @ ../../../../../Library/StdDriver/src/keystore.c:244:12
	str	r0, [sp, #4]
	.loc	4 245 13                        @ ../../../../../Library/StdDriver/src/keystore.c:245:13
	str	r0, [sp, #16]
	.loc	4 246 5                         @ ../../../../../Library/StdDriver/src/keystore.c:246:5
	b	.LBB3_8
.LBB3_8:                                @ =>This Loop Header: Depth=1
                                        @     Child Loop BB3_11 Depth 2
                                        @     Child Loop BB3_15 Depth 2
.Ltmp57:
	.loc	4 249 15                        @ ../../../../../Library/StdDriver/src/keystore.c:249:15
	ldr	r0, [sp, #20]
	.loc	4 249 13 is_stmt 0              @ ../../../../../Library/StdDriver/src/keystore.c:249:13
	str	r0, [sp, #8]
.Ltmp58:
	.loc	4 250 12 is_stmt 1              @ ../../../../../Library/StdDriver/src/keystore.c:250:12
	ldr	r0, [sp, #8]
.Ltmp59:
	.loc	4 250 12 is_stmt 0              @ ../../../../../Library/StdDriver/src/keystore.c:250:12
	cmp	r0, #9
	blt	.LBB3_10
	b	.LBB3_9
.LBB3_9:                                @   in Loop: Header=BB3_8 Depth=1
	.loc	4 0 12                          @ ../../../../../Library/StdDriver/src/keystore.c:0:12
	movs	r0, #8
.Ltmp60:
	.loc	4 251 17 is_stmt 1              @ ../../../../../Library/StdDriver/src/keystore.c:251:17
	str	r0, [sp, #8]
	.loc	4 251 13 is_stmt 0              @ ../../../../../Library/StdDriver/src/keystore.c:251:13
	b	.LBB3_10
.Ltmp61:
.LBB3_10:                               @   in Loop: Header=BB3_8 Depth=1
	.loc	4 0 13                          @ ../../../../../Library/StdDriver/src/keystore.c:0:13
	movs	r0, #0
.Ltmp62:
	.loc	4 252 15 is_stmt 1              @ ../../../../../Library/StdDriver/src/keystore.c:252:15
	str	r0, [sp, #12]
	.loc	4 252 13 is_stmt 0              @ ../../../../../Library/StdDriver/src/keystore.c:252:13
	b	.LBB3_11
.LBB3_11:                               @   Parent Loop BB3_8 Depth=1
                                        @ =>  This Inner Loop Header: Depth=2
.Ltmp63:
	.loc	4 252 20                        @ ../../../../../Library/StdDriver/src/keystore.c:252:20
	ldr	r0, [sp, #12]
	.loc	4 252 24                        @ ../../../../../Library/StdDriver/src/keystore.c:252:24
	ldr	r1, [sp, #8]
.Ltmp64:
	.loc	4 252 9                         @ ../../../../../Library/StdDriver/src/keystore.c:252:9
	cmp	r0, r1
	bge	.LBB3_14
	b	.LBB3_12
.LBB3_12:                               @   in Loop: Header=BB3_11 Depth=2
.Ltmp65:
	.loc	4 254 26 is_stmt 1              @ ../../../../../Library/StdDriver/src/keystore.c:254:26
	ldr	r0, [sp, #24]
	.loc	4 254 34 is_stmt 0              @ ../../../../../Library/StdDriver/src/keystore.c:254:34
	ldr	r2, [sp, #4]
	.loc	4 254 43                        @ ../../../../../Library/StdDriver/src/keystore.c:254:43
	ldr	r1, [sp, #12]
	.loc	4 254 41                        @ ../../../../../Library/StdDriver/src/keystore.c:254:41
	adds	r2, r2, r1
	.loc	4 254 26                        @ ../../../../../Library/StdDriver/src/keystore.c:254:26
	lsls	r2, r2, #2
	ldr	r0, [r0, r2]
	.loc	4 254 13                        @ ../../../../../Library/StdDriver/src/keystore.c:254:13
	lsls	r1, r1, #2
	ldr	r2, __arm_cp.3_4
	.loc	4 254 24                        @ ../../../../../Library/StdDriver/src/keystore.c:254:24
	str	r0, [r1, r2]
	.loc	4 255 9 is_stmt 1               @ ../../../../../Library/StdDriver/src/keystore.c:255:9
	b	.LBB3_13
.Ltmp66:
.LBB3_13:                               @   in Loop: Header=BB3_11 Depth=2
	.loc	4 252 30                        @ ../../../../../Library/StdDriver/src/keystore.c:252:30
	ldr	r0, [sp, #12]
	adds	r0, r0, #1
	str	r0, [sp, #12]
	.loc	4 252 9 is_stmt 0               @ ../../../../../Library/StdDriver/src/keystore.c:252:9
	b	.LBB3_11
.Ltmp67:
.LBB3_14:                               @   in Loop: Header=BB3_8 Depth=1
	.loc	4 0 9                           @ ../../../../../Library/StdDriver/src/keystore.c:0:9
	ldr	r0, __arm_cp.3_0
	movs	r2, #3
	.loc	4 258 17 is_stmt 1              @ ../../../../../Library/StdDriver/src/keystore.c:258:17
	str	r2, [r0]
	.loc	4 261 19                        @ ../../../../../Library/StdDriver/src/keystore.c:261:19
	ldr	r0, [sp, #16]
	ldr	r1, __arm_cp.3_2
	.loc	4 261 67 is_stmt 0              @ ../../../../../Library/StdDriver/src/keystore.c:261:67
	ldr	r3, [r1]
	movw	r4, #3072
	.loc	4 261 71                        @ ../../../../../Library/StdDriver/src/keystore.c:261:71
	ands	r3, r4
	.loc	4 261 27                        @ ../../../../../Library/StdDriver/src/keystore.c:261:27
	orrs	r0, r3
	.loc	4 261 60                        @ ../../../../../Library/StdDriver/src/keystore.c:261:60
	orrs	r0, r2
	.loc	4 261 17                        @ ../../../../../Library/StdDriver/src/keystore.c:261:17
	str	r0, [r1]
	movs	r0, #128
	.loc	4 263 17 is_stmt 1              @ ../../../../../Library/StdDriver/src/keystore.c:263:17
	str	r0, [sp, #16]
	.loc	4 264 16                        @ ../../../../../Library/StdDriver/src/keystore.c:264:16
	ldr	r0, [sp, #20]
	subs	r0, #8
	str	r0, [sp, #20]
	.loc	4 265 16                        @ ../../../../../Library/StdDriver/src/keystore.c:265:16
	ldr	r0, [sp, #4]
	adds	r0, #8
	str	r0, [sp, #4]
	.loc	4 268 27                        @ ../../../../../Library/StdDriver/src/keystore.c:268:27
	ldr	r0, __arm_cp.3_3
	ldr	r0, [r0]
	.loc	4 268 25 is_stmt 0              @ ../../../../../Library/StdDriver/src/keystore.c:268:25
	str	r0, [sp]
	.loc	4 269 9 is_stmt 1               @ ../../../../../Library/StdDriver/src/keystore.c:269:9
	b	.LBB3_15
.LBB3_15:                               @   Parent Loop BB3_8 Depth=1
                                        @ =>  This Inner Loop Header: Depth=2
	.loc	4 0 9 is_stmt 0                 @ ../../../../../Library/StdDriver/src/keystore.c:0:9
	ldr	r0, __arm_cp.3_0
	.loc	4 269 19                        @ ../../../../../Library/StdDriver/src/keystore.c:269:19
	ldr	r0, [r0]
	.loc	4 269 9                         @ ../../../../../Library/StdDriver/src/keystore.c:269:9
	lsls	r0, r0, #29
	cmp	r0, #0
	bpl	.LBB3_19
	b	.LBB3_16
.LBB3_16:                               @   in Loop: Header=BB3_15 Depth=2
.Ltmp68:
	.loc	4 271 16 is_stmt 1              @ ../../../../../Library/StdDriver/src/keystore.c:271:16
	ldr	r0, [sp]
	subs	r0, r0, #1
	str	r0, [sp]
.Ltmp69:
	.loc	4 271 16 is_stmt 0              @ ../../../../../Library/StdDriver/src/keystore.c:271:16
	cbnz	r0, .LBB3_18
	b	.LBB3_17
.LBB3_17:
	.loc	4 0 16                          @ ../../../../../Library/StdDriver/src/keystore.c:0:16
	movs	r0, #0
	mvns	r0, r0
.Ltmp70:
	.loc	4 272 17 is_stmt 1              @ ../../../../../Library/StdDriver/src/keystore.c:272:17
	str	r0, [sp, #36]
	b	.LBB3_24
.Ltmp71:
.LBB3_18:                               @   in Loop: Header=BB3_15 Depth=2
	.loc	4 269 9                         @ ../../../../../Library/StdDriver/src/keystore.c:269:9
	b	.LBB3_15
.LBB3_19:                               @   in Loop: Header=BB3_8 Depth=1
	.loc	4 275 5                         @ ../../../../../Library/StdDriver/src/keystore.c:275:5
	b	.LBB3_20
.Ltmp72:
.LBB3_20:                               @   in Loop: Header=BB3_8 Depth=1
	.loc	4 276 11                        @ ../../../../../Library/StdDriver/src/keystore.c:276:11
	ldr	r0, [sp, #20]
.Ltmp73:
	.loc	4 275 5                         @ ../../../../../Library/StdDriver/src/keystore.c:275:5
	cmp	r0, #0
	bgt	.LBB3_8
	b	.LBB3_21
.Ltmp74:
.LBB3_21:
	.loc	4 0 5 is_stmt 0                 @ ../../../../../Library/StdDriver/src/keystore.c:0:5
	ldr	r0, __arm_cp.3_0
.Ltmp75:
	.loc	4 279 12 is_stmt 1              @ ../../../../../Library/StdDriver/src/keystore.c:279:12
	ldr	r0, [r0]
.Ltmp76:
	.loc	4 279 8 is_stmt 0               @ ../../../../../Library/StdDriver/src/keystore.c:279:8
	lsls	r0, r0, #30
	cmp	r0, #0
	bpl	.LBB3_23
	b	.LBB3_22
.LBB3_22:
	.loc	4 0 8                           @ ../../../../../Library/StdDriver/src/keystore.c:0:8
	movs	r0, #0
	mvns	r0, r0
.Ltmp77:
	.loc	4 282 9 is_stmt 1               @ ../../../../../Library/StdDriver/src/keystore.c:282:9
	str	r0, [sp, #36]
	b	.LBB3_24
.Ltmp78:
.LBB3_23:
	.loc	4 0 9 is_stmt 0                 @ ../../../../../Library/StdDriver/src/keystore.c:0:9
	ldr	r0, __arm_cp.3_1
	.loc	4 285 12 is_stmt 1              @ ../../../../../Library/StdDriver/src/keystore.c:285:12
	ldr	r0, [r0]
	movs	r1, #63
	lsls	r1, r1, #20
	ands	r0, r1
	lsrs	r0, r0, #20
	.loc	4 285 5 is_stmt 0               @ ../../../../../Library/StdDriver/src/keystore.c:285:5
	str	r0, [sp, #36]
	b	.LBB3_24
.LBB3_24:
	.loc	4 286 1 is_stmt 1               @ ../../../../../Library/StdDriver/src/keystore.c:286:1
	ldr	r0, [sp, #36]
	add	sp, #40
	pop	{r4, pc}
.Ltmp79:
	.p2align	2
@ %bb.25:
	.loc	4 0 1 is_stmt 0                 @ ../../../../../Library/StdDriver/src/keystore.c:0:1
__arm_cp.3_0:
	.long	1073958920                      @ 0x40035008
.Lcpi_end9:
	.size	__arm_cp.3_0, .Lcpi_end9-__arm_cp.3_0
__arm_cp.3_1:
	.long	1073958916                      @ 0x40035004
.Lcpi_end10:
	.size	__arm_cp.3_1, .Lcpi_end10-__arm_cp.3_1
__arm_cp.3_2:
	.long	1073958912                      @ 0x40035000
.Lcpi_end11:
	.size	__arm_cp.3_2, .Lcpi_end11-__arm_cp.3_2
__arm_cp.3_3:
	.long	SystemCoreClock
.Lcpi_end12:
	.size	__arm_cp.3_3, .Lcpi_end12-__arm_cp.3_3
__arm_cp.3_4:
	.long	1073958944                      @ 0x40035020
.Lcpi_end13:
	.size	__arm_cp.3_4, .Lcpi_end13-__arm_cp.3_4
.Lfunc_end3:
	.size	KS_Write, .Lfunc_end3-KS_Write
	.cfi_endproc
	.cantunwind
	.fnend
                                        @ -- End function
	.section	.text.KS_EraseKey,"ax",%progbits
	.hidden	KS_EraseKey                     @ -- Begin function KS_EraseKey
	.globl	KS_EraseKey
	.p2align	2
	.type	KS_EraseKey,%function
	.code	16                              @ @KS_EraseKey
	.thumb_func
KS_EraseKey:
.Lfunc_begin4:
	.loc	4 296 0 is_stmt 1               @ ../../../../../Library/StdDriver/src/keystore.c:296:0
	.fnstart
	.cfi_startproc
@ %bb.0:
	.pad	#12
	sub	sp, #12
	.cfi_def_cfa_offset 12
	str	r0, [sp, #4]
.Ltmp80:
	.loc	4 297 32 prologue_end           @ ../../../../../Library/StdDriver/src/keystore.c:297:32
	ldr	r0, __arm_cp.4_0
	ldr	r0, [r0]
	.loc	4 297 14 is_stmt 0              @ ../../../../../Library/StdDriver/src/keystore.c:297:14
	str	r0, [sp]
	ldr	r0, __arm_cp.4_1
.Ltmp81:
	.loc	4 300 12 is_stmt 1              @ ../../../../../Library/StdDriver/src/keystore.c:300:12
	ldr	r0, [r0]
.Ltmp82:
	.loc	4 300 8 is_stmt 0               @ ../../../../../Library/StdDriver/src/keystore.c:300:8
	lsls	r0, r0, #29
	cmp	r0, #0
	bpl	.LBB4_2
	b	.LBB4_1
.LBB4_1:
	.loc	4 0 8                           @ ../../../../../Library/StdDriver/src/keystore.c:0:8
	movs	r0, #0
	mvns	r0, r0
.Ltmp83:
	.loc	4 301 9 is_stmt 1               @ ../../../../../Library/StdDriver/src/keystore.c:301:9
	str	r0, [sp, #8]
	b	.LBB4_10
.Ltmp84:
.LBB4_2:
	.loc	4 0 9 is_stmt 0                 @ ../../../../../Library/StdDriver/src/keystore.c:0:9
	ldr	r1, __arm_cp.4_1
	movs	r0, #2
	.loc	4 304 13 is_stmt 1              @ ../../../../../Library/StdDriver/src/keystore.c:304:13
	str	r0, [r1]
	.loc	4 307 55                        @ ../../../../../Library/StdDriver/src/keystore.c:307:55
	ldr	r0, [sp, #4]
	lsls	r0, r0, #26
	lsrs	r0, r0, #6
	ldr	r2, __arm_cp.4_2
	.loc	4 307 18 is_stmt 0              @ ../../../../../Library/StdDriver/src/keystore.c:307:18
	str	r0, [r2]
	movs	r0, #3
	.loc	4 310 13 is_stmt 1              @ ../../../../../Library/StdDriver/src/keystore.c:310:13
	str	r0, [r1]
	ldr	r1, __arm_cp.4_3
	.loc	4 313 54                        @ ../../../../../Library/StdDriver/src/keystore.c:313:54
	ldr	r0, [r1]
	movw	r2, #3072
	.loc	4 313 58 is_stmt 0              @ ../../../../../Library/StdDriver/src/keystore.c:313:58
	ands	r0, r2
	.loc	4 313 47                        @ ../../../../../Library/StdDriver/src/keystore.c:313:47
	adds	r0, r0, #5
	.loc	4 313 13                        @ ../../../../../Library/StdDriver/src/keystore.c:313:13
	str	r0, [r1]
	.loc	4 316 5 is_stmt 1               @ ../../../../../Library/StdDriver/src/keystore.c:316:5
	b	.LBB4_3
.LBB4_3:                                @ =>This Inner Loop Header: Depth=1
	.loc	4 0 5 is_stmt 0                 @ ../../../../../Library/StdDriver/src/keystore.c:0:5
	ldr	r0, __arm_cp.4_1
	.loc	4 316 15                        @ ../../../../../Library/StdDriver/src/keystore.c:316:15
	ldr	r0, [r0]
	.loc	4 316 5                         @ ../../../../../Library/StdDriver/src/keystore.c:316:5
	lsls	r0, r0, #29
	cmp	r0, #0
	bpl	.LBB4_7
	b	.LBB4_4
.LBB4_4:                                @   in Loop: Header=BB4_3 Depth=1
.Ltmp85:
	.loc	4 318 12 is_stmt 1              @ ../../../../../Library/StdDriver/src/keystore.c:318:12
	ldr	r0, [sp]
	subs	r0, r0, #1
	str	r0, [sp]
.Ltmp86:
	.loc	4 318 12 is_stmt 0              @ ../../../../../Library/StdDriver/src/keystore.c:318:12
	cbnz	r0, .LBB4_6
	b	.LBB4_5
.LBB4_5:
	.loc	4 0 12                          @ ../../../../../Library/StdDriver/src/keystore.c:0:12
	movs	r0, #0
	mvns	r0, r0
.Ltmp87:
	.loc	4 319 13 is_stmt 1              @ ../../../../../Library/StdDriver/src/keystore.c:319:13
	str	r0, [sp, #8]
	b	.LBB4_10
.Ltmp88:
.LBB4_6:                                @   in Loop: Header=BB4_3 Depth=1
	.loc	4 316 5                         @ ../../../../../Library/StdDriver/src/keystore.c:316:5
	b	.LBB4_3
.LBB4_7:
	.loc	4 0 5 is_stmt 0                 @ ../../../../../Library/StdDriver/src/keystore.c:0:5
	ldr	r0, __arm_cp.4_1
.Ltmp89:
	.loc	4 323 12 is_stmt 1              @ ../../../../../Library/StdDriver/src/keystore.c:323:12
	ldr	r0, [r0]
.Ltmp90:
	.loc	4 323 8 is_stmt 0               @ ../../../../../Library/StdDriver/src/keystore.c:323:8
	lsls	r0, r0, #30
	cmp	r0, #0
	bpl	.LBB4_9
	b	.LBB4_8
.LBB4_8:
	.loc	4 0 8                           @ ../../../../../Library/StdDriver/src/keystore.c:0:8
	movs	r0, #0
	mvns	r0, r0
.Ltmp91:
	.loc	4 324 9 is_stmt 1               @ ../../../../../Library/StdDriver/src/keystore.c:324:9
	str	r0, [sp, #8]
	b	.LBB4_10
.Ltmp92:
.LBB4_9:
	.loc	4 0 9 is_stmt 0                 @ ../../../../../Library/StdDriver/src/keystore.c:0:9
	movs	r0, #0
	.loc	4 326 5 is_stmt 1               @ ../../../../../Library/StdDriver/src/keystore.c:326:5
	str	r0, [sp, #8]
	b	.LBB4_10
.LBB4_10:
	.loc	4 328 1                         @ ../../../../../Library/StdDriver/src/keystore.c:328:1
	ldr	r0, [sp, #8]
	add	sp, #12
	bx	lr
.Ltmp93:
	.p2align	2
@ %bb.11:
	.loc	4 0 1 is_stmt 0                 @ ../../../../../Library/StdDriver/src/keystore.c:0:1
__arm_cp.4_0:
	.long	SystemCoreClock
.Lcpi_end14:
	.size	__arm_cp.4_0, .Lcpi_end14-__arm_cp.4_0
__arm_cp.4_1:
	.long	1073958920                      @ 0x40035008
.Lcpi_end15:
	.size	__arm_cp.4_1, .Lcpi_end15-__arm_cp.4_1
__arm_cp.4_2:
	.long	1073958916                      @ 0x40035004
.Lcpi_end16:
	.size	__arm_cp.4_2, .Lcpi_end16-__arm_cp.4_2
__arm_cp.4_3:
	.long	1073958912                      @ 0x40035000
.Lcpi_end17:
	.size	__arm_cp.4_3, .Lcpi_end17-__arm_cp.4_3
.Lfunc_end4:
	.size	KS_EraseKey, .Lfunc_end4-KS_EraseKey
	.cfi_endproc
	.cantunwind
	.fnend
                                        @ -- End function
	.section	.text.KS_EraseAll,"ax",%progbits
	.hidden	KS_EraseAll                     @ -- Begin function KS_EraseAll
	.globl	KS_EraseAll
	.p2align	2
	.type	KS_EraseAll,%function
	.code	16                              @ @KS_EraseAll
	.thumb_func
KS_EraseAll:
.Lfunc_begin5:
	.loc	4 343 0 is_stmt 1               @ ../../../../../Library/StdDriver/src/keystore.c:343:0
	.fnstart
	.cfi_startproc
@ %bb.0:
	.pad	#12
	sub	sp, #12
	.cfi_def_cfa_offset 12
	str	r0, [sp, #4]
.Ltmp94:
	.loc	4 344 32 prologue_end           @ ../../../../../Library/StdDriver/src/keystore.c:344:32
	ldr	r0, __arm_cp.5_0
	ldr	r0, [r0]
	.loc	4 344 14 is_stmt 0              @ ../../../../../Library/StdDriver/src/keystore.c:344:14
	str	r0, [sp]
	ldr	r0, __arm_cp.5_1
.Ltmp95:
	.loc	4 347 12 is_stmt 1              @ ../../../../../Library/StdDriver/src/keystore.c:347:12
	ldr	r0, [r0]
.Ltmp96:
	.loc	4 347 8 is_stmt 0               @ ../../../../../Library/StdDriver/src/keystore.c:347:8
	lsls	r0, r0, #29
	cmp	r0, #0
	bpl	.LBB5_2
	b	.LBB5_1
.LBB5_1:
	.loc	4 0 8                           @ ../../../../../Library/StdDriver/src/keystore.c:0:8
	movs	r0, #0
	mvns	r0, r0
.Ltmp97:
	.loc	4 348 9 is_stmt 1               @ ../../../../../Library/StdDriver/src/keystore.c:348:9
	str	r0, [sp, #8]
	b	.LBB5_10
.Ltmp98:
.LBB5_2:
	.loc	4 0 9 is_stmt 0                 @ ../../../../../Library/StdDriver/src/keystore.c:0:9
	ldr	r1, __arm_cp.5_1
	movs	r0, #2
	.loc	4 351 13 is_stmt 1              @ ../../../../../Library/StdDriver/src/keystore.c:351:13
	str	r0, [r1]
	.loc	4 354 21                        @ ../../../../../Library/StdDriver/src/keystore.c:354:21
	ldr	r0, [sp, #4]
	.loc	4 354 27 is_stmt 0              @ ../../../../../Library/StdDriver/src/keystore.c:354:27
	lsls	r0, r0, #30
	ldr	r2, __arm_cp.5_2
	.loc	4 354 18                        @ ../../../../../Library/StdDriver/src/keystore.c:354:18
	str	r0, [r2]
	movs	r0, #3
	.loc	4 357 13 is_stmt 1              @ ../../../../../Library/StdDriver/src/keystore.c:357:13
	str	r0, [r1]
	ldr	r1, __arm_cp.5_3
	.loc	4 360 58                        @ ../../../../../Library/StdDriver/src/keystore.c:360:58
	ldr	r0, [r1]
	movw	r2, #3072
	.loc	4 360 62 is_stmt 0              @ ../../../../../Library/StdDriver/src/keystore.c:360:62
	ands	r0, r2
	.loc	4 360 51                        @ ../../../../../Library/StdDriver/src/keystore.c:360:51
	adds	r0, r0, #7
	.loc	4 360 13                        @ ../../../../../Library/StdDriver/src/keystore.c:360:13
	str	r0, [r1]
	.loc	4 363 5 is_stmt 1               @ ../../../../../Library/StdDriver/src/keystore.c:363:5
	b	.LBB5_3
.LBB5_3:                                @ =>This Inner Loop Header: Depth=1
	.loc	4 0 5 is_stmt 0                 @ ../../../../../Library/StdDriver/src/keystore.c:0:5
	ldr	r0, __arm_cp.5_1
	.loc	4 363 15                        @ ../../../../../Library/StdDriver/src/keystore.c:363:15
	ldr	r0, [r0]
	.loc	4 363 5                         @ ../../../../../Library/StdDriver/src/keystore.c:363:5
	lsls	r0, r0, #29
	cmp	r0, #0
	bpl	.LBB5_7
	b	.LBB5_4
.LBB5_4:                                @   in Loop: Header=BB5_3 Depth=1
.Ltmp99:
	.loc	4 365 12 is_stmt 1              @ ../../../../../Library/StdDriver/src/keystore.c:365:12
	ldr	r0, [sp]
	subs	r0, r0, #1
	str	r0, [sp]
.Ltmp100:
	.loc	4 365 12 is_stmt 0              @ ../../../../../Library/StdDriver/src/keystore.c:365:12
	cbnz	r0, .LBB5_6
	b	.LBB5_5
.LBB5_5:
	.loc	4 0 12                          @ ../../../../../Library/StdDriver/src/keystore.c:0:12
	movs	r0, #0
	mvns	r0, r0
.Ltmp101:
	.loc	4 366 13 is_stmt 1              @ ../../../../../Library/StdDriver/src/keystore.c:366:13
	str	r0, [sp, #8]
	b	.LBB5_10
.Ltmp102:
.LBB5_6:                                @   in Loop: Header=BB5_3 Depth=1
	.loc	4 363 5                         @ ../../../../../Library/StdDriver/src/keystore.c:363:5
	b	.LBB5_3
.LBB5_7:
	.loc	4 0 5 is_stmt 0                 @ ../../../../../Library/StdDriver/src/keystore.c:0:5
	ldr	r0, __arm_cp.5_1
.Ltmp103:
	.loc	4 370 12 is_stmt 1              @ ../../../../../Library/StdDriver/src/keystore.c:370:12
	ldr	r0, [r0]
.Ltmp104:
	.loc	4 370 8 is_stmt 0               @ ../../../../../Library/StdDriver/src/keystore.c:370:8
	lsls	r0, r0, #30
	cmp	r0, #0
	bpl	.LBB5_9
	b	.LBB5_8
.LBB5_8:
	.loc	4 0 8                           @ ../../../../../Library/StdDriver/src/keystore.c:0:8
	movs	r0, #0
	mvns	r0, r0
.Ltmp105:
	.loc	4 371 9 is_stmt 1               @ ../../../../../Library/StdDriver/src/keystore.c:371:9
	str	r0, [sp, #8]
	b	.LBB5_10
.Ltmp106:
.LBB5_9:
	.loc	4 0 9 is_stmt 0                 @ ../../../../../Library/StdDriver/src/keystore.c:0:9
	movs	r0, #0
	.loc	4 373 5 is_stmt 1               @ ../../../../../Library/StdDriver/src/keystore.c:373:5
	str	r0, [sp, #8]
	b	.LBB5_10
.LBB5_10:
	.loc	4 375 1                         @ ../../../../../Library/StdDriver/src/keystore.c:375:1
	ldr	r0, [sp, #8]
	add	sp, #12
	bx	lr
.Ltmp107:
	.p2align	2
@ %bb.11:
	.loc	4 0 1 is_stmt 0                 @ ../../../../../Library/StdDriver/src/keystore.c:0:1
__arm_cp.5_0:
	.long	SystemCoreClock
.Lcpi_end18:
	.size	__arm_cp.5_0, .Lcpi_end18-__arm_cp.5_0
__arm_cp.5_1:
	.long	1073958920                      @ 0x40035008
.Lcpi_end19:
	.size	__arm_cp.5_1, .Lcpi_end19-__arm_cp.5_1
__arm_cp.5_2:
	.long	1073958916                      @ 0x40035004
.Lcpi_end20:
	.size	__arm_cp.5_2, .Lcpi_end20-__arm_cp.5_2
__arm_cp.5_3:
	.long	1073958912                      @ 0x40035000
.Lcpi_end21:
	.size	__arm_cp.5_3, .Lcpi_end21-__arm_cp.5_3
.Lfunc_end5:
	.size	KS_EraseAll, .Lfunc_end5-KS_EraseAll
	.cfi_endproc
	.cantunwind
	.fnend
                                        @ -- End function
	.section	.text.KS_RevokeKey,"ax",%progbits
	.hidden	KS_RevokeKey                    @ -- Begin function KS_RevokeKey
	.globl	KS_RevokeKey
	.p2align	2
	.type	KS_RevokeKey,%function
	.code	16                              @ @KS_RevokeKey
	.thumb_func
KS_RevokeKey:
.Lfunc_begin6:
	.loc	4 391 0 is_stmt 1               @ ../../../../../Library/StdDriver/src/keystore.c:391:0
	.fnstart
	.cfi_startproc
@ %bb.0:
	.pad	#16
	sub	sp, #16
	.cfi_def_cfa_offset 16
	str	r0, [sp, #8]
	str	r1, [sp, #4]
.Ltmp108:
	.loc	4 392 32 prologue_end           @ ../../../../../Library/StdDriver/src/keystore.c:392:32
	ldr	r0, __arm_cp.6_0
	ldr	r0, [r0]
	.loc	4 392 14 is_stmt 0              @ ../../../../../Library/StdDriver/src/keystore.c:392:14
	str	r0, [sp]
	ldr	r0, __arm_cp.6_1
.Ltmp109:
	.loc	4 395 12 is_stmt 1              @ ../../../../../Library/StdDriver/src/keystore.c:395:12
	ldr	r0, [r0]
.Ltmp110:
	.loc	4 395 8 is_stmt 0               @ ../../../../../Library/StdDriver/src/keystore.c:395:8
	lsls	r0, r0, #29
	cmp	r0, #0
	bpl	.LBB6_2
	b	.LBB6_1
.LBB6_1:
	.loc	4 0 8                           @ ../../../../../Library/StdDriver/src/keystore.c:0:8
	movs	r0, #0
	mvns	r0, r0
.Ltmp111:
	.loc	4 396 9 is_stmt 1               @ ../../../../../Library/StdDriver/src/keystore.c:396:9
	str	r0, [sp, #12]
	b	.LBB6_10
.Ltmp112:
.LBB6_2:
	.loc	4 0 9 is_stmt 0                 @ ../../../../../Library/StdDriver/src/keystore.c:0:9
	ldr	r1, __arm_cp.6_1
	movs	r0, #2
	.loc	4 399 13 is_stmt 1              @ ../../../../../Library/StdDriver/src/keystore.c:399:13
	str	r0, [r1]
	.loc	4 402 21                        @ ../../../../../Library/StdDriver/src/keystore.c:402:21
	ldr	r0, [sp, #8]
	.loc	4 402 27 is_stmt 0              @ ../../../../../Library/StdDriver/src/keystore.c:402:27
	lsls	r0, r0, #30
	.loc	4 402 53                        @ ../../../../../Library/StdDriver/src/keystore.c:402:53
	ldr	r2, [sp, #4]
	lsls	r2, r2, #26
	lsrs	r2, r2, #6
	.loc	4 402 51                        @ ../../../../../Library/StdDriver/src/keystore.c:402:51
	adds	r0, r0, r2
	ldr	r2, __arm_cp.6_2
	.loc	4 402 18                        @ ../../../../../Library/StdDriver/src/keystore.c:402:18
	str	r0, [r2]
	movs	r0, #3
	.loc	4 405 13 is_stmt 1              @ ../../../../../Library/StdDriver/src/keystore.c:405:13
	str	r0, [r1]
	ldr	r1, __arm_cp.6_3
	.loc	4 408 54                        @ ../../../../../Library/StdDriver/src/keystore.c:408:54
	ldr	r0, [r1]
	movw	r2, #3072
	.loc	4 408 58 is_stmt 0              @ ../../../../../Library/StdDriver/src/keystore.c:408:58
	ands	r0, r2
	.loc	4 408 47                        @ ../../../../../Library/StdDriver/src/keystore.c:408:47
	adds	r0, #9
	.loc	4 408 13                        @ ../../../../../Library/StdDriver/src/keystore.c:408:13
	str	r0, [r1]
	.loc	4 411 5 is_stmt 1               @ ../../../../../Library/StdDriver/src/keystore.c:411:5
	b	.LBB6_3
.LBB6_3:                                @ =>This Inner Loop Header: Depth=1
	.loc	4 0 5 is_stmt 0                 @ ../../../../../Library/StdDriver/src/keystore.c:0:5
	ldr	r0, __arm_cp.6_1
	.loc	4 411 15                        @ ../../../../../Library/StdDriver/src/keystore.c:411:15
	ldr	r0, [r0]
	.loc	4 411 5                         @ ../../../../../Library/StdDriver/src/keystore.c:411:5
	lsls	r0, r0, #29
	cmp	r0, #0
	bpl	.LBB6_7
	b	.LBB6_4
.LBB6_4:                                @   in Loop: Header=BB6_3 Depth=1
.Ltmp113:
	.loc	4 413 12 is_stmt 1              @ ../../../../../Library/StdDriver/src/keystore.c:413:12
	ldr	r0, [sp]
	subs	r0, r0, #1
	str	r0, [sp]
.Ltmp114:
	.loc	4 413 12 is_stmt 0              @ ../../../../../Library/StdDriver/src/keystore.c:413:12
	cbnz	r0, .LBB6_6
	b	.LBB6_5
.LBB6_5:
	.loc	4 0 12                          @ ../../../../../Library/StdDriver/src/keystore.c:0:12
	movs	r0, #0
	mvns	r0, r0
.Ltmp115:
	.loc	4 414 13 is_stmt 1              @ ../../../../../Library/StdDriver/src/keystore.c:414:13
	str	r0, [sp, #12]
	b	.LBB6_10
.Ltmp116:
.LBB6_6:                                @   in Loop: Header=BB6_3 Depth=1
	.loc	4 411 5                         @ ../../../../../Library/StdDriver/src/keystore.c:411:5
	b	.LBB6_3
.LBB6_7:
	.loc	4 0 5 is_stmt 0                 @ ../../../../../Library/StdDriver/src/keystore.c:0:5
	ldr	r0, __arm_cp.6_1
.Ltmp117:
	.loc	4 418 12 is_stmt 1              @ ../../../../../Library/StdDriver/src/keystore.c:418:12
	ldr	r0, [r0]
.Ltmp118:
	.loc	4 418 8 is_stmt 0               @ ../../../../../Library/StdDriver/src/keystore.c:418:8
	lsls	r0, r0, #30
	cmp	r0, #0
	bpl	.LBB6_9
	b	.LBB6_8
.LBB6_8:
	.loc	4 0 8                           @ ../../../../../Library/StdDriver/src/keystore.c:0:8
	movs	r0, #0
	mvns	r0, r0
.Ltmp119:
	.loc	4 419 9 is_stmt 1               @ ../../../../../Library/StdDriver/src/keystore.c:419:9
	str	r0, [sp, #12]
	b	.LBB6_10
.Ltmp120:
.LBB6_9:
	.loc	4 0 9 is_stmt 0                 @ ../../../../../Library/StdDriver/src/keystore.c:0:9
	movs	r0, #0
	.loc	4 421 5 is_stmt 1               @ ../../../../../Library/StdDriver/src/keystore.c:421:5
	str	r0, [sp, #12]
	b	.LBB6_10
.LBB6_10:
	.loc	4 423 1                         @ ../../../../../Library/StdDriver/src/keystore.c:423:1
	ldr	r0, [sp, #12]
	add	sp, #16
	bx	lr
.Ltmp121:
	.p2align	2
@ %bb.11:
	.loc	4 0 1 is_stmt 0                 @ ../../../../../Library/StdDriver/src/keystore.c:0:1
__arm_cp.6_0:
	.long	SystemCoreClock
.Lcpi_end22:
	.size	__arm_cp.6_0, .Lcpi_end22-__arm_cp.6_0
__arm_cp.6_1:
	.long	1073958920                      @ 0x40035008
.Lcpi_end23:
	.size	__arm_cp.6_1, .Lcpi_end23-__arm_cp.6_1
__arm_cp.6_2:
	.long	1073958916                      @ 0x40035004
.Lcpi_end24:
	.size	__arm_cp.6_2, .Lcpi_end24-__arm_cp.6_2
__arm_cp.6_3:
	.long	1073958912                      @ 0x40035000
.Lcpi_end25:
	.size	__arm_cp.6_3, .Lcpi_end25-__arm_cp.6_3
.Lfunc_end6:
	.size	KS_RevokeKey, .Lfunc_end6-KS_RevokeKey
	.cfi_endproc
	.cantunwind
	.fnend
                                        @ -- End function
	.section	.text.KS_GetRemainSize,"ax",%progbits
	.hidden	KS_GetRemainSize                @ -- Begin function KS_GetRemainSize
	.globl	KS_GetRemainSize
	.p2align	2
	.type	KS_GetRemainSize,%function
	.code	16                              @ @KS_GetRemainSize
	.thumb_func
KS_GetRemainSize:
.Lfunc_begin7:
	.loc	4 435 0 is_stmt 1               @ ../../../../../Library/StdDriver/src/keystore.c:435:0
	.fnstart
	.cfi_startproc
@ %bb.0:
	.pad	#20
	sub	sp, #20
	.cfi_def_cfa_offset 20
	str	r0, [sp, #12]
	ldr	r0, __arm_cp.7_0
.Ltmp122:
	.loc	4 439 18 prologue_end           @ ../../../../../Library/StdDriver/src/keystore.c:439:18
	ldr	r0, [r0]
	.loc	4 439 12 is_stmt 0              @ ../../../../../Library/StdDriver/src/keystore.c:439:12
	str	r0, [sp, #8]
	.loc	4 442 22 is_stmt 1              @ ../../../../../Library/StdDriver/src/keystore.c:442:22
	ldr	r0, [sp, #8]
	ldr	r1, __arm_cp.7_1
	.loc	4 442 29 is_stmt 0              @ ../../../../../Library/StdDriver/src/keystore.c:442:29
	ands	r0, r1
	.loc	4 442 19                        @ ../../../../../Library/StdDriver/src/keystore.c:442:19
	str	r0, [sp, #4]
	.loc	4 443 23 is_stmt 1              @ ../../../../../Library/StdDriver/src/keystore.c:443:23
	ldr	r0, [sp, #8]
	ldr	r1, __arm_cp.7_2
	.loc	4 443 30 is_stmt 0              @ ../../../../../Library/StdDriver/src/keystore.c:443:30
	ands	r0, r1
	.loc	4 443 53                        @ ../../../../../Library/StdDriver/src/keystore.c:443:53
	lsrs	r0, r0, #16
	.loc	4 443 20                        @ ../../../../../Library/StdDriver/src/keystore.c:443:20
	str	r0, [sp]
.Ltmp123:
	.loc	4 445 8 is_stmt 1               @ ../../../../../Library/StdDriver/src/keystore.c:445:8
	ldr	r0, [sp, #12]
.Ltmp124:
	.loc	4 445 8 is_stmt 0               @ ../../../../../Library/StdDriver/src/keystore.c:445:8
	cbnz	r0, .LBB7_2
	b	.LBB7_1
.LBB7_1:
.Ltmp125:
	.loc	4 446 16 is_stmt 1              @ ../../../../../Library/StdDriver/src/keystore.c:446:16
	ldr	r0, [sp, #4]
	.loc	4 446 9 is_stmt 0               @ ../../../../../Library/StdDriver/src/keystore.c:446:9
	str	r0, [sp, #16]
	b	.LBB7_3
.LBB7_2:
	.loc	4 448 16 is_stmt 1              @ ../../../../../Library/StdDriver/src/keystore.c:448:16
	ldr	r0, [sp]
	.loc	4 448 9 is_stmt 0               @ ../../../../../Library/StdDriver/src/keystore.c:448:9
	str	r0, [sp, #16]
	b	.LBB7_3
.Ltmp126:
.LBB7_3:
	.loc	4 449 1 is_stmt 1               @ ../../../../../Library/StdDriver/src/keystore.c:449:1
	ldr	r0, [sp, #16]
	add	sp, #20
	bx	lr
.Ltmp127:
	.p2align	2
@ %bb.4:
	.loc	4 0 1 is_stmt 0                 @ ../../../../../Library/StdDriver/src/keystore.c:0:1
__arm_cp.7_0:
	.long	1073958924                      @ 0x4003500c
.Lcpi_end26:
	.size	__arm_cp.7_0, .Lcpi_end26-__arm_cp.7_0
__arm_cp.7_1:
	.long	8191                            @ 0x1fff
.Lcpi_end27:
	.size	__arm_cp.7_1, .Lcpi_end27-__arm_cp.7_1
__arm_cp.7_2:
	.long	268369920                       @ 0xfff0000
.Lcpi_end28:
	.size	__arm_cp.7_2, .Lcpi_end28-__arm_cp.7_2
.Lfunc_end7:
	.size	KS_GetRemainSize, .Lfunc_end7-KS_GetRemainSize
	.cfi_endproc
	.cantunwind
	.fnend
                                        @ -- End function
	.section	.text.KS_GetRemainKeyCount,"ax",%progbits
	.hidden	KS_GetRemainKeyCount            @ -- Begin function KS_GetRemainKeyCount
	.globl	KS_GetRemainKeyCount
	.p2align	2
	.type	KS_GetRemainKeyCount,%function
	.code	16                              @ @KS_GetRemainKeyCount
	.thumb_func
KS_GetRemainKeyCount:
.Lfunc_begin8:
	.loc	4 462 0 is_stmt 1               @ ../../../../../Library/StdDriver/src/keystore.c:462:0
	.fnstart
	.cfi_startproc
@ %bb.0:
	.pad	#20
	sub	sp, #20
	.cfi_def_cfa_offset 20
	str	r0, [sp, #12]
	ldr	r0, __arm_cp.8_0
.Ltmp128:
	.loc	4 466 18 prologue_end           @ ../../../../../Library/StdDriver/src/keystore.c:466:18
	ldr	r0, [r0]
	.loc	4 466 12 is_stmt 0              @ ../../../../../Library/StdDriver/src/keystore.c:466:12
	str	r0, [sp, #8]
	.loc	4 467 22 is_stmt 1              @ ../../../../../Library/StdDriver/src/keystore.c:467:22
	ldr	r0, [sp, #8]
	movs	r1, #63
	.loc	4 467 29 is_stmt 0              @ ../../../../../Library/StdDriver/src/keystore.c:467:29
	ands	r0, r1
	.loc	4 467 19                        @ ../../../../../Library/StdDriver/src/keystore.c:467:19
	str	r0, [sp, #4]
	.loc	4 468 23 is_stmt 1              @ ../../../../../Library/StdDriver/src/keystore.c:468:23
	ldr	r0, [sp, #8]
	lsls	r1, r1, #16
	.loc	4 468 30 is_stmt 0              @ ../../../../../Library/StdDriver/src/keystore.c:468:30
	ands	r0, r1
	.loc	4 468 56                        @ ../../../../../Library/StdDriver/src/keystore.c:468:56
	lsrs	r0, r0, #16
	.loc	4 468 20                        @ ../../../../../Library/StdDriver/src/keystore.c:468:20
	str	r0, [sp]
.Ltmp129:
	.loc	4 470 8 is_stmt 1               @ ../../../../../Library/StdDriver/src/keystore.c:470:8
	ldr	r0, [sp, #12]
.Ltmp130:
	.loc	4 470 8 is_stmt 0               @ ../../../../../Library/StdDriver/src/keystore.c:470:8
	cbnz	r0, .LBB8_2
	b	.LBB8_1
.LBB8_1:
.Ltmp131:
	.loc	4 471 16 is_stmt 1              @ ../../../../../Library/StdDriver/src/keystore.c:471:16
	ldr	r0, [sp, #4]
	.loc	4 471 9 is_stmt 0               @ ../../../../../Library/StdDriver/src/keystore.c:471:9
	str	r0, [sp, #16]
	b	.LBB8_3
.LBB8_2:
	.loc	4 473 16 is_stmt 1              @ ../../../../../Library/StdDriver/src/keystore.c:473:16
	ldr	r0, [sp]
	.loc	4 473 9 is_stmt 0               @ ../../../../../Library/StdDriver/src/keystore.c:473:9
	str	r0, [sp, #16]
	b	.LBB8_3
.Ltmp132:
.LBB8_3:
	.loc	4 474 1 is_stmt 1               @ ../../../../../Library/StdDriver/src/keystore.c:474:1
	ldr	r0, [sp, #16]
	add	sp, #20
	bx	lr
.Ltmp133:
	.p2align	2
@ %bb.4:
	.loc	4 0 1 is_stmt 0                 @ ../../../../../Library/StdDriver/src/keystore.c:0:1
__arm_cp.8_0:
	.long	1073958980                      @ 0x40035044
.Lcpi_end29:
	.size	__arm_cp.8_0, .Lcpi_end29-__arm_cp.8_0
.Lfunc_end8:
	.size	KS_GetRemainKeyCount, .Lfunc_end8-KS_GetRemainKeyCount
	.cfi_endproc
	.cantunwind
	.fnend
                                        @ -- End function
	.section	.text.KS_WriteOTP,"ax",%progbits
	.hidden	KS_WriteOTP                     @ -- Begin function KS_WriteOTP
	.globl	KS_WriteOTP
	.p2align	2
	.type	KS_WriteOTP,%function
	.code	16                              @ @KS_WriteOTP
	.thumb_func
KS_WriteOTP:
.Lfunc_begin9:
	.loc	4 510 0 is_stmt 1               @ ../../../../../Library/StdDriver/src/keystore.c:510:0
	.fnstart
	.cfi_startproc
@ %bb.0:
	.save	{r4, lr}
	push	{r4, lr}
	.cfi_def_cfa_offset 8
	.cfi_offset lr, -4
	.cfi_offset r4, -8
	.pad	#60
	sub	sp, #60
	.cfi_def_cfa_offset 68
	str	r0, [sp, #52]
	str	r1, [sp, #48]
	str	r2, [sp, #44]
	add	r1, sp, #28
	movs	r0, #8
.Ltmp134:
	.loc	4 511 20 prologue_end           @ ../../../../../Library/StdDriver/src/keystore.c:511:20
	strh	r0, [r1, #12]
	ldr	r0, __arm_cp.9_0
	str	r0, [sp, #36]
	ldr	r0, __arm_cp.9_1
	str	r0, [sp, #32]
	ldr	r0, __arm_cp.9_2
	str	r0, [sp, #28]
	ldr	r0, __arm_cp.9_3
.Ltmp135:
	.loc	4 518 12                        @ ../../../../../Library/StdDriver/src/keystore.c:518:12
	ldr	r0, [r0]
.Ltmp136:
	.loc	4 518 8 is_stmt 0               @ ../../../../../Library/StdDriver/src/keystore.c:518:8
	lsls	r0, r0, #29
	cmp	r0, #0
	bpl	.LBB9_2
	b	.LBB9_1
.LBB9_1:
	.loc	4 0 8                           @ ../../../../../Library/StdDriver/src/keystore.c:0:8
	movs	r0, #0
	mvns	r0, r0
.Ltmp137:
	.loc	4 519 9 is_stmt 1               @ ../../../../../Library/StdDriver/src/keystore.c:519:9
	str	r0, [sp, #56]
	b	.LBB9_21
.Ltmp138:
.LBB9_2:
	.loc	4 522 64                        @ ../../../../../Library/StdDriver/src/keystore.c:522:64
	ldr	r0, [sp, #48]
	.loc	4 522 74 is_stmt 0              @ ../../../../../Library/StdDriver/src/keystore.c:522:74
	ldr	r1, [sp, #52]
	lsls	r1, r1, #26
	lsrs	r1, r1, #6
	.loc	4 522 62                        @ ../../../../../Library/StdDriver/src/keystore.c:522:62
	orrs	r0, r1
	movs	r1, #1
	lsls	r1, r1, #31
	.loc	4 522 72                        @ ../../../../../Library/StdDriver/src/keystore.c:522:72
	orrs	r0, r1
	ldr	r1, __arm_cp.9_4
	.loc	4 522 18                        @ ../../../../../Library/StdDriver/src/keystore.c:522:18
	str	r0, [r1]
	.loc	4 525 13 is_stmt 1              @ ../../../../../Library/StdDriver/src/keystore.c:525:13
	ldr	r0, [sp, #48]
	.loc	4 525 46 is_stmt 0              @ ../../../../../Library/StdDriver/src/keystore.c:525:46
	lsls	r0, r0, #20
	lsrs	r0, r0, #28
	.loc	4 525 10                        @ ../../../../../Library/StdDriver/src/keystore.c:525:10
	str	r0, [sp, #4]
.Ltmp139:
	.loc	4 528 8 is_stmt 1               @ ../../../../../Library/StdDriver/src/keystore.c:528:8
	ldr	r0, [sp, #4]
.Ltmp140:
	.loc	4 528 8 is_stmt 0               @ ../../../../../Library/StdDriver/src/keystore.c:528:8
	cmp	r0, #7
	blt	.LBB9_4
	b	.LBB9_3
.LBB9_3:
	.loc	4 0 8                           @ ../../../../../Library/StdDriver/src/keystore.c:0:8
	movs	r0, #0
	mvns	r0, r0
.Ltmp141:
	.loc	4 529 9 is_stmt 1               @ ../../../../../Library/StdDriver/src/keystore.c:529:9
	str	r0, [sp, #56]
	b	.LBB9_21
.Ltmp142:
.LBB9_4:
	.loc	4 531 24                        @ ../../../../../Library/StdDriver/src/keystore.c:531:24
	ldr	r0, [sp, #4]
	.loc	4 531 14 is_stmt 0              @ ../../../../../Library/StdDriver/src/keystore.c:531:14
	lsls	r1, r0, #1
	add	r0, sp, #28
	ldrh	r0, [r0, r1]
	.loc	4 531 12                        @ ../../../../../Library/StdDriver/src/keystore.c:531:12
	str	r0, [sp, #24]
	ldr	r1, __arm_cp.9_3
	movs	r0, #2
	.loc	4 534 13 is_stmt 1              @ ../../../../../Library/StdDriver/src/keystore.c:534:13
	str	r0, [r1]
	movs	r0, #0
	.loc	4 535 12                        @ ../../../../../Library/StdDriver/src/keystore.c:535:12
	str	r0, [sp, #16]
	.loc	4 536 13                        @ ../../../../../Library/StdDriver/src/keystore.c:536:13
	str	r0, [sp, #20]
	.loc	4 537 5                         @ ../../../../../Library/StdDriver/src/keystore.c:537:5
	b	.LBB9_5
.LBB9_5:                                @ =>This Loop Header: Depth=1
                                        @     Child Loop BB9_8 Depth 2
                                        @     Child Loop BB9_12 Depth 2
.Ltmp143:
	.loc	4 540 15                        @ ../../../../../Library/StdDriver/src/keystore.c:540:15
	ldr	r0, [sp, #24]
	.loc	4 540 13 is_stmt 0              @ ../../../../../Library/StdDriver/src/keystore.c:540:13
	str	r0, [sp, #8]
.Ltmp144:
	.loc	4 541 12 is_stmt 1              @ ../../../../../Library/StdDriver/src/keystore.c:541:12
	ldr	r0, [sp, #8]
.Ltmp145:
	.loc	4 541 12 is_stmt 0              @ ../../../../../Library/StdDriver/src/keystore.c:541:12
	cmp	r0, #9
	blt	.LBB9_7
	b	.LBB9_6
.LBB9_6:                                @   in Loop: Header=BB9_5 Depth=1
	.loc	4 0 12                          @ ../../../../../Library/StdDriver/src/keystore.c:0:12
	movs	r0, #8
.Ltmp146:
	.loc	4 542 17 is_stmt 1              @ ../../../../../Library/StdDriver/src/keystore.c:542:17
	str	r0, [sp, #8]
	.loc	4 542 13 is_stmt 0              @ ../../../../../Library/StdDriver/src/keystore.c:542:13
	b	.LBB9_7
.Ltmp147:
.LBB9_7:                                @   in Loop: Header=BB9_5 Depth=1
	.loc	4 0 13                          @ ../../../../../Library/StdDriver/src/keystore.c:0:13
	movs	r0, #0
.Ltmp148:
	.loc	4 543 15 is_stmt 1              @ ../../../../../Library/StdDriver/src/keystore.c:543:15
	str	r0, [sp, #12]
	.loc	4 543 13 is_stmt 0              @ ../../../../../Library/StdDriver/src/keystore.c:543:13
	b	.LBB9_8
.LBB9_8:                                @   Parent Loop BB9_5 Depth=1
                                        @ =>  This Inner Loop Header: Depth=2
.Ltmp149:
	.loc	4 543 20                        @ ../../../../../Library/StdDriver/src/keystore.c:543:20
	ldr	r0, [sp, #12]
	.loc	4 543 24                        @ ../../../../../Library/StdDriver/src/keystore.c:543:24
	ldr	r1, [sp, #8]
.Ltmp150:
	.loc	4 543 9                         @ ../../../../../Library/StdDriver/src/keystore.c:543:9
	cmp	r0, r1
	bge	.LBB9_11
	b	.LBB9_9
.LBB9_9:                                @   in Loop: Header=BB9_8 Depth=2
.Ltmp151:
	.loc	4 545 26 is_stmt 1              @ ../../../../../Library/StdDriver/src/keystore.c:545:26
	ldr	r0, [sp, #44]
	.loc	4 545 34 is_stmt 0              @ ../../../../../Library/StdDriver/src/keystore.c:545:34
	ldr	r2, [sp, #16]
	.loc	4 545 43                        @ ../../../../../Library/StdDriver/src/keystore.c:545:43
	ldr	r1, [sp, #12]
	.loc	4 545 41                        @ ../../../../../Library/StdDriver/src/keystore.c:545:41
	adds	r2, r2, r1
	.loc	4 545 26                        @ ../../../../../Library/StdDriver/src/keystore.c:545:26
	lsls	r2, r2, #2
	ldr	r0, [r0, r2]
	.loc	4 545 13                        @ ../../../../../Library/StdDriver/src/keystore.c:545:13
	lsls	r1, r1, #2
	ldr	r2, __arm_cp.9_7
	.loc	4 545 24                        @ ../../../../../Library/StdDriver/src/keystore.c:545:24
	str	r0, [r1, r2]
	.loc	4 546 9 is_stmt 1               @ ../../../../../Library/StdDriver/src/keystore.c:546:9
	b	.LBB9_10
.Ltmp152:
.LBB9_10:                               @   in Loop: Header=BB9_8 Depth=2
	.loc	4 543 30                        @ ../../../../../Library/StdDriver/src/keystore.c:543:30
	ldr	r0, [sp, #12]
	adds	r0, r0, #1
	str	r0, [sp, #12]
	.loc	4 543 9 is_stmt 0               @ ../../../../../Library/StdDriver/src/keystore.c:543:9
	b	.LBB9_8
.Ltmp153:
.LBB9_11:                               @   in Loop: Header=BB9_5 Depth=1
	.loc	4 0 9                           @ ../../../../../Library/StdDriver/src/keystore.c:0:9
	ldr	r0, __arm_cp.9_3
	movs	r2, #3
	.loc	4 549 17 is_stmt 1              @ ../../../../../Library/StdDriver/src/keystore.c:549:17
	str	r2, [r0]
	.loc	4 552 19                        @ ../../../../../Library/StdDriver/src/keystore.c:552:19
	ldr	r0, [sp, #20]
	ldr	r1, __arm_cp.9_5
	.loc	4 552 67 is_stmt 0              @ ../../../../../Library/StdDriver/src/keystore.c:552:67
	ldr	r3, [r1]
	movw	r4, #3072
	.loc	4 552 71                        @ ../../../../../Library/StdDriver/src/keystore.c:552:71
	ands	r3, r4
	.loc	4 552 27                        @ ../../../../../Library/StdDriver/src/keystore.c:552:27
	orrs	r0, r3
	.loc	4 552 60                        @ ../../../../../Library/StdDriver/src/keystore.c:552:60
	orrs	r0, r2
	.loc	4 552 17                        @ ../../../../../Library/StdDriver/src/keystore.c:552:17
	str	r0, [r1]
	movs	r0, #128
	.loc	4 554 17 is_stmt 1              @ ../../../../../Library/StdDriver/src/keystore.c:554:17
	str	r0, [sp, #20]
	.loc	4 555 16                        @ ../../../../../Library/StdDriver/src/keystore.c:555:16
	ldr	r0, [sp, #24]
	subs	r0, #8
	str	r0, [sp, #24]
	.loc	4 556 16                        @ ../../../../../Library/StdDriver/src/keystore.c:556:16
	ldr	r0, [sp, #16]
	adds	r0, #8
	str	r0, [sp, #16]
	.loc	4 559 27                        @ ../../../../../Library/StdDriver/src/keystore.c:559:27
	ldr	r0, __arm_cp.9_6
	ldr	r0, [r0]
	.loc	4 559 25 is_stmt 0              @ ../../../../../Library/StdDriver/src/keystore.c:559:25
	str	r0, [sp]
	.loc	4 560 9 is_stmt 1               @ ../../../../../Library/StdDriver/src/keystore.c:560:9
	b	.LBB9_12
.LBB9_12:                               @   Parent Loop BB9_5 Depth=1
                                        @ =>  This Inner Loop Header: Depth=2
	.loc	4 0 9 is_stmt 0                 @ ../../../../../Library/StdDriver/src/keystore.c:0:9
	ldr	r0, __arm_cp.9_3
	.loc	4 560 19                        @ ../../../../../Library/StdDriver/src/keystore.c:560:19
	ldr	r0, [r0]
	.loc	4 560 9                         @ ../../../../../Library/StdDriver/src/keystore.c:560:9
	lsls	r0, r0, #29
	cmp	r0, #0
	bpl	.LBB9_16
	b	.LBB9_13
.LBB9_13:                               @   in Loop: Header=BB9_12 Depth=2
.Ltmp154:
	.loc	4 562 16 is_stmt 1              @ ../../../../../Library/StdDriver/src/keystore.c:562:16
	ldr	r0, [sp]
	subs	r0, r0, #1
	str	r0, [sp]
.Ltmp155:
	.loc	4 562 16 is_stmt 0              @ ../../../../../Library/StdDriver/src/keystore.c:562:16
	cbnz	r0, .LBB9_15
	b	.LBB9_14
.LBB9_14:
	.loc	4 0 16                          @ ../../../../../Library/StdDriver/src/keystore.c:0:16
	movs	r0, #0
	mvns	r0, r0
.Ltmp156:
	.loc	4 563 17 is_stmt 1              @ ../../../../../Library/StdDriver/src/keystore.c:563:17
	str	r0, [sp, #56]
	b	.LBB9_21
.Ltmp157:
.LBB9_15:                               @   in Loop: Header=BB9_12 Depth=2
	.loc	4 560 9                         @ ../../../../../Library/StdDriver/src/keystore.c:560:9
	b	.LBB9_12
.LBB9_16:                               @   in Loop: Header=BB9_5 Depth=1
	.loc	4 566 5                         @ ../../../../../Library/StdDriver/src/keystore.c:566:5
	b	.LBB9_17
.Ltmp158:
.LBB9_17:                               @   in Loop: Header=BB9_5 Depth=1
	.loc	4 567 11                        @ ../../../../../Library/StdDriver/src/keystore.c:567:11
	ldr	r0, [sp, #24]
.Ltmp159:
	.loc	4 566 5                         @ ../../../../../Library/StdDriver/src/keystore.c:566:5
	cmp	r0, #0
	bgt	.LBB9_5
	b	.LBB9_18
.Ltmp160:
.LBB9_18:
	.loc	4 0 5 is_stmt 0                 @ ../../../../../Library/StdDriver/src/keystore.c:0:5
	ldr	r0, __arm_cp.9_3
.Ltmp161:
	.loc	4 570 12 is_stmt 1              @ ../../../../../Library/StdDriver/src/keystore.c:570:12
	ldr	r0, [r0]
.Ltmp162:
	.loc	4 570 8 is_stmt 0               @ ../../../../../Library/StdDriver/src/keystore.c:570:8
	lsls	r0, r0, #30
	cmp	r0, #0
	bpl	.LBB9_20
	b	.LBB9_19
.LBB9_19:
	.loc	4 0 8                           @ ../../../../../Library/StdDriver/src/keystore.c:0:8
	movs	r0, #0
	mvns	r0, r0
.Ltmp163:
	.loc	4 573 9 is_stmt 1               @ ../../../../../Library/StdDriver/src/keystore.c:573:9
	str	r0, [sp, #56]
	b	.LBB9_21
.Ltmp164:
.LBB9_20:
	.loc	4 576 12                        @ ../../../../../Library/StdDriver/src/keystore.c:576:12
	ldr	r0, [sp, #52]
	.loc	4 576 5 is_stmt 0               @ ../../../../../Library/StdDriver/src/keystore.c:576:5
	str	r0, [sp, #56]
	b	.LBB9_21
.LBB9_21:
	.loc	4 577 1 is_stmt 1               @ ../../../../../Library/StdDriver/src/keystore.c:577:1
	ldr	r0, [sp, #56]
	add	sp, #60
	pop	{r4, pc}
.Ltmp165:
	.p2align	2
@ %bb.22:
	.loc	4 0 1 is_stmt 0                 @ ../../../../../Library/StdDriver/src/keystore.c:0:1
__arm_cp.9_0:
	.long	524296                          @ 0x80008
.Lcpi_end30:
	.size	__arm_cp.9_0, .Lcpi_end30-__arm_cp.9_0
__arm_cp.9_1:
	.long	458758                          @ 0x70006
.Lcpi_end31:
	.size	__arm_cp.9_1, .Lcpi_end31-__arm_cp.9_1
__arm_cp.9_2:
	.long	393220                          @ 0x60004
.Lcpi_end32:
	.size	__arm_cp.9_2, .Lcpi_end32-__arm_cp.9_2
__arm_cp.9_3:
	.long	1073958920                      @ 0x40035008
.Lcpi_end33:
	.size	__arm_cp.9_3, .Lcpi_end33-__arm_cp.9_3
__arm_cp.9_4:
	.long	1073958916                      @ 0x40035004
.Lcpi_end34:
	.size	__arm_cp.9_4, .Lcpi_end34-__arm_cp.9_4
__arm_cp.9_5:
	.long	1073958912                      @ 0x40035000
.Lcpi_end35:
	.size	__arm_cp.9_5, .Lcpi_end35-__arm_cp.9_5
__arm_cp.9_6:
	.long	SystemCoreClock
.Lcpi_end36:
	.size	__arm_cp.9_6, .Lcpi_end36-__arm_cp.9_6
__arm_cp.9_7:
	.long	1073958944                      @ 0x40035020
.Lcpi_end37:
	.size	__arm_cp.9_7, .Lcpi_end37-__arm_cp.9_7
.Lfunc_end9:
	.size	KS_WriteOTP, .Lfunc_end9-KS_WriteOTP
	.cfi_endproc
	.cantunwind
	.fnend
                                        @ -- End function
	.section	.text.KS_ToggleSRAM,"ax",%progbits
	.hidden	KS_ToggleSRAM                   @ -- Begin function KS_ToggleSRAM
	.globl	KS_ToggleSRAM
	.p2align	2
	.type	KS_ToggleSRAM,%function
	.code	16                              @ @KS_ToggleSRAM
	.thumb_func
KS_ToggleSRAM:
.Lfunc_begin10:
	.loc	4 590 0 is_stmt 1               @ ../../../../../Library/StdDriver/src/keystore.c:590:0
	.fnstart
	.cfi_startproc
@ %bb.0:
	.pad	#8
	sub	sp, #8
	.cfi_def_cfa_offset 8
.Ltmp166:
	.loc	4 591 32 prologue_end           @ ../../../../../Library/StdDriver/src/keystore.c:591:32
	ldr	r0, __arm_cp.10_0
	ldr	r0, [r0]
	.loc	4 591 14 is_stmt 0              @ ../../../../../Library/StdDriver/src/keystore.c:591:14
	str	r0, [sp]
	ldr	r0, __arm_cp.10_1
.Ltmp167:
	.loc	4 594 12 is_stmt 1              @ ../../../../../Library/StdDriver/src/keystore.c:594:12
	ldr	r0, [r0]
.Ltmp168:
	.loc	4 594 8 is_stmt 0               @ ../../../../../Library/StdDriver/src/keystore.c:594:8
	lsls	r0, r0, #29
	cmp	r0, #0
	bpl	.LBB10_2
	b	.LBB10_1
.LBB10_1:
	.loc	4 0 8                           @ ../../../../../Library/StdDriver/src/keystore.c:0:8
	movs	r0, #0
	mvns	r0, r0
.Ltmp169:
	.loc	4 595 9 is_stmt 1               @ ../../../../../Library/StdDriver/src/keystore.c:595:9
	str	r0, [sp, #4]
	b	.LBB10_10
.Ltmp170:
.LBB10_2:
	.loc	4 0 9 is_stmt 0                 @ ../../../../../Library/StdDriver/src/keystore.c:0:9
	ldr	r1, __arm_cp.10_2
	movs	r0, #0
	.loc	4 599 18 is_stmt 1              @ ../../../../../Library/StdDriver/src/keystore.c:599:18
	str	r0, [r1]
	ldr	r1, __arm_cp.10_1
	movs	r0, #3
	.loc	4 602 13                        @ ../../../../../Library/StdDriver/src/keystore.c:602:13
	str	r0, [r1]
	ldr	r1, __arm_cp.10_3
	movs	r0, #11
	.loc	4 604 13                        @ ../../../../../Library/StdDriver/src/keystore.c:604:13
	str	r0, [r1]
	.loc	4 607 5                         @ ../../../../../Library/StdDriver/src/keystore.c:607:5
	b	.LBB10_3
.LBB10_3:                               @ =>This Inner Loop Header: Depth=1
	.loc	4 0 5 is_stmt 0                 @ ../../../../../Library/StdDriver/src/keystore.c:0:5
	ldr	r0, __arm_cp.10_1
	.loc	4 607 15                        @ ../../../../../Library/StdDriver/src/keystore.c:607:15
	ldr	r0, [r0]
	.loc	4 607 5                         @ ../../../../../Library/StdDriver/src/keystore.c:607:5
	lsls	r0, r0, #29
	cmp	r0, #0
	bpl	.LBB10_7
	b	.LBB10_4
.LBB10_4:                               @   in Loop: Header=BB10_3 Depth=1
.Ltmp171:
	.loc	4 609 12 is_stmt 1              @ ../../../../../Library/StdDriver/src/keystore.c:609:12
	ldr	r0, [sp]
	subs	r0, r0, #1
	str	r0, [sp]
.Ltmp172:
	.loc	4 609 12 is_stmt 0              @ ../../../../../Library/StdDriver/src/keystore.c:609:12
	cbnz	r0, .LBB10_6
	b	.LBB10_5
.LBB10_5:
	.loc	4 0 12                          @ ../../../../../Library/StdDriver/src/keystore.c:0:12
	movs	r0, #0
	mvns	r0, r0
.Ltmp173:
	.loc	4 610 13 is_stmt 1              @ ../../../../../Library/StdDriver/src/keystore.c:610:13
	str	r0, [sp, #4]
	b	.LBB10_10
.Ltmp174:
.LBB10_6:                               @   in Loop: Header=BB10_3 Depth=1
	.loc	4 607 5                         @ ../../../../../Library/StdDriver/src/keystore.c:607:5
	b	.LBB10_3
.LBB10_7:
	.loc	4 0 5 is_stmt 0                 @ ../../../../../Library/StdDriver/src/keystore.c:0:5
	ldr	r0, __arm_cp.10_1
.Ltmp175:
	.loc	4 614 12 is_stmt 1              @ ../../../../../Library/StdDriver/src/keystore.c:614:12
	ldr	r0, [r0]
.Ltmp176:
	.loc	4 614 8 is_stmt 0               @ ../../../../../Library/StdDriver/src/keystore.c:614:8
	lsls	r0, r0, #30
	cmp	r0, #0
	bpl	.LBB10_9
	b	.LBB10_8
.LBB10_8:
	.loc	4 0 8                           @ ../../../../../Library/StdDriver/src/keystore.c:0:8
	movs	r0, #0
	mvns	r0, r0
.Ltmp177:
	.loc	4 615 9 is_stmt 1               @ ../../../../../Library/StdDriver/src/keystore.c:615:9
	str	r0, [sp, #4]
	b	.LBB10_10
.Ltmp178:
.LBB10_9:
	.loc	4 0 9 is_stmt 0                 @ ../../../../../Library/StdDriver/src/keystore.c:0:9
	ldr	r0, __arm_cp.10_1
	.loc	4 617 18 is_stmt 1              @ ../../../../../Library/StdDriver/src/keystore.c:617:18
	ldr	r0, [r0]
	movw	r1, #256
	.loc	4 617 22 is_stmt 0              @ ../../../../../Library/StdDriver/src/keystore.c:617:22
	ands	r0, r1
	.loc	4 617 43                        @ ../../../../../Library/StdDriver/src/keystore.c:617:43
	lsrs	r0, r0, #8
	.loc	4 617 5                         @ ../../../../../Library/StdDriver/src/keystore.c:617:5
	str	r0, [sp, #4]
	b	.LBB10_10
.LBB10_10:
	.loc	4 618 1 is_stmt 1               @ ../../../../../Library/StdDriver/src/keystore.c:618:1
	ldr	r0, [sp, #4]
	add	sp, #8
	bx	lr
.Ltmp179:
	.p2align	2
@ %bb.11:
	.loc	4 0 1 is_stmt 0                 @ ../../../../../Library/StdDriver/src/keystore.c:0:1
__arm_cp.10_0:
	.long	SystemCoreClock
.Lcpi_end38:
	.size	__arm_cp.10_0, .Lcpi_end38-__arm_cp.10_0
__arm_cp.10_1:
	.long	1073958920                      @ 0x40035008
.Lcpi_end39:
	.size	__arm_cp.10_1, .Lcpi_end39-__arm_cp.10_1
__arm_cp.10_2:
	.long	1073958916                      @ 0x40035004
.Lcpi_end40:
	.size	__arm_cp.10_2, .Lcpi_end40-__arm_cp.10_2
__arm_cp.10_3:
	.long	1073958912                      @ 0x40035000
.Lcpi_end41:
	.size	__arm_cp.10_3, .Lcpi_end41-__arm_cp.10_3
.Lfunc_end10:
	.size	KS_ToggleSRAM, .Lfunc_end10-KS_ToggleSRAM
	.cfi_endproc
	.cantunwind
	.fnend
                                        @ -- End function
	.type	.L__const.KS_GetKeyWordCnt.au8CntTbl,%object @ @__const.KS_GetKeyWordCnt.au8CntTbl
	.section	.rodata..L__const.KS_GetKeyWordCnt.au8CntTbl,"a",%progbits
	.p2align	1, 0x0
.L__const.KS_GetKeyWordCnt.au8CntTbl:
	.short	4                               @ 0x4
	.short	6                               @ 0x6
	.short	6                               @ 0x6
	.short	7                               @ 0x7
	.short	8                               @ 0x8
	.short	8                               @ 0x8
	.short	8                               @ 0x8
	.short	9                               @ 0x9
	.short	12                              @ 0xc
	.short	13                              @ 0xd
	.short	16                              @ 0x10
	.short	17                              @ 0x11
	.short	18                              @ 0x12
	.short	0                               @ 0x0
	.short	0                               @ 0x0
	.short	0                               @ 0x0
	.short	32                              @ 0x20
	.short	48                              @ 0x30
	.short	64                              @ 0x40
	.short	96                              @ 0x60
	.short	128                             @ 0x80
	.size	.L__const.KS_GetKeyWordCnt.au8CntTbl, 42

	.type	.L__const.KS_WriteOTP.au8CntTbl,%object @ @__const.KS_WriteOTP.au8CntTbl
	.section	.rodata..L__const.KS_WriteOTP.au8CntTbl,"a",%progbits
	.p2align	1, 0x0
.L__const.KS_WriteOTP.au8CntTbl:
	.short	4                               @ 0x4
	.short	6                               @ 0x6
	.short	6                               @ 0x6
	.short	7                               @ 0x7
	.short	8                               @ 0x8
	.short	8                               @ 0x8
	.short	8                               @ 0x8
	.size	.L__const.KS_WriteOTP.au8CntTbl, 14

	.section	.debug_abbrev,"",%progbits
	.byte	1                               @ Abbreviation Code
	.byte	17                              @ DW_TAG_compile_unit
	.byte	1                               @ DW_CHILDREN_yes
	.byte	37                              @ DW_AT_producer
	.byte	14                              @ DW_FORM_strp
	.byte	19                              @ DW_AT_language
	.byte	5                               @ DW_FORM_data2
	.byte	3                               @ DW_AT_name
	.byte	14                              @ DW_FORM_strp
	.byte	16                              @ DW_AT_stmt_list
	.byte	23                              @ DW_FORM_sec_offset
	.byte	27                              @ DW_AT_comp_dir
	.byte	14                              @ DW_FORM_strp
	.byte	17                              @ DW_AT_low_pc
	.byte	1                               @ DW_FORM_addr
	.byte	85                              @ DW_AT_ranges
	.byte	23                              @ DW_FORM_sec_offset
	.byte	0                               @ EOM(1)
	.byte	0                               @ EOM(2)
	.byte	2                               @ Abbreviation Code
	.byte	4                               @ DW_TAG_enumeration_type
	.byte	1                               @ DW_CHILDREN_yes
	.byte	73                              @ DW_AT_type
	.byte	19                              @ DW_FORM_ref4
	.byte	3                               @ DW_AT_name
	.byte	14                              @ DW_FORM_strp
	.byte	11                              @ DW_AT_byte_size
	.byte	11                              @ DW_FORM_data1
	.byte	58                              @ DW_AT_decl_file
	.byte	11                              @ DW_FORM_data1
	.byte	59                              @ DW_AT_decl_line
	.byte	11                              @ DW_FORM_data1
	.byte	0                               @ EOM(1)
	.byte	0                               @ EOM(2)
	.byte	3                               @ Abbreviation Code
	.byte	40                              @ DW_TAG_enumerator
	.byte	0                               @ DW_CHILDREN_no
	.byte	3                               @ DW_AT_name
	.byte	14                              @ DW_FORM_strp
	.byte	28                              @ DW_AT_const_value
	.byte	15                              @ DW_FORM_udata
	.byte	0                               @ EOM(1)
	.byte	0                               @ EOM(2)
	.byte	4                               @ Abbreviation Code
	.byte	36                              @ DW_TAG_base_type
	.byte	0                               @ DW_CHILDREN_no
	.byte	3                               @ DW_AT_name
	.byte	14                              @ DW_FORM_strp
	.byte	62                              @ DW_AT_encoding
	.byte	11                              @ DW_FORM_data1
	.byte	11                              @ DW_AT_byte_size
	.byte	11                              @ DW_FORM_data1
	.byte	0                               @ EOM(1)
	.byte	0                               @ EOM(2)
	.byte	5                               @ Abbreviation Code
	.byte	15                              @ DW_TAG_pointer_type
	.byte	0                               @ DW_CHILDREN_no
	.byte	73                              @ DW_AT_type
	.byte	19                              @ DW_FORM_ref4
	.byte	0                               @ EOM(1)
	.byte	0                               @ EOM(2)
	.byte	6                               @ Abbreviation Code
	.byte	22                              @ DW_TAG_typedef
	.byte	0                               @ DW_CHILDREN_no
	.byte	73                              @ DW_AT_type
	.byte	19                              @ DW_FORM_ref4
	.byte	3                               @ DW_AT_name
	.byte	14                              @ DW_FORM_strp
	.byte	58                              @ DW_AT_decl_file
	.byte	11                              @ DW_FORM_data1
	.byte	59                              @ DW_AT_decl_line
	.byte	11                              @ DW_FORM_data1
	.byte	0                               @ EOM(1)
	.byte	0                               @ EOM(2)
	.byte	7                               @ Abbreviation Code
	.byte	19                              @ DW_TAG_structure_type
	.byte	1                               @ DW_CHILDREN_yes
	.byte	11                              @ DW_AT_byte_size
	.byte	11                              @ DW_FORM_data1
	.byte	58                              @ DW_AT_decl_file
	.byte	11                              @ DW_FORM_data1
	.byte	59                              @ DW_AT_decl_line
	.byte	11                              @ DW_FORM_data1
	.byte	0                               @ EOM(1)
	.byte	0                               @ EOM(2)
	.byte	8                               @ Abbreviation Code
	.byte	13                              @ DW_TAG_member
	.byte	0                               @ DW_CHILDREN_no
	.byte	3                               @ DW_AT_name
	.byte	14                              @ DW_FORM_strp
	.byte	73                              @ DW_AT_type
	.byte	19                              @ DW_FORM_ref4
	.byte	58                              @ DW_AT_decl_file
	.byte	11                              @ DW_FORM_data1
	.byte	59                              @ DW_AT_decl_line
	.byte	11                              @ DW_FORM_data1
	.byte	56                              @ DW_AT_data_member_location
	.byte	11                              @ DW_FORM_data1
	.byte	0                               @ EOM(1)
	.byte	0                               @ EOM(2)
	.byte	9                               @ Abbreviation Code
	.byte	53                              @ DW_TAG_volatile_type
	.byte	0                               @ DW_CHILDREN_no
	.byte	73                              @ DW_AT_type
	.byte	19                              @ DW_FORM_ref4
	.byte	0                               @ EOM(1)
	.byte	0                               @ EOM(2)
	.byte	10                              @ Abbreviation Code
	.byte	38                              @ DW_TAG_const_type
	.byte	0                               @ DW_CHILDREN_no
	.byte	73                              @ DW_AT_type
	.byte	19                              @ DW_FORM_ref4
	.byte	0                               @ EOM(1)
	.byte	0                               @ EOM(2)
	.byte	11                              @ Abbreviation Code
	.byte	1                               @ DW_TAG_array_type
	.byte	1                               @ DW_CHILDREN_yes
	.byte	73                              @ DW_AT_type
	.byte	19                              @ DW_FORM_ref4
	.byte	0                               @ EOM(1)
	.byte	0                               @ EOM(2)
	.byte	12                              @ Abbreviation Code
	.byte	33                              @ DW_TAG_subrange_type
	.byte	0                               @ DW_CHILDREN_no
	.byte	73                              @ DW_AT_type
	.byte	19                              @ DW_FORM_ref4
	.byte	55                              @ DW_AT_count
	.byte	11                              @ DW_FORM_data1
	.byte	0                               @ EOM(1)
	.byte	0                               @ EOM(2)
	.byte	13                              @ Abbreviation Code
	.byte	36                              @ DW_TAG_base_type
	.byte	0                               @ DW_CHILDREN_no
	.byte	3                               @ DW_AT_name
	.byte	14                              @ DW_FORM_strp
	.byte	11                              @ DW_AT_byte_size
	.byte	11                              @ DW_FORM_data1
	.byte	62                              @ DW_AT_encoding
	.byte	11                              @ DW_FORM_data1
	.byte	0                               @ EOM(1)
	.byte	0                               @ EOM(2)
	.byte	14                              @ Abbreviation Code
	.byte	46                              @ DW_TAG_subprogram
	.byte	1                               @ DW_CHILDREN_yes
	.byte	17                              @ DW_AT_low_pc
	.byte	1                               @ DW_FORM_addr
	.byte	18                              @ DW_AT_high_pc
	.byte	6                               @ DW_FORM_data4
	.byte	64                              @ DW_AT_frame_base
	.byte	24                              @ DW_FORM_exprloc
	.byte	3                               @ DW_AT_name
	.byte	14                              @ DW_FORM_strp
	.byte	58                              @ DW_AT_decl_file
	.byte	11                              @ DW_FORM_data1
	.byte	59                              @ DW_AT_decl_line
	.byte	11                              @ DW_FORM_data1
	.byte	39                              @ DW_AT_prototyped
	.byte	25                              @ DW_FORM_flag_present
	.byte	73                              @ DW_AT_type
	.byte	19                              @ DW_FORM_ref4
	.byte	63                              @ DW_AT_external
	.byte	25                              @ DW_FORM_flag_present
	.byte	0                               @ EOM(1)
	.byte	0                               @ EOM(2)
	.byte	15                              @ Abbreviation Code
	.byte	52                              @ DW_TAG_variable
	.byte	0                               @ DW_CHILDREN_no
	.byte	2                               @ DW_AT_location
	.byte	24                              @ DW_FORM_exprloc
	.byte	3                               @ DW_AT_name
	.byte	14                              @ DW_FORM_strp
	.byte	58                              @ DW_AT_decl_file
	.byte	11                              @ DW_FORM_data1
	.byte	59                              @ DW_AT_decl_line
	.byte	11                              @ DW_FORM_data1
	.byte	73                              @ DW_AT_type
	.byte	19                              @ DW_FORM_ref4
	.byte	0                               @ EOM(1)
	.byte	0                               @ EOM(2)
	.byte	16                              @ Abbreviation Code
	.byte	5                               @ DW_TAG_formal_parameter
	.byte	0                               @ DW_CHILDREN_no
	.byte	2                               @ DW_AT_location
	.byte	24                              @ DW_FORM_exprloc
	.byte	3                               @ DW_AT_name
	.byte	14                              @ DW_FORM_strp
	.byte	58                              @ DW_AT_decl_file
	.byte	11                              @ DW_FORM_data1
	.byte	59                              @ DW_AT_decl_line
	.byte	11                              @ DW_FORM_data1
	.byte	73                              @ DW_AT_type
	.byte	19                              @ DW_FORM_ref4
	.byte	0                               @ EOM(1)
	.byte	0                               @ EOM(2)
	.byte	17                              @ Abbreviation Code
	.byte	46                              @ DW_TAG_subprogram
	.byte	1                               @ DW_CHILDREN_yes
	.byte	17                              @ DW_AT_low_pc
	.byte	1                               @ DW_FORM_addr
	.byte	18                              @ DW_AT_high_pc
	.byte	6                               @ DW_FORM_data4
	.byte	64                              @ DW_AT_frame_base
	.byte	24                              @ DW_FORM_exprloc
	.byte	3                               @ DW_AT_name
	.byte	14                              @ DW_FORM_strp
	.byte	58                              @ DW_AT_decl_file
	.byte	11                              @ DW_FORM_data1
	.byte	59                              @ DW_AT_decl_line
	.byte	5                               @ DW_FORM_data2
	.byte	39                              @ DW_AT_prototyped
	.byte	25                              @ DW_FORM_flag_present
	.byte	73                              @ DW_AT_type
	.byte	19                              @ DW_FORM_ref4
	.byte	63                              @ DW_AT_external
	.byte	25                              @ DW_FORM_flag_present
	.byte	0                               @ EOM(1)
	.byte	0                               @ EOM(2)
	.byte	18                              @ Abbreviation Code
	.byte	5                               @ DW_TAG_formal_parameter
	.byte	0                               @ DW_CHILDREN_no
	.byte	2                               @ DW_AT_location
	.byte	24                              @ DW_FORM_exprloc
	.byte	3                               @ DW_AT_name
	.byte	14                              @ DW_FORM_strp
	.byte	58                              @ DW_AT_decl_file
	.byte	11                              @ DW_FORM_data1
	.byte	59                              @ DW_AT_decl_line
	.byte	5                               @ DW_FORM_data2
	.byte	73                              @ DW_AT_type
	.byte	19                              @ DW_FORM_ref4
	.byte	0                               @ EOM(1)
	.byte	0                               @ EOM(2)
	.byte	19                              @ Abbreviation Code
	.byte	52                              @ DW_TAG_variable
	.byte	0                               @ DW_CHILDREN_no
	.byte	2                               @ DW_AT_location
	.byte	24                              @ DW_FORM_exprloc
	.byte	3                               @ DW_AT_name
	.byte	14                              @ DW_FORM_strp
	.byte	58                              @ DW_AT_decl_file
	.byte	11                              @ DW_FORM_data1
	.byte	59                              @ DW_AT_decl_line
	.byte	5                               @ DW_FORM_data2
	.byte	73                              @ DW_AT_type
	.byte	19                              @ DW_FORM_ref4
	.byte	0                               @ EOM(1)
	.byte	0                               @ EOM(2)
	.byte	0                               @ EOM(3)
	.section	.debug_info,"",%progbits
.Lcu_begin0:
	.long	.Ldebug_info_end0-.Ldebug_info_start0 @ Length of Unit
.Ldebug_info_start0:
	.short	4                               @ DWARF version number
	.long	.debug_abbrev                   @ Offset Into Abbrev. Section
	.byte	4                               @ Address Size (in bytes)
	.byte	1                               @ Abbrev [1] 0xb:0x503 DW_TAG_compile_unit
	.long	.Linfo_string0                  @ DW_AT_producer
	.short	12                              @ DW_AT_language
	.long	.Linfo_string1                  @ DW_AT_name
	.long	.Lline_table_start0             @ DW_AT_stmt_list
	.long	.Linfo_string2                  @ DW_AT_comp_dir
	.long	0                               @ DW_AT_low_pc
	.long	.Ldebug_ranges0                 @ DW_AT_ranges
	.byte	2                               @ Abbrev [2] 0x26:0x1f DW_TAG_enumeration_type
	.long	69                              @ DW_AT_type
	.long	.Linfo_string7                  @ DW_AT_name
	.byte	4                               @ DW_AT_byte_size
	.byte	1                               @ DW_AT_decl_file
	.byte	33                              @ DW_AT_decl_line
	.byte	3                               @ Abbrev [3] 0x32:0x6 DW_TAG_enumerator
	.long	.Linfo_string4                  @ DW_AT_name
	.byte	0                               @ DW_AT_const_value
	.byte	3                               @ Abbrev [3] 0x38:0x6 DW_TAG_enumerator
	.long	.Linfo_string5                  @ DW_AT_name
	.byte	1                               @ DW_AT_const_value
	.byte	3                               @ Abbrev [3] 0x3e:0x6 DW_TAG_enumerator
	.long	.Linfo_string6                  @ DW_AT_name
	.byte	2                               @ DW_AT_const_value
	.byte	0                               @ End Of Children Mark
	.byte	4                               @ Abbrev [4] 0x45:0x7 DW_TAG_base_type
	.long	.Linfo_string3                  @ DW_AT_name
	.byte	7                               @ DW_AT_encoding
	.byte	4                               @ DW_AT_byte_size
	.byte	5                               @ Abbrev [5] 0x4c:0x5 DW_TAG_pointer_type
	.long	81                              @ DW_AT_type
	.byte	6                               @ Abbrev [6] 0x51:0xb DW_TAG_typedef
	.long	92                              @ DW_AT_type
	.long	.Linfo_string18                 @ DW_AT_name
	.byte	3                               @ DW_AT_decl_file
	.byte	228                             @ DW_AT_decl_line
	.byte	7                               @ Abbrev [7] 0x5c:0x65 DW_TAG_structure_type
	.byte	72                              @ DW_AT_byte_size
	.byte	3                               @ DW_AT_decl_file
	.byte	27                              @ DW_AT_decl_line
	.byte	8                               @ Abbrev [8] 0x60:0xc DW_TAG_member
	.long	.Linfo_string8                  @ DW_AT_name
	.long	193                             @ DW_AT_type
	.byte	3                               @ DW_AT_decl_file
	.byte	219                             @ DW_AT_decl_line
	.byte	0                               @ DW_AT_data_member_location
	.byte	8                               @ Abbrev [8] 0x6c:0xc DW_TAG_member
	.long	.Linfo_string10                 @ DW_AT_name
	.long	193                             @ DW_AT_type
	.byte	3                               @ DW_AT_decl_file
	.byte	220                             @ DW_AT_decl_line
	.byte	4                               @ DW_AT_data_member_location
	.byte	8                               @ Abbrev [8] 0x78:0xc DW_TAG_member
	.long	.Linfo_string11                 @ DW_AT_name
	.long	193                             @ DW_AT_type
	.byte	3                               @ DW_AT_decl_file
	.byte	221                             @ DW_AT_decl_line
	.byte	8                               @ DW_AT_data_member_location
	.byte	8                               @ Abbrev [8] 0x84:0xc DW_TAG_member
	.long	.Linfo_string12                 @ DW_AT_name
	.long	209                             @ DW_AT_type
	.byte	3                               @ DW_AT_decl_file
	.byte	222                             @ DW_AT_decl_line
	.byte	12                              @ DW_AT_data_member_location
	.byte	8                               @ Abbrev [8] 0x90:0xc DW_TAG_member
	.long	.Linfo_string13                 @ DW_AT_name
	.long	214                             @ DW_AT_type
	.byte	3                               @ DW_AT_decl_file
	.byte	223                             @ DW_AT_decl_line
	.byte	16                              @ DW_AT_data_member_location
	.byte	8                               @ Abbrev [8] 0x9c:0xc DW_TAG_member
	.long	.Linfo_string15                 @ DW_AT_name
	.long	233                             @ DW_AT_type
	.byte	3                               @ DW_AT_decl_file
	.byte	224                             @ DW_AT_decl_line
	.byte	32                              @ DW_AT_data_member_location
	.byte	8                               @ Abbrev [8] 0xa8:0xc DW_TAG_member
	.long	.Linfo_string16                 @ DW_AT_name
	.long	209                             @ DW_AT_type
	.byte	3                               @ DW_AT_decl_file
	.byte	225                             @ DW_AT_decl_line
	.byte	64                              @ DW_AT_data_member_location
	.byte	8                               @ Abbrev [8] 0xb4:0xc DW_TAG_member
	.long	.Linfo_string17                 @ DW_AT_name
	.long	209                             @ DW_AT_type
	.byte	3                               @ DW_AT_decl_file
	.byte	226                             @ DW_AT_decl_line
	.byte	68                              @ DW_AT_data_member_location
	.byte	0                               @ End Of Children Mark
	.byte	9                               @ Abbrev [9] 0xc1:0x5 DW_TAG_volatile_type
	.long	198                             @ DW_AT_type
	.byte	6                               @ Abbrev [6] 0xc6:0xb DW_TAG_typedef
	.long	69                              @ DW_AT_type
	.long	.Linfo_string9                  @ DW_AT_name
	.byte	2                               @ DW_AT_decl_file
	.byte	64                              @ DW_AT_decl_line
	.byte	10                              @ Abbrev [10] 0xd1:0x5 DW_TAG_const_type
	.long	193                             @ DW_AT_type
	.byte	11                              @ Abbrev [11] 0xd6:0xc DW_TAG_array_type
	.long	193                             @ DW_AT_type
	.byte	12                              @ Abbrev [12] 0xdb:0x6 DW_TAG_subrange_type
	.long	226                             @ DW_AT_type
	.byte	4                               @ DW_AT_count
	.byte	0                               @ End Of Children Mark
	.byte	13                              @ Abbrev [13] 0xe2:0x7 DW_TAG_base_type
	.long	.Linfo_string14                 @ DW_AT_name
	.byte	8                               @ DW_AT_byte_size
	.byte	7                               @ DW_AT_encoding
	.byte	11                              @ Abbrev [11] 0xe9:0xc DW_TAG_array_type
	.long	193                             @ DW_AT_type
	.byte	12                              @ Abbrev [12] 0xee:0x6 DW_TAG_subrange_type
	.long	226                             @ DW_AT_type
	.byte	8                               @ DW_AT_count
	.byte	0                               @ End Of Children Mark
	.byte	6                               @ Abbrev [6] 0xf5:0xb DW_TAG_typedef
	.long	256                             @ DW_AT_type
	.long	.Linfo_string20                 @ DW_AT_name
	.byte	2                               @ DW_AT_decl_file
	.byte	58                              @ DW_AT_decl_line
	.byte	4                               @ Abbrev [4] 0x100:0x7 DW_TAG_base_type
	.long	.Linfo_string19                 @ DW_AT_name
	.byte	5                               @ DW_AT_encoding
	.byte	4                               @ DW_AT_byte_size
	.byte	14                              @ Abbrev [14] 0x107:0x24 DW_TAG_subprogram
	.long	.Lfunc_begin0                   @ DW_AT_low_pc
	.long	.Lfunc_end0-.Lfunc_begin0       @ DW_AT_high_pc
	.byte	1                               @ DW_AT_frame_base
	.byte	93
	.long	.Linfo_string21                 @ DW_AT_name
	.byte	4                               @ DW_AT_decl_file
	.byte	29                              @ DW_AT_decl_line
                                        @ DW_AT_prototyped
	.long	245                             @ DW_AT_type
                                        @ DW_AT_external
	.byte	15                              @ Abbrev [15] 0x11c:0xe DW_TAG_variable
	.byte	2                               @ DW_AT_location
	.byte	145
	.byte	0
	.long	.Linfo_string32                 @ DW_AT_name
	.byte	4                               @ DW_AT_decl_file
	.byte	31                              @ DW_AT_decl_line
	.long	198                             @ DW_AT_type
	.byte	0                               @ End Of Children Mark
	.byte	14                              @ Abbrev [14] 0x12b:0xa2 DW_TAG_subprogram
	.long	.Lfunc_begin1                   @ DW_AT_low_pc
	.long	.Lfunc_end1-.Lfunc_begin1       @ DW_AT_high_pc
	.byte	1                               @ DW_AT_frame_base
	.byte	93
	.long	.Linfo_string22                 @ DW_AT_name
	.byte	4                               @ DW_AT_decl_file
	.byte	87                              @ DW_AT_decl_line
                                        @ DW_AT_prototyped
	.long	245                             @ DW_AT_type
                                        @ DW_AT_external
	.byte	16                              @ Abbrev [16] 0x140:0xe DW_TAG_formal_parameter
	.byte	2                               @ DW_AT_location
	.byte	145
	.byte	36
	.long	.Linfo_string33                 @ DW_AT_name
	.byte	4                               @ DW_AT_decl_file
	.byte	87                              @ DW_AT_decl_line
	.long	1225                            @ DW_AT_type
	.byte	16                              @ Abbrev [16] 0x14e:0xe DW_TAG_formal_parameter
	.byte	2                               @ DW_AT_location
	.byte	145
	.byte	32
	.long	.Linfo_string35                 @ DW_AT_name
	.byte	4                               @ DW_AT_decl_file
	.byte	87                              @ DW_AT_decl_line
	.long	245                             @ DW_AT_type
	.byte	16                              @ Abbrev [16] 0x15c:0xe DW_TAG_formal_parameter
	.byte	2                               @ DW_AT_location
	.byte	145
	.byte	28
	.long	.Linfo_string36                 @ DW_AT_name
	.byte	4                               @ DW_AT_decl_file
	.byte	87                              @ DW_AT_decl_line
	.long	1236                            @ DW_AT_type
	.byte	16                              @ Abbrev [16] 0x16a:0xe DW_TAG_formal_parameter
	.byte	2                               @ DW_AT_location
	.byte	145
	.byte	24
	.long	.Linfo_string37                 @ DW_AT_name
	.byte	4                               @ DW_AT_decl_file
	.byte	87                              @ DW_AT_decl_line
	.long	198                             @ DW_AT_type
	.byte	15                              @ Abbrev [15] 0x178:0xe DW_TAG_variable
	.byte	2                               @ DW_AT_location
	.byte	145
	.byte	20
	.long	.Linfo_string38                 @ DW_AT_name
	.byte	4                               @ DW_AT_decl_file
	.byte	89                              @ DW_AT_decl_line
	.long	245                             @ DW_AT_type
	.byte	15                              @ Abbrev [15] 0x186:0xe DW_TAG_variable
	.byte	2                               @ DW_AT_location
	.byte	145
	.byte	16
	.long	.Linfo_string39                 @ DW_AT_name
	.byte	4                               @ DW_AT_decl_file
	.byte	90                              @ DW_AT_decl_line
	.long	198                             @ DW_AT_type
	.byte	15                              @ Abbrev [15] 0x194:0xe DW_TAG_variable
	.byte	2                               @ DW_AT_location
	.byte	145
	.byte	12
	.long	.Linfo_string40                 @ DW_AT_name
	.byte	4                               @ DW_AT_decl_file
	.byte	91                              @ DW_AT_decl_line
	.long	245                             @ DW_AT_type
	.byte	15                              @ Abbrev [15] 0x1a2:0xe DW_TAG_variable
	.byte	2                               @ DW_AT_location
	.byte	145
	.byte	8
	.long	.Linfo_string41                 @ DW_AT_name
	.byte	4                               @ DW_AT_decl_file
	.byte	91                              @ DW_AT_decl_line
	.long	245                             @ DW_AT_type
	.byte	15                              @ Abbrev [15] 0x1b0:0xe DW_TAG_variable
	.byte	2                               @ DW_AT_location
	.byte	145
	.byte	4
	.long	.Linfo_string42                 @ DW_AT_name
	.byte	4                               @ DW_AT_decl_file
	.byte	91                              @ DW_AT_decl_line
	.long	245                             @ DW_AT_type
	.byte	15                              @ Abbrev [15] 0x1be:0xe DW_TAG_variable
	.byte	2                               @ DW_AT_location
	.byte	145
	.byte	0
	.long	.Linfo_string32                 @ DW_AT_name
	.byte	4                               @ DW_AT_decl_file
	.byte	92                              @ DW_AT_decl_line
	.long	198                             @ DW_AT_type
	.byte	0                               @ End Of Children Mark
	.byte	14                              @ Abbrev [14] 0x1cd:0x32 DW_TAG_subprogram
	.long	.Lfunc_begin2                   @ DW_AT_low_pc
	.long	.Lfunc_end2-.Lfunc_begin2       @ DW_AT_high_pc
	.byte	1                               @ DW_AT_frame_base
	.byte	93
	.long	.Linfo_string23                 @ DW_AT_name
	.byte	4                               @ DW_AT_decl_file
	.byte	169                             @ DW_AT_decl_line
                                        @ DW_AT_prototyped
	.long	198                             @ DW_AT_type
                                        @ DW_AT_external
	.byte	16                              @ Abbrev [16] 0x1e2:0xe DW_TAG_formal_parameter
	.byte	2                               @ DW_AT_location
	.byte	145
	.byte	52
	.long	.Linfo_string43                 @ DW_AT_name
	.byte	4                               @ DW_AT_decl_file
	.byte	169                             @ DW_AT_decl_line
	.long	198                             @ DW_AT_type
	.byte	15                              @ Abbrev [15] 0x1f0:0xe DW_TAG_variable
	.byte	2                               @ DW_AT_location
	.byte	145
	.byte	8
	.long	.Linfo_string44                 @ DW_AT_name
	.byte	4                               @ DW_AT_decl_file
	.byte	171                             @ DW_AT_decl_line
	.long	1241                            @ DW_AT_type
	.byte	0                               @ End Of Children Mark
	.byte	14                              @ Abbrev [14] 0x1ff:0x94 DW_TAG_subprogram
	.long	.Lfunc_begin3                   @ DW_AT_low_pc
	.long	.Lfunc_end3-.Lfunc_begin3       @ DW_AT_high_pc
	.byte	1                               @ DW_AT_frame_base
	.byte	93
	.long	.Linfo_string24                 @ DW_AT_name
	.byte	4                               @ DW_AT_decl_file
	.byte	216                             @ DW_AT_decl_line
                                        @ DW_AT_prototyped
	.long	245                             @ DW_AT_type
                                        @ DW_AT_external
	.byte	16                              @ Abbrev [16] 0x214:0xe DW_TAG_formal_parameter
	.byte	2                               @ DW_AT_location
	.byte	145
	.byte	32
	.long	.Linfo_string33                 @ DW_AT_name
	.byte	4                               @ DW_AT_decl_file
	.byte	216                             @ DW_AT_decl_line
	.long	1225                            @ DW_AT_type
	.byte	16                              @ Abbrev [16] 0x222:0xe DW_TAG_formal_parameter
	.byte	2                               @ DW_AT_location
	.byte	145
	.byte	28
	.long	.Linfo_string43                 @ DW_AT_name
	.byte	4                               @ DW_AT_decl_file
	.byte	216                             @ DW_AT_decl_line
	.long	198                             @ DW_AT_type
	.byte	16                              @ Abbrev [16] 0x230:0xe DW_TAG_formal_parameter
	.byte	2                               @ DW_AT_location
	.byte	145
	.byte	24
	.long	.Linfo_string36                 @ DW_AT_name
	.byte	4                               @ DW_AT_decl_file
	.byte	216                             @ DW_AT_decl_line
	.long	1236                            @ DW_AT_type
	.byte	15                              @ Abbrev [15] 0x23e:0xe DW_TAG_variable
	.byte	2                               @ DW_AT_location
	.byte	145
	.byte	20
	.long	.Linfo_string38                 @ DW_AT_name
	.byte	4                               @ DW_AT_decl_file
	.byte	218                             @ DW_AT_decl_line
	.long	245                             @ DW_AT_type
	.byte	15                              @ Abbrev [15] 0x24c:0xe DW_TAG_variable
	.byte	2                               @ DW_AT_location
	.byte	145
	.byte	16
	.long	.Linfo_string39                 @ DW_AT_name
	.byte	4                               @ DW_AT_decl_file
	.byte	219                             @ DW_AT_decl_line
	.long	198                             @ DW_AT_type
	.byte	15                              @ Abbrev [15] 0x25a:0xe DW_TAG_variable
	.byte	2                               @ DW_AT_location
	.byte	145
	.byte	12
	.long	.Linfo_string41                 @ DW_AT_name
	.byte	4                               @ DW_AT_decl_file
	.byte	220                             @ DW_AT_decl_line
	.long	245                             @ DW_AT_type
	.byte	15                              @ Abbrev [15] 0x268:0xe DW_TAG_variable
	.byte	2                               @ DW_AT_location
	.byte	145
	.byte	8
	.long	.Linfo_string42                 @ DW_AT_name
	.byte	4                               @ DW_AT_decl_file
	.byte	220                             @ DW_AT_decl_line
	.long	245                             @ DW_AT_type
	.byte	15                              @ Abbrev [15] 0x276:0xe DW_TAG_variable
	.byte	2                               @ DW_AT_location
	.byte	145
	.byte	4
	.long	.Linfo_string40                 @ DW_AT_name
	.byte	4                               @ DW_AT_decl_file
	.byte	221                             @ DW_AT_decl_line
	.long	1276                            @ DW_AT_type
	.byte	15                              @ Abbrev [15] 0x284:0xe DW_TAG_variable
	.byte	2                               @ DW_AT_location
	.byte	145
	.byte	0
	.long	.Linfo_string32                 @ DW_AT_name
	.byte	4                               @ DW_AT_decl_file
	.byte	222                             @ DW_AT_decl_line
	.long	198                             @ DW_AT_type
	.byte	0                               @ End Of Children Mark
	.byte	17                              @ Abbrev [17] 0x293:0x35 DW_TAG_subprogram
	.long	.Lfunc_begin4                   @ DW_AT_low_pc
	.long	.Lfunc_end4-.Lfunc_begin4       @ DW_AT_high_pc
	.byte	1                               @ DW_AT_frame_base
	.byte	93
	.long	.Linfo_string25                 @ DW_AT_name
	.byte	4                               @ DW_AT_decl_file
	.short	295                             @ DW_AT_decl_line
                                        @ DW_AT_prototyped
	.long	245                             @ DW_AT_type
                                        @ DW_AT_external
	.byte	18                              @ Abbrev [18] 0x2a9:0xf DW_TAG_formal_parameter
	.byte	2                               @ DW_AT_location
	.byte	145
	.byte	4
	.long	.Linfo_string35                 @ DW_AT_name
	.byte	4                               @ DW_AT_decl_file
	.short	295                             @ DW_AT_decl_line
	.long	245                             @ DW_AT_type
	.byte	19                              @ Abbrev [19] 0x2b8:0xf DW_TAG_variable
	.byte	2                               @ DW_AT_location
	.byte	145
	.byte	0
	.long	.Linfo_string32                 @ DW_AT_name
	.byte	4                               @ DW_AT_decl_file
	.short	297                             @ DW_AT_decl_line
	.long	198                             @ DW_AT_type
	.byte	0                               @ End Of Children Mark
	.byte	17                              @ Abbrev [17] 0x2c8:0x35 DW_TAG_subprogram
	.long	.Lfunc_begin5                   @ DW_AT_low_pc
	.long	.Lfunc_end5-.Lfunc_begin5       @ DW_AT_high_pc
	.byte	1                               @ DW_AT_frame_base
	.byte	93
	.long	.Linfo_string26                 @ DW_AT_name
	.byte	4                               @ DW_AT_decl_file
	.short	342                             @ DW_AT_decl_line
                                        @ DW_AT_prototyped
	.long	245                             @ DW_AT_type
                                        @ DW_AT_external
	.byte	18                              @ Abbrev [18] 0x2de:0xf DW_TAG_formal_parameter
	.byte	2                               @ DW_AT_location
	.byte	145
	.byte	4
	.long	.Linfo_string33                 @ DW_AT_name
	.byte	4                               @ DW_AT_decl_file
	.short	342                             @ DW_AT_decl_line
	.long	1225                            @ DW_AT_type
	.byte	19                              @ Abbrev [19] 0x2ed:0xf DW_TAG_variable
	.byte	2                               @ DW_AT_location
	.byte	145
	.byte	0
	.long	.Linfo_string32                 @ DW_AT_name
	.byte	4                               @ DW_AT_decl_file
	.short	344                             @ DW_AT_decl_line
	.long	198                             @ DW_AT_type
	.byte	0                               @ End Of Children Mark
	.byte	17                              @ Abbrev [17] 0x2fd:0x44 DW_TAG_subprogram
	.long	.Lfunc_begin6                   @ DW_AT_low_pc
	.long	.Lfunc_end6-.Lfunc_begin6       @ DW_AT_high_pc
	.byte	1                               @ DW_AT_frame_base
	.byte	93
	.long	.Linfo_string27                 @ DW_AT_name
	.byte	4                               @ DW_AT_decl_file
	.short	390                             @ DW_AT_decl_line
                                        @ DW_AT_prototyped
	.long	245                             @ DW_AT_type
                                        @ DW_AT_external
	.byte	18                              @ Abbrev [18] 0x313:0xf DW_TAG_formal_parameter
	.byte	2                               @ DW_AT_location
	.byte	145
	.byte	8
	.long	.Linfo_string33                 @ DW_AT_name
	.byte	4                               @ DW_AT_decl_file
	.short	390                             @ DW_AT_decl_line
	.long	1225                            @ DW_AT_type
	.byte	18                              @ Abbrev [18] 0x322:0xf DW_TAG_formal_parameter
	.byte	2                               @ DW_AT_location
	.byte	145
	.byte	4
	.long	.Linfo_string35                 @ DW_AT_name
	.byte	4                               @ DW_AT_decl_file
	.short	390                             @ DW_AT_decl_line
	.long	245                             @ DW_AT_type
	.byte	19                              @ Abbrev [19] 0x331:0xf DW_TAG_variable
	.byte	2                               @ DW_AT_location
	.byte	145
	.byte	0
	.long	.Linfo_string32                 @ DW_AT_name
	.byte	4                               @ DW_AT_decl_file
	.short	392                             @ DW_AT_decl_line
	.long	198                             @ DW_AT_type
	.byte	0                               @ End Of Children Mark
	.byte	17                              @ Abbrev [17] 0x341:0x53 DW_TAG_subprogram
	.long	.Lfunc_begin7                   @ DW_AT_low_pc
	.long	.Lfunc_end7-.Lfunc_begin7       @ DW_AT_high_pc
	.byte	1                               @ DW_AT_frame_base
	.byte	93
	.long	.Linfo_string28                 @ DW_AT_name
	.byte	4                               @ DW_AT_decl_file
	.short	434                             @ DW_AT_decl_line
                                        @ DW_AT_prototyped
	.long	198                             @ DW_AT_type
                                        @ DW_AT_external
	.byte	18                              @ Abbrev [18] 0x357:0xf DW_TAG_formal_parameter
	.byte	2                               @ DW_AT_location
	.byte	145
	.byte	12
	.long	.Linfo_string47                 @ DW_AT_name
	.byte	4                               @ DW_AT_decl_file
	.short	434                             @ DW_AT_decl_line
	.long	1225                            @ DW_AT_type
	.byte	19                              @ Abbrev [19] 0x366:0xf DW_TAG_variable
	.byte	2                               @ DW_AT_location
	.byte	145
	.byte	8
	.long	.Linfo_string48                 @ DW_AT_name
	.byte	4                               @ DW_AT_decl_file
	.short	436                             @ DW_AT_decl_line
	.long	198                             @ DW_AT_type
	.byte	19                              @ Abbrev [19] 0x375:0xf DW_TAG_variable
	.byte	2                               @ DW_AT_location
	.byte	145
	.byte	4
	.long	.Linfo_string49                 @ DW_AT_name
	.byte	4                               @ DW_AT_decl_file
	.short	437                             @ DW_AT_decl_line
	.long	198                             @ DW_AT_type
	.byte	19                              @ Abbrev [19] 0x384:0xf DW_TAG_variable
	.byte	2                               @ DW_AT_location
	.byte	145
	.byte	0
	.long	.Linfo_string50                 @ DW_AT_name
	.byte	4                               @ DW_AT_decl_file
	.short	437                             @ DW_AT_decl_line
	.long	198                             @ DW_AT_type
	.byte	0                               @ End Of Children Mark
	.byte	17                              @ Abbrev [17] 0x394:0x53 DW_TAG_subprogram
	.long	.Lfunc_begin8                   @ DW_AT_low_pc
	.long	.Lfunc_end8-.Lfunc_begin8       @ DW_AT_high_pc
	.byte	1                               @ DW_AT_frame_base
	.byte	93
	.long	.Linfo_string29                 @ DW_AT_name
	.byte	4                               @ DW_AT_decl_file
	.short	461                             @ DW_AT_decl_line
                                        @ DW_AT_prototyped
	.long	198                             @ DW_AT_type
                                        @ DW_AT_external
	.byte	18                              @ Abbrev [18] 0x3aa:0xf DW_TAG_formal_parameter
	.byte	2                               @ DW_AT_location
	.byte	145
	.byte	12
	.long	.Linfo_string47                 @ DW_AT_name
	.byte	4                               @ DW_AT_decl_file
	.short	461                             @ DW_AT_decl_line
	.long	1225                            @ DW_AT_type
	.byte	19                              @ Abbrev [19] 0x3b9:0xf DW_TAG_variable
	.byte	2                               @ DW_AT_location
	.byte	145
	.byte	8
	.long	.Linfo_string48                 @ DW_AT_name
	.byte	4                               @ DW_AT_decl_file
	.short	463                             @ DW_AT_decl_line
	.long	198                             @ DW_AT_type
	.byte	19                              @ Abbrev [19] 0x3c8:0xf DW_TAG_variable
	.byte	2                               @ DW_AT_location
	.byte	145
	.byte	4
	.long	.Linfo_string49                 @ DW_AT_name
	.byte	4                               @ DW_AT_decl_file
	.short	464                             @ DW_AT_decl_line
	.long	198                             @ DW_AT_type
	.byte	19                              @ Abbrev [19] 0x3d7:0xf DW_TAG_variable
	.byte	2                               @ DW_AT_location
	.byte	145
	.byte	0
	.long	.Linfo_string50                 @ DW_AT_name
	.byte	4                               @ DW_AT_decl_file
	.short	464                             @ DW_AT_decl_line
	.long	198                             @ DW_AT_type
	.byte	0                               @ End Of Children Mark
	.byte	17                              @ Abbrev [17] 0x3e7:0xbc DW_TAG_subprogram
	.long	.Lfunc_begin9                   @ DW_AT_low_pc
	.long	.Lfunc_end9-.Lfunc_begin9       @ DW_AT_high_pc
	.byte	1                               @ DW_AT_frame_base
	.byte	93
	.long	.Linfo_string30                 @ DW_AT_name
	.byte	4                               @ DW_AT_decl_file
	.short	509                             @ DW_AT_decl_line
                                        @ DW_AT_prototyped
	.long	245                             @ DW_AT_type
                                        @ DW_AT_external
	.byte	18                              @ Abbrev [18] 0x3fd:0xf DW_TAG_formal_parameter
	.byte	2                               @ DW_AT_location
	.byte	145
	.byte	52
	.long	.Linfo_string35                 @ DW_AT_name
	.byte	4                               @ DW_AT_decl_file
	.short	509                             @ DW_AT_decl_line
	.long	245                             @ DW_AT_type
	.byte	18                              @ Abbrev [18] 0x40c:0xf DW_TAG_formal_parameter
	.byte	2                               @ DW_AT_location
	.byte	145
	.byte	48
	.long	.Linfo_string43                 @ DW_AT_name
	.byte	4                               @ DW_AT_decl_file
	.short	509                             @ DW_AT_decl_line
	.long	198                             @ DW_AT_type
	.byte	18                              @ Abbrev [18] 0x41b:0xf DW_TAG_formal_parameter
	.byte	2                               @ DW_AT_location
	.byte	145
	.byte	44
	.long	.Linfo_string36                 @ DW_AT_name
	.byte	4                               @ DW_AT_decl_file
	.short	509                             @ DW_AT_decl_line
	.long	1236                            @ DW_AT_type
	.byte	19                              @ Abbrev [19] 0x42a:0xf DW_TAG_variable
	.byte	2                               @ DW_AT_location
	.byte	145
	.byte	28
	.long	.Linfo_string44                 @ DW_AT_name
	.byte	4                               @ DW_AT_decl_file
	.short	511                             @ DW_AT_decl_line
	.long	1281                            @ DW_AT_type
	.byte	19                              @ Abbrev [19] 0x439:0xf DW_TAG_variable
	.byte	2                               @ DW_AT_location
	.byte	145
	.byte	24
	.long	.Linfo_string38                 @ DW_AT_name
	.byte	4                               @ DW_AT_decl_file
	.short	512                             @ DW_AT_decl_line
	.long	245                             @ DW_AT_type
	.byte	19                              @ Abbrev [19] 0x448:0xf DW_TAG_variable
	.byte	2                               @ DW_AT_location
	.byte	145
	.byte	20
	.long	.Linfo_string39                 @ DW_AT_name
	.byte	4                               @ DW_AT_decl_file
	.short	513                             @ DW_AT_decl_line
	.long	198                             @ DW_AT_type
	.byte	19                              @ Abbrev [19] 0x457:0xf DW_TAG_variable
	.byte	2                               @ DW_AT_location
	.byte	145
	.byte	16
	.long	.Linfo_string40                 @ DW_AT_name
	.byte	4                               @ DW_AT_decl_file
	.short	514                             @ DW_AT_decl_line
	.long	245                             @ DW_AT_type
	.byte	19                              @ Abbrev [19] 0x466:0xf DW_TAG_variable
	.byte	2                               @ DW_AT_location
	.byte	145
	.byte	12
	.long	.Linfo_string41                 @ DW_AT_name
	.byte	4                               @ DW_AT_decl_file
	.short	514                             @ DW_AT_decl_line
	.long	245                             @ DW_AT_type
	.byte	19                              @ Abbrev [19] 0x475:0xf DW_TAG_variable
	.byte	2                               @ DW_AT_location
	.byte	145
	.byte	8
	.long	.Linfo_string42                 @ DW_AT_name
	.byte	4                               @ DW_AT_decl_file
	.short	514                             @ DW_AT_decl_line
	.long	245                             @ DW_AT_type
	.byte	19                              @ Abbrev [19] 0x484:0xf DW_TAG_variable
	.byte	2                               @ DW_AT_location
	.byte	145
	.byte	4
	.long	.Linfo_string51                 @ DW_AT_name
	.byte	4                               @ DW_AT_decl_file
	.short	514                             @ DW_AT_decl_line
	.long	245                             @ DW_AT_type
	.byte	19                              @ Abbrev [19] 0x493:0xf DW_TAG_variable
	.byte	2                               @ DW_AT_location
	.byte	145
	.byte	0
	.long	.Linfo_string32                 @ DW_AT_name
	.byte	4                               @ DW_AT_decl_file
	.short	515                             @ DW_AT_decl_line
	.long	198                             @ DW_AT_type
	.byte	0                               @ End Of Children Mark
	.byte	17                              @ Abbrev [17] 0x4a3:0x26 DW_TAG_subprogram
	.long	.Lfunc_begin10                  @ DW_AT_low_pc
	.long	.Lfunc_end10-.Lfunc_begin10     @ DW_AT_high_pc
	.byte	1                               @ DW_AT_frame_base
	.byte	93
	.long	.Linfo_string31                 @ DW_AT_name
	.byte	4                               @ DW_AT_decl_file
	.short	589                             @ DW_AT_decl_line
                                        @ DW_AT_prototyped
	.long	245                             @ DW_AT_type
                                        @ DW_AT_external
	.byte	19                              @ Abbrev [19] 0x4b9:0xf DW_TAG_variable
	.byte	2                               @ DW_AT_location
	.byte	145
	.byte	0
	.long	.Linfo_string32                 @ DW_AT_name
	.byte	4                               @ DW_AT_decl_file
	.short	591                             @ DW_AT_decl_line
	.long	198                             @ DW_AT_type
	.byte	0                               @ End Of Children Mark
	.byte	6                               @ Abbrev [6] 0x4c9:0xb DW_TAG_typedef
	.long	38                              @ DW_AT_type
	.long	.Linfo_string34                 @ DW_AT_name
	.byte	1                               @ DW_AT_decl_file
	.byte	38                              @ DW_AT_decl_line
	.byte	5                               @ Abbrev [5] 0x4d4:0x5 DW_TAG_pointer_type
	.long	198                             @ DW_AT_type
	.byte	11                              @ Abbrev [11] 0x4d9:0xc DW_TAG_array_type
	.long	1253                            @ DW_AT_type
	.byte	12                              @ Abbrev [12] 0x4de:0x6 DW_TAG_subrange_type
	.long	226                             @ DW_AT_type
	.byte	21                              @ DW_AT_count
	.byte	0                               @ End Of Children Mark
	.byte	10                              @ Abbrev [10] 0x4e5:0x5 DW_TAG_const_type
	.long	1258                            @ DW_AT_type
	.byte	6                               @ Abbrev [6] 0x4ea:0xb DW_TAG_typedef
	.long	1269                            @ DW_AT_type
	.long	.Linfo_string46                 @ DW_AT_name
	.byte	2                               @ DW_AT_decl_file
	.byte	63                              @ DW_AT_decl_line
	.byte	4                               @ Abbrev [4] 0x4f5:0x7 DW_TAG_base_type
	.long	.Linfo_string45                 @ DW_AT_name
	.byte	7                               @ DW_AT_encoding
	.byte	2                               @ DW_AT_byte_size
	.byte	9                               @ Abbrev [9] 0x4fc:0x5 DW_TAG_volatile_type
	.long	245                             @ DW_AT_type
	.byte	11                              @ Abbrev [11] 0x501:0xc DW_TAG_array_type
	.long	1253                            @ DW_AT_type
	.byte	12                              @ Abbrev [12] 0x506:0x6 DW_TAG_subrange_type
	.long	226                             @ DW_AT_type
	.byte	7                               @ DW_AT_count
	.byte	0                               @ End Of Children Mark
	.byte	0                               @ End Of Children Mark
.Ldebug_info_end0:
	.section	.debug_ranges,"",%progbits
.Ldebug_ranges0:
	.long	.Lfunc_begin0
	.long	.Lfunc_end0
	.long	.Lfunc_begin1
	.long	.Lfunc_end1
	.long	.Lfunc_begin2
	.long	.Lfunc_end2
	.long	.Lfunc_begin3
	.long	.Lfunc_end3
	.long	.Lfunc_begin4
	.long	.Lfunc_end4
	.long	.Lfunc_begin5
	.long	.Lfunc_end5
	.long	.Lfunc_begin6
	.long	.Lfunc_end6
	.long	.Lfunc_begin7
	.long	.Lfunc_end7
	.long	.Lfunc_begin8
	.long	.Lfunc_end8
	.long	.Lfunc_begin9
	.long	.Lfunc_end9
	.long	.Lfunc_begin10
	.long	.Lfunc_end10
	.long	0
	.long	0
	.section	.debug_str,"MS",%progbits,1
.Linfo_string0:
	.asciz	"Component: Arm Compiler for Embedded 6.19 Tool: armclang [5e73cb00]" @ string offset=0
.Linfo_string1:
	.asciz	"../../../../../Library/StdDriver/src\\keystore.c" @ string offset=68
.Linfo_string2:
	.asciz	"C:\\Users\\Borhan\\Desktop\\M2354_Series_BSP_CMSIS_V3.00.005_duplicate\\SampleCode\\TrustZone\\E-Voting-System\\Secure\\KEIL" @ string offset=116
.Linfo_string3:
	.asciz	"unsigned int"                  @ string offset=232
.Linfo_string4:
	.asciz	"KS_SRAM"                       @ string offset=245
.Linfo_string5:
	.asciz	"KS_FLASH"                      @ string offset=253
.Linfo_string6:
	.asciz	"KS_OTP"                        @ string offset=262
.Linfo_string7:
	.asciz	"KSMEM"                         @ string offset=269
.Linfo_string8:
	.asciz	"CTL"                           @ string offset=275
.Linfo_string9:
	.asciz	"uint32_t"                      @ string offset=279
.Linfo_string10:
	.asciz	"METADATA"                      @ string offset=288
.Linfo_string11:
	.asciz	"STS"                           @ string offset=297
.Linfo_string12:
	.asciz	"REMAIN"                        @ string offset=301
.Linfo_string13:
	.asciz	"SCMBKEY"                       @ string offset=308
.Linfo_string14:
	.asciz	"__ARRAY_SIZE_TYPE__"           @ string offset=316
.Linfo_string15:
	.asciz	"KEY"                           @ string offset=336
.Linfo_string16:
	.asciz	"OTPSTS"                        @ string offset=340
.Linfo_string17:
	.asciz	"REMKCNT"                       @ string offset=347
.Linfo_string18:
	.asciz	"KS_T"                          @ string offset=355
.Linfo_string19:
	.asciz	"int"                           @ string offset=360
.Linfo_string20:
	.asciz	"int32_t"                       @ string offset=364
.Linfo_string21:
	.asciz	"KS_Open"                       @ string offset=372
.Linfo_string22:
	.asciz	"KS_Read"                       @ string offset=380
.Linfo_string23:
	.asciz	"KS_GetKeyWordCnt"              @ string offset=388
.Linfo_string24:
	.asciz	"KS_Write"                      @ string offset=405
.Linfo_string25:
	.asciz	"KS_EraseKey"                   @ string offset=414
.Linfo_string26:
	.asciz	"KS_EraseAll"                   @ string offset=426
.Linfo_string27:
	.asciz	"KS_RevokeKey"                  @ string offset=438
.Linfo_string28:
	.asciz	"KS_GetRemainSize"              @ string offset=451
.Linfo_string29:
	.asciz	"KS_GetRemainKeyCount"          @ string offset=468
.Linfo_string30:
	.asciz	"KS_WriteOTP"                   @ string offset=489
.Linfo_string31:
	.asciz	"KS_ToggleSRAM"                 @ string offset=501
.Linfo_string32:
	.asciz	"u32TimeOutCount"               @ string offset=515
.Linfo_string33:
	.asciz	"eType"                         @ string offset=531
.Linfo_string34:
	.asciz	"KS_MEM_Type"                   @ string offset=537
.Linfo_string35:
	.asciz	"i32KeyIdx"                     @ string offset=549
.Linfo_string36:
	.asciz	"au32Key"                       @ string offset=559
.Linfo_string37:
	.asciz	"u32WordCnt"                    @ string offset=567
.Linfo_string38:
	.asciz	"i32Cnt"                        @ string offset=578
.Linfo_string39:
	.asciz	"u32Cont"                       @ string offset=585
.Linfo_string40:
	.asciz	"offset"                        @ string offset=593
.Linfo_string41:
	.asciz	"i"                             @ string offset=600
.Linfo_string42:
	.asciz	"cnt"                           @ string offset=602
.Linfo_string43:
	.asciz	"u32Meta"                       @ string offset=606
.Linfo_string44:
	.asciz	"au8CntTbl"                     @ string offset=614
.Linfo_string45:
	.asciz	"unsigned short"                @ string offset=624
.Linfo_string46:
	.asciz	"uint16_t"                      @ string offset=639
.Linfo_string47:
	.asciz	"mem"                           @ string offset=648
.Linfo_string48:
	.asciz	"u32Reg"                        @ string offset=652
.Linfo_string49:
	.asciz	"u32SramRemain"                 @ string offset=659
.Linfo_string50:
	.asciz	"u32FlashRemain"                @ string offset=673
.Linfo_string51:
	.asciz	"sidx"                          @ string offset=688
	.ident	"Component: Arm Compiler for Embedded 6.19 Tool: armclang [5e73cb00]"
	.section	".note.GNU-stack","",%progbits
	.eabi_attribute	30, 6	@ Tag_ABI_optimization_goals
	.ARM_attribute	6, 1	@ Tag_AV_cpp_exceptions
	.ARM_attribute	16, 1	@ Tag_AV_eba
	.section	.debug_line,"",%progbits
.Lline_table_start0:
