	.text
	.syntax unified
	.eabi_attribute	67, "2.09"	@ Tag_conformance
	.cpu	cortex-m23
	.eabi_attribute	6, 16	@ Tag_CPU_arch
	.eabi_attribute	7, 77	@ Tag_CPU_arch_profile
	.eabi_attribute	8, 0	@ Tag_ARM_ISA_use
	.eabi_attribute	9, 3	@ Tag_THUMB_ISA_use
	.eabi_attribute	34, 0	@ Tag_CPU_unaligned_access
	.eabi_attribute	17, 1	@ Tag_ABI_PCS_GOT_use
	.eabi_attribute	20, 2	@ Tag_ABI_FP_denormal
	.eabi_attribute	21, 0	@ Tag_ABI_FP_exceptions
	.eabi_attribute	23, 1	@ Tag_ABI_FP_number_model
	.eabi_attribute	24, 1	@ Tag_ABI_align_needed
	.eabi_attribute	25, 1	@ Tag_ABI_align_preserved
	.eabi_attribute	38, 1	@ Tag_ABI_FP_16bit_format
	.eabi_attribute	18, 4	@ Tag_ABI_PCS_wchar_t
	.eabi_attribute	26, 2	@ Tag_ABI_enum_size
	.eabi_attribute	14, 0	@ Tag_ABI_PCS_R9_use
	.file	"my_crypto.c"
	.file	1 "C:\\Users\\LogoslabMiniPC\\GitHub_Box_Windows\\logoslab\\M2354\\Old_M2354_BSP_300004\\SampleCode\\TrustZone\\Borhan-E-Voting-System\\Secure\\KEIL" "my_crypto.c"
	.file	2 "C:\\Users\\LogoslabMiniPC" "AppData\\Local\\Keil_v5\\ARM\\ARMCLANG\\bin\\..\\include\\stdint.h"
	.file	3 "C:\\Users\\LogoslabMiniPC\\GitHub_Box_Windows\\logoslab\\M2354\\Old_M2354_BSP_300004\\SampleCode\\TrustZone\\Borhan-E-Voting-System\\Secure\\KEIL" "../../Library_BSP/StdDriver/inc\\crypto.h"
	.file	4 "C:\\Users\\LogoslabMiniPC\\GitHub_Box_Windows\\logoslab\\M2354\\Old_M2354_BSP_300004\\SampleCode\\TrustZone\\Borhan-E-Voting-System\\Secure\\KEIL" "../../Library_BSP/StdDriver/inc\\keystore.h"
	.file	5 "C:\\Users\\LogoslabMiniPC\\GitHub_Box_Windows\\logoslab\\M2354\\Old_M2354_BSP_300004\\SampleCode\\TrustZone\\Borhan-E-Voting-System\\Secure\\KEIL" "../../Library_BSP/Device/Nuvoton/M2354/Include\\crpt_reg.h"
	.file	6 "C:\\Users\\LogoslabMiniPC\\GitHub_Box_Windows\\logoslab\\M2354\\Old_M2354_BSP_300004\\SampleCode\\TrustZone\\Borhan-E-Voting-System\\Secure\\KEIL" "../../Library_BSP/Device/Nuvoton/M2354/Include\\clk_reg.h"
	.file	7 "C:\\Users\\LogoslabMiniPC" "AppData\\Local\\Keil_v5\\ARM\\ARMCLANG\\bin\\..\\include\\stdio.h"
	.section	.text.Byte2Char,"ax",%progbits
	.hidden	Byte2Char                       @ -- Begin function Byte2Char
	.globl	Byte2Char
	.p2align	1
	.type	Byte2Char,%function
	.code	16                              @ @Byte2Char
	.thumb_func
Byte2Char:
.Lfunc_begin0:
	.loc	1 46 0                          @ my_crypto.c:46:0
	.fnstart
	.cfi_sections .debug_frame
	.cfi_startproc
@ %bb.0:
	.pad	#8
	sub	sp, #8
	.cfi_def_cfa_offset 8
	mov	r1, r0
                                        @ kill: def $r0 killed $r1
	mov	r0, sp
	strb	r1, [r0]
.Ltmp0:
	.loc	1 47 9 prologue_end             @ my_crypto.c:47:9
	ldrb	r0, [r0]
.Ltmp1:
	.loc	1 47 9 is_stmt 0                @ my_crypto.c:47:9
	cmp	r0, #9
	bgt	.LBB0_2
	b	.LBB0_1
.LBB0_1:
.Ltmp2:
	.loc	1 48 17 is_stmt 1               @ my_crypto.c:48:17
	ldr	r0, [sp]
	.loc	1 48 19 is_stmt 0               @ my_crypto.c:48:19
	adds	r0, #48
	add	r1, sp, #4
	.loc	1 48 9                          @ my_crypto.c:48:9
	strb	r0, [r1]
	b	.LBB0_5
.Ltmp3:
.LBB0_2:
	.loc	1 0 9                           @ my_crypto.c:0:9
	mov	r0, sp
.Ltmp4:
	.loc	1 49 9 is_stmt 1                @ my_crypto.c:49:9
	ldrb	r0, [r0]
.Ltmp5:
	.loc	1 49 9 is_stmt 0                @ my_crypto.c:49:9
	cmp	r0, #15
	bgt	.LBB0_4
	b	.LBB0_3
.LBB0_3:
.Ltmp6:
	.loc	1 50 17 is_stmt 1               @ my_crypto.c:50:17
	ldr	r0, [sp]
	.loc	1 50 24 is_stmt 0               @ my_crypto.c:50:24
	adds	r0, #87
	add	r1, sp, #4
	.loc	1 50 9                          @ my_crypto.c:50:9
	strb	r0, [r1]
	b	.LBB0_5
.Ltmp7:
.LBB0_4:
	.loc	1 0 9                           @ my_crypto.c:0:9
	add	r1, sp, #4
	movs	r0, #0
	.loc	1 52 5 is_stmt 1                @ my_crypto.c:52:5
	strb	r0, [r1]
	b	.LBB0_5
.LBB0_5:
	.loc	1 0 5 is_stmt 0                 @ my_crypto.c:0:5
	add	r0, sp, #4
	.loc	1 53 1 is_stmt 1                @ my_crypto.c:53:1
	ldrb	r0, [r0]
	.loc	1 53 1 epilogue_begin is_stmt 0 @ my_crypto.c:53:1
	add	sp, #8
	bx	lr
.Ltmp8:
.Lfunc_end0:
	.size	Byte2Char, .Lfunc_end0-Byte2Char
	.cfi_endproc
	.cantunwind
	.fnend
                                        @ -- End function
	.section	.text.CRPT_IRQHandler,"ax",%progbits
	.hidden	CRPT_IRQHandler                 @ -- Begin function CRPT_IRQHandler
	.globl	CRPT_IRQHandler
	.p2align	2
	.type	CRPT_IRQHandler,%function
	.code	16                              @ @CRPT_IRQHandler
	.thumb_func
CRPT_IRQHandler:
.Lfunc_begin1:
	.loc	1 55 0 is_stmt 1                @ my_crypto.c:55:0
	.fnstart
	.cfi_startproc
@ %bb.0:
	.save	{r7, lr}
	push	{r7, lr}
	.cfi_def_cfa_offset 8
	.cfi_offset lr, -4
	.cfi_offset r7, -8
	ldr	r0, __arm_cp.1_0
.Ltmp9:
	.loc	1 56 5 prologue_end             @ my_crypto.c:56:5
	bl	ECC_DriverISR
	ldr	r0, __arm_cp.1_1
.Ltmp10:
	.loc	1 57 9                          @ my_crypto.c:57:9
	ldr	r0, [r0]
.Ltmp11:
	.loc	1 57 9 is_stmt 0                @ my_crypto.c:57:9
	lsls	r0, r0, #30
	cbz	r0, .LBB1_2
	b	.LBB1_1
.LBB1_1:
.Ltmp12:
	.loc	1 58 27 is_stmt 1               @ my_crypto.c:58:27
	ldr	r1, __arm_cp.1_2
	movs	r0, #1
	str	r0, [r1]
	ldr	r1, __arm_cp.1_1
	movs	r0, #3
	.loc	1 59 9                          @ my_crypto.c:59:9
	str	r0, [r1]
	.loc	1 60 5                          @ my_crypto.c:60:5
	b	.LBB1_2
.Ltmp13:
.LBB1_2:
	.loc	1 61 1 epilogue_begin           @ my_crypto.c:61:1
	pop	{r7, pc}
.Ltmp14:
	.p2align	2
@ %bb.3:
	.loc	1 0 1 is_stmt 0                 @ my_crypto.c:0:1
__arm_cp.1_0:
	.long	1073946624                      @ 0x40032000
.Lcpi_end0:
	.size	__arm_cp.1_0, .Lcpi_end0-__arm_cp.1_0
__arm_cp.1_1:
	.long	1073946628                      @ 0x40032004
.Lcpi_end1:
	.size	__arm_cp.1_1, .Lcpi_end1-__arm_cp.1_1
__arm_cp.1_2:
	.long	g_Crypto_Int_done
.Lcpi_end2:
	.size	__arm_cp.1_2, .Lcpi_end2-__arm_cp.1_2
.Lfunc_end1:
	.size	CRPT_IRQHandler, .Lfunc_end1-CRPT_IRQHandler
	.cfi_endproc
	.fnend
                                        @ -- End function
	.section	.text.dump_buff_hex,"ax",%progbits
	.hidden	dump_buff_hex                   @ -- Begin function dump_buff_hex
	.globl	dump_buff_hex
	.p2align	2
	.type	dump_buff_hex,%function
	.code	16                              @ @dump_buff_hex
	.thumb_func
dump_buff_hex:
.Lfunc_begin2:
	.loc	1 63 0 is_stmt 1                @ my_crypto.c:63:0
	.fnstart
	.cfi_startproc
@ %bb.0:
	.save	{r7, lr}
	push	{r7, lr}
	.cfi_def_cfa_offset 8
	.cfi_offset lr, -4
	.cfi_offset r7, -8
	.pad	#16
	sub	sp, #16
	.cfi_def_cfa_offset 24
	str	r0, [sp, #12]
	str	r1, [sp, #8]
	movs	r0, #0
.Ltmp15:
	.loc	1 66 10 prologue_end            @ my_crypto.c:66:10
	str	r0, [sp, #4]
	.loc	1 67 5                          @ my_crypto.c:67:5
	b	.LBB2_1
.LBB2_1:                                @ =>This Loop Header: Depth=1
                                        @     Child Loop BB2_3 Depth 2
                                        @     Child Loop BB2_7 Depth 2
	.loc	1 67 12 is_stmt 0               @ my_crypto.c:67:12
	ldr	r0, [sp, #8]
	.loc	1 67 5                          @ my_crypto.c:67:5
	cmp	r0, #1
	blt	.LBB2_15
	b	.LBB2_2
.LBB2_2:                                @   in Loop: Header=BB2_1 Depth=1
.Ltmp16:
	.loc	1 68 28 is_stmt 1               @ my_crypto.c:68:28
	ldr	r1, [sp, #4]
	.loc	1 68 9 is_stmt 0                @ my_crypto.c:68:9
	ldr	r0, __arm_cp.2_1
	bl	printf
	movs	r0, #0
.Ltmp17:
	.loc	1 69 16 is_stmt 1               @ my_crypto.c:69:16
	str	r0, [sp]
	.loc	1 69 14 is_stmt 0               @ my_crypto.c:69:14
	b	.LBB2_3
.LBB2_3:                                @   Parent Loop BB2_1 Depth=1
                                        @ =>  This Inner Loop Header: Depth=2
.Ltmp18:
	.loc	1 69 21                         @ my_crypto.c:69:21
	ldr	r0, [sp]
.Ltmp19:
	.loc	1 69 9                          @ my_crypto.c:69:9
	cmp	r0, #15
	bgt	.LBB2_6
	b	.LBB2_4
.LBB2_4:                                @   in Loop: Header=BB2_3 Depth=2
.Ltmp20:
	.loc	1 70 29 is_stmt 1               @ my_crypto.c:70:29
	ldr	r0, [sp, #12]
	.loc	1 70 37 is_stmt 0               @ my_crypto.c:70:37
	ldr	r1, [sp, #4]
	.loc	1 70 44                         @ my_crypto.c:70:44
	ldr	r2, [sp]
	.loc	1 70 42                         @ my_crypto.c:70:42
	adds	r1, r1, r2
	.loc	1 70 29                         @ my_crypto.c:70:29
	ldrb	r1, [r0, r1]
	.loc	1 70 13                         @ my_crypto.c:70:13
	ldr	r0, __arm_cp.2_5
	bl	printf
	b	.LBB2_5
.LBB2_5:                                @   in Loop: Header=BB2_3 Depth=2
	.loc	1 69 30 is_stmt 1               @ my_crypto.c:69:30
	ldr	r0, [sp]
	adds	r0, r0, #1
	str	r0, [sp]
	.loc	1 69 9 is_stmt 0                @ my_crypto.c:69:9
	b	.LBB2_3
.Ltmp21:
.LBB2_6:                                @   in Loop: Header=BB2_1 Depth=1
	.loc	1 71 9 is_stmt 1                @ my_crypto.c:71:9
	ldr	r0, __arm_cp.2_2
	bl	printf
	movs	r0, #0
.Ltmp22:
	.loc	1 72 16                         @ my_crypto.c:72:16
	str	r0, [sp]
	.loc	1 72 14 is_stmt 0               @ my_crypto.c:72:14
	b	.LBB2_7
.LBB2_7:                                @   Parent Loop BB2_1 Depth=1
                                        @ =>  This Inner Loop Header: Depth=2
.Ltmp23:
	.loc	1 72 21                         @ my_crypto.c:72:21
	ldr	r0, [sp]
.Ltmp24:
	.loc	1 72 9                          @ my_crypto.c:72:9
	cmp	r0, #15
	bgt	.LBB2_14
	b	.LBB2_8
.LBB2_8:                                @   in Loop: Header=BB2_7 Depth=2
.Ltmp25:
	.loc	1 73 18 is_stmt 1               @ my_crypto.c:73:18
	ldr	r0, [sp, #12]
	.loc	1 73 26 is_stmt 0               @ my_crypto.c:73:26
	ldr	r1, [sp, #4]
	.loc	1 73 33                         @ my_crypto.c:73:33
	ldr	r2, [sp]
	.loc	1 73 31                         @ my_crypto.c:73:31
	adds	r1, r1, r2
	.loc	1 73 18                         @ my_crypto.c:73:18
	ldrb	r0, [r0, r1]
	.loc	1 73 45                         @ my_crypto.c:73:45
	cmp	r0, #32
	blt	.LBB2_11
	b	.LBB2_9
.LBB2_9:                                @   in Loop: Header=BB2_7 Depth=2
	.loc	1 73 49                         @ my_crypto.c:73:49
	ldr	r0, [sp, #12]
	.loc	1 73 57                         @ my_crypto.c:73:57
	ldr	r1, [sp, #4]
	.loc	1 73 64                         @ my_crypto.c:73:64
	ldr	r2, [sp]
	.loc	1 73 62                         @ my_crypto.c:73:62
	adds	r1, r1, r2
	.loc	1 73 49                         @ my_crypto.c:73:49
	ldrb	r0, [r0, r1]
.Ltmp26:
	.loc	1 73 17                         @ my_crypto.c:73:17
	cmp	r0, #126
	bgt	.LBB2_11
	b	.LBB2_10
.LBB2_10:                               @   in Loop: Header=BB2_7 Depth=2
.Ltmp27:
	.loc	1 74 30 is_stmt 1               @ my_crypto.c:74:30
	ldr	r0, [sp, #12]
	.loc	1 74 38 is_stmt 0               @ my_crypto.c:74:38
	ldr	r1, [sp, #4]
	.loc	1 74 45                         @ my_crypto.c:74:45
	ldr	r2, [sp]
	.loc	1 74 43                         @ my_crypto.c:74:43
	adds	r1, r1, r2
	.loc	1 74 30                         @ my_crypto.c:74:30
	ldrb	r1, [r0, r1]
	.loc	1 74 17                         @ my_crypto.c:74:17
	ldr	r0, __arm_cp.2_4
	bl	printf
	b	.LBB2_12
.LBB2_11:                               @   in Loop: Header=BB2_7 Depth=2
	.loc	1 76 17 is_stmt 1               @ my_crypto.c:76:17
	ldr	r0, __arm_cp.2_3
	bl	printf
	b	.LBB2_12
.Ltmp28:
.LBB2_12:                               @   in Loop: Header=BB2_7 Depth=2
	.loc	1 77 19                         @ my_crypto.c:77:19
	ldr	r0, [sp, #8]
	subs	r0, r0, #1
	str	r0, [sp, #8]
	.loc	1 78 9                          @ my_crypto.c:78:9
	b	.LBB2_13
.Ltmp29:
.LBB2_13:                               @   in Loop: Header=BB2_7 Depth=2
	.loc	1 72 30                         @ my_crypto.c:72:30
	ldr	r0, [sp]
	adds	r0, r0, #1
	str	r0, [sp]
	.loc	1 72 9 is_stmt 0                @ my_crypto.c:72:9
	b	.LBB2_7
.Ltmp30:
.LBB2_14:                               @   in Loop: Header=BB2_1 Depth=1
	.loc	1 79 14 is_stmt 1               @ my_crypto.c:79:14
	ldr	r0, [sp, #4]
	adds	r0, #16
	str	r0, [sp, #4]
	.loc	1 80 9                          @ my_crypto.c:80:9
	ldr	r0, __arm_cp.2_0
	bl	printf
.Ltmp31:
	.loc	1 67 5                          @ my_crypto.c:67:5
	b	.LBB2_1
.LBB2_15:
	.loc	1 82 5                          @ my_crypto.c:82:5
	ldr	r0, __arm_cp.2_0
	bl	printf
	.loc	1 83 1 epilogue_begin           @ my_crypto.c:83:1
	add	sp, #16
	pop	{r7, pc}
.Ltmp32:
	.p2align	2
@ %bb.16:
	.loc	1 0 1 is_stmt 0                 @ my_crypto.c:0:1
__arm_cp.2_0:
	.long	.L.str.5
.Lcpi_end3:
	.size	__arm_cp.2_0, .Lcpi_end3-__arm_cp.2_0
__arm_cp.2_1:
	.long	.L.str
.Lcpi_end4:
	.size	__arm_cp.2_1, .Lcpi_end4-__arm_cp.2_1
__arm_cp.2_2:
	.long	.L.str.2
.Lcpi_end5:
	.size	__arm_cp.2_2, .Lcpi_end5-__arm_cp.2_2
__arm_cp.2_3:
	.long	.L.str.4
.Lcpi_end6:
	.size	__arm_cp.2_3, .Lcpi_end6-__arm_cp.2_3
__arm_cp.2_4:
	.long	.L.str.3
.Lcpi_end7:
	.size	__arm_cp.2_4, .Lcpi_end7-__arm_cp.2_4
__arm_cp.2_5:
	.long	.L.str.1
.Lcpi_end8:
	.size	__arm_cp.2_5, .Lcpi_end8-__arm_cp.2_5
.Lfunc_end2:
	.size	dump_buff_hex, .Lfunc_end2-dump_buff_hex
	.cfi_endproc
	.cantunwind
	.fnend
                                        @ -- End function
	.section	.text.str2bin,"ax",%progbits
	.hidden	str2bin                         @ -- Begin function str2bin
	.globl	str2bin
	.p2align	1
	.type	str2bin,%function
	.code	16                              @ @str2bin
	.thumb_func
str2bin:
.Lfunc_begin3:
	.loc	1 85 0 is_stmt 1                @ my_crypto.c:85:0
	.fnstart
	.cfi_startproc
@ %bb.0:
	.pad	#24
	sub	sp, #24
	.cfi_def_cfa_offset 24
	str	r0, [sp, #20]
	str	r1, [sp, #16]
	str	r2, [sp, #12]
	movs	r0, #0
.Ltmp33:
	.loc	1 90 12 prologue_end            @ my_crypto.c:90:12
	str	r0, [sp, #8]
	.loc	1 90 10 is_stmt 0               @ my_crypto.c:90:10
	b	.LBB3_1
.LBB3_1:                                @ =>This Inner Loop Header: Depth=1
.Ltmp34:
	.loc	1 90 17                         @ my_crypto.c:90:17
	ldr	r0, [sp, #8]
	.loc	1 90 21                         @ my_crypto.c:90:21
	ldr	r1, [sp, #12]
.Ltmp35:
	.loc	1 90 5                          @ my_crypto.c:90:5
	cmp	r0, r1
	blo	.LBB3_2
	b	.LBB3_30
.LBB3_2:                                @   in Loop: Header=BB3_1 Depth=1
.Ltmp36:
	.loc	1 91 18 is_stmt 1               @ my_crypto.c:91:18
	ldr	r0, [sp, #20]
	adds	r1, r0, #1
	str	r1, [sp, #20]
	.loc	1 91 13 is_stmt 0               @ my_crypto.c:91:13
	ldrb	r1, [r0]
	mov	r0, sp
	.loc	1 91 11                         @ my_crypto.c:91:11
	strb	r1, [r0]
.Ltmp37:
	.loc	1 92 13 is_stmt 1               @ my_crypto.c:92:13
	ldrb	r0, [r0]
.Ltmp38:
	.loc	1 92 13 is_stmt 0               @ my_crypto.c:92:13
	cbnz	r0, .LBB3_4
	b	.LBB3_3
.LBB3_3:
.Ltmp39:
	.loc	1 93 13 is_stmt 1               @ my_crypto.c:93:13
	b	.LBB3_30
.Ltmp40:
.LBB3_4:                                @   in Loop: Header=BB3_1 Depth=1
	.loc	1 0 13 is_stmt 0                @ my_crypto.c:0:13
	mov	r0, sp
.Ltmp41:
	.loc	1 95 14 is_stmt 1               @ my_crypto.c:95:14
	ldrb	r0, [r0]
	.loc	1 95 24 is_stmt 0               @ my_crypto.c:95:24
	cmp	r0, #97
	blt	.LBB3_7
	b	.LBB3_5
.LBB3_5:                                @   in Loop: Header=BB3_1 Depth=1
	.loc	1 0 24                          @ my_crypto.c:0:24
	mov	r0, sp
	.loc	1 95 28                         @ my_crypto.c:95:28
	ldrb	r0, [r0]
.Ltmp42:
	.loc	1 95 13                         @ my_crypto.c:95:13
	cmp	r0, #102
	bgt	.LBB3_7
	b	.LBB3_6
.LBB3_6:                                @   in Loop: Header=BB3_1 Depth=1
.Ltmp43:
	.loc	1 96 15 is_stmt 1               @ my_crypto.c:96:15
	ldr	r0, [sp]
	subs	r0, #87
	mov	r1, sp
	strb	r0, [r1]
	.loc	1 96 13 is_stmt 0               @ my_crypto.c:96:13
	b	.LBB3_15
.LBB3_7:                                @   in Loop: Header=BB3_1 Depth=1
	.loc	1 0 13                          @ my_crypto.c:0:13
	mov	r0, sp
.Ltmp44:
	.loc	1 97 19 is_stmt 1               @ my_crypto.c:97:19
	ldrb	r0, [r0]
	.loc	1 97 29 is_stmt 0               @ my_crypto.c:97:29
	cmp	r0, #65
	blt	.LBB3_10
	b	.LBB3_8
.LBB3_8:                                @   in Loop: Header=BB3_1 Depth=1
	.loc	1 0 29                          @ my_crypto.c:0:29
	mov	r0, sp
	.loc	1 97 33                         @ my_crypto.c:97:33
	ldrb	r0, [r0]
.Ltmp45:
	.loc	1 97 18                         @ my_crypto.c:97:18
	cmp	r0, #70
	bgt	.LBB3_10
	b	.LBB3_9
.LBB3_9:                                @   in Loop: Header=BB3_1 Depth=1
.Ltmp46:
	.loc	1 98 15 is_stmt 1               @ my_crypto.c:98:15
	ldr	r0, [sp]
	subs	r0, #55
	mov	r1, sp
	strb	r0, [r1]
	.loc	1 98 13 is_stmt 0               @ my_crypto.c:98:13
	b	.LBB3_14
.LBB3_10:                               @   in Loop: Header=BB3_1 Depth=1
	.loc	1 0 13                          @ my_crypto.c:0:13
	mov	r0, sp
.Ltmp47:
	.loc	1 99 19 is_stmt 1               @ my_crypto.c:99:19
	ldrb	r0, [r0]
	.loc	1 99 29 is_stmt 0               @ my_crypto.c:99:29
	cmp	r0, #48
	blt	.LBB3_13
	b	.LBB3_11
.LBB3_11:                               @   in Loop: Header=BB3_1 Depth=1
	.loc	1 0 29                          @ my_crypto.c:0:29
	mov	r0, sp
	.loc	1 99 33                         @ my_crypto.c:99:33
	ldrb	r0, [r0]
.Ltmp48:
	.loc	1 99 18                         @ my_crypto.c:99:18
	cmp	r0, #57
	bgt	.LBB3_13
	b	.LBB3_12
.LBB3_12:                               @   in Loop: Header=BB3_1 Depth=1
.Ltmp49:
	.loc	1 100 15 is_stmt 1              @ my_crypto.c:100:15
	ldr	r0, [sp]
	subs	r0, #48
	mov	r1, sp
	strb	r0, [r1]
	.loc	1 100 13 is_stmt 0              @ my_crypto.c:100:13
	b	.LBB3_13
.Ltmp50:
.LBB3_13:                               @   in Loop: Header=BB3_1 Depth=1
	.loc	1 0 13                          @ my_crypto.c:0:13
	b	.LBB3_14
.LBB3_14:                               @   in Loop: Header=BB3_1 Depth=1
	b	.LBB3_15
.LBB3_15:                               @   in Loop: Header=BB3_1 Depth=1
	.loc	1 101 16 is_stmt 1              @ my_crypto.c:101:16
	ldr	r0, [sp]
	.loc	1 101 27 is_stmt 0              @ my_crypto.c:101:27
	lsls	r0, r0, #4
	add	r1, sp, #4
	.loc	1 101 14                        @ my_crypto.c:101:14
	strb	r0, [r1]
	.loc	1 103 18 is_stmt 1              @ my_crypto.c:103:18
	ldr	r0, [sp, #20]
	adds	r1, r0, #1
	str	r1, [sp, #20]
	.loc	1 103 13 is_stmt 0              @ my_crypto.c:103:13
	ldrb	r1, [r0]
	mov	r0, sp
	.loc	1 103 11                        @ my_crypto.c:103:11
	strb	r1, [r0]
.Ltmp51:
	.loc	1 104 13 is_stmt 1              @ my_crypto.c:104:13
	ldrb	r0, [r0]
.Ltmp52:
	.loc	1 104 13 is_stmt 0              @ my_crypto.c:104:13
	cbnz	r0, .LBB3_17
	b	.LBB3_16
.LBB3_16:
.Ltmp53:
	.loc	1 105 22 is_stmt 1              @ my_crypto.c:105:22
	ldr	r0, [sp, #4]
	.loc	1 105 13 is_stmt 0              @ my_crypto.c:105:13
	ldr	r1, [sp, #16]
	.loc	1 105 17                        @ my_crypto.c:105:17
	ldr	r2, [sp, #8]
	.loc	1 105 20                        @ my_crypto.c:105:20
	strb	r0, [r1, r2]
	.loc	1 106 13 is_stmt 1              @ my_crypto.c:106:13
	b	.LBB3_30
.Ltmp54:
.LBB3_17:                               @   in Loop: Header=BB3_1 Depth=1
	.loc	1 0 13 is_stmt 0                @ my_crypto.c:0:13
	mov	r0, sp
.Ltmp55:
	.loc	1 109 14 is_stmt 1              @ my_crypto.c:109:14
	ldrb	r0, [r0]
	.loc	1 109 24 is_stmt 0              @ my_crypto.c:109:24
	cmp	r0, #97
	blt	.LBB3_20
	b	.LBB3_18
.LBB3_18:                               @   in Loop: Header=BB3_1 Depth=1
	.loc	1 0 24                          @ my_crypto.c:0:24
	mov	r0, sp
	.loc	1 109 28                        @ my_crypto.c:109:28
	ldrb	r0, [r0]
.Ltmp56:
	.loc	1 109 13                        @ my_crypto.c:109:13
	cmp	r0, #102
	bgt	.LBB3_20
	b	.LBB3_19
.LBB3_19:                               @   in Loop: Header=BB3_1 Depth=1
.Ltmp57:
	.loc	1 110 15 is_stmt 1              @ my_crypto.c:110:15
	ldr	r0, [sp]
	subs	r0, #87
	mov	r1, sp
	strb	r0, [r1]
	.loc	1 110 13 is_stmt 0              @ my_crypto.c:110:13
	b	.LBB3_28
.LBB3_20:                               @   in Loop: Header=BB3_1 Depth=1
	.loc	1 0 13                          @ my_crypto.c:0:13
	mov	r0, sp
.Ltmp58:
	.loc	1 111 19 is_stmt 1              @ my_crypto.c:111:19
	ldrb	r0, [r0]
	.loc	1 111 29 is_stmt 0              @ my_crypto.c:111:29
	cmp	r0, #65
	blt	.LBB3_23
	b	.LBB3_21
.LBB3_21:                               @   in Loop: Header=BB3_1 Depth=1
	.loc	1 0 29                          @ my_crypto.c:0:29
	mov	r0, sp
	.loc	1 111 33                        @ my_crypto.c:111:33
	ldrb	r0, [r0]
.Ltmp59:
	.loc	1 111 18                        @ my_crypto.c:111:18
	cmp	r0, #70
	bgt	.LBB3_23
	b	.LBB3_22
.LBB3_22:                               @   in Loop: Header=BB3_1 Depth=1
.Ltmp60:
	.loc	1 112 15 is_stmt 1              @ my_crypto.c:112:15
	ldr	r0, [sp]
	subs	r0, #55
	mov	r1, sp
	strb	r0, [r1]
	.loc	1 112 13 is_stmt 0              @ my_crypto.c:112:13
	b	.LBB3_27
.LBB3_23:                               @   in Loop: Header=BB3_1 Depth=1
	.loc	1 0 13                          @ my_crypto.c:0:13
	mov	r0, sp
.Ltmp61:
	.loc	1 113 19 is_stmt 1              @ my_crypto.c:113:19
	ldrb	r0, [r0]
	.loc	1 113 29 is_stmt 0              @ my_crypto.c:113:29
	cmp	r0, #48
	blt	.LBB3_26
	b	.LBB3_24
.LBB3_24:                               @   in Loop: Header=BB3_1 Depth=1
	.loc	1 0 29                          @ my_crypto.c:0:29
	mov	r0, sp
	.loc	1 113 33                        @ my_crypto.c:113:33
	ldrb	r0, [r0]
.Ltmp62:
	.loc	1 113 18                        @ my_crypto.c:113:18
	cmp	r0, #57
	bgt	.LBB3_26
	b	.LBB3_25
.LBB3_25:                               @   in Loop: Header=BB3_1 Depth=1
.Ltmp63:
	.loc	1 114 15 is_stmt 1              @ my_crypto.c:114:15
	ldr	r0, [sp]
	subs	r0, #48
	mov	r1, sp
	strb	r0, [r1]
	.loc	1 114 13 is_stmt 0              @ my_crypto.c:114:13
	b	.LBB3_26
.Ltmp64:
.LBB3_26:                               @   in Loop: Header=BB3_1 Depth=1
	.loc	1 0 13                          @ my_crypto.c:0:13
	b	.LBB3_27
.LBB3_27:                               @   in Loop: Header=BB3_1 Depth=1
	b	.LBB3_28
.LBB3_28:                               @   in Loop: Header=BB3_1 Depth=1
	.loc	1 115 17 is_stmt 1              @ my_crypto.c:115:17
	ldr	r1, [sp]
	.loc	1 115 14 is_stmt 0              @ my_crypto.c:115:14
	ldr	r0, [sp, #4]
	adds	r0, r0, r1
	add	r1, sp, #4
	strb	r0, [r1]
	.loc	1 117 18 is_stmt 1              @ my_crypto.c:117:18
	ldr	r0, [sp, #4]
	.loc	1 117 9 is_stmt 0               @ my_crypto.c:117:9
	ldr	r1, [sp, #16]
	.loc	1 117 13                        @ my_crypto.c:117:13
	ldr	r2, [sp, #8]
	.loc	1 117 16                        @ my_crypto.c:117:16
	strb	r0, [r1, r2]
	.loc	1 118 5 is_stmt 1               @ my_crypto.c:118:5
	b	.LBB3_29
.Ltmp65:
.LBB3_29:                               @   in Loop: Header=BB3_1 Depth=1
	.loc	1 90 28                         @ my_crypto.c:90:28
	ldr	r0, [sp, #8]
	adds	r0, r0, #1
	str	r0, [sp, #8]
	.loc	1 90 5 is_stmt 0                @ my_crypto.c:90:5
	b	.LBB3_1
.Ltmp66:
.LBB3_30:
	.loc	1 119 1 epilogue_begin is_stmt 1 @ my_crypto.c:119:1
	add	sp, #24
	bx	lr
.Ltmp67:
.Lfunc_end3:
	.size	str2bin, .Lfunc_end3-str2bin
	.cfi_endproc
	.cantunwind
	.fnend
                                        @ -- End function
	.section	.text.bin2str,"ax",%progbits
	.hidden	bin2str                         @ -- Begin function bin2str
	.globl	bin2str
	.p2align	2
	.type	bin2str,%function
	.code	16                              @ @bin2str
	.thumb_func
bin2str:
.Lfunc_begin4:
	.loc	1 121 0                         @ my_crypto.c:121:0
	.fnstart
	.cfi_startproc
@ %bb.0:
	.save	{r7, lr}
	push	{r7, lr}
	.cfi_def_cfa_offset 8
	.cfi_offset lr, -4
	.cfi_offset r7, -8
	.pad	#16
	sub	sp, #16
	.cfi_def_cfa_offset 24
	str	r0, [sp, #12]
	str	r1, [sp, #8]
	str	r2, [sp, #4]
	movs	r0, #0
.Ltmp68:
	.loc	1 122 17 prologue_end           @ my_crypto.c:122:17
	str	r0, [sp]
	.loc	1 122 10 is_stmt 0              @ my_crypto.c:122:10
	b	.LBB4_1
.LBB4_1:                                @ =>This Inner Loop Header: Depth=1
.Ltmp69:
	.loc	1 122 24                        @ my_crypto.c:122:24
	ldr	r0, [sp]
	.loc	1 122 28                        @ my_crypto.c:122:28
	ldr	r1, [sp, #8]
.Ltmp70:
	.loc	1 122 5                         @ my_crypto.c:122:5
	cmp	r0, r1
	bhs	.LBB4_4
	b	.LBB4_2
.LBB4_2:                                @   in Loop: Header=BB4_1 Depth=1
.Ltmp71:
	.loc	1 123 17 is_stmt 1              @ my_crypto.c:123:17
	ldr	r0, [sp, #4]
	.loc	1 123 23 is_stmt 0              @ my_crypto.c:123:23
	ldr	r2, [sp]
	.loc	1 123 25                        @ my_crypto.c:123:25
	lsls	r1, r2, #1
	.loc	1 123 21                        @ my_crypto.c:123:21
	adds	r0, r0, r1
	.loc	1 123 38                        @ my_crypto.c:123:38
	ldr	r1, [sp, #12]
	ldrb	r2, [r1, r2]
	.loc	1 123 9                         @ my_crypto.c:123:9
	ldr	r1, __arm_cp.4_0
	bl	sprintf
	b	.LBB4_3
.LBB4_3:                                @   in Loop: Header=BB4_1 Depth=1
	.loc	1 122 36 is_stmt 1              @ my_crypto.c:122:36
	ldr	r0, [sp]
	adds	r0, r0, #1
	str	r0, [sp]
	.loc	1 122 5 is_stmt 0               @ my_crypto.c:122:5
	b	.LBB4_1
.Ltmp72:
.LBB4_4:
	.loc	1 124 5 is_stmt 1               @ my_crypto.c:124:5
	ldr	r1, [sp, #4]
	.loc	1 124 9 is_stmt 0               @ my_crypto.c:124:9
	ldr	r0, [sp, #8]
	.loc	1 124 15                        @ my_crypto.c:124:15
	lsls	r2, r0, #1
	movs	r0, #0
	.loc	1 124 20                        @ my_crypto.c:124:20
	strb	r0, [r1, r2]
	.loc	1 125 1 epilogue_begin is_stmt 1 @ my_crypto.c:125:1
	add	sp, #16
	pop	{r7, pc}
.Ltmp73:
	.p2align	2
@ %bb.5:
	.loc	1 0 1 is_stmt 0                 @ my_crypto.c:0:1
__arm_cp.4_0:
	.long	.L.str.6
.Lcpi_end9:
	.size	__arm_cp.4_0, .Lcpi_end9-__arm_cp.4_0
.Lfunc_end4:
	.size	bin2str, .Lfunc_end4-bin2str
	.cfi_endproc
	.cantunwind
	.fnend
                                        @ -- End function
	.section	.text.ToBigEndian,"ax",%progbits
	.hidden	ToBigEndian                     @ -- Begin function ToBigEndian
	.globl	ToBigEndian
	.p2align	2
	.type	ToBigEndian,%function
	.code	16                              @ @ToBigEndian
	.thumb_func
ToBigEndian:
.Lfunc_begin5:
	.loc	1 127 0 is_stmt 1               @ my_crypto.c:127:0
	.fnstart
	.cfi_startproc
@ %bb.0:
	.save	{r7, lr}
	push	{r7, lr}
	.cfi_def_cfa_offset 8
	.cfi_offset lr, -4
	.cfi_offset r7, -8
	.pad	#24
	sub	sp, #24
	.cfi_def_cfa_offset 32
	str	r0, [sp, #16]
	str	r1, [sp, #12]
	add	r0, sp, #16
.Ltmp74:
	.loc	1 133 9 prologue_end            @ my_crypto.c:133:9
	ldrb	r0, [r0]
	lsls	r0, r0, #30
	cbz	r0, .LBB5_2
	b	.LBB5_1
.LBB5_1:
.Ltmp75:
	.loc	1 134 9                         @ my_crypto.c:134:9
	ldr	r0, __arm_cp.5_0
	bl	printf
	movs	r0, #0
	mvns	r0, r0
	.loc	1 135 9                         @ my_crypto.c:135:9
	str	r0, [sp, #20]
	b	.LBB5_12
.Ltmp76:
.LBB5_2:
	.loc	1 138 5                         @ my_crypto.c:138:5
	b	.LBB5_3
.LBB5_3:                                @ =>This Inner Loop Header: Depth=1
	.loc	1 138 12 is_stmt 0              @ my_crypto.c:138:12
	ldr	r0, [sp, #12]
	.loc	1 138 5                         @ my_crypto.c:138:5
	cmp	r0, #4
	blo	.LBB5_5
	b	.LBB5_4
.LBB5_4:                                @   in Loop: Header=BB5_3 Depth=1
.Ltmp77:
	.loc	1 139 18 is_stmt 1              @ my_crypto.c:139:18
	ldr	r0, [sp, #16]
	.loc	1 139 17 is_stmt 0              @ my_crypto.c:139:17
	ldrb	r0, [r0]
	add	r1, sp, #4
	.loc	1 139 15                        @ my_crypto.c:139:15
	strb	r0, [r1]
	.loc	1 140 21 is_stmt 1              @ my_crypto.c:140:21
	ldr	r2, [sp, #16]
	.loc	1 140 19 is_stmt 0              @ my_crypto.c:140:19
	ldrb	r0, [r2, #3]
	.loc	1 140 17                        @ my_crypto.c:140:17
	strb	r0, [r2]
	.loc	1 141 23 is_stmt 1              @ my_crypto.c:141:23
	ldr	r0, [sp, #4]
	.loc	1 141 11 is_stmt 0              @ my_crypto.c:141:11
	ldr	r2, [sp, #16]
	.loc	1 141 21                        @ my_crypto.c:141:21
	strb	r0, [r2, #3]
	.loc	1 143 19 is_stmt 1              @ my_crypto.c:143:19
	ldr	r0, [sp, #16]
	.loc	1 143 17 is_stmt 0              @ my_crypto.c:143:17
	ldrb	r0, [r0, #1]
	.loc	1 143 15                        @ my_crypto.c:143:15
	strb	r0, [r1]
	.loc	1 144 25 is_stmt 1              @ my_crypto.c:144:25
	ldr	r1, [sp, #16]
	.loc	1 144 23 is_stmt 0              @ my_crypto.c:144:23
	ldrb	r0, [r1, #2]
	.loc	1 144 21                        @ my_crypto.c:144:21
	strb	r0, [r1, #1]
	.loc	1 145 23 is_stmt 1              @ my_crypto.c:145:23
	ldr	r0, [sp, #4]
	.loc	1 145 11 is_stmt 0              @ my_crypto.c:145:11
	ldr	r1, [sp, #16]
	.loc	1 145 21                        @ my_crypto.c:145:21
	strb	r0, [r1, #2]
	.loc	1 147 17 is_stmt 1              @ my_crypto.c:147:17
	ldr	r0, [sp, #12]
	subs	r0, r0, #4
	str	r0, [sp, #12]
	.loc	1 148 14                        @ my_crypto.c:148:14
	ldr	r0, [sp, #16]
	adds	r0, r0, #4
	str	r0, [sp, #16]
.Ltmp78:
	.loc	1 138 5                         @ my_crypto.c:138:5
	b	.LBB5_3
.LBB5_5:
.Ltmp79:
	.loc	1 151 9                         @ my_crypto.c:151:9
	ldr	r0, [sp, #12]
.Ltmp80:
	.loc	1 151 9 is_stmt 0               @ my_crypto.c:151:9
	cbz	r0, .LBB5_11
	b	.LBB5_6
.LBB5_6:
	.loc	1 0 9                           @ my_crypto.c:0:9
	movs	r0, #0
.Ltmp81:
	.loc	1 152 16 is_stmt 1              @ my_crypto.c:152:16
	str	r0, [sp]
.Ltmp82:
	.loc	1 153 16                        @ my_crypto.c:153:16
	str	r0, [sp, #8]
	.loc	1 153 14 is_stmt 0              @ my_crypto.c:153:14
	b	.LBB5_7
.LBB5_7:                                @ =>This Inner Loop Header: Depth=1
.Ltmp83:
	.loc	1 153 21                        @ my_crypto.c:153:21
	ldr	r0, [sp, #8]
	.loc	1 153 25                        @ my_crypto.c:153:25
	ldr	r1, [sp, #12]
.Ltmp84:
	.loc	1 153 9                         @ my_crypto.c:153:9
	cmp	r0, r1
	bhs	.LBB5_10
	b	.LBB5_8
.LBB5_8:                                @   in Loop: Header=BB5_7 Depth=1
.Ltmp85:
	.loc	1 154 25 is_stmt 1              @ my_crypto.c:154:25
	ldr	r1, [sp, #16]
	.loc	1 154 32 is_stmt 0              @ my_crypto.c:154:32
	ldr	r0, [sp, #8]
	.loc	1 154 23                        @ my_crypto.c:154:23
	ldrb	r1, [r1, r0]
	.loc	1 154 46                        @ my_crypto.c:154:46
	lsls	r2, r0, #3
	movs	r0, #24
	.loc	1 154 42                        @ my_crypto.c:154:42
	subs	r0, r0, r2
	.loc	1 154 35                        @ my_crypto.c:154:35
	lsls	r1, r0
	.loc	1 154 20                        @ my_crypto.c:154:20
	ldr	r0, [sp]
	orrs	r0, r1
	str	r0, [sp]
	.loc	1 155 9 is_stmt 1               @ my_crypto.c:155:9
	b	.LBB5_9
.Ltmp86:
.LBB5_9:                                @   in Loop: Header=BB5_7 Depth=1
	.loc	1 153 35                        @ my_crypto.c:153:35
	ldr	r0, [sp, #8]
	adds	r0, r0, #1
	str	r0, [sp, #8]
	.loc	1 153 9 is_stmt 0               @ my_crypto.c:153:9
	b	.LBB5_7
.Ltmp87:
.LBB5_10:
	.loc	1 157 31 is_stmt 1              @ my_crypto.c:157:31
	ldr	r0, [sp]
	.loc	1 157 23 is_stmt 0              @ my_crypto.c:157:23
	ldr	r1, [sp, #16]
	.loc	1 157 29                        @ my_crypto.c:157:29
	str	r0, [r1]
	.loc	1 158 5 is_stmt 1               @ my_crypto.c:158:5
	b	.LBB5_11
.Ltmp88:
.LBB5_11:
	.loc	1 0 5 is_stmt 0                 @ my_crypto.c:0:5
	movs	r0, #0
	.loc	1 160 5 is_stmt 1               @ my_crypto.c:160:5
	str	r0, [sp, #20]
	b	.LBB5_12
.LBB5_12:
	.loc	1 161 1                         @ my_crypto.c:161:1
	ldr	r0, [sp, #20]
	.loc	1 161 1 epilogue_begin is_stmt 0 @ my_crypto.c:161:1
	add	sp, #24
	pop	{r7, pc}
.Ltmp89:
	.p2align	2
@ %bb.13:
	.loc	1 0 1                           @ my_crypto.c:0:1
__arm_cp.5_0:
	.long	.L.str.7
.Lcpi_end10:
	.size	__arm_cp.5_0, .Lcpi_end10-__arm_cp.5_0
.Lfunc_end5:
	.size	ToBigEndian, .Lfunc_end5-ToBigEndian
	.cfi_endproc
	.cantunwind
	.fnend
                                        @ -- End function
	.section	.text.ToLittleEndian,"ax",%progbits
	.hidden	ToLittleEndian                  @ -- Begin function ToLittleEndian
	.globl	ToLittleEndian
	.p2align	2
	.type	ToLittleEndian,%function
	.code	16                              @ @ToLittleEndian
	.thumb_func
ToLittleEndian:
.Lfunc_begin6:
	.loc	1 163 0 is_stmt 1               @ my_crypto.c:163:0
	.fnstart
	.cfi_startproc
@ %bb.0:
	.save	{r7, lr}
	push	{r7, lr}
	.cfi_def_cfa_offset 8
	.cfi_offset lr, -4
	.cfi_offset r7, -8
	.pad	#24
	sub	sp, #24
	.cfi_def_cfa_offset 32
	str	r0, [sp, #16]
	str	r1, [sp, #12]
	add	r0, sp, #16
.Ltmp90:
	.loc	1 169 9 prologue_end            @ my_crypto.c:169:9
	ldrb	r0, [r0]
	lsls	r0, r0, #30
	cbz	r0, .LBB6_2
	b	.LBB6_1
.LBB6_1:
.Ltmp91:
	.loc	1 170 9                         @ my_crypto.c:170:9
	ldr	r0, __arm_cp.6_0
	bl	printf
	movs	r0, #0
	mvns	r0, r0
	.loc	1 171 9                         @ my_crypto.c:171:9
	str	r0, [sp, #20]
	b	.LBB6_12
.Ltmp92:
.LBB6_2:
	.loc	1 174 5                         @ my_crypto.c:174:5
	b	.LBB6_3
.LBB6_3:                                @ =>This Inner Loop Header: Depth=1
	.loc	1 174 12 is_stmt 0              @ my_crypto.c:174:12
	ldr	r0, [sp, #12]
	.loc	1 174 5                         @ my_crypto.c:174:5
	cmp	r0, #4
	blo	.LBB6_5
	b	.LBB6_4
.LBB6_4:                                @   in Loop: Header=BB6_3 Depth=1
.Ltmp93:
	.loc	1 175 18 is_stmt 1              @ my_crypto.c:175:18
	ldr	r0, [sp, #16]
	.loc	1 175 17 is_stmt 0              @ my_crypto.c:175:17
	ldrb	r0, [r0]
	add	r1, sp, #4
	.loc	1 175 15                        @ my_crypto.c:175:15
	strb	r0, [r1]
	.loc	1 176 21 is_stmt 1              @ my_crypto.c:176:21
	ldr	r2, [sp, #16]
	.loc	1 176 19 is_stmt 0              @ my_crypto.c:176:19
	ldrb	r0, [r2, #3]
	.loc	1 176 17                        @ my_crypto.c:176:17
	strb	r0, [r2]
	.loc	1 177 23 is_stmt 1              @ my_crypto.c:177:23
	ldr	r0, [sp, #4]
	.loc	1 177 11 is_stmt 0              @ my_crypto.c:177:11
	ldr	r2, [sp, #16]
	.loc	1 177 21                        @ my_crypto.c:177:21
	strb	r0, [r2, #3]
	.loc	1 179 19 is_stmt 1              @ my_crypto.c:179:19
	ldr	r0, [sp, #16]
	.loc	1 179 17 is_stmt 0              @ my_crypto.c:179:17
	ldrb	r0, [r0, #1]
	.loc	1 179 15                        @ my_crypto.c:179:15
	strb	r0, [r1]
	.loc	1 180 25 is_stmt 1              @ my_crypto.c:180:25
	ldr	r1, [sp, #16]
	.loc	1 180 23 is_stmt 0              @ my_crypto.c:180:23
	ldrb	r0, [r1, #2]
	.loc	1 180 21                        @ my_crypto.c:180:21
	strb	r0, [r1, #1]
	.loc	1 181 23 is_stmt 1              @ my_crypto.c:181:23
	ldr	r0, [sp, #4]
	.loc	1 181 11 is_stmt 0              @ my_crypto.c:181:11
	ldr	r1, [sp, #16]
	.loc	1 181 21                        @ my_crypto.c:181:21
	strb	r0, [r1, #2]
	.loc	1 183 17 is_stmt 1              @ my_crypto.c:183:17
	ldr	r0, [sp, #12]
	subs	r0, r0, #4
	str	r0, [sp, #12]
	.loc	1 184 14                        @ my_crypto.c:184:14
	ldr	r0, [sp, #16]
	adds	r0, r0, #4
	str	r0, [sp, #16]
.Ltmp94:
	.loc	1 174 5                         @ my_crypto.c:174:5
	b	.LBB6_3
.LBB6_5:
.Ltmp95:
	.loc	1 187 9                         @ my_crypto.c:187:9
	ldr	r0, [sp, #12]
.Ltmp96:
	.loc	1 187 9 is_stmt 0               @ my_crypto.c:187:9
	cbz	r0, .LBB6_11
	b	.LBB6_6
.LBB6_6:
	.loc	1 0 9                           @ my_crypto.c:0:9
	movs	r0, #0
.Ltmp97:
	.loc	1 188 16 is_stmt 1              @ my_crypto.c:188:16
	str	r0, [sp]
.Ltmp98:
	.loc	1 189 16                        @ my_crypto.c:189:16
	str	r0, [sp, #8]
	.loc	1 189 14 is_stmt 0              @ my_crypto.c:189:14
	b	.LBB6_7
.LBB6_7:                                @ =>This Inner Loop Header: Depth=1
.Ltmp99:
	.loc	1 189 21                        @ my_crypto.c:189:21
	ldr	r0, [sp, #8]
	.loc	1 189 25                        @ my_crypto.c:189:25
	ldr	r1, [sp, #12]
.Ltmp100:
	.loc	1 189 9                         @ my_crypto.c:189:9
	cmp	r0, r1
	bhs	.LBB6_10
	b	.LBB6_8
.LBB6_8:                                @   in Loop: Header=BB6_7 Depth=1
.Ltmp101:
	.loc	1 190 25 is_stmt 1              @ my_crypto.c:190:25
	ldr	r1, [sp, #16]
	.loc	1 190 32 is_stmt 0              @ my_crypto.c:190:32
	ldr	r0, [sp, #8]
	.loc	1 190 23                        @ my_crypto.c:190:23
	ldrb	r1, [r1, r0]
	.loc	1 190 46                        @ my_crypto.c:190:46
	lsls	r2, r0, #3
	movs	r0, #24
	.loc	1 190 42                        @ my_crypto.c:190:42
	subs	r0, r0, r2
	.loc	1 190 35                        @ my_crypto.c:190:35
	lsls	r1, r0
	.loc	1 190 20                        @ my_crypto.c:190:20
	ldr	r0, [sp]
	orrs	r0, r1
	str	r0, [sp]
	.loc	1 191 9 is_stmt 1               @ my_crypto.c:191:9
	b	.LBB6_9
.Ltmp102:
.LBB6_9:                                @   in Loop: Header=BB6_7 Depth=1
	.loc	1 189 35                        @ my_crypto.c:189:35
	ldr	r0, [sp, #8]
	adds	r0, r0, #1
	str	r0, [sp, #8]
	.loc	1 189 9 is_stmt 0               @ my_crypto.c:189:9
	b	.LBB6_7
.Ltmp103:
.LBB6_10:
	.loc	1 193 31 is_stmt 1              @ my_crypto.c:193:31
	ldr	r0, [sp]
	.loc	1 193 23 is_stmt 0              @ my_crypto.c:193:23
	ldr	r1, [sp, #16]
	.loc	1 193 29                        @ my_crypto.c:193:29
	str	r0, [r1]
	.loc	1 194 5 is_stmt 1               @ my_crypto.c:194:5
	b	.LBB6_11
.Ltmp104:
.LBB6_11:
	.loc	1 0 5 is_stmt 0                 @ my_crypto.c:0:5
	movs	r0, #0
	.loc	1 196 5 is_stmt 1               @ my_crypto.c:196:5
	str	r0, [sp, #20]
	b	.LBB6_12
.LBB6_12:
	.loc	1 197 1                         @ my_crypto.c:197:1
	ldr	r0, [sp, #20]
	.loc	1 197 1 epilogue_begin is_stmt 0 @ my_crypto.c:197:1
	add	sp, #24
	pop	{r7, pc}
.Ltmp105:
	.p2align	2
@ %bb.13:
	.loc	1 0 1                           @ my_crypto.c:0:1
__arm_cp.6_0:
	.long	.L.str.7
.Lcpi_end11:
	.size	__arm_cp.6_0, .Lcpi_end11-__arm_cp.6_0
.Lfunc_end6:
	.size	ToLittleEndian, .Lfunc_end6-ToLittleEndian
	.cfi_endproc
	.cantunwind
	.fnend
                                        @ -- End function
	.section	.text.AES_GCMPacker,"ax",%progbits
	.hidden	AES_GCMPacker                   @ -- Begin function AES_GCMPacker
	.globl	AES_GCMPacker
	.p2align	1
	.type	AES_GCMPacker,%function
	.code	16                              @ @AES_GCMPacker
	.thumb_func
AES_GCMPacker:
.Lfunc_begin7:
	.loc	1 224 0 is_stmt 1               @ my_crypto.c:224:0
	.fnstart
	.cfi_startproc
@ %bb.0:
	.save	{r4, lr}
	push	{r4, lr}
	.cfi_def_cfa_offset 8
	.cfi_offset lr, -4
	.cfi_offset r4, -8
	.pad	#48
	sub	sp, #48
	.cfi_def_cfa_offset 56
	ldr	r4, [sp, #68]
	ldr	r4, [sp, #64]
	ldr	r4, [sp, #60]
	ldr	r4, [sp, #56]
	str	r0, [sp, #44]
	str	r1, [sp, #40]
	str	r2, [sp, #36]
	str	r3, [sp, #32]
	movs	r0, #0
.Ltmp106:
	.loc	1 227 14 prologue_end           @ my_crypto.c:227:14
	str	r0, [sp, #12]
.Ltmp107:
	.loc	1 238 9                         @ my_crypto.c:238:9
	ldr	r0, [sp, #40]
.Ltmp108:
	.loc	1 238 9 is_stmt 0               @ my_crypto.c:238:9
	cmp	r0, #0
	beq	.LBB7_14
	b	.LBB7_1
.LBB7_1:
.Ltmp109:
	.loc	1 239 26 is_stmt 1              @ my_crypto.c:239:26
	ldr	r0, [sp, #40]
	.loc	1 239 24 is_stmt 0              @ my_crypto.c:239:24
	str	r0, [sp, #24]
	add	r0, sp, #40
	.loc	1 240 13 is_stmt 1              @ my_crypto.c:240:13
	ldrb	r0, [r0]
	lsls	r0, r0, #28
	cbz	r0, .LBB7_3
	b	.LBB7_2
.LBB7_2:
.Ltmp110:
	.loc	1 241 32                        @ my_crypto.c:241:32
	ldr	r0, [sp, #40]
	.loc	1 241 39 is_stmt 0              @ my_crypto.c:241:39
	adds	r0, #16
	movs	r1, #15
	.loc	1 241 51                        @ my_crypto.c:241:51
	bics	r0, r1
	.loc	1 241 28                        @ my_crypto.c:241:28
	str	r0, [sp, #24]
	.loc	1 241 13                        @ my_crypto.c:241:13
	b	.LBB7_3
.Ltmp111:
.LBB7_3:
	.loc	1 0 13                          @ my_crypto.c:0:13
	movs	r0, #0
.Ltmp112:
	.loc	1 244 16 is_stmt 1              @ my_crypto.c:244:16
	str	r0, [sp, #28]
	.loc	1 244 14 is_stmt 0              @ my_crypto.c:244:14
	b	.LBB7_4
.LBB7_4:                                @ =>This Inner Loop Header: Depth=1
.Ltmp113:
	.loc	1 244 21                        @ my_crypto.c:244:21
	ldr	r0, [sp, #28]
	.loc	1 244 25                        @ my_crypto.c:244:25
	ldr	r1, [sp, #24]
.Ltmp114:
	.loc	1 244 9                         @ my_crypto.c:244:9
	cmp	r0, r1
	bhs	.LBB7_10
	b	.LBB7_5
.LBB7_5:                                @   in Loop: Header=BB7_4 Depth=1
.Ltmp115:
	.loc	1 245 17 is_stmt 1              @ my_crypto.c:245:17
	ldr	r0, [sp, #28]
	.loc	1 245 21 is_stmt 0              @ my_crypto.c:245:21
	ldr	r1, [sp, #40]
.Ltmp116:
	.loc	1 245 17                        @ my_crypto.c:245:17
	cmp	r0, r1
	bhs	.LBB7_7
	b	.LBB7_6
.LBB7_6:                                @   in Loop: Header=BB7_4 Depth=1
.Ltmp117:
	.loc	1 246 27 is_stmt 1              @ my_crypto.c:246:27
	ldr	r0, [sp, #44]
	.loc	1 246 30 is_stmt 0              @ my_crypto.c:246:30
	ldr	r2, [sp, #28]
	.loc	1 246 27                        @ my_crypto.c:246:27
	ldrb	r0, [r0, r2]
	.loc	1 246 17                        @ my_crypto.c:246:17
	ldr	r1, [sp, #64]
	.loc	1 246 25                        @ my_crypto.c:246:25
	strb	r0, [r1, r2]
	.loc	1 246 17                        @ my_crypto.c:246:17
	b	.LBB7_8
.LBB7_7:                                @   in Loop: Header=BB7_4 Depth=1
	.loc	1 248 17 is_stmt 1              @ my_crypto.c:248:17
	ldr	r1, [sp, #64]
	.loc	1 248 22 is_stmt 0              @ my_crypto.c:248:22
	ldr	r2, [sp, #28]
	movs	r0, #0
	.loc	1 248 25                        @ my_crypto.c:248:25
	strb	r0, [r1, r2]
	b	.LBB7_8
.Ltmp118:
.LBB7_8:                                @   in Loop: Header=BB7_4 Depth=1
	.loc	1 249 9 is_stmt 1               @ my_crypto.c:249:9
	b	.LBB7_9
.Ltmp119:
.LBB7_9:                                @   in Loop: Header=BB7_4 Depth=1
	.loc	1 244 42                        @ my_crypto.c:244:42
	ldr	r0, [sp, #28]
	adds	r0, r0, #1
	str	r0, [sp, #28]
	.loc	1 244 9 is_stmt 0               @ my_crypto.c:244:9
	b	.LBB7_4
.Ltmp120:
.LBB7_10:
	.loc	1 252 13 is_stmt 1              @ my_crypto.c:252:13
	ldr	r0, [sp, #40]
.Ltmp121:
	.loc	1 252 13 is_stmt 0              @ my_crypto.c:252:13
	cmp	r0, #12
	bne	.LBB7_12
	b	.LBB7_11
.LBB7_11:
.Ltmp122:
	.loc	1 253 13 is_stmt 1              @ my_crypto.c:253:13
	ldr	r1, [sp, #64]
	movs	r0, #1
	.loc	1 253 22 is_stmt 0              @ my_crypto.c:253:22
	strb	r0, [r1, #15]
	.loc	1 254 26 is_stmt 1              @ my_crypto.c:254:26
	ldr	r1, [sp, #24]
	.loc	1 254 23 is_stmt 0              @ my_crypto.c:254:23
	ldr	r0, [sp, #12]
	adds	r0, r0, r1
	str	r0, [sp, #12]
	.loc	1 255 9 is_stmt 1               @ my_crypto.c:255:9
	b	.LBB7_13
.Ltmp123:
.LBB7_12:
	.loc	1 257 21                        @ my_crypto.c:257:21
	ldr	r1, [sp, #64]
	.loc	1 257 26 is_stmt 0              @ my_crypto.c:257:26
	ldr	r3, [sp, #24]
	.loc	1 257 21                        @ my_crypto.c:257:21
	adds	r0, r1, r3
	movs	r2, #0
	.loc	1 257 13                        @ my_crypto.c:257:13
	str	r2, [sp, #4]                    @ 4-byte Spill
	strb	r2, [r1, r3]
	strb	r2, [r0, #7]
	strb	r2, [r0, #6]
	strb	r2, [r0, #5]
	strb	r2, [r0, #4]
	strb	r2, [r0, #3]
	strb	r2, [r0, #2]
	strb	r2, [r0, #1]
	.loc	1 260 20 is_stmt 1              @ my_crypto.c:260:20
	ldr	r1, [sp, #64]
	.loc	1 260 25 is_stmt 0              @ my_crypto.c:260:25
	ldr	r0, [sp, #24]
	.loc	1 260 40                        @ my_crypto.c:260:40
	adds	r0, r0, r1
	.loc	1 260 20                        @ my_crypto.c:260:20
	adds	r0, #8
	.loc	1 260 17                        @ my_crypto.c:260:17
	str	r0, [sp, #8]
	.loc	1 261 34 is_stmt 1              @ my_crypto.c:261:34
	ldr	r0, [sp, #40]
	.loc	1 261 41 is_stmt 0              @ my_crypto.c:261:41
	lsls	r0, r0, #3
	.loc	1 261 27                        @ my_crypto.c:261:27
	ldr	r1, [sp, #8]
	.loc	1 261 32                        @ my_crypto.c:261:32
	str	r2, [r1, #4]
	str	r0, [r1]
	.loc	1 262 20 is_stmt 1              @ my_crypto.c:262:20
	ldr	r0, [sp, #8]
	.loc	1 262 13 is_stmt 0              @ my_crypto.c:262:13
	bl	swap64
	.loc	1 263 26 is_stmt 1              @ my_crypto.c:263:26
	ldr	r0, [sp, #24]
	.loc	1 263 23 is_stmt 0              @ my_crypto.c:263:23
	ldr	r1, [sp, #12]
	.loc	1 263 41                        @ my_crypto.c:263:41
	adds	r0, r0, r1
	.loc	1 263 23                        @ my_crypto.c:263:23
	adds	r0, #16
	str	r0, [sp, #12]
	b	.LBB7_13
.Ltmp124:
.LBB7_13:
	.loc	1 265 5 is_stmt 1               @ my_crypto.c:265:5
	b	.LBB7_14
.Ltmp125:
.LBB7_14:
	.loc	1 268 9                         @ my_crypto.c:268:9
	ldr	r0, [sp, #32]
.Ltmp126:
	.loc	1 268 9 is_stmt 0               @ my_crypto.c:268:9
	cbz	r0, .LBB7_25
	b	.LBB7_15
.LBB7_15:
.Ltmp127:
	.loc	1 269 25 is_stmt 1              @ my_crypto.c:269:25
	ldr	r0, [sp, #32]
	.loc	1 269 23 is_stmt 0              @ my_crypto.c:269:23
	str	r0, [sp, #20]
	add	r0, sp, #32
	.loc	1 270 13 is_stmt 1              @ my_crypto.c:270:13
	ldrb	r0, [r0]
	lsls	r0, r0, #28
	cbz	r0, .LBB7_17
	b	.LBB7_16
.LBB7_16:
.Ltmp128:
	.loc	1 271 31                        @ my_crypto.c:271:31
	ldr	r0, [sp, #32]
	.loc	1 271 37 is_stmt 0              @ my_crypto.c:271:37
	adds	r0, #16
	movs	r1, #15
	.loc	1 271 49                        @ my_crypto.c:271:49
	bics	r0, r1
	.loc	1 271 27                        @ my_crypto.c:271:27
	str	r0, [sp, #20]
	.loc	1 271 13                        @ my_crypto.c:271:13
	b	.LBB7_17
.Ltmp129:
.LBB7_17:
	.loc	1 0 13                          @ my_crypto.c:0:13
	movs	r0, #0
.Ltmp130:
	.loc	1 273 16 is_stmt 1              @ my_crypto.c:273:16
	str	r0, [sp, #28]
	.loc	1 273 14 is_stmt 0              @ my_crypto.c:273:14
	b	.LBB7_18
.LBB7_18:                               @ =>This Inner Loop Header: Depth=1
.Ltmp131:
	.loc	1 273 21                        @ my_crypto.c:273:21
	ldr	r0, [sp, #28]
	.loc	1 273 25                        @ my_crypto.c:273:25
	ldr	r1, [sp, #20]
.Ltmp132:
	.loc	1 273 9                         @ my_crypto.c:273:9
	cmp	r0, r1
	bhs	.LBB7_24
	b	.LBB7_19
.LBB7_19:                               @   in Loop: Header=BB7_18 Depth=1
.Ltmp133:
	.loc	1 274 17 is_stmt 1              @ my_crypto.c:274:17
	ldr	r0, [sp, #28]
	.loc	1 274 21 is_stmt 0              @ my_crypto.c:274:21
	ldr	r1, [sp, #32]
.Ltmp134:
	.loc	1 274 17                        @ my_crypto.c:274:17
	cmp	r0, r1
	bhs	.LBB7_21
	b	.LBB7_20
.LBB7_20:                               @   in Loop: Header=BB7_18 Depth=1
.Ltmp135:
	.loc	1 275 39 is_stmt 1              @ my_crypto.c:275:39
	ldr	r0, [sp, #36]
	.loc	1 275 41 is_stmt 0              @ my_crypto.c:275:41
	ldr	r3, [sp, #28]
	.loc	1 275 39                        @ my_crypto.c:275:39
	ldrb	r0, [r0, r3]
	.loc	1 275 17                        @ my_crypto.c:275:17
	ldr	r1, [sp, #64]
	.loc	1 275 22                        @ my_crypto.c:275:22
	ldr	r2, [sp, #12]
	.loc	1 275 32                        @ my_crypto.c:275:32
	adds	r2, r2, r3
	.loc	1 275 37                        @ my_crypto.c:275:37
	strb	r0, [r1, r2]
	.loc	1 275 17                        @ my_crypto.c:275:17
	b	.LBB7_22
.LBB7_21:                               @   in Loop: Header=BB7_18 Depth=1
	.loc	1 277 17 is_stmt 1              @ my_crypto.c:277:17
	ldr	r1, [sp, #64]
	.loc	1 277 22 is_stmt 0              @ my_crypto.c:277:22
	ldr	r0, [sp, #12]
	.loc	1 277 34                        @ my_crypto.c:277:34
	ldr	r2, [sp, #28]
	.loc	1 277 32                        @ my_crypto.c:277:32
	adds	r2, r0, r2
	movs	r0, #0
	.loc	1 277 37                        @ my_crypto.c:277:37
	strb	r0, [r1, r2]
	b	.LBB7_22
.Ltmp136:
.LBB7_22:                               @   in Loop: Header=BB7_18 Depth=1
	.loc	1 278 9 is_stmt 1               @ my_crypto.c:278:9
	b	.LBB7_23
.Ltmp137:
.LBB7_23:                               @   in Loop: Header=BB7_18 Depth=1
	.loc	1 273 41                        @ my_crypto.c:273:41
	ldr	r0, [sp, #28]
	adds	r0, r0, #1
	str	r0, [sp, #28]
	.loc	1 273 9 is_stmt 0               @ my_crypto.c:273:9
	b	.LBB7_18
.Ltmp138:
.LBB7_24:
	.loc	1 280 22 is_stmt 1              @ my_crypto.c:280:22
	ldr	r1, [sp, #20]
	.loc	1 280 19 is_stmt 0              @ my_crypto.c:280:19
	ldr	r0, [sp, #12]
	adds	r0, r0, r1
	str	r0, [sp, #12]
	.loc	1 281 5 is_stmt 1               @ my_crypto.c:281:5
	b	.LBB7_25
.Ltmp139:
.LBB7_25:
	.loc	1 284 9                         @ my_crypto.c:284:9
	ldr	r0, [sp, #60]
.Ltmp140:
	.loc	1 284 9 is_stmt 0               @ my_crypto.c:284:9
	cbz	r0, .LBB7_36
	b	.LBB7_26
.LBB7_26:
.Ltmp141:
	.loc	1 285 25 is_stmt 1              @ my_crypto.c:285:25
	ldr	r0, [sp, #60]
	.loc	1 285 23 is_stmt 0              @ my_crypto.c:285:23
	str	r0, [sp, #16]
	add	r0, sp, #60
	.loc	1 286 13 is_stmt 1              @ my_crypto.c:286:13
	ldrb	r0, [r0]
	lsls	r0, r0, #28
	cbz	r0, .LBB7_28
	b	.LBB7_27
.LBB7_27:
.Ltmp142:
	.loc	1 287 31                        @ my_crypto.c:287:31
	ldr	r0, [sp, #60]
	.loc	1 287 37 is_stmt 0              @ my_crypto.c:287:37
	adds	r0, #16
	movs	r1, #15
	.loc	1 287 49                        @ my_crypto.c:287:49
	bics	r0, r1
	.loc	1 287 27                        @ my_crypto.c:287:27
	str	r0, [sp, #16]
	.loc	1 287 13                        @ my_crypto.c:287:13
	b	.LBB7_28
.Ltmp143:
.LBB7_28:
	.loc	1 0 13                          @ my_crypto.c:0:13
	movs	r0, #0
.Ltmp144:
	.loc	1 289 16 is_stmt 1              @ my_crypto.c:289:16
	str	r0, [sp, #28]
	.loc	1 289 14 is_stmt 0              @ my_crypto.c:289:14
	b	.LBB7_29
.LBB7_29:                               @ =>This Inner Loop Header: Depth=1
.Ltmp145:
	.loc	1 289 21                        @ my_crypto.c:289:21
	ldr	r0, [sp, #28]
	.loc	1 289 25                        @ my_crypto.c:289:25
	ldr	r1, [sp, #16]
.Ltmp146:
	.loc	1 289 9                         @ my_crypto.c:289:9
	cmp	r0, r1
	bhs	.LBB7_35
	b	.LBB7_30
.LBB7_30:                               @   in Loop: Header=BB7_29 Depth=1
.Ltmp147:
	.loc	1 290 17 is_stmt 1              @ my_crypto.c:290:17
	ldr	r0, [sp, #28]
	.loc	1 290 21 is_stmt 0              @ my_crypto.c:290:21
	ldr	r1, [sp, #60]
.Ltmp148:
	.loc	1 290 17                        @ my_crypto.c:290:17
	cmp	r0, r1
	bhs	.LBB7_32
	b	.LBB7_31
.LBB7_31:                               @   in Loop: Header=BB7_29 Depth=1
.Ltmp149:
	.loc	1 291 39 is_stmt 1              @ my_crypto.c:291:39
	ldr	r0, [sp, #56]
	.loc	1 291 41 is_stmt 0              @ my_crypto.c:291:41
	ldr	r3, [sp, #28]
	.loc	1 291 39                        @ my_crypto.c:291:39
	ldrb	r0, [r0, r3]
	.loc	1 291 17                        @ my_crypto.c:291:17
	ldr	r1, [sp, #64]
	.loc	1 291 22                        @ my_crypto.c:291:22
	ldr	r2, [sp, #12]
	.loc	1 291 32                        @ my_crypto.c:291:32
	adds	r2, r2, r3
	.loc	1 291 37                        @ my_crypto.c:291:37
	strb	r0, [r1, r2]
	.loc	1 291 17                        @ my_crypto.c:291:17
	b	.LBB7_33
.LBB7_32:                               @   in Loop: Header=BB7_29 Depth=1
	.loc	1 293 17 is_stmt 1              @ my_crypto.c:293:17
	ldr	r1, [sp, #64]
	.loc	1 293 22 is_stmt 0              @ my_crypto.c:293:22
	ldr	r0, [sp, #12]
	.loc	1 293 34                        @ my_crypto.c:293:34
	ldr	r2, [sp, #28]
	.loc	1 293 32                        @ my_crypto.c:293:32
	adds	r2, r0, r2
	movs	r0, #0
	.loc	1 293 37                        @ my_crypto.c:293:37
	strb	r0, [r1, r2]
	b	.LBB7_33
.Ltmp150:
.LBB7_33:                               @   in Loop: Header=BB7_29 Depth=1
	.loc	1 294 9 is_stmt 1               @ my_crypto.c:294:9
	b	.LBB7_34
.Ltmp151:
.LBB7_34:                               @   in Loop: Header=BB7_29 Depth=1
	.loc	1 289 41                        @ my_crypto.c:289:41
	ldr	r0, [sp, #28]
	adds	r0, r0, #1
	str	r0, [sp, #28]
	.loc	1 289 9 is_stmt 0               @ my_crypto.c:289:9
	b	.LBB7_29
.Ltmp152:
.LBB7_35:
	.loc	1 295 22 is_stmt 1              @ my_crypto.c:295:22
	ldr	r1, [sp, #16]
	.loc	1 295 19 is_stmt 0              @ my_crypto.c:295:19
	ldr	r0, [sp, #12]
	adds	r0, r0, r1
	str	r0, [sp, #12]
	.loc	1 296 5 is_stmt 1               @ my_crypto.c:296:5
	b	.LBB7_36
.Ltmp153:
.LBB7_36:
	.loc	1 298 14                        @ my_crypto.c:298:14
	ldr	r0, [sp, #12]
	.loc	1 298 6 is_stmt 0               @ my_crypto.c:298:6
	ldr	r1, [sp, #68]
	.loc	1 298 12                        @ my_crypto.c:298:12
	str	r0, [r1]
	movs	r0, #0
	.loc	1 300 5 epilogue_begin is_stmt 1 @ my_crypto.c:300:5
	add	sp, #48
	pop	{r4, pc}
.Ltmp154:
.Lfunc_end7:
	.size	AES_GCMPacker, .Lfunc_end7-AES_GCMPacker
	.cfi_endproc
	.fnend
                                        @ -- End function
	.section	.text.swap64,"ax",%progbits
	.p2align	1                               @ -- Begin function swap64
	.type	swap64,%function
	.code	16                              @ @swap64
	.thumb_func
swap64:
.Lfunc_begin8:
	.loc	1 202 0                         @ my_crypto.c:202:0
	.fnstart
	.cfi_startproc
@ %bb.0:
	.pad	#12
	sub	sp, #12
	.cfi_def_cfa_offset 12
	str	r0, [sp, #8]
	movs	r0, #0
.Ltmp155:
	.loc	1 206 12 prologue_end           @ my_crypto.c:206:12
	str	r0, [sp]
	.loc	1 206 10 is_stmt 0              @ my_crypto.c:206:10
	b	.LBB8_1
.LBB8_1:                                @ =>This Inner Loop Header: Depth=1
.Ltmp156:
	.loc	1 206 17                        @ my_crypto.c:206:17
	ldr	r0, [sp]
.Ltmp157:
	.loc	1 206 5                         @ my_crypto.c:206:5
	cmp	r0, #3
	bgt	.LBB8_4
	b	.LBB8_2
.LBB8_2:                                @   in Loop: Header=BB8_1 Depth=1
.Ltmp158:
	.loc	1 207 15 is_stmt 1              @ my_crypto.c:207:15
	ldr	r0, [sp, #8]
	.loc	1 207 17 is_stmt 0              @ my_crypto.c:207:17
	ldr	r1, [sp]
	.loc	1 207 15                        @ my_crypto.c:207:15
	ldrb	r0, [r0, r1]
	add	r1, sp, #4
	.loc	1 207 13                        @ my_crypto.c:207:13
	strb	r0, [r1]
	.loc	1 208 16 is_stmt 1              @ my_crypto.c:208:16
	ldr	r1, [sp, #8]
	.loc	1 208 22 is_stmt 0              @ my_crypto.c:208:22
	ldr	r2, [sp]
	.loc	1 208 16                        @ my_crypto.c:208:16
	subs	r0, r1, r2
	ldrb	r0, [r0, #7]
	.loc	1 208 14                        @ my_crypto.c:208:14
	strb	r0, [r1, r2]
	.loc	1 209 20 is_stmt 1              @ my_crypto.c:209:20
	ldr	r0, [sp, #4]
	.loc	1 209 9 is_stmt 0               @ my_crypto.c:209:9
	ldr	r1, [sp, #8]
	.loc	1 209 15                        @ my_crypto.c:209:15
	ldr	r2, [sp]
	.loc	1 209 9                         @ my_crypto.c:209:9
	subs	r1, r1, r2
	.loc	1 209 18                        @ my_crypto.c:209:18
	strb	r0, [r1, #7]
	.loc	1 210 5 is_stmt 1               @ my_crypto.c:210:5
	b	.LBB8_3
.Ltmp159:
.LBB8_3:                                @   in Loop: Header=BB8_1 Depth=1
	.loc	1 206 25                        @ my_crypto.c:206:25
	ldr	r0, [sp]
	adds	r0, r0, #1
	str	r0, [sp]
	.loc	1 206 5 is_stmt 0               @ my_crypto.c:206:5
	b	.LBB8_1
.Ltmp160:
.LBB8_4:
	.loc	1 211 1 epilogue_begin is_stmt 1 @ my_crypto.c:211:1
	add	sp, #12
	bx	lr
.Ltmp161:
.Lfunc_end8:
	.size	swap64, .Lfunc_end8-swap64
	.cfi_endproc
	.cantunwind
	.fnend
                                        @ -- End function
	.section	.text.AES_Run,"ax",%progbits
	.hidden	AES_Run                         @ -- Begin function AES_Run
	.globl	AES_Run
	.p2align	2
	.type	AES_Run,%function
	.code	16                              @ @AES_Run
	.thumb_func
AES_Run:
.Lfunc_begin9:
	.loc	1 303 0                         @ my_crypto.c:303:0
	.fnstart
	.cfi_startproc
@ %bb.0:
	.save	{r7, lr}
	push	{r7, lr}
	.cfi_def_cfa_offset 8
	.cfi_offset lr, -4
	.cfi_offset r7, -8
	.pad	#8
	sub	sp, #8
	.cfi_def_cfa_offset 16
	str	r0, [sp, #4]
.Ltmp162:
	.loc	1 306 23 prologue_end           @ my_crypto.c:306:23
	ldr	r1, __arm_cp.9_0
	movs	r0, #0
	str	r0, [r1]
	.loc	1 307 21                        @ my_crypto.c:307:21
	ldr	r0, [sp, #4]
	movs	r1, #1
	.loc	1 307 31 is_stmt 0              @ my_crypto.c:307:31
	orrs	r0, r1
	ldr	r1, __arm_cp.9_1
	.loc	1 307 19                        @ my_crypto.c:307:19
	str	r0, [r1]
	.loc	1 309 21 is_stmt 1              @ my_crypto.c:309:21
	ldr	r0, __arm_cp.9_2
	ldr	r0, [r0]
	.loc	1 309 19 is_stmt 0              @ my_crypto.c:309:19
	str	r0, [sp]
	.loc	1 310 5 is_stmt 1               @ my_crypto.c:310:5
	b	.LBB9_1
.LBB9_1:                                @ =>This Inner Loop Header: Depth=1
	.loc	1 310 13 is_stmt 0              @ my_crypto.c:310:13
	ldr	r0, __arm_cp.9_0
	ldr	r0, [r0]
	.loc	1 310 5                         @ my_crypto.c:310:5
	cbnz	r0, .LBB9_5
	b	.LBB9_2
.LBB9_2:                                @   in Loop: Header=BB9_1 Depth=1
.Ltmp163:
	.loc	1 311 13 is_stmt 1              @ my_crypto.c:311:13
	ldr	r0, [sp]
	subs	r0, r0, #1
	str	r0, [sp]
.Ltmp164:
	.loc	1 311 13 is_stmt 0              @ my_crypto.c:311:13
	cbnz	r0, .LBB9_4
	b	.LBB9_3
.LBB9_3:
.Ltmp165:
	.loc	1 312 13 is_stmt 1              @ my_crypto.c:312:13
	ldr	r0, __arm_cp.9_3
	bl	printf
	.loc	1 313 13                        @ my_crypto.c:313:13
	b	.LBB9_5
.Ltmp166:
.LBB9_4:                                @   in Loop: Header=BB9_1 Depth=1
	.loc	1 310 5                         @ my_crypto.c:310:5
	b	.LBB9_1
.LBB9_5:
	.loc	1 316 1 epilogue_begin          @ my_crypto.c:316:1
	add	sp, #8
	pop	{r7, pc}
.Ltmp167:
	.p2align	2
@ %bb.6:
	.loc	1 0 1 is_stmt 0                 @ my_crypto.c:0:1
__arm_cp.9_0:
	.long	g_Crypto_Int_done
.Lcpi_end12:
	.size	__arm_cp.9_0, .Lcpi_end12-__arm_cp.9_0
__arm_cp.9_1:
	.long	1073946880                      @ 0x40032100
.Lcpi_end13:
	.size	__arm_cp.9_1, .Lcpi_end13-__arm_cp.9_1
__arm_cp.9_2:
	.long	SystemCoreClock
.Lcpi_end14:
	.size	__arm_cp.9_2, .Lcpi_end14-__arm_cp.9_2
__arm_cp.9_3:
	.long	.L.str.8
.Lcpi_end15:
	.size	__arm_cp.9_3, .Lcpi_end15-__arm_cp.9_3
.Lfunc_end9:
	.size	AES_Run, .Lfunc_end9-AES_Run
	.cfi_endproc
	.cantunwind
	.fnend
                                        @ -- End function
	.section	.text.AES_GCMEnc,"ax",%progbits
	.hidden	AES_GCMEnc                      @ -- Begin function AES_GCMEnc
	.globl	AES_GCMEnc
	.p2align	2
	.type	AES_GCMEnc,%function
	.code	16                              @ @AES_GCMEnc
	.thumb_func
AES_GCMEnc:
.Lfunc_begin10:
	.loc	1 524 0 is_stmt 1               @ my_crypto.c:524:0
	.fnstart
	.cfi_startproc
@ %bb.0:
	.save	{r4, r5, r6, r7, lr}
	push	{r4, r5, r6, r7, lr}
	.cfi_def_cfa_offset 20
	.cfi_offset lr, -4
	.cfi_offset r7, -8
	.cfi_offset r6, -12
	.cfi_offset r5, -16
	.cfi_offset r4, -20
	.pad	#140
	sub	sp, #140
	.cfi_def_cfa_offset 160
	ldr	r4, [sp, #184]
	ldr	r4, [sp, #180]
	ldr	r4, [sp, #176]
	ldr	r4, [sp, #172]
	ldr	r4, [sp, #168]
	ldr	r4, [sp, #164]
	ldr	r4, [sp, #160]
	str	r0, [sp, #136]
	str	r1, [sp, #132]
	str	r2, [sp, #128]
	str	r3, [sp, #124]
	movs	r0, #0
.Ltmp168:
	.loc	1 531 14 prologue_end           @ my_crypto.c:531:14
	str	r0, [sp, #56]                   @ 4-byte Spill
	str	r0, [sp, #88]
	str	r0, [sp, #84]
	str	r0, [sp, #80]
	str	r0, [sp, #76]
	.loc	1 533 5                         @ my_crypto.c:533:5
	ldr	r0, __arm_cp.10_0
	bl	printf
	.loc	1 535 27                        @ my_crypto.c:535:27
	ldr	r1, [sp, #132]
	.loc	1 535 5 is_stmt 0               @ my_crypto.c:535:5
	ldr	r0, __arm_cp.10_1
	bl	printf
	.loc	1 536 19 is_stmt 1              @ my_crypto.c:536:19
	ldr	r0, [sp, #136]
	.loc	1 536 24 is_stmt 0              @ my_crypto.c:536:24
	ldr	r1, [sp, #132]
	.loc	1 536 5                         @ my_crypto.c:536:5
	bl	dump_buff_hex
	.loc	1 538 26 is_stmt 1              @ my_crypto.c:538:26
	ldr	r1, [sp, #124]
	.loc	1 538 5 is_stmt 0               @ my_crypto.c:538:5
	ldr	r0, __arm_cp.10_2
	bl	printf
	.loc	1 539 19 is_stmt 1              @ my_crypto.c:539:19
	ldr	r0, [sp, #128]
	.loc	1 539 23 is_stmt 0              @ my_crypto.c:539:23
	ldr	r1, [sp, #124]
	.loc	1 539 5                         @ my_crypto.c:539:5
	bl	dump_buff_hex
	.loc	1 541 25 is_stmt 1              @ my_crypto.c:541:25
	ldr	r1, [sp, #164]
	.loc	1 541 5 is_stmt 0               @ my_crypto.c:541:5
	ldr	r0, __arm_cp.10_3
	bl	printf
	.loc	1 542 19 is_stmt 1              @ my_crypto.c:542:19
	ldr	r0, [sp, #160]
	.loc	1 542 22 is_stmt 0              @ my_crypto.c:542:22
	ldr	r1, [sp, #164]
	.loc	1 542 5                         @ my_crypto.c:542:5
	bl	dump_buff_hex
	.loc	1 544 25 is_stmt 1              @ my_crypto.c:544:25
	ldr	r1, [sp, #172]
	.loc	1 544 5 is_stmt 0               @ my_crypto.c:544:5
	ldr	r0, __arm_cp.10_4
	bl	printf
	.loc	1 545 19 is_stmt 1              @ my_crypto.c:545:19
	ldr	r0, [sp, #168]
	.loc	1 545 22 is_stmt 0              @ my_crypto.c:545:22
	ldr	r1, [sp, #172]
	.loc	1 545 5                         @ my_crypto.c:545:5
	bl	dump_buff_hex
	.loc	1 548 22 is_stmt 1              @ my_crypto.c:548:22
	ldr	r1, [sp, #136]
	.loc	1 548 27 is_stmt 0              @ my_crypto.c:548:27
	ldr	r2, [sp, #132]
	.loc	1 548 5                         @ my_crypto.c:548:5
	ldr	r0, __arm_cp.10_5
	str	r0, [sp, #52]                   @ 4-byte Spill
	bl	__aeabi_memcpy
                                        @ kill: def $r1 killed $r0
	.loc	1 549 27 is_stmt 1              @ my_crypto.c:549:27
	ldr	r0, [sp, #52]                   @ 4-byte Reload
	ldr	r1, [sp, #132]
	.loc	1 549 5 is_stmt 0               @ my_crypto.c:549:5
	bl	ToBigEndian
                                        @ kill: def $r1 killed $r0
.Ltmp169:
	.loc	1 550 12 is_stmt 1              @ my_crypto.c:550:12
	ldr	r0, [sp, #56]                   @ 4-byte Reload
	str	r0, [sp, #104]
	.loc	1 550 10 is_stmt 0              @ my_crypto.c:550:10
	b	.LBB10_1
.LBB10_1:                               @ =>This Inner Loop Header: Depth=1
.Ltmp170:
	.loc	1 550 17                        @ my_crypto.c:550:17
	ldr	r0, [sp, #104]
	.loc	1 550 21                        @ my_crypto.c:550:21
	ldr	r1, [sp, #132]
	.loc	1 550 26                        @ my_crypto.c:550:26
	lsrs	r1, r1, #2
.Ltmp171:
	.loc	1 550 5                         @ my_crypto.c:550:5
	cmp	r0, r1
	bhs	.LBB10_4
	b	.LBB10_2
.LBB10_2:                               @   in Loop: Header=BB10_1 Depth=1
.Ltmp172:
	.loc	1 551 52 is_stmt 1              @ my_crypto.c:551:52
	ldr	r0, [sp, #104]
	.loc	1 551 43 is_stmt 0              @ my_crypto.c:551:43
	ldr	r2, __arm_cp.10_5
	.loc	1 551 54                        @ my_crypto.c:551:54
	lsls	r1, r0, #2
	.loc	1 551 43                        @ my_crypto.c:551:43
	adds	r0, r2, r1
	.loc	1 551 28                        @ my_crypto.c:551:28
	ldrb	r3, [r2, r1]
	ldrb	r2, [r0, #1]
	lsls	r2, r2, #8
	adds	r2, r2, r3
	ldrb	r3, [r0, #2]
	lsls	r3, r3, #16
	ldrb	r0, [r0, #3]
	lsls	r0, r0, #24
	adds	r0, r0, r3
	adds	r0, r0, r2
	ldr	r2, __arm_cp.10_20
	.loc	1 551 26                        @ my_crypto.c:551:26
	str	r0, [r1, r2]
	.loc	1 552 5 is_stmt 1               @ my_crypto.c:552:5
	b	.LBB10_3
.Ltmp173:
.LBB10_3:                               @   in Loop: Header=BB10_1 Depth=1
	.loc	1 550 32                        @ my_crypto.c:550:32
	ldr	r0, [sp, #104]
	adds	r0, r0, #1
	str	r0, [sp, #104]
	.loc	1 550 5 is_stmt 0               @ my_crypto.c:550:5
	b	.LBB10_1
.Ltmp174:
.LBB10_4:
	.loc	1 555 9 is_stmt 1               @ my_crypto.c:555:9
	ldr	r0, [sp, #132]
	.loc	1 555 14 is_stmt 0              @ my_crypto.c:555:14
	lsrs	r0, r0, #3
	.loc	1 555 7                         @ my_crypto.c:555:7
	str	r0, [sp, #104]
	.loc	1 556 24 is_stmt 1              @ my_crypto.c:556:24
	ldr	r0, [sp, #104]
	.loc	1 556 49 is_stmt 0              @ my_crypto.c:556:49
	lsls	r1, r0, #31
	lsrs	r1, r1, #29
	lsrs	r0, r0, #2
	lsls	r0, r0, #3
	adds	r0, r0, r1
	.loc	1 556 19                        @ my_crypto.c:556:19
	str	r0, [sp, #96]
	.loc	1 560 46 is_stmt 1              @ my_crypto.c:560:46
	ldr	r0, [sp, #96]
	movs	r1, #193
	lsls	r1, r1, #16
	.loc	1 560 44 is_stmt 0              @ my_crypto.c:560:44
	orrs	r0, r1
	.loc	1 559 17 is_stmt 1              @ my_crypto.c:559:17
	str	r0, [sp, #92]
	.loc	1 563 30                        @ my_crypto.c:563:30
	ldr	r0, [sp, #124]
	ldr	r1, __arm_cp.10_6
	.loc	1 563 28 is_stmt 0              @ my_crypto.c:563:28
	str	r0, [r1]
	ldr	r1, __arm_cp.10_7
	movs	r0, #0
	.loc	1 564 28 is_stmt 1              @ my_crypto.c:564:28
	str	r0, [r1]
	.loc	1 567 29                        @ my_crypto.c:567:29
	ldr	r1, [sp, #164]
	ldr	r2, __arm_cp.10_8
	.loc	1 567 27 is_stmt 0              @ my_crypto.c:567:27
	str	r1, [r2]
	ldr	r1, __arm_cp.10_9
	.loc	1 568 27 is_stmt 1              @ my_crypto.c:568:27
	str	r0, [r1]
	.loc	1 570 29                        @ my_crypto.c:570:29
	ldr	r1, [sp, #172]
	ldr	r2, __arm_cp.10_10
	.loc	1 570 27 is_stmt 0              @ my_crypto.c:570:27
	str	r1, [r2]
	ldr	r1, __arm_cp.10_11
	.loc	1 571 27 is_stmt 1              @ my_crypto.c:571:27
	str	r0, [r1]
	add	r0, sp, #172
	.loc	1 573 21                        @ my_crypto.c:573:21
	ldrb	r0, [r0]
	lsls	r0, r0, #28
	cbz	r0, .LBB10_6
	b	.LBB10_5
.LBB10_5:
	.loc	1 573 40 is_stmt 0              @ my_crypto.c:573:40
	ldr	r0, [sp, #172]
	.loc	1 573 45                        @ my_crypto.c:573:45
	adds	r0, #16
	movs	r1, #15
	.loc	1 573 57                        @ my_crypto.c:573:57
	bics	r0, r1
	.loc	1 573 21                        @ my_crypto.c:573:21
	str	r0, [sp, #48]                   @ 4-byte Spill
	b	.LBB10_7
.LBB10_6:
	.loc	1 573 64                        @ my_crypto.c:573:64
	ldr	r0, [sp, #172]
	.loc	1 573 21                        @ my_crypto.c:573:21
	str	r0, [sp, #48]                   @ 4-byte Spill
	b	.LBB10_7
.LBB10_7:
	ldr	r0, [sp, #48]                   @ 4-byte Reload
	.loc	1 573 6                         @ my_crypto.c:573:6
	ldr	r1, [sp, #184]
	.loc	1 573 19                        @ my_crypto.c:573:19
	str	r0, [r1]
.Ltmp175:
	.loc	1 574 9 is_stmt 1               @ my_crypto.c:574:9
	ldr	r0, [sp, #172]
	movw	r1, #256
.Ltmp176:
	.loc	1 574 9 is_stmt 0               @ my_crypto.c:574:9
	cmp	r0, r1
	bhi	.LBB10_9
	b	.LBB10_8
.LBB10_8:
.Ltmp177:
	.loc	1 578 23 is_stmt 1              @ my_crypto.c:578:23
	ldr	r0, [sp, #128]
	.loc	1 578 27 is_stmt 0              @ my_crypto.c:578:27
	ldr	r1, [sp, #124]
	.loc	1 578 34                        @ my_crypto.c:578:34
	ldr	r2, [sp, #160]
	.loc	1 578 37                        @ my_crypto.c:578:37
	ldr	r3, [sp, #164]
	.loc	1 578 43                        @ my_crypto.c:578:43
	ldr	r4, [sp, #168]
	.loc	1 578 46                        @ my_crypto.c:578:46
	ldr	r5, [sp, #172]
	.loc	1 578 62                        @ my_crypto.c:578:62
	ldr	r6, [sp, #180]
	.loc	1 578 9                         @ my_crypto.c:578:9
	str	r6, [sp, #12]
	ldr	r6, __arm_cp.10_5
	str	r6, [sp, #44]                   @ 4-byte Spill
	str	r6, [sp, #8]
	str	r5, [sp, #4]
	str	r4, [sp]
	bl	AES_GCMPacker
	ldr	r2, [sp, #44]                   @ 4-byte Reload
	.loc	1 583 67 is_stmt 1              @ my_crypto.c:583:67
	ldr	r3, [sp, #176]
	.loc	1 583 73 is_stmt 0              @ my_crypto.c:583:73
	ldr	r0, [sp, #180]
	.loc	1 583 72                        @ my_crypto.c:583:72
	ldr	r0, [r0]
	.loc	1 583 9                         @ my_crypto.c:583:9
	str	r0, [sp]
	ldr	r0, __arm_cp.10_12
	movs	r1, #0
	bl	AES_SetDMATransfer
	.loc	1 585 17 is_stmt 1              @ my_crypto.c:585:17
	ldr	r0, [sp, #92]
	ldr	r1, __arm_cp.10_19
	.loc	1 585 48 is_stmt 0              @ my_crypto.c:585:48
	orrs	r0, r1
	.loc	1 585 9                         @ my_crypto.c:585:9
	bl	AES_Run
	.loc	1 589 5 is_stmt 1               @ my_crypto.c:589:5
	b	.LBB10_20
.Ltmp178:
.LBB10_9:
	.loc	1 596 23                        @ my_crypto.c:596:23
	ldr	r0, [sp, #128]
	.loc	1 596 27 is_stmt 0              @ my_crypto.c:596:27
	ldr	r1, [sp, #124]
	.loc	1 596 34                        @ my_crypto.c:596:34
	ldr	r2, [sp, #160]
	.loc	1 596 37                        @ my_crypto.c:596:37
	ldr	r3, [sp, #164]
	.loc	1 596 59                        @ my_crypto.c:596:59
	ldr	r4, [sp, #180]
	.loc	1 596 9                         @ my_crypto.c:596:9
	str	r4, [sp, #12]
	ldr	r4, __arm_cp.10_5
	str	r4, [sp, #40]                   @ 4-byte Spill
	str	r4, [sp, #8]
	movs	r4, #0
	str	r4, [sp, #36]                   @ 4-byte Spill
	str	r4, [sp, #4]
	str	r4, [sp]
	bl	AES_GCMPacker
	ldr	r1, [sp, #36]                   @ 4-byte Reload
	ldr	r2, [sp, #40]                   @ 4-byte Reload
	.loc	1 601 67 is_stmt 1              @ my_crypto.c:601:67
	ldr	r3, [sp, #176]
	.loc	1 601 73 is_stmt 0              @ my_crypto.c:601:73
	ldr	r0, [sp, #180]
	.loc	1 601 72                        @ my_crypto.c:601:72
	ldr	r0, [r0]
	.loc	1 601 9                         @ my_crypto.c:601:9
	str	r0, [sp]
	ldr	r0, __arm_cp.10_12
	bl	AES_SetDMATransfer
	.loc	1 603 26 is_stmt 1              @ my_crypto.c:603:26
	ldr	r0, __arm_cp.10_13
	ldr	r1, __arm_cp.10_14
	str	r0, [r1]
	.loc	1 605 17                        @ my_crypto.c:605:17
	ldr	r0, [sp, #92]
	ldr	r1, __arm_cp.10_15
	.loc	1 605 48 is_stmt 0              @ my_crypto.c:605:48
	orrs	r0, r1
	.loc	1 605 9                         @ my_crypto.c:605:9
	bl	AES_Run
	.loc	1 608 9 is_stmt 1               @ my_crypto.c:608:9
	ldr	r0, __arm_cp.10_16
	movw	r1, #256
	bl	printf
	.loc	1 609 20                        @ my_crypto.c:609:20
	ldr	r0, [sp, #172]
	.loc	1 609 18 is_stmt 0              @ my_crypto.c:609:18
	str	r0, [sp, #120]
	.loc	1 610 15 is_stmt 1              @ my_crypto.c:610:15
	ldr	r0, [sp, #168]
	.loc	1 610 13 is_stmt 0              @ my_crypto.c:610:13
	str	r0, [sp, #112]
	.loc	1 611 16 is_stmt 1              @ my_crypto.c:611:16
	ldr	r0, [sp, #176]
	.loc	1 611 14 is_stmt 0              @ my_crypto.c:611:14
	str	r0, [sp, #108]
	.loc	1 612 9 is_stmt 1               @ my_crypto.c:612:9
	b	.LBB10_10
.LBB10_10:                              @ =>This Inner Loop Header: Depth=1
	.loc	1 612 16 is_stmt 0              @ my_crypto.c:612:16
	ldr	r0, [sp, #120]
	.loc	1 612 9                         @ my_crypto.c:612:9
	cmp	r0, #0
	beq	.LBB10_19
	b	.LBB10_11
.LBB10_11:                              @   in Loop: Header=BB10_10 Depth=1
.Ltmp179:
	.loc	1 613 19 is_stmt 1              @ my_crypto.c:613:19
	ldr	r0, [sp, #120]
	.loc	1 613 17 is_stmt 0              @ my_crypto.c:613:17
	str	r0, [sp, #116]
.Ltmp180:
	.loc	1 614 17 is_stmt 1              @ my_crypto.c:614:17
	ldr	r0, [sp, #116]
	movw	r1, #257
.Ltmp181:
	.loc	1 614 17 is_stmt 0              @ my_crypto.c:614:17
	cmp	r0, r1
	blt	.LBB10_13
	b	.LBB10_12
.LBB10_12:                              @   in Loop: Header=BB10_10 Depth=1
	.loc	1 0 17                          @ my_crypto.c:0:17
	movw	r0, #256
.Ltmp182:
	.loc	1 615 21 is_stmt 1              @ my_crypto.c:615:21
	str	r0, [sp, #116]
	.loc	1 616 13                        @ my_crypto.c:616:13
	b	.LBB10_13
.Ltmp183:
.LBB10_13:                              @   in Loop: Header=BB10_10 Depth=1
	.loc	1 617 25                        @ my_crypto.c:617:25
	ldr	r1, [sp, #116]
	.loc	1 617 22 is_stmt 0              @ my_crypto.c:617:22
	ldr	r0, [sp, #120]
	subs	r0, r0, r1
	str	r0, [sp, #120]
	.loc	1 620 30 is_stmt 1              @ my_crypto.c:620:30
	ldr	r1, [sp, #112]
	.loc	1 620 35 is_stmt 0              @ my_crypto.c:620:35
	ldr	r2, [sp, #116]
	.loc	1 620 13                        @ my_crypto.c:620:13
	ldr	r0, __arm_cp.10_5
	bl	__aeabi_memcpy
	add	r0, sp, #116
	.loc	1 622 17 is_stmt 1              @ my_crypto.c:622:17
	ldrb	r0, [r0]
	lsls	r0, r0, #28
	cbz	r0, .LBB10_15
	b	.LBB10_14
.LBB10_14:                              @   in Loop: Header=BB10_10 Depth=1
.Ltmp184:
	.loc	1 623 34                        @ my_crypto.c:623:34
	ldr	r2, [sp, #116]
	.loc	1 623 25 is_stmt 0              @ my_crypto.c:623:25
	ldr	r0, __arm_cp.10_5
	adds	r0, r0, r2
	movs	r1, #15
	.loc	1 623 53                        @ my_crypto.c:623:53
	str	r1, [sp, #32]                   @ 4-byte Spill
	ands	r2, r1
	movs	r1, #16
	.loc	1 623 46                        @ my_crypto.c:623:46
	subs	r1, r1, r2
	.loc	1 623 17                        @ my_crypto.c:623:17
	bl	__aeabi_memclr
	ldr	r1, [sp, #32]                   @ 4-byte Reload
	.loc	1 624 25 is_stmt 1              @ my_crypto.c:624:25
	ldr	r0, [sp, #116]
	.loc	1 624 29 is_stmt 0              @ my_crypto.c:624:29
	adds	r0, #16
	.loc	1 624 41                        @ my_crypto.c:624:41
	bics	r0, r1
	.loc	1 624 21                        @ my_crypto.c:624:21
	str	r0, [sp, #116]
	.loc	1 625 13 is_stmt 1              @ my_crypto.c:625:13
	b	.LBB10_15
.Ltmp185:
.LBB10_15:                              @   in Loop: Header=BB10_10 Depth=1
	.loc	1 630 71                        @ my_crypto.c:630:71
	ldr	r3, [sp, #108]
	.loc	1 631 32                        @ my_crypto.c:631:32
	ldr	r0, [sp, #116]
	.loc	1 630 13                        @ my_crypto.c:630:13
	str	r0, [sp]
	ldr	r2, __arm_cp.10_5
	ldr	r0, __arm_cp.10_12
	movs	r1, #0
	bl	AES_SetDMATransfer
.Ltmp186:
	.loc	1 633 17                        @ my_crypto.c:633:17
	ldr	r0, [sp, #120]
.Ltmp187:
	.loc	1 633 17 is_stmt 0              @ my_crypto.c:633:17
	cbz	r0, .LBB10_17
	b	.LBB10_16
.LBB10_16:                              @   in Loop: Header=BB10_10 Depth=1
.Ltmp188:
	.loc	1 635 25 is_stmt 1              @ my_crypto.c:635:25
	ldr	r0, [sp, #92]
	ldr	r1, __arm_cp.10_18
	.loc	1 635 71 is_stmt 0              @ my_crypto.c:635:71
	orrs	r0, r1
	.loc	1 635 17                        @ my_crypto.c:635:17
	bl	AES_Run
	.loc	1 636 13 is_stmt 1              @ my_crypto.c:636:13
	b	.LBB10_18
.Ltmp189:
.LBB10_17:                              @   in Loop: Header=BB10_10 Depth=1
	.loc	1 638 25                        @ my_crypto.c:638:25
	ldr	r0, [sp, #92]
	ldr	r1, __arm_cp.10_17
	.loc	1 638 79 is_stmt 0              @ my_crypto.c:638:79
	orrs	r0, r1
	.loc	1 638 17                        @ my_crypto.c:638:17
	bl	AES_Run
	b	.LBB10_18
.Ltmp190:
.LBB10_18:                              @   in Loop: Header=BB10_10 Depth=1
	.loc	1 645 20 is_stmt 1              @ my_crypto.c:645:20
	ldr	r1, [sp, #116]
	.loc	1 645 17 is_stmt 0              @ my_crypto.c:645:17
	ldr	r0, [sp, #112]
	adds	r0, r0, r1
	str	r0, [sp, #112]
	.loc	1 646 21 is_stmt 1              @ my_crypto.c:646:21
	ldr	r1, [sp, #116]
	.loc	1 646 18 is_stmt 0              @ my_crypto.c:646:18
	ldr	r0, [sp, #108]
	adds	r0, r0, r1
	str	r0, [sp, #108]
.Ltmp191:
	.loc	1 612 9 is_stmt 1               @ my_crypto.c:612:9
	b	.LBB10_10
.LBB10_19:
	.loc	1 650 18                        @ my_crypto.c:650:18
	ldr	r0, [sp, #184]
	.loc	1 650 17 is_stmt 0              @ my_crypto.c:650:17
	ldr	r0, [r0]
	.loc	1 650 31                        @ my_crypto.c:650:31
	adds	r0, #16
	.loc	1 650 10                        @ my_crypto.c:650:10
	ldr	r1, [sp, #180]
	.loc	1 650 15                        @ my_crypto.c:650:15
	str	r0, [r1]
	b	.LBB10_20
.Ltmp192:
.LBB10_20:
	.loc	1 654 11 is_stmt 1              @ my_crypto.c:654:11
	ldr	r0, [sp, #172]
	movs	r1, #15
	.loc	1 654 16 is_stmt 0              @ my_crypto.c:654:16
	ands	r0, r1
	.loc	1 654 29                        @ my_crypto.c:654:29
	cmp	r0, #1
	beq	.LBB10_22
	b	.LBB10_21
.LBB10_21:
	.loc	1 654 34                        @ my_crypto.c:654:34
	ldr	r0, [sp, #172]
	movs	r1, #15
	.loc	1 654 39                        @ my_crypto.c:654:39
	ands	r0, r1
.Ltmp193:
	.loc	1 654 9                         @ my_crypto.c:654:9
	cmp	r0, #15
	bne	.LBB10_23
	b	.LBB10_22
.LBB10_22:
	.loc	1 0 9                           @ my_crypto.c:0:9
	movs	r0, #0
.Ltmp194:
	.loc	1 655 18 is_stmt 1              @ my_crypto.c:655:18
	str	r0, [sp, #72]
	str	r0, [sp, #68]
	str	r0, [sp, #64]
	str	r0, [sp, #60]
	.loc	1 657 20                        @ my_crypto.c:657:20
	ldr	r0, [sp, #136]
	.loc	1 657 25 is_stmt 0              @ my_crypto.c:657:25
	str	r0, [sp, #24]                   @ 4-byte Spill
	ldr	r1, [sp, #132]
	.loc	1 657 31                        @ my_crypto.c:657:31
	ldr	r2, [sp, #128]
	.loc	1 657 35                        @ my_crypto.c:657:35
	ldr	r3, [sp, #124]
	.loc	1 657 42                        @ my_crypto.c:657:42
	ldr	r4, [sp, #160]
	.loc	1 657 45                        @ my_crypto.c:657:45
	ldr	r5, [sp, #164]
	.loc	1 657 51                        @ my_crypto.c:657:51
	ldr	r6, [sp, #176]
	.loc	1 657 56                        @ my_crypto.c:657:56
	ldr	r7, [sp, #172]
	add	r0, sp, #60
	.loc	1 657 9                         @ my_crypto.c:657:9
	str	r0, [sp, #28]                   @ 4-byte Spill
	str	r0, [sp, #16]
	ldr	r0, [sp, #24]                   @ 4-byte Reload
	str	r7, [sp, #12]
	str	r6, [sp, #8]
	str	r5, [sp, #4]
	str	r4, [sp]
	bl	AES_GCMTag
	ldr	r1, [sp, #28]                   @ 4-byte Reload
	.loc	1 661 16 is_stmt 1              @ my_crypto.c:661:16
	ldr	r0, [sp, #176]
	.loc	1 661 23 is_stmt 0              @ my_crypto.c:661:23
	ldr	r2, [sp, #184]
	.loc	1 661 22                        @ my_crypto.c:661:22
	ldr	r2, [r2]
	.loc	1 661 20                        @ my_crypto.c:661:20
	adds	r0, r0, r2
	movs	r2, #16
	.loc	1 661 9                         @ my_crypto.c:661:9
	bl	__aeabi_memcpy
	.loc	1 662 5 is_stmt 1               @ my_crypto.c:662:5
	b	.LBB10_23
.Ltmp195:
.LBB10_23:
	.loc	1 0 5 is_stmt 0                 @ my_crypto.c:0:5
	movs	r0, #0
	.loc	1 664 5 epilogue_begin is_stmt 1 @ my_crypto.c:664:5
	add	sp, #140
	pop	{r4, r5, r6, r7, pc}
.Ltmp196:
	.p2align	2
@ %bb.24:
	.loc	1 0 5 is_stmt 0                 @ my_crypto.c:0:5
__arm_cp.10_0:
	.long	.L.str.5
.Lcpi_end16:
	.size	__arm_cp.10_0, .Lcpi_end16-__arm_cp.10_0
__arm_cp.10_1:
	.long	.L.str.9
.Lcpi_end17:
	.size	__arm_cp.10_1, .Lcpi_end17-__arm_cp.10_1
__arm_cp.10_2:
	.long	.L.str.10
.Lcpi_end18:
	.size	__arm_cp.10_2, .Lcpi_end18-__arm_cp.10_2
__arm_cp.10_3:
	.long	.L.str.11
.Lcpi_end19:
	.size	__arm_cp.10_3, .Lcpi_end19-__arm_cp.10_3
__arm_cp.10_4:
	.long	.L.str.12
.Lcpi_end20:
	.size	__arm_cp.10_4, .Lcpi_end20-__arm_cp.10_4
__arm_cp.10_5:
	.long	g_au8Buf
.Lcpi_end21:
	.size	__arm_cp.10_5, .Lcpi_end21-__arm_cp.10_5
__arm_cp.10_6:
	.long	1073946752                      @ 0x40032080
.Lcpi_end22:
	.size	__arm_cp.10_6, .Lcpi_end22-__arm_cp.10_6
__arm_cp.10_7:
	.long	1073946756                      @ 0x40032084
.Lcpi_end23:
	.size	__arm_cp.10_7, .Lcpi_end23-__arm_cp.10_7
__arm_cp.10_8:
	.long	1073946760                      @ 0x40032088
.Lcpi_end24:
	.size	__arm_cp.10_8, .Lcpi_end24-__arm_cp.10_8
__arm_cp.10_9:
	.long	1073946764                      @ 0x4003208c
.Lcpi_end25:
	.size	__arm_cp.10_9, .Lcpi_end25-__arm_cp.10_9
__arm_cp.10_10:
	.long	1073946768                      @ 0x40032090
.Lcpi_end26:
	.size	__arm_cp.10_10, .Lcpi_end26-__arm_cp.10_10
__arm_cp.10_11:
	.long	1073946772                      @ 0x40032094
.Lcpi_end27:
	.size	__arm_cp.10_11, .Lcpi_end27-__arm_cp.10_11
__arm_cp.10_12:
	.long	1073946624                      @ 0x40032000
.Lcpi_end28:
	.size	__arm_cp.10_12, .Lcpi_end28-__arm_cp.10_12
__arm_cp.10_13:
	.long	g_au8FeedBackBuf
.Lcpi_end29:
	.size	__arm_cp.10_13, .Lcpi_end29-__arm_cp.10_13
__arm_cp.10_14:
	.long	1073946784                      @ 0x400320a0
.Lcpi_end30:
	.size	__arm_cp.10_14, .Lcpi_end30-__arm_cp.10_14
__arm_cp.10_15:
	.long	2105472                         @ 0x202080
.Lcpi_end31:
	.size	__arm_cp.10_15, .Lcpi_end31-__arm_cp.10_15
__arm_cp.10_16:
	.long	.L.str.13
.Lcpi_end32:
	.size	__arm_cp.10_16, .Lcpi_end32-__arm_cp.10_16
__arm_cp.10_17:
	.long	3154144                         @ 0x3020e0
.Lcpi_end33:
	.size	__arm_cp.10_17, .Lcpi_end33-__arm_cp.10_17
__arm_cp.10_18:
	.long	3154112                         @ 0x3020c0
.Lcpi_end34:
	.size	__arm_cp.10_18, .Lcpi_end34-__arm_cp.10_18
__arm_cp.10_19:
	.long	8352                            @ 0x20a0
.Lcpi_end35:
	.size	__arm_cp.10_19, .Lcpi_end35-__arm_cp.10_19
__arm_cp.10_20:
	.long	1073946896                      @ 0x40032110
.Lcpi_end36:
	.size	__arm_cp.10_20, .Lcpi_end36-__arm_cp.10_20
.Lfunc_end10:
	.size	AES_GCMEnc, .Lfunc_end10-AES_GCMEnc
	.cfi_endproc
	.fnend
                                        @ -- End function
	.section	.text.AES_GCMTag,"ax",%progbits
	.p2align	2                               @ -- Begin function AES_GCMTag
	.type	AES_GCMTag,%function
	.code	16                              @ @AES_GCMTag
	.thumb_func
AES_GCMTag:
.Lfunc_begin11:
	.loc	1 323 0 is_stmt 1               @ my_crypto.c:323:0
	.fnstart
	.cfi_startproc
@ %bb.0:
	.save	{r4, r5, r7, lr}
	push	{r4, r5, r7, lr}
	.cfi_def_cfa_offset 16
	.cfi_offset lr, -4
	.cfi_offset r7, -8
	.cfi_offset r5, -12
	.cfi_offset r4, -16
	ldr	r7, __arm_cp.11_25
	.pad	#3264
	add	sp, r7
	.cfi_def_cfa_offset 3280
	ldr	r4, __arm_cp.11_26
	add	r4, sp
	str	r4, [sp, #56]                   @ 4-byte Spill
	mov	r4, r0
	ldr	r0, [sp, #56]                   @ 4-byte Reload
	ldr	r5, .LCPI11_27
	add	r5, sp
	ldr	r5, [r5]
	ldr	r5, .LCPI11_28
	add	r5, sp
	ldr	r5, [r5]
	ldr	r5, .LCPI11_29
	add	r5, sp
	ldr	r5, [r5]
	ldr	r5, .LCPI11_30
	add	r5, sp
	ldr	r5, [r5]
	ldr	r5, .LCPI11_31
	add	r5, sp
	ldr	r5, [r5]
	str	r4, [r0, #32]
	str	r1, [r0, #28]
	str	r2, [r0, #24]
	str	r3, [r0, #20]
	add	r0, sp, #1020
	adds	r0, #160
	movw	r1, #2048
.Ltmp197:
	.loc	1 326 14 prologue_end           @ my_crypto.c:326:14
	bl	__aeabi_memclr4
	add	r0, sp, #92
	movw	r1, #1088
	.loc	1 328 14                        @ my_crypto.c:328:14
	bl	__aeabi_memclr4
	ldr	r0, [sp, #56]                   @ 4-byte Reload
	.loc	1 334 9                         @ my_crypto.c:334:9
	ldr	r1, [r0, #28]
	.loc	1 334 14 is_stmt 0              @ my_crypto.c:334:14
	lsrs	r1, r1, #3
	.loc	1 334 7                         @ my_crypto.c:334:7
	str	r1, [r0, #16]
	.loc	1 335 24 is_stmt 1              @ my_crypto.c:335:24
	ldr	r1, [r0, #16]
	.loc	1 335 49 is_stmt 0              @ my_crypto.c:335:49
	lsls	r2, r1, #31
	lsrs	r2, r2, #29
	lsrs	r1, r1, #2
	lsls	r1, r1, #3
	adds	r1, r1, r2
	.loc	1 335 19                        @ my_crypto.c:335:19
	str	r1, [sp, #80]
	.loc	1 339 46 is_stmt 1              @ my_crypto.c:339:46
	ldr	r1, [sp, #80]
	movs	r2, #193
	lsls	r2, r2, #16
	.loc	1 339 44 is_stmt 0              @ my_crypto.c:339:44
	orrs	r1, r2
	.loc	1 338 17 is_stmt 1              @ my_crypto.c:338:17
	str	r1, [sp, #84]
	.loc	1 342 30                        @ my_crypto.c:342:30
	ldr	r0, [r0, #20]
	ldr	r1, __arm_cp.11_0
	.loc	1 342 28 is_stmt 0              @ my_crypto.c:342:28
	str	r0, [r1]
	ldr	r1, __arm_cp.11_1
	movs	r0, #0
	.loc	1 343 28 is_stmt 1              @ my_crypto.c:343:28
	str	r0, [r1]
	.loc	1 345 29                        @ my_crypto.c:345:29
	ldr	r1, __arm_cp.11_19
	add	r1, sp
	ldr	r1, [r1]
	ldr	r2, __arm_cp.11_2
	.loc	1 345 27 is_stmt 0              @ my_crypto.c:345:27
	str	r1, [r2]
	ldr	r1, __arm_cp.11_3
	.loc	1 346 27 is_stmt 1              @ my_crypto.c:346:27
	str	r0, [r1]
	.loc	1 348 29                        @ my_crypto.c:348:29
	ldr	r1, __arm_cp.11_18
	add	r1, sp
	ldr	r1, [r1]
	ldr	r2, __arm_cp.11_4
	.loc	1 348 27 is_stmt 0              @ my_crypto.c:348:27
	str	r1, [r2]
	ldr	r1, __arm_cp.11_5
	.loc	1 349 27 is_stmt 1              @ my_crypto.c:349:27
	str	r0, [r1]
.Ltmp198:
	.loc	1 353 9                         @ my_crypto.c:353:9
	ldr	r0, __arm_cp.11_18
	add	r0, sp
	ldr	r0, [r0]
	movw	r1, #256
.Ltmp199:
	.loc	1 353 9 is_stmt 0               @ my_crypto.c:353:9
	cmp	r0, r1
	bhi	.LBB11_2
	b	.LBB11_1
.LBB11_1:
	.loc	1 0 9                           @ my_crypto.c:0:9
	add	r0, sp, #1020
	adds	r0, #160
.Ltmp200:
	.loc	1 356 16 is_stmt 1              @ my_crypto.c:356:16
	str	r0, [sp, #48]                   @ 4-byte Spill
	str	r0, [sp, #88]
	.loc	1 357 29                        @ my_crypto.c:357:29
	ldr	r2, __arm_cp.11_20
	add	r2, sp
	ldr	r2, [r2]
	.loc	1 357 32 is_stmt 0              @ my_crypto.c:357:32
	ldr	r3, __arm_cp.11_19
	add	r3, sp
	ldr	r3, [r3]
	.loc	1 357 38                        @ my_crypto.c:357:38
	ldr	r0, __arm_cp.11_21
	add	r0, sp
	ldr	r0, [r0]
	.loc	1 357 41                        @ my_crypto.c:357:41
	ldr	r1, __arm_cp.11_18
	add	r1, sp
	ldr	r1, [r1]
	.loc	1 357 47                        @ my_crypto.c:357:47
	ldr	r4, [sp, #88]
	ldr	r5, __arm_cp.11_24
	add	r5, sp
	.loc	1 357 9                         @ my_crypto.c:357:9
	str	r5, [sp, #12]
	str	r4, [sp, #8]
	str	r1, [sp, #4]
	str	r0, [sp]
	movs	r1, #0
	str	r1, [sp, #52]                   @ 4-byte Spill
	mov	r0, r1
	bl	AES_GCMPacker
	ldr	r2, [sp, #52]                   @ 4-byte Reload
                                        @ kill: def $r1 killed $r0
	.loc	1 360 19 is_stmt 1              @ my_crypto.c:360:19
	ldr	r0, [sp, #56]                   @ 4-byte Reload
	ldr	r1, [r0, #12]
	.loc	1 360 16 is_stmt 0              @ my_crypto.c:360:16
	ldr	r0, [sp, #88]
	adds	r0, r0, r1
	str	r0, [sp, #88]
	.loc	1 361 33 is_stmt 1              @ my_crypto.c:361:33
	ldr	r0, __arm_cp.11_19
	add	r0, sp
	ldr	r0, [r0]
	.loc	1 361 38 is_stmt 0              @ my_crypto.c:361:38
	lsls	r0, r0, #3
	.loc	1 361 23                        @ my_crypto.c:361:23
	ldr	r1, [sp, #88]
	.loc	1 361 31                        @ my_crypto.c:361:31
	str	r2, [r1, #4]
	str	r0, [r1]
	.loc	1 362 16 is_stmt 1              @ my_crypto.c:362:16
	ldr	r0, [sp, #88]
	.loc	1 362 9 is_stmt 0               @ my_crypto.c:362:9
	bl	swap64
	ldr	r2, [sp, #52]                   @ 4-byte Reload
	.loc	1 363 16 is_stmt 1              @ my_crypto.c:363:16
	ldr	r0, [sp, #88]
	adds	r0, #8
	str	r0, [sp, #88]
	.loc	1 365 33                        @ my_crypto.c:365:33
	ldr	r0, __arm_cp.11_18
	add	r0, sp
	ldr	r0, [r0]
	.loc	1 365 38 is_stmt 0              @ my_crypto.c:365:38
	lsls	r0, r0, #3
	.loc	1 365 23                        @ my_crypto.c:365:23
	ldr	r1, [sp, #88]
	.loc	1 365 31                        @ my_crypto.c:365:31
	str	r2, [r1, #4]
	str	r0, [r1]
	.loc	1 366 16 is_stmt 1              @ my_crypto.c:366:16
	ldr	r0, [sp, #88]
	.loc	1 366 9 is_stmt 0               @ my_crypto.c:366:9
	bl	swap64
	ldr	r2, [sp, #48]                   @ 4-byte Reload
	ldr	r0, [sp, #56]                   @ 4-byte Reload
	ldr	r1, [sp, #52]                   @ 4-byte Reload
	.loc	1 367 16 is_stmt 1              @ my_crypto.c:367:16
	ldr	r3, [sp, #88]
	adds	r3, #8
	str	r3, [sp, #88]
	.loc	1 370 13                        @ my_crypto.c:370:13
	ldr	r3, [r0, #12]
	adds	r3, #16
	str	r3, [r0, #12]
	.loc	1 372 16                        @ my_crypto.c:372:16
	str	r2, [sp, #88]
	.loc	1 376 47                        @ my_crypto.c:376:47
	ldr	r2, [sp, #88]
	.loc	1 377 28                        @ my_crypto.c:377:28
	ldr	r0, [r0, #12]
	.loc	1 376 9                         @ my_crypto.c:376:9
	str	r0, [sp]
	ldr	r0, __arm_cp.11_9
	add	r3, sp, #92
	bl	AES_SetDMATransfer
	.loc	1 379 17                        @ my_crypto.c:379:17
	ldr	r0, [sp, #84]
	ldr	r1, __arm_cp.11_13
	.loc	1 379 50 is_stmt 0              @ my_crypto.c:379:50
	orrs	r0, r1
	.loc	1 379 9                         @ my_crypto.c:379:9
	bl	AES_Run
	.loc	1 383 5 is_stmt 1               @ my_crypto.c:383:5
	b	.LBB11_15
.Ltmp201:
.LBB11_2:
	.loc	1 387 26                        @ my_crypto.c:387:26
	ldr	r0, __arm_cp.11_6
	ldr	r1, __arm_cp.11_7
	str	r0, [r1]
	movs	r1, #72
	.loc	1 388 9                         @ my_crypto.c:388:9
	bl	__aeabi_memclr4
.Ltmp202:
	.loc	1 391 13                        @ my_crypto.c:391:13
	ldr	r0, __arm_cp.11_19
	add	r0, sp
	ldr	r0, [r0]
.Ltmp203:
	.loc	1 391 13 is_stmt 0              @ my_crypto.c:391:13
	cbz	r0, .LBB11_4
	b	.LBB11_3
.LBB11_3:
.Ltmp204:
	.loc	1 393 33 is_stmt 1              @ my_crypto.c:393:33
	ldr	r2, __arm_cp.11_20
	add	r2, sp
	ldr	r2, [r2]
	.loc	1 393 36 is_stmt 0              @ my_crypto.c:393:36
	ldr	r3, __arm_cp.11_19
	add	r3, sp
	ldr	r3, [r3]
	ldr	r0, __arm_cp.11_24
	add	r0, sp
	.loc	1 393 13                        @ my_crypto.c:393:13
	str	r0, [sp, #12]
	ldr	r0, __arm_cp.11_8
	str	r0, [sp, #44]                   @ 4-byte Spill
	str	r0, [sp, #8]
	movs	r1, #0
	str	r1, [sp, #40]                   @ 4-byte Spill
	str	r1, [sp, #4]
	str	r1, [sp]
	mov	r0, r1
	bl	AES_GCMPacker
	ldr	r1, [sp, #40]                   @ 4-byte Reload
	ldr	r2, [sp, #44]                   @ 4-byte Reload
                                        @ kill: def $r3 killed $r0
	.loc	1 399 56 is_stmt 1              @ my_crypto.c:399:56
	ldr	r0, [sp, #56]                   @ 4-byte Reload
	ldr	r0, [r0, #12]
	.loc	1 398 13                        @ my_crypto.c:398:13
	str	r0, [sp]
	ldr	r0, __arm_cp.11_9
	add	r3, sp, #92
	bl	AES_SetDMATransfer
	.loc	1 401 21                        @ my_crypto.c:401:21
	ldr	r0, [sp, #84]
	ldr	r1, __arm_cp.11_10
	.loc	1 401 54 is_stmt 0              @ my_crypto.c:401:54
	orrs	r0, r1
	.loc	1 401 13                        @ my_crypto.c:401:13
	bl	AES_Run
	.loc	1 402 9 is_stmt 1               @ my_crypto.c:402:9
	b	.LBB11_4
.Ltmp205:
.LBB11_4:
	.loc	1 405 15                        @ my_crypto.c:405:15
	ldr	r1, [sp, #56]                   @ 4-byte Reload
	ldr	r0, __arm_cp.11_21
	add	r0, sp
	ldr	r0, [r0]
	.loc	1 405 13 is_stmt 0              @ my_crypto.c:405:13
	str	r0, [r1, #4]
	add	r0, sp, #92
	.loc	1 406 14 is_stmt 1              @ my_crypto.c:406:14
	str	r0, [r1]
	.loc	1 407 20                        @ my_crypto.c:407:20
	ldr	r0, __arm_cp.11_18
	add	r0, sp
	ldr	r0, [r0]
	.loc	1 407 18 is_stmt 0              @ my_crypto.c:407:18
	str	r0, [r1, #8]
	movw	r0, #256
	.loc	1 408 13 is_stmt 1              @ my_crypto.c:408:13
	str	r0, [r1, #12]
	.loc	1 409 9                         @ my_crypto.c:409:9
	b	.LBB11_5
.LBB11_5:                               @ =>This Inner Loop Header: Depth=1
	.loc	1 409 16 is_stmt 0              @ my_crypto.c:409:16
	ldr	r0, [sp, #56]                   @ 4-byte Reload
	ldr	r0, [r0, #8]
	.loc	1 409 9                         @ my_crypto.c:409:9
	cbnz	r0, .LBB11_6
	b	.LBB11_14
.LBB11_6:                               @   in Loop: Header=BB11_5 Depth=1
.Ltmp206:
	.loc	1 411 19 is_stmt 1              @ my_crypto.c:411:19
	ldr	r0, [sp, #56]                   @ 4-byte Reload
	ldr	r1, [r0, #8]
	.loc	1 411 17 is_stmt 0              @ my_crypto.c:411:17
	str	r1, [r0, #12]
.Ltmp207:
	.loc	1 412 17 is_stmt 1              @ my_crypto.c:412:17
	ldr	r0, [r0, #12]
	movw	r1, #257
.Ltmp208:
	.loc	1 412 17 is_stmt 0              @ my_crypto.c:412:17
	cmp	r0, r1
	blt	.LBB11_8
	b	.LBB11_7
.LBB11_7:                               @   in Loop: Header=BB11_5 Depth=1
	.loc	1 0 17                          @ my_crypto.c:0:17
	ldr	r1, [sp, #56]                   @ 4-byte Reload
	movw	r0, #256
.Ltmp209:
	.loc	1 413 21 is_stmt 1              @ my_crypto.c:413:21
	str	r0, [r1, #12]
	.loc	1 413 17 is_stmt 0              @ my_crypto.c:413:17
	b	.LBB11_8
.Ltmp210:
.LBB11_8:                               @   in Loop: Header=BB11_5 Depth=1
	.loc	1 414 25 is_stmt 1              @ my_crypto.c:414:25
	ldr	r0, [sp, #56]                   @ 4-byte Reload
	ldr	r2, [r0, #12]
	.loc	1 414 22 is_stmt 0              @ my_crypto.c:414:22
	ldr	r1, [r0, #8]
	subs	r1, r1, r2
	str	r1, [r0, #8]
.Ltmp211:
	.loc	1 416 17 is_stmt 1              @ my_crypto.c:416:17
	ldr	r0, [r0, #8]
.Ltmp212:
	.loc	1 416 17 is_stmt 0              @ my_crypto.c:416:17
	cbz	r0, .LBB11_10
	b	.LBB11_9
.LBB11_9:                               @   in Loop: Header=BB11_5 Depth=1
.Ltmp213:
	.loc	1 424 55 is_stmt 1              @ my_crypto.c:424:55
	ldr	r0, [sp, #56]                   @ 4-byte Reload
	ldr	r2, [r0, #4]
	.loc	1 424 70 is_stmt 0              @ my_crypto.c:424:70
	ldr	r3, [r0]
	.loc	1 424 76                        @ my_crypto.c:424:76
	ldr	r0, [r0, #12]
	.loc	1 424 17                        @ my_crypto.c:424:17
	str	r0, [sp]
	ldr	r0, __arm_cp.11_9
	movs	r1, #0
	bl	AES_SetDMATransfer
	.loc	1 426 25 is_stmt 1              @ my_crypto.c:426:25
	ldr	r0, [sp, #84]
	ldr	r1, __arm_cp.11_12
	.loc	1 426 73 is_stmt 0              @ my_crypto.c:426:73
	orrs	r0, r1
	.loc	1 426 17                        @ my_crypto.c:426:17
	bl	AES_Run
	.loc	1 428 13 is_stmt 1              @ my_crypto.c:428:13
	b	.LBB11_13
.Ltmp214:
.LBB11_10:                              @   in Loop: Header=BB11_5 Depth=1
	.loc	1 433 51                        @ my_crypto.c:433:51
	ldr	r0, [sp, #56]                   @ 4-byte Reload
	ldr	r1, [r0, #4]
	.loc	1 433 56 is_stmt 0              @ my_crypto.c:433:56
	ldr	r2, [r0, #12]
	add	r0, sp, #1020
	adds	r0, #160
	.loc	1 433 17                        @ my_crypto.c:433:17
	str	r0, [sp, #36]                   @ 4-byte Spill
	bl	__aeabi_memcpy
	ldr	r1, [sp, #56]                   @ 4-byte Reload
                                        @ kill: def $r2 killed $r0
	.loc	1 434 21 is_stmt 1              @ my_crypto.c:434:21
	ldr	r0, [sp, #36]                   @ 4-byte Reload
	str	r0, [r1, #4]
	ldr	r0, __arm_cp.11_24
	add	r0, sp
	.loc	1 437 21                        @ my_crypto.c:437:21
	ldrb	r0, [r0]
	lsls	r0, r0, #28
	cbz	r0, .LBB11_12
	b	.LBB11_11
.LBB11_11:                              @   in Loop: Header=BB11_5 Depth=1
.Ltmp215:
	.loc	1 439 28                        @ my_crypto.c:439:28
	ldr	r1, [sp, #56]                   @ 4-byte Reload
	ldr	r0, [r1, #4]
	.loc	1 439 34 is_stmt 0              @ my_crypto.c:439:34
	ldr	r2, [r1, #12]
	.loc	1 439 32                        @ my_crypto.c:439:32
	adds	r0, r0, r2
	movs	r1, #15
	.loc	1 439 52                        @ my_crypto.c:439:52
	str	r1, [sp, #32]                   @ 4-byte Spill
	ands	r2, r1
	movs	r1, #16
	.loc	1 439 45                        @ my_crypto.c:439:45
	subs	r1, r1, r2
	.loc	1 439 21                        @ my_crypto.c:439:21
	bl	__aeabi_memclr
	ldr	r2, [sp, #32]                   @ 4-byte Reload
	ldr	r1, [sp, #56]                   @ 4-byte Reload
	.loc	1 442 29 is_stmt 1              @ my_crypto.c:442:29
	ldr	r0, [r1, #12]
	.loc	1 442 33 is_stmt 0              @ my_crypto.c:442:33
	adds	r0, #16
	.loc	1 442 45                        @ my_crypto.c:442:45
	bics	r0, r2
	.loc	1 442 25                        @ my_crypto.c:442:25
	str	r0, [r1, #12]
	.loc	1 443 17 is_stmt 1              @ my_crypto.c:443:17
	b	.LBB11_12
.Ltmp216:
.LBB11_12:                              @   in Loop: Header=BB11_5 Depth=1
	.loc	1 446 26                        @ my_crypto.c:446:26
	ldr	r1, [sp, #56]                   @ 4-byte Reload
	ldr	r0, [r1, #4]
	.loc	1 446 32 is_stmt 0              @ my_crypto.c:446:32
	ldr	r1, [r1, #12]
	.loc	1 446 30                        @ my_crypto.c:446:30
	adds	r0, r0, r1
	.loc	1 446 24                        @ my_crypto.c:446:24
	str	r0, [sp, #88]
	.loc	1 447 41 is_stmt 1              @ my_crypto.c:447:41
	ldr	r0, __arm_cp.11_19
	add	r0, sp
	ldr	r0, [r0]
	.loc	1 447 46 is_stmt 0              @ my_crypto.c:447:46
	lsls	r0, r0, #3
	.loc	1 447 31                        @ my_crypto.c:447:31
	ldr	r1, [sp, #88]
	movs	r2, #0
	.loc	1 447 39                        @ my_crypto.c:447:39
	str	r2, [sp, #28]                   @ 4-byte Spill
	str	r2, [r1, #4]
	str	r0, [r1]
	.loc	1 448 24 is_stmt 1              @ my_crypto.c:448:24
	ldr	r0, [sp, #88]
	.loc	1 448 17 is_stmt 0              @ my_crypto.c:448:17
	bl	swap64
	ldr	r2, [sp, #28]                   @ 4-byte Reload
	.loc	1 449 24 is_stmt 1              @ my_crypto.c:449:24
	ldr	r0, [sp, #88]
	adds	r0, #8
	str	r0, [sp, #88]
	.loc	1 451 41                        @ my_crypto.c:451:41
	ldr	r0, __arm_cp.11_18
	add	r0, sp
	ldr	r0, [r0]
	.loc	1 451 46 is_stmt 0              @ my_crypto.c:451:46
	lsls	r0, r0, #3
	.loc	1 451 31                        @ my_crypto.c:451:31
	ldr	r1, [sp, #88]
	.loc	1 451 39                        @ my_crypto.c:451:39
	str	r2, [r1, #4]
	str	r0, [r1]
	.loc	1 452 24 is_stmt 1              @ my_crypto.c:452:24
	ldr	r0, [sp, #88]
	.loc	1 452 17 is_stmt 0              @ my_crypto.c:452:17
	bl	swap64
	ldr	r0, [sp, #56]                   @ 4-byte Reload
	ldr	r1, [sp, #28]                   @ 4-byte Reload
	.loc	1 453 24 is_stmt 1              @ my_crypto.c:453:24
	ldr	r2, [sp, #88]
	adds	r2, #8
	str	r2, [sp, #88]
	.loc	1 456 21                        @ my_crypto.c:456:21
	ldr	r2, [r0, #12]
	adds	r2, #16
	str	r2, [r0, #12]
	.loc	1 461 55                        @ my_crypto.c:461:55
	ldr	r2, [r0, #4]
	.loc	1 461 70 is_stmt 0              @ my_crypto.c:461:70
	ldr	r3, [r0]
	.loc	1 461 76                        @ my_crypto.c:461:76
	ldr	r0, [r0, #12]
	.loc	1 461 17                        @ my_crypto.c:461:17
	str	r0, [sp]
	ldr	r0, __arm_cp.11_9
	bl	AES_SetDMATransfer
	.loc	1 463 25 is_stmt 1              @ my_crypto.c:463:25
	ldr	r0, [sp, #84]
	ldr	r1, __arm_cp.11_11
	.loc	1 464 31                        @ my_crypto.c:464:31
	orrs	r0, r1
	.loc	1 463 17                        @ my_crypto.c:463:17
	bl	AES_Run
	b	.LBB11_13
.Ltmp217:
.LBB11_13:                              @   in Loop: Header=BB11_5 Depth=1
	.loc	1 470 20                        @ my_crypto.c:470:20
	ldr	r1, [sp, #56]                   @ 4-byte Reload
	ldr	r2, [r1, #12]
	.loc	1 470 17 is_stmt 0              @ my_crypto.c:470:17
	ldr	r0, [r1, #4]
	adds	r0, r0, r2
	str	r0, [r1, #4]
.Ltmp218:
	.loc	1 409 9 is_stmt 1               @ my_crypto.c:409:9
	b	.LBB11_5
.Ltmp219:
.LBB11_14:
	.loc	1 0 9 is_stmt 0                 @ my_crypto.c:0:9
	b	.LBB11_15
.LBB11_15:
.Ltmp220:
	.loc	1 478 9 is_stmt 1               @ my_crypto.c:478:9
	ldr	r0, [sp, #56]                   @ 4-byte Reload
	ldr	r0, [r0, #20]
.Ltmp221:
	.loc	1 478 9 is_stmt 0               @ my_crypto.c:478:9
	cmp	r0, #12
	beq	.LBB11_21
	b	.LBB11_16
.LBB11_16:
	.loc	1 0 9                           @ my_crypto.c:0:9
	ldr	r1, [sp, #56]                   @ 4-byte Reload
	movs	r3, #0
.Ltmp222:
	.loc	1 479 18 is_stmt 1              @ my_crypto.c:479:18
	str	r3, [sp, #24]                   @ 4-byte Spill
	str	r3, [sp, #76]
	str	r3, [sp, #72]
	str	r3, [sp, #68]
	str	r3, [sp, #64]
	add	r0, sp, #64
	.loc	1 484 13                        @ my_crypto.c:484:13
	str	r0, [sp, #60]
	.loc	1 485 23                        @ my_crypto.c:485:23
	ldr	r0, [r1, #24]
	.loc	1 485 27 is_stmt 0              @ my_crypto.c:485:27
	ldr	r1, [r1, #20]
	ldr	r2, __arm_cp.11_24
	add	r2, sp
	.loc	1 485 9                         @ my_crypto.c:485:9
	str	r2, [sp, #12]
	ldr	r2, __arm_cp.11_8
	str	r2, [sp, #20]                   @ 4-byte Spill
	str	r2, [sp, #8]
	str	r3, [sp, #4]
	str	r3, [sp]
	mov	r2, r3
	bl	AES_GCMPacker
	ldr	r2, [sp, #20]                   @ 4-byte Reload
	ldr	r1, [sp, #24]                   @ 4-byte Reload
                                        @ kill: def $r3 killed $r0
	.loc	1 490 67 is_stmt 1              @ my_crypto.c:490:67
	ldr	r0, [sp, #56]                   @ 4-byte Reload
	ldr	r3, [sp, #60]
	.loc	1 490 72 is_stmt 0              @ my_crypto.c:490:72
	ldr	r0, [r0, #12]
	.loc	1 490 9                         @ my_crypto.c:490:9
	str	r0, [sp]
	ldr	r0, __arm_cp.11_9
	bl	AES_SetDMATransfer
	.loc	1 492 17 is_stmt 1              @ my_crypto.c:492:17
	ldr	r0, [sp, #84]
	ldr	r1, __arm_cp.11_13
	.loc	1 492 50 is_stmt 0              @ my_crypto.c:492:50
	orrs	r0, r1
	.loc	1 492 9                         @ my_crypto.c:492:9
	bl	AES_Run
	ldr	r1, [sp, #56]                   @ 4-byte Reload
	ldr	r0, [sp, #24]                   @ 4-byte Reload
.Ltmp223:
	.loc	1 498 16 is_stmt 1              @ my_crypto.c:498:16
	str	r0, [r1, #16]
	.loc	1 498 14 is_stmt 0              @ my_crypto.c:498:14
	b	.LBB11_17
.LBB11_17:                              @ =>This Inner Loop Header: Depth=1
.Ltmp224:
	.loc	1 498 21                        @ my_crypto.c:498:21
	ldr	r0, [sp, #56]                   @ 4-byte Reload
	ldr	r0, [r0, #16]
.Ltmp225:
	.loc	1 498 9                         @ my_crypto.c:498:9
	cmp	r0, #3
	bgt	.LBB11_20
	b	.LBB11_18
.LBB11_18:                              @   in Loop: Header=BB11_17 Depth=1
.Ltmp226:
	.loc	1 499 32 is_stmt 1              @ my_crypto.c:499:32
	ldr	r1, [sp, #56]                   @ 4-byte Reload
	ldr	r0, [sp, #60]
	.loc	1 499 36 is_stmt 0              @ my_crypto.c:499:36
	ldr	r1, [r1, #16]
	.loc	1 499 38                        @ my_crypto.c:499:38
	lsls	r1, r1, #2
	.loc	1 499 32                        @ my_crypto.c:499:32
	adds	r2, r0, r1
	ldrb	r0, [r0, r1]
	.loc	1 499 47                        @ my_crypto.c:499:47
	lsls	r0, r0, #24
	.loc	1 499 57                        @ my_crypto.c:499:57
	ldrb	r3, [r2, #1]
	.loc	1 499 72                        @ my_crypto.c:499:72
	lsls	r3, r3, #16
	.loc	1 499 54                        @ my_crypto.c:499:54
	adds	r0, r0, r3
	.loc	1 500 32 is_stmt 1              @ my_crypto.c:500:32
	ldrb	r3, [r2, #2]
	.loc	1 500 47 is_stmt 0              @ my_crypto.c:500:47
	lsls	r3, r3, #8
	.loc	1 499 79 is_stmt 1              @ my_crypto.c:499:79
	adds	r0, r0, r3
	.loc	1 500 55                        @ my_crypto.c:500:55
	ldrb	r2, [r2, #3]
	.loc	1 500 53 is_stmt 0              @ my_crypto.c:500:53
	adds	r0, r0, r2
	ldr	r2, __arm_cp.11_15
	.loc	1 499 29 is_stmt 1              @ my_crypto.c:499:29
	str	r0, [r1, r2]
	.loc	1 501 9                         @ my_crypto.c:501:9
	b	.LBB11_19
.Ltmp227:
.LBB11_19:                              @   in Loop: Header=BB11_17 Depth=1
	.loc	1 498 29                        @ my_crypto.c:498:29
	ldr	r1, [sp, #56]                   @ 4-byte Reload
	ldr	r0, [r1, #16]
	adds	r0, r0, #1
	str	r0, [r1, #16]
	.loc	1 498 9 is_stmt 0               @ my_crypto.c:498:9
	b	.LBB11_17
.Ltmp228:
.LBB11_20:
	.loc	1 502 5 is_stmt 1               @ my_crypto.c:502:5
	b	.LBB11_26
.Ltmp229:
.LBB11_21:
	.loc	1 0 5 is_stmt 0                 @ my_crypto.c:0:5
	ldr	r1, [sp, #56]                   @ 4-byte Reload
	movs	r0, #0
.Ltmp230:
	.loc	1 506 16 is_stmt 1              @ my_crypto.c:506:16
	str	r0, [r1, #16]
	.loc	1 506 14 is_stmt 0              @ my_crypto.c:506:14
	b	.LBB11_22
.LBB11_22:                              @ =>This Inner Loop Header: Depth=1
.Ltmp231:
	.loc	1 506 21                        @ my_crypto.c:506:21
	ldr	r0, [sp, #56]                   @ 4-byte Reload
	ldr	r0, [r0, #16]
.Ltmp232:
	.loc	1 506 9                         @ my_crypto.c:506:9
	cmp	r0, #2
	bgt	.LBB11_25
	b	.LBB11_23
.LBB11_23:                              @   in Loop: Header=BB11_22 Depth=1
.Ltmp233:
	.loc	1 507 32 is_stmt 1              @ my_crypto.c:507:32
	ldr	r1, [sp, #56]                   @ 4-byte Reload
	ldr	r0, [r1, #24]
	.loc	1 507 35 is_stmt 0              @ my_crypto.c:507:35
	ldr	r1, [r1, #16]
	.loc	1 507 37                        @ my_crypto.c:507:37
	lsls	r1, r1, #2
	.loc	1 507 32                        @ my_crypto.c:507:32
	adds	r2, r0, r1
	ldrb	r0, [r0, r1]
	.loc	1 507 46                        @ my_crypto.c:507:46
	lsls	r0, r0, #24
	.loc	1 507 56                        @ my_crypto.c:507:56
	ldrb	r3, [r2, #1]
	.loc	1 507 70                        @ my_crypto.c:507:70
	lsls	r3, r3, #16
	.loc	1 507 53                        @ my_crypto.c:507:53
	adds	r0, r0, r3
	.loc	1 508 32 is_stmt 1              @ my_crypto.c:508:32
	ldrb	r3, [r2, #2]
	.loc	1 508 46 is_stmt 0              @ my_crypto.c:508:46
	lsls	r3, r3, #8
	.loc	1 507 77 is_stmt 1              @ my_crypto.c:507:77
	adds	r0, r0, r3
	.loc	1 508 54                        @ my_crypto.c:508:54
	ldrb	r2, [r2, #3]
	.loc	1 508 52 is_stmt 0              @ my_crypto.c:508:52
	adds	r0, r0, r2
	ldr	r2, __arm_cp.11_15
	.loc	1 507 29 is_stmt 1              @ my_crypto.c:507:29
	str	r0, [r1, r2]
	.loc	1 509 9                         @ my_crypto.c:509:9
	b	.LBB11_24
.Ltmp234:
.LBB11_24:                              @   in Loop: Header=BB11_22 Depth=1
	.loc	1 506 29                        @ my_crypto.c:506:29
	ldr	r1, [sp, #56]                   @ 4-byte Reload
	ldr	r0, [r1, #16]
	adds	r0, r0, #1
	str	r0, [r1, #16]
	.loc	1 506 9 is_stmt 0               @ my_crypto.c:506:9
	b	.LBB11_22
.Ltmp235:
.LBB11_25:
	.loc	1 0 9                           @ my_crypto.c:0:9
	ldr	r1, __arm_cp.11_14
	movs	r0, #1
	.loc	1 510 25 is_stmt 1              @ my_crypto.c:510:25
	str	r0, [r1]
	b	.LBB11_26
.Ltmp236:
.LBB11_26:
	.loc	1 513 68                        @ my_crypto.c:513:68
	ldr	r3, __arm_cp.11_22
	add	r3, sp
	ldr	r3, [r3]
	movs	r0, #16
	.loc	1 513 5 is_stmt 0               @ my_crypto.c:513:5
	str	r0, [sp]
	ldr	r0, __arm_cp.11_9
	movs	r1, #0
	add	r2, sp, #92
	bl	AES_SetDMATransfer
	.loc	1 516 13 is_stmt 1              @ my_crypto.c:516:13
	ldr	r0, [sp, #84]
	movw	r1, #1184
	.loc	1 516 44 is_stmt 0              @ my_crypto.c:516:44
	orrs	r0, r1
	.loc	1 516 5                         @ my_crypto.c:516:5
	bl	AES_Run
	.loc	1 520 1 epilogue_begin is_stmt 1 @ my_crypto.c:520:1
	ldr	r7, __arm_cp.11_17
	add	sp, r7
	pop	{r4, r5, r7, pc}
.Ltmp237:
	.p2align	2
@ %bb.27:
	.loc	1 0 1 is_stmt 0                 @ my_crypto.c:0:1
__arm_cp.11_25:
	.long	4294964032                      @ 0xfffff340
.Lcpi_end37:
	.size	__arm_cp.11_25, .Lcpi_end37-__arm_cp.11_25
	.p2align	2
@ %bb.28:
__arm_cp.11_26:
	.long	3228                            @ 0xc9c
.Lcpi_end38:
	.size	__arm_cp.11_26, .Lcpi_end38-__arm_cp.11_26
	.p2align	2
@ %bb.29:
.LCPI11_27:
	.long	3296                            @ 0xce0
	.p2align	2
@ %bb.30:
.LCPI11_28:
	.long	3292                            @ 0xcdc
	.p2align	2
@ %bb.31:
.LCPI11_29:
	.long	3288                            @ 0xcd8
	.p2align	2
@ %bb.32:
.LCPI11_30:
	.long	3284                            @ 0xcd4
	.p2align	2
@ %bb.33:
.LCPI11_31:
	.long	3280                            @ 0xcd0
	.p2align	2
@ %bb.34:
__arm_cp.11_0:
	.long	1073946752                      @ 0x40032080
.Lcpi_end39:
	.size	__arm_cp.11_0, .Lcpi_end39-__arm_cp.11_0
__arm_cp.11_1:
	.long	1073946756                      @ 0x40032084
.Lcpi_end40:
	.size	__arm_cp.11_1, .Lcpi_end40-__arm_cp.11_1
__arm_cp.11_2:
	.long	1073946760                      @ 0x40032088
.Lcpi_end41:
	.size	__arm_cp.11_2, .Lcpi_end41-__arm_cp.11_2
__arm_cp.11_3:
	.long	1073946764                      @ 0x4003208c
.Lcpi_end42:
	.size	__arm_cp.11_3, .Lcpi_end42-__arm_cp.11_3
__arm_cp.11_4:
	.long	1073946768                      @ 0x40032090
.Lcpi_end43:
	.size	__arm_cp.11_4, .Lcpi_end43-__arm_cp.11_4
__arm_cp.11_5:
	.long	1073946772                      @ 0x40032094
.Lcpi_end44:
	.size	__arm_cp.11_5, .Lcpi_end44-__arm_cp.11_5
__arm_cp.11_6:
	.long	g_au8FeedBackBuf
.Lcpi_end45:
	.size	__arm_cp.11_6, .Lcpi_end45-__arm_cp.11_6
__arm_cp.11_7:
	.long	1073946784                      @ 0x400320a0
.Lcpi_end46:
	.size	__arm_cp.11_7, .Lcpi_end46-__arm_cp.11_7
__arm_cp.11_8:
	.long	g_au8Buf
.Lcpi_end47:
	.size	__arm_cp.11_8, .Lcpi_end47-__arm_cp.11_8
__arm_cp.11_9:
	.long	1073946624                      @ 0x40032000
.Lcpi_end48:
	.size	__arm_cp.11_9, .Lcpi_end48-__arm_cp.11_9
__arm_cp.11_10:
	.long	2105728                         @ 0x202180
.Lcpi_end49:
	.size	__arm_cp.11_10, .Lcpi_end49-__arm_cp.11_10
__arm_cp.11_11:
	.long	3154400                         @ 0x3021e0
.Lcpi_end50:
	.size	__arm_cp.11_11, .Lcpi_end50-__arm_cp.11_11
__arm_cp.11_12:
	.long	3154368                         @ 0x3021c0
.Lcpi_end51:
	.size	__arm_cp.11_12, .Lcpi_end51-__arm_cp.11_12
__arm_cp.11_13:
	.long	8608                            @ 0x21a0
.Lcpi_end52:
	.size	__arm_cp.11_13, .Lcpi_end52-__arm_cp.11_13
__arm_cp.11_14:
	.long	1073946940                      @ 0x4003213c
.Lcpi_end53:
	.size	__arm_cp.11_14, .Lcpi_end53-__arm_cp.11_14
__arm_cp.11_15:
	.long	1073946928                      @ 0x40032130
.Lcpi_end54:
	.size	__arm_cp.11_15, .Lcpi_end54-__arm_cp.11_15
__arm_cp.11_17:
	.long	3264                            @ 0xcc0
.Lcpi_end55:
	.size	__arm_cp.11_17, .Lcpi_end55-__arm_cp.11_17
__arm_cp.11_18:
	.long	3292                            @ 0xcdc
.Lcpi_end56:
	.size	__arm_cp.11_18, .Lcpi_end56-__arm_cp.11_18
__arm_cp.11_19:
	.long	3284                            @ 0xcd4
.Lcpi_end57:
	.size	__arm_cp.11_19, .Lcpi_end57-__arm_cp.11_19
__arm_cp.11_20:
	.long	3280                            @ 0xcd0
.Lcpi_end58:
	.size	__arm_cp.11_20, .Lcpi_end58-__arm_cp.11_20
__arm_cp.11_21:
	.long	3288                            @ 0xcd8
.Lcpi_end59:
	.size	__arm_cp.11_21, .Lcpi_end59-__arm_cp.11_21
__arm_cp.11_22:
	.long	3296                            @ 0xce0
.Lcpi_end60:
	.size	__arm_cp.11_22, .Lcpi_end60-__arm_cp.11_22
__arm_cp.11_24:
	.long	3240                            @ 0xca8
.Lcpi_end61:
	.size	__arm_cp.11_24, .Lcpi_end61-__arm_cp.11_24
.Lfunc_end11:
	.size	AES_GCMTag, .Lfunc_end11-AES_GCMTag
	.cfi_endproc
	.fnend
                                        @ -- End function
	.section	.text.AES_GCMDec,"ax",%progbits
	.hidden	AES_GCMDec                      @ -- Begin function AES_GCMDec
	.globl	AES_GCMDec
	.p2align	2
	.type	AES_GCMDec,%function
	.code	16                              @ @AES_GCMDec
	.thumb_func
AES_GCMDec:
.Lfunc_begin12:
	.loc	1 673 0 is_stmt 1               @ my_crypto.c:673:0
	.fnstart
	.cfi_startproc
@ %bb.0:
	.save	{r4, r5, r6, lr}
	push	{r4, r5, r6, lr}
	.cfi_def_cfa_offset 16
	.cfi_offset lr, -4
	.cfi_offset r6, -8
	.cfi_offset r5, -12
	.cfi_offset r4, -16
	.pad	#96
	sub	sp, #96
	.cfi_def_cfa_offset 112
	ldr	r4, [sp, #136]
	ldr	r4, [sp, #132]
	ldr	r4, [sp, #128]
	ldr	r4, [sp, #124]
	ldr	r4, [sp, #120]
	ldr	r4, [sp, #116]
	ldr	r4, [sp, #112]
	str	r0, [sp, #92]
	str	r1, [sp, #88]
	str	r2, [sp, #84]
	str	r3, [sp, #80]
.Ltmp238:
	.loc	1 683 9 prologue_end            @ my_crypto.c:683:9
	ldr	r0, [sp, #88]
	.loc	1 683 14 is_stmt 0              @ my_crypto.c:683:14
	lsrs	r0, r0, #3
	.loc	1 683 7                         @ my_crypto.c:683:7
	str	r0, [sp, #76]
	.loc	1 684 24 is_stmt 1              @ my_crypto.c:684:24
	ldr	r0, [sp, #76]
	.loc	1 684 49 is_stmt 0              @ my_crypto.c:684:49
	lsls	r1, r0, #31
	lsrs	r1, r1, #29
	lsrs	r0, r0, #2
	lsls	r0, r0, #3
	adds	r0, r0, r1
	.loc	1 684 19                        @ my_crypto.c:684:19
	str	r0, [sp, #52]
	.loc	1 688 19 is_stmt 1              @ my_crypto.c:688:19
	ldr	r0, [sp, #52]
	movs	r1, #3
	lsls	r1, r1, #22
	.loc	1 687 70                        @ my_crypto.c:687:70
	orrs	r0, r1
	.loc	1 687 17 is_stmt 0              @ my_crypto.c:687:17
	str	r0, [sp, #56]
	.loc	1 690 5 is_stmt 1               @ my_crypto.c:690:5
	ldr	r0, __arm_cp.12_0
	bl	printf
	.loc	1 691 27                        @ my_crypto.c:691:27
	ldr	r1, [sp, #88]
	.loc	1 691 5 is_stmt 0               @ my_crypto.c:691:5
	ldr	r0, __arm_cp.12_1
	bl	printf
	.loc	1 692 19 is_stmt 1              @ my_crypto.c:692:19
	ldr	r0, [sp, #92]
	.loc	1 692 24 is_stmt 0              @ my_crypto.c:692:24
	ldr	r1, [sp, #88]
	.loc	1 692 5                         @ my_crypto.c:692:5
	bl	dump_buff_hex
	.loc	1 694 26 is_stmt 1              @ my_crypto.c:694:26
	ldr	r1, [sp, #80]
	.loc	1 694 5 is_stmt 0               @ my_crypto.c:694:5
	ldr	r0, __arm_cp.12_2
	bl	printf
	.loc	1 695 19 is_stmt 1              @ my_crypto.c:695:19
	ldr	r0, [sp, #84]
	.loc	1 695 23 is_stmt 0              @ my_crypto.c:695:23
	ldr	r1, [sp, #80]
	.loc	1 695 5                         @ my_crypto.c:695:5
	bl	dump_buff_hex
	.loc	1 697 26 is_stmt 1              @ my_crypto.c:697:26
	ldr	r1, [sp, #116]
	.loc	1 697 5 is_stmt 0               @ my_crypto.c:697:5
	ldr	r0, __arm_cp.12_3
	bl	printf
	.loc	1 698 19 is_stmt 1              @ my_crypto.c:698:19
	ldr	r0, [sp, #112]
	.loc	1 698 22 is_stmt 0              @ my_crypto.c:698:22
	ldr	r1, [sp, #116]
	.loc	1 698 5                         @ my_crypto.c:698:5
	bl	dump_buff_hex
	.loc	1 701 22 is_stmt 1              @ my_crypto.c:701:22
	ldr	r1, [sp, #92]
	.loc	1 701 27 is_stmt 0              @ my_crypto.c:701:27
	ldr	r2, [sp, #88]
	.loc	1 701 5                         @ my_crypto.c:701:5
	ldr	r0, __arm_cp.12_4
	str	r0, [sp, #40]                   @ 4-byte Spill
	bl	__aeabi_memcpy
                                        @ kill: def $r1 killed $r0
	.loc	1 702 27 is_stmt 1              @ my_crypto.c:702:27
	ldr	r0, [sp, #40]                   @ 4-byte Reload
	ldr	r1, [sp, #88]
	.loc	1 702 5 is_stmt 0               @ my_crypto.c:702:5
	bl	ToBigEndian
	movs	r0, #0
.Ltmp239:
	.loc	1 703 12 is_stmt 1              @ my_crypto.c:703:12
	str	r0, [sp, #76]
	.loc	1 703 10 is_stmt 0              @ my_crypto.c:703:10
	b	.LBB12_1
.LBB12_1:                               @ =>This Inner Loop Header: Depth=1
.Ltmp240:
	.loc	1 703 17                        @ my_crypto.c:703:17
	ldr	r0, [sp, #76]
	.loc	1 703 27                        @ my_crypto.c:703:27
	ldr	r1, [sp, #88]
	.loc	1 703 32                        @ my_crypto.c:703:32
	lsrs	r1, r1, #2
.Ltmp241:
	.loc	1 703 5                         @ my_crypto.c:703:5
	cmp	r0, r1
	bge	.LBB12_4
	b	.LBB12_2
.LBB12_2:                               @   in Loop: Header=BB12_1 Depth=1
.Ltmp242:
	.loc	1 704 52 is_stmt 1              @ my_crypto.c:704:52
	ldr	r0, [sp, #76]
	.loc	1 704 43 is_stmt 0              @ my_crypto.c:704:43
	ldr	r2, __arm_cp.12_4
	.loc	1 704 54                        @ my_crypto.c:704:54
	lsls	r1, r0, #2
	.loc	1 704 43                        @ my_crypto.c:704:43
	adds	r0, r2, r1
	.loc	1 704 28                        @ my_crypto.c:704:28
	ldrb	r3, [r2, r1]
	ldrb	r2, [r0, #1]
	lsls	r2, r2, #8
	adds	r2, r2, r3
	ldrb	r3, [r0, #2]
	lsls	r3, r3, #16
	ldrb	r0, [r0, #3]
	lsls	r0, r0, #24
	adds	r0, r0, r3
	adds	r0, r0, r2
	ldr	r2, __arm_cp.12_19
	.loc	1 704 26                        @ my_crypto.c:704:26
	str	r0, [r1, r2]
	.loc	1 705 5 is_stmt 1               @ my_crypto.c:705:5
	b	.LBB12_3
.Ltmp243:
.LBB12_3:                               @   in Loop: Header=BB12_1 Depth=1
	.loc	1 703 39                        @ my_crypto.c:703:39
	ldr	r0, [sp, #76]
	adds	r0, r0, #1
	str	r0, [sp, #76]
	.loc	1 703 5 is_stmt 0               @ my_crypto.c:703:5
	b	.LBB12_1
.Ltmp244:
.LBB12_4:
	.loc	1 708 30 is_stmt 1              @ my_crypto.c:708:30
	ldr	r0, [sp, #80]
	ldr	r1, __arm_cp.12_5
	.loc	1 708 28 is_stmt 0              @ my_crypto.c:708:28
	str	r0, [r1]
	ldr	r1, __arm_cp.12_6
	movs	r0, #0
	.loc	1 709 28 is_stmt 1              @ my_crypto.c:709:28
	str	r0, [r1]
	.loc	1 712 29                        @ my_crypto.c:712:29
	ldr	r1, [sp, #116]
	ldr	r2, __arm_cp.12_7
	.loc	1 712 27 is_stmt 0              @ my_crypto.c:712:27
	str	r1, [r2]
	ldr	r1, __arm_cp.12_8
	.loc	1 713 27 is_stmt 1              @ my_crypto.c:713:27
	str	r0, [r1]
	.loc	1 716 29                        @ my_crypto.c:716:29
	ldr	r1, [sp, #124]
	ldr	r2, __arm_cp.12_9
	.loc	1 716 27 is_stmt 0              @ my_crypto.c:716:27
	str	r1, [r2]
	ldr	r1, __arm_cp.12_10
	.loc	1 717 27 is_stmt 1              @ my_crypto.c:717:27
	str	r0, [r1]
	add	r0, sp, #124
	.loc	1 720 21                        @ my_crypto.c:720:21
	ldrb	r0, [r0]
	lsls	r0, r0, #28
	cbz	r0, .LBB12_6
	b	.LBB12_5
.LBB12_5:
	.loc	1 720 38 is_stmt 0              @ my_crypto.c:720:38
	ldr	r0, [sp, #124]
	.loc	1 720 43                        @ my_crypto.c:720:43
	adds	r0, #16
	movs	r1, #15
	.loc	1 720 55                        @ my_crypto.c:720:55
	bics	r0, r1
	.loc	1 720 21                        @ my_crypto.c:720:21
	str	r0, [sp, #36]                   @ 4-byte Spill
	b	.LBB12_7
.LBB12_6:
	.loc	1 720 62                        @ my_crypto.c:720:62
	ldr	r0, [sp, #124]
	.loc	1 720 21                        @ my_crypto.c:720:21
	str	r0, [sp, #36]                   @ 4-byte Spill
	b	.LBB12_7
.LBB12_7:
	ldr	r0, [sp, #36]                   @ 4-byte Reload
	.loc	1 720 6                         @ my_crypto.c:720:6
	ldr	r1, [sp, #136]
	.loc	1 720 19                        @ my_crypto.c:720:19
	str	r0, [r1]
.Ltmp245:
	.loc	1 723 9 is_stmt 1               @ my_crypto.c:723:9
	ldr	r0, [sp, #124]
.Ltmp246:
	.loc	1 723 9 is_stmt 0               @ my_crypto.c:723:9
	cmp	r0, #255
	bhi	.LBB12_9
	b	.LBB12_8
.LBB12_8:
.Ltmp247:
	.loc	1 726 23 is_stmt 1              @ my_crypto.c:726:23
	ldr	r0, [sp, #84]
	.loc	1 726 27 is_stmt 0              @ my_crypto.c:726:27
	ldr	r1, [sp, #80]
	.loc	1 726 34                        @ my_crypto.c:726:34
	ldr	r2, [sp, #112]
	.loc	1 726 37                        @ my_crypto.c:726:37
	ldr	r3, [sp, #116]
	.loc	1 726 43                        @ my_crypto.c:726:43
	ldr	r4, [sp, #120]
	.loc	1 726 46                        @ my_crypto.c:726:46
	ldr	r5, [sp, #124]
	add	r6, sp, #48
	.loc	1 726 9                         @ my_crypto.c:726:9
	str	r6, [sp, #12]
	ldr	r6, __arm_cp.12_4
	str	r6, [sp, #32]                   @ 4-byte Spill
	str	r6, [sp, #8]
	str	r5, [sp, #4]
	str	r4, [sp]
	bl	AES_GCMPacker
	ldr	r2, [sp, #32]                   @ 4-byte Reload
	.loc	1 728 67 is_stmt 1              @ my_crypto.c:728:67
	ldr	r3, [sp, #128]
	.loc	1 729 28                        @ my_crypto.c:729:28
	ldr	r0, [sp, #48]
	.loc	1 728 9                         @ my_crypto.c:728:9
	str	r0, [sp]
	ldr	r0, __arm_cp.12_11
	movs	r1, #0
	bl	AES_SetDMATransfer
	.loc	1 731 17                        @ my_crypto.c:731:17
	ldr	r0, [sp, #56]
	ldr	r1, __arm_cp.12_18
	.loc	1 731 48 is_stmt 0              @ my_crypto.c:731:48
	orrs	r0, r1
	.loc	1 731 9                         @ my_crypto.c:731:9
	bl	AES_Run
	.loc	1 732 5 is_stmt 1               @ my_crypto.c:732:5
	b	.LBB12_20
.Ltmp248:
.LBB12_9:
	.loc	1 735 23                        @ my_crypto.c:735:23
	ldr	r0, [sp, #84]
	.loc	1 735 27 is_stmt 0              @ my_crypto.c:735:27
	ldr	r1, [sp, #80]
	.loc	1 735 34                        @ my_crypto.c:735:34
	ldr	r2, [sp, #112]
	.loc	1 735 37                        @ my_crypto.c:735:37
	ldr	r3, [sp, #116]
	add	r4, sp, #44
	.loc	1 735 9                         @ my_crypto.c:735:9
	str	r4, [sp, #12]
	ldr	r4, __arm_cp.12_4
	str	r4, [sp, #28]                   @ 4-byte Spill
	str	r4, [sp, #8]
	movs	r4, #0
	str	r4, [sp, #24]                   @ 4-byte Spill
	str	r4, [sp, #4]
	str	r4, [sp]
	bl	AES_GCMPacker
	ldr	r1, [sp, #24]                   @ 4-byte Reload
	ldr	r2, [sp, #28]                   @ 4-byte Reload
	.loc	1 737 67 is_stmt 1              @ my_crypto.c:737:67
	ldr	r3, [sp, #128]
	.loc	1 738 28                        @ my_crypto.c:738:28
	ldr	r0, [sp, #44]
	.loc	1 737 9                         @ my_crypto.c:737:9
	str	r0, [sp]
	ldr	r0, __arm_cp.12_11
	bl	AES_SetDMATransfer
	.loc	1 740 26                        @ my_crypto.c:740:26
	ldr	r0, __arm_cp.12_12
	ldr	r1, __arm_cp.12_13
	str	r0, [r1]
	.loc	1 742 17                        @ my_crypto.c:742:17
	ldr	r0, [sp, #56]
	ldr	r1, __arm_cp.12_14
	.loc	1 742 48 is_stmt 0              @ my_crypto.c:742:48
	orrs	r0, r1
	.loc	1 742 9                         @ my_crypto.c:742:9
	bl	AES_Run
	.loc	1 744 9 is_stmt 1               @ my_crypto.c:744:9
	ldr	r0, __arm_cp.12_15
	movw	r1, #256
	bl	printf
	.loc	1 745 20                        @ my_crypto.c:745:20
	ldr	r0, [sp, #124]
	.loc	1 745 18 is_stmt 0              @ my_crypto.c:745:18
	str	r0, [sp, #68]
	.loc	1 746 15 is_stmt 1              @ my_crypto.c:746:15
	ldr	r0, [sp, #120]
	.loc	1 746 13 is_stmt 0              @ my_crypto.c:746:13
	str	r0, [sp, #64]
	.loc	1 747 16 is_stmt 1              @ my_crypto.c:747:16
	ldr	r0, [sp, #128]
	.loc	1 747 14 is_stmt 0              @ my_crypto.c:747:14
	str	r0, [sp, #60]
	.loc	1 749 9 is_stmt 1               @ my_crypto.c:749:9
	b	.LBB12_10
.LBB12_10:                              @ =>This Inner Loop Header: Depth=1
	.loc	1 749 16 is_stmt 0              @ my_crypto.c:749:16
	ldr	r0, [sp, #68]
	.loc	1 749 9                         @ my_crypto.c:749:9
	cmp	r0, #1
	blt	.LBB12_19
	b	.LBB12_11
.LBB12_11:                              @   in Loop: Header=BB12_10 Depth=1
.Ltmp249:
	.loc	1 750 19 is_stmt 1              @ my_crypto.c:750:19
	ldr	r0, [sp, #68]
	.loc	1 750 17 is_stmt 0              @ my_crypto.c:750:17
	str	r0, [sp, #72]
.Ltmp250:
	.loc	1 751 17 is_stmt 1              @ my_crypto.c:751:17
	ldr	r0, [sp, #72]
	movw	r1, #257
.Ltmp251:
	.loc	1 751 17 is_stmt 0              @ my_crypto.c:751:17
	cmp	r0, r1
	blt	.LBB12_13
	b	.LBB12_12
.LBB12_12:                              @   in Loop: Header=BB12_10 Depth=1
	.loc	1 0 17                          @ my_crypto.c:0:17
	movw	r0, #256
.Ltmp252:
	.loc	1 752 21 is_stmt 1              @ my_crypto.c:752:21
	str	r0, [sp, #72]
	.loc	1 752 17 is_stmt 0              @ my_crypto.c:752:17
	b	.LBB12_13
.Ltmp253:
.LBB12_13:                              @   in Loop: Header=BB12_10 Depth=1
	.loc	1 753 25 is_stmt 1              @ my_crypto.c:753:25
	ldr	r1, [sp, #72]
	.loc	1 753 22 is_stmt 0              @ my_crypto.c:753:22
	ldr	r0, [sp, #68]
	subs	r0, r0, r1
	str	r0, [sp, #68]
	.loc	1 755 30 is_stmt 1              @ my_crypto.c:755:30
	ldr	r1, [sp, #64]
	.loc	1 755 35 is_stmt 0              @ my_crypto.c:755:35
	ldr	r2, [sp, #72]
	.loc	1 755 13                        @ my_crypto.c:755:13
	ldr	r0, __arm_cp.12_4
	bl	__aeabi_memcpy
	add	r0, sp, #72
	.loc	1 756 17 is_stmt 1              @ my_crypto.c:756:17
	ldrb	r0, [r0]
	lsls	r0, r0, #28
	cbz	r0, .LBB12_15
	b	.LBB12_14
.LBB12_14:                              @   in Loop: Header=BB12_10 Depth=1
.Ltmp254:
	.loc	1 757 34                        @ my_crypto.c:757:34
	ldr	r2, [sp, #72]
	.loc	1 757 25 is_stmt 0              @ my_crypto.c:757:25
	ldr	r0, __arm_cp.12_4
	adds	r0, r0, r2
	movs	r1, #15
	.loc	1 757 53                        @ my_crypto.c:757:53
	str	r1, [sp, #20]                   @ 4-byte Spill
	ands	r2, r1
	movs	r1, #16
	.loc	1 757 46                        @ my_crypto.c:757:46
	subs	r1, r1, r2
	.loc	1 757 17                        @ my_crypto.c:757:17
	bl	__aeabi_memclr
	ldr	r1, [sp, #20]                   @ 4-byte Reload
	.loc	1 758 25 is_stmt 1              @ my_crypto.c:758:25
	ldr	r0, [sp, #72]
	.loc	1 758 29 is_stmt 0              @ my_crypto.c:758:29
	adds	r0, #16
	.loc	1 758 41                        @ my_crypto.c:758:41
	bics	r0, r1
	.loc	1 758 21                        @ my_crypto.c:758:21
	str	r0, [sp, #72]
	.loc	1 759 13 is_stmt 1              @ my_crypto.c:759:13
	b	.LBB12_15
.Ltmp255:
.LBB12_15:                              @   in Loop: Header=BB12_10 Depth=1
	.loc	1 761 71                        @ my_crypto.c:761:71
	ldr	r3, [sp, #60]
	.loc	1 762 32                        @ my_crypto.c:762:32
	ldr	r0, [sp, #72]
	.loc	1 761 13                        @ my_crypto.c:761:13
	str	r0, [sp]
	ldr	r2, __arm_cp.12_4
	ldr	r0, __arm_cp.12_11
	movs	r1, #0
	bl	AES_SetDMATransfer
.Ltmp256:
	.loc	1 764 17                        @ my_crypto.c:764:17
	ldr	r0, [sp, #68]
.Ltmp257:
	.loc	1 764 17 is_stmt 0              @ my_crypto.c:764:17
	cbz	r0, .LBB12_17
	b	.LBB12_16
.LBB12_16:                              @   in Loop: Header=BB12_10 Depth=1
.Ltmp258:
	.loc	1 765 25 is_stmt 1              @ my_crypto.c:765:25
	ldr	r0, [sp, #56]
	ldr	r1, __arm_cp.12_17
	.loc	1 765 71 is_stmt 0              @ my_crypto.c:765:71
	orrs	r0, r1
	.loc	1 765 17                        @ my_crypto.c:765:17
	bl	AES_Run
	.loc	1 766 13 is_stmt 1              @ my_crypto.c:766:13
	b	.LBB12_18
.Ltmp259:
.LBB12_17:                              @   in Loop: Header=BB12_10 Depth=1
	.loc	1 767 25                        @ my_crypto.c:767:25
	ldr	r0, [sp, #56]
	ldr	r1, __arm_cp.12_16
	.loc	1 767 79 is_stmt 0              @ my_crypto.c:767:79
	orrs	r0, r1
	.loc	1 767 17                        @ my_crypto.c:767:17
	bl	AES_Run
	b	.LBB12_18
.Ltmp260:
.LBB12_18:                              @   in Loop: Header=BB12_10 Depth=1
	.loc	1 771 20 is_stmt 1              @ my_crypto.c:771:20
	ldr	r1, [sp, #72]
	.loc	1 771 17 is_stmt 0              @ my_crypto.c:771:17
	ldr	r0, [sp, #64]
	adds	r0, r0, r1
	str	r0, [sp, #64]
	.loc	1 772 21 is_stmt 1              @ my_crypto.c:772:21
	ldr	r1, [sp, #72]
	.loc	1 772 18 is_stmt 0              @ my_crypto.c:772:18
	ldr	r0, [sp, #60]
	adds	r0, r0, r1
	str	r0, [sp, #60]
.Ltmp261:
	.loc	1 749 9 is_stmt 1               @ my_crypto.c:749:9
	b	.LBB12_10
.Ltmp262:
.LBB12_19:
	.loc	1 0 9 is_stmt 0                 @ my_crypto.c:0:9
	b	.LBB12_20
.LBB12_20:
	.loc	1 782 13 is_stmt 1              @ my_crypto.c:782:13
	ldr	r0, [sp, #124]
	.loc	1 782 6 is_stmt 0               @ my_crypto.c:782:6
	ldr	r1, [sp, #132]
	.loc	1 782 11                        @ my_crypto.c:782:11
	str	r0, [r1]
	movs	r0, #0
	.loc	1 784 5 epilogue_begin is_stmt 1 @ my_crypto.c:784:5
	add	sp, #96
	pop	{r4, r5, r6, pc}
.Ltmp263:
	.p2align	2
@ %bb.21:
	.loc	1 0 5 is_stmt 0                 @ my_crypto.c:0:5
__arm_cp.12_0:
	.long	.L.str.14
.Lcpi_end62:
	.size	__arm_cp.12_0, .Lcpi_end62-__arm_cp.12_0
__arm_cp.12_1:
	.long	.L.str.15
.Lcpi_end63:
	.size	__arm_cp.12_1, .Lcpi_end63-__arm_cp.12_1
__arm_cp.12_2:
	.long	.L.str.16
.Lcpi_end64:
	.size	__arm_cp.12_2, .Lcpi_end64-__arm_cp.12_2
__arm_cp.12_3:
	.long	.L.str.17
.Lcpi_end65:
	.size	__arm_cp.12_3, .Lcpi_end65-__arm_cp.12_3
__arm_cp.12_4:
	.long	g_au8Buf
.Lcpi_end66:
	.size	__arm_cp.12_4, .Lcpi_end66-__arm_cp.12_4
__arm_cp.12_5:
	.long	1073946752                      @ 0x40032080
.Lcpi_end67:
	.size	__arm_cp.12_5, .Lcpi_end67-__arm_cp.12_5
__arm_cp.12_6:
	.long	1073946756                      @ 0x40032084
.Lcpi_end68:
	.size	__arm_cp.12_6, .Lcpi_end68-__arm_cp.12_6
__arm_cp.12_7:
	.long	1073946760                      @ 0x40032088
.Lcpi_end69:
	.size	__arm_cp.12_7, .Lcpi_end69-__arm_cp.12_7
__arm_cp.12_8:
	.long	1073946764                      @ 0x4003208c
.Lcpi_end70:
	.size	__arm_cp.12_8, .Lcpi_end70-__arm_cp.12_8
__arm_cp.12_9:
	.long	1073946768                      @ 0x40032090
.Lcpi_end71:
	.size	__arm_cp.12_9, .Lcpi_end71-__arm_cp.12_9
__arm_cp.12_10:
	.long	1073946772                      @ 0x40032094
.Lcpi_end72:
	.size	__arm_cp.12_10, .Lcpi_end72-__arm_cp.12_10
__arm_cp.12_11:
	.long	1073946624                      @ 0x40032000
.Lcpi_end73:
	.size	__arm_cp.12_11, .Lcpi_end73-__arm_cp.12_11
__arm_cp.12_12:
	.long	g_au8FeedBackBuf
.Lcpi_end74:
	.size	__arm_cp.12_12, .Lcpi_end74-__arm_cp.12_12
__arm_cp.12_13:
	.long	1073946784                      @ 0x400320a0
.Lcpi_end75:
	.size	__arm_cp.12_13, .Lcpi_end75-__arm_cp.12_13
__arm_cp.12_14:
	.long	2105472                         @ 0x202080
.Lcpi_end76:
	.size	__arm_cp.12_14, .Lcpi_end76-__arm_cp.12_14
__arm_cp.12_15:
	.long	.L.str.13
.Lcpi_end77:
	.size	__arm_cp.12_15, .Lcpi_end77-__arm_cp.12_15
__arm_cp.12_16:
	.long	3154144                         @ 0x3020e0
.Lcpi_end78:
	.size	__arm_cp.12_16, .Lcpi_end78-__arm_cp.12_16
__arm_cp.12_17:
	.long	3154112                         @ 0x3020c0
.Lcpi_end79:
	.size	__arm_cp.12_17, .Lcpi_end79-__arm_cp.12_17
__arm_cp.12_18:
	.long	8352                            @ 0x20a0
.Lcpi_end80:
	.size	__arm_cp.12_18, .Lcpi_end80-__arm_cp.12_18
__arm_cp.12_19:
	.long	1073946896                      @ 0x40032110
.Lcpi_end81:
	.size	__arm_cp.12_19, .Lcpi_end81-__arm_cp.12_19
.Lfunc_end12:
	.size	AES_GCMDec, .Lfunc_end12-AES_GCMDec
	.cfi_endproc
	.fnend
                                        @ -- End function
	.section	.text.string2hex,"ax",%progbits
	.hidden	string2hex                      @ -- Begin function string2hex
	.globl	string2hex
	.p2align	2
	.type	string2hex,%function
	.code	16                              @ @string2hex
	.thumb_func
string2hex:
.Lfunc_begin13:
	.loc	1 787 0 is_stmt 1               @ my_crypto.c:787:0
	.fnstart
	.cfi_startproc
@ %bb.0:
	.save	{r7, lr}
	push	{r7, lr}
	.cfi_def_cfa_offset 8
	.cfi_offset lr, -4
	.cfi_offset r7, -8
	.pad	#8
	sub	sp, #8
	.cfi_def_cfa_offset 16
	str	r0, [sp, #4]
	str	r1, [sp]
.Ltmp264:
	.loc	1 788 5 prologue_end            @ my_crypto.c:788:5
	b	.LBB13_1
.LBB13_1:                               @ =>This Inner Loop Header: Depth=1
	.loc	1 788 13 is_stmt 0              @ my_crypto.c:788:13
	ldr	r0, [sp, #4]
	.loc	1 788 12                        @ my_crypto.c:788:12
	ldrb	r0, [r0]
	.loc	1 788 5                         @ my_crypto.c:788:5
	cbz	r0, .LBB13_3
	b	.LBB13_2
.LBB13_2:                               @   in Loop: Header=BB13_1 Depth=1
.Ltmp265:
	.loc	1 789 17 is_stmt 1              @ my_crypto.c:789:17
	ldr	r0, [sp]
	.loc	1 789 49 is_stmt 0              @ my_crypto.c:789:49
	ldr	r1, [sp, #4]
	.loc	1 789 48                        @ my_crypto.c:789:48
	ldrb	r2, [r1]
	.loc	1 789 9                         @ my_crypto.c:789:9
	ldr	r1, __arm_cp.13_0
	bl	sprintf
	.loc	1 790 16 is_stmt 1              @ my_crypto.c:790:16
	ldr	r0, [sp]
	adds	r0, r0, #2
	str	r0, [sp]
	.loc	1 791 14                        @ my_crypto.c:791:14
	ldr	r0, [sp, #4]
	adds	r0, r0, #1
	str	r0, [sp, #4]
.Ltmp266:
	.loc	1 788 5                         @ my_crypto.c:788:5
	b	.LBB13_1
.LBB13_3:
	.loc	1 793 6                         @ my_crypto.c:793:6
	ldr	r1, [sp]
	movs	r0, #0
	.loc	1 793 13 is_stmt 0              @ my_crypto.c:793:13
	strb	r0, [r1]
	.loc	1 794 1 epilogue_begin is_stmt 1 @ my_crypto.c:794:1
	add	sp, #8
	pop	{r7, pc}
.Ltmp267:
	.p2align	2
@ %bb.4:
	.loc	1 0 1 is_stmt 0                 @ my_crypto.c:0:1
__arm_cp.13_0:
	.long	.L.str.6
.Lcpi_end82:
	.size	__arm_cp.13_0, .Lcpi_end82-__arm_cp.13_0
.Lfunc_end13:
	.size	string2hex, .Lfunc_end13-string2hex
	.cfi_endproc
	.cantunwind
	.fnend
                                        @ -- End function
	.section	.text.hex_char_to_val,"ax",%progbits
	.hidden	hex_char_to_val                 @ -- Begin function hex_char_to_val
	.globl	hex_char_to_val
	.p2align	1
	.type	hex_char_to_val,%function
	.code	16                              @ @hex_char_to_val
	.thumb_func
hex_char_to_val:
.Lfunc_begin14:
	.loc	1 796 0 is_stmt 1               @ my_crypto.c:796:0
	.fnstart
	.cfi_startproc
@ %bb.0:
	.pad	#8
	sub	sp, #8
	.cfi_def_cfa_offset 8
	mov	r1, r0
                                        @ kill: def $r0 killed $r1
	mov	r0, sp
	strb	r1, [r0]
.Ltmp268:
	.loc	1 797 9 prologue_end            @ my_crypto.c:797:9
	ldrb	r0, [r0]
	.loc	1 797 18 is_stmt 0              @ my_crypto.c:797:18
	cmp	r0, #48
	blt	.LBB14_3
	b	.LBB14_1
.LBB14_1:
	.loc	1 0 18                          @ my_crypto.c:0:18
	mov	r0, sp
	.loc	1 797 21                        @ my_crypto.c:797:21
	ldrb	r0, [r0]
.Ltmp269:
	.loc	1 797 9                         @ my_crypto.c:797:9
	cmp	r0, #57
	bgt	.LBB14_3
	b	.LBB14_2
.LBB14_2:
.Ltmp270:
	.loc	1 798 16 is_stmt 1              @ my_crypto.c:798:16
	ldr	r0, [sp]
	.loc	1 798 18 is_stmt 0              @ my_crypto.c:798:18
	subs	r0, #48
	add	r1, sp, #4
	.loc	1 798 9                         @ my_crypto.c:798:9
	strb	r0, [r1]
	b	.LBB14_12
.LBB14_3:
	.loc	1 0 9                           @ my_crypto.c:0:9
	mov	r0, sp
.Ltmp271:
	.loc	1 799 14 is_stmt 1              @ my_crypto.c:799:14
	ldrb	r0, [r0]
	.loc	1 799 23 is_stmt 0              @ my_crypto.c:799:23
	cmp	r0, #97
	blt	.LBB14_6
	b	.LBB14_4
.LBB14_4:
	.loc	1 0 23                          @ my_crypto.c:0:23
	mov	r0, sp
	.loc	1 799 26                        @ my_crypto.c:799:26
	ldrb	r0, [r0]
.Ltmp272:
	.loc	1 799 14                        @ my_crypto.c:799:14
	cmp	r0, #102
	bgt	.LBB14_6
	b	.LBB14_5
.LBB14_5:
.Ltmp273:
	.loc	1 800 16 is_stmt 1              @ my_crypto.c:800:16
	ldr	r0, [sp]
	.loc	1 800 24 is_stmt 0              @ my_crypto.c:800:24
	subs	r0, #87
	add	r1, sp, #4
	.loc	1 800 9                         @ my_crypto.c:800:9
	strb	r0, [r1]
	b	.LBB14_12
.LBB14_6:
	.loc	1 0 9                           @ my_crypto.c:0:9
	mov	r0, sp
.Ltmp274:
	.loc	1 801 14 is_stmt 1              @ my_crypto.c:801:14
	ldrb	r0, [r0]
	.loc	1 801 23 is_stmt 0              @ my_crypto.c:801:23
	cmp	r0, #65
	blt	.LBB14_9
	b	.LBB14_7
.LBB14_7:
	.loc	1 0 23                          @ my_crypto.c:0:23
	mov	r0, sp
	.loc	1 801 26                        @ my_crypto.c:801:26
	ldrb	r0, [r0]
.Ltmp275:
	.loc	1 801 14                        @ my_crypto.c:801:14
	cmp	r0, #70
	bgt	.LBB14_9
	b	.LBB14_8
.LBB14_8:
.Ltmp276:
	.loc	1 802 16 is_stmt 1              @ my_crypto.c:802:16
	ldr	r0, [sp]
	.loc	1 802 24 is_stmt 0              @ my_crypto.c:802:24
	subs	r0, #55
	add	r1, sp, #4
	.loc	1 802 9                         @ my_crypto.c:802:9
	strb	r0, [r1]
	b	.LBB14_12
.Ltmp277:
.LBB14_9:
	.loc	1 0 9                           @ my_crypto.c:0:9
	b	.LBB14_10
.LBB14_10:
	b	.LBB14_11
.LBB14_11:
	add	r1, sp, #4
	movs	r0, #0
	.loc	1 803 5 is_stmt 1               @ my_crypto.c:803:5
	strb	r0, [r1]
	b	.LBB14_12
.LBB14_12:
	.loc	1 0 5 is_stmt 0                 @ my_crypto.c:0:5
	add	r0, sp, #4
	.loc	1 804 1 is_stmt 1               @ my_crypto.c:804:1
	ldrb	r0, [r0]
	.loc	1 804 1 epilogue_begin is_stmt 0 @ my_crypto.c:804:1
	add	sp, #8
	bx	lr
.Ltmp278:
.Lfunc_end14:
	.size	hex_char_to_val, .Lfunc_end14-hex_char_to_val
	.cfi_endproc
	.cantunwind
	.fnend
                                        @ -- End function
	.section	.text.hex2str,"ax",%progbits
	.hidden	hex2str                         @ -- Begin function hex2str
	.globl	hex2str
	.p2align	2
	.type	hex2str,%function
	.code	16                              @ @hex2str
	.thumb_func
hex2str:
.Lfunc_begin15:
	.loc	1 806 0 is_stmt 1               @ my_crypto.c:806:0
	.fnstart
	.cfi_startproc
@ %bb.0:
	.save	{r7, lr}
	push	{r7, lr}
	.cfi_def_cfa_offset 8
	.cfi_offset lr, -4
	.cfi_offset r7, -8
	.pad	#24
	sub	sp, #24
	.cfi_def_cfa_offset 32
	str	r0, [sp, #20]
	str	r1, [sp, #16]
.Ltmp279:
	.loc	1 809 27 prologue_end           @ my_crypto.c:809:27
	ldr	r0, [sp, #20]
	.loc	1 809 20 is_stmt 0              @ my_crypto.c:809:20
	bl	strlen
	.loc	1 809 12                        @ my_crypto.c:809:12
	str	r0, [sp, #12]
	.loc	1 810 21 is_stmt 1              @ my_crypto.c:810:21
	ldr	r0, [sp, #12]
	.loc	1 810 27 is_stmt 0              @ my_crypto.c:810:27
	lsrs	r0, r0, #1
	.loc	1 810 12                        @ my_crypto.c:810:12
	str	r0, [sp, #8]
	movs	r0, #0
.Ltmp280:
	.loc	1 812 17 is_stmt 1              @ my_crypto.c:812:17
	str	r0, [sp, #4]
	.loc	1 812 10 is_stmt 0              @ my_crypto.c:812:10
	b	.LBB15_1
.LBB15_1:                               @ =>This Inner Loop Header: Depth=1
.Ltmp281:
	.loc	1 812 24                        @ my_crypto.c:812:24
	ldr	r0, [sp, #4]
	.loc	1 812 28                        @ my_crypto.c:812:28
	ldr	r1, [sp, #8]
.Ltmp282:
	.loc	1 812 5                         @ my_crypto.c:812:5
	cmp	r0, r1
	bhs	.LBB15_4
	b	.LBB15_2
.LBB15_2:                               @   in Loop: Header=BB15_1 Depth=1
.Ltmp283:
	.loc	1 814 16 is_stmt 1              @ my_crypto.c:814:16
	ldr	r0, [sp, #20]
	.loc	1 814 21 is_stmt 0              @ my_crypto.c:814:21
	ldr	r1, [sp, #4]
	.loc	1 814 23                        @ my_crypto.c:814:23
	lsls	r1, r1, #1
	.loc	1 814 19                        @ my_crypto.c:814:19
	adds	r0, r0, r1
	.loc	1 814 9                         @ my_crypto.c:814:9
	ldr	r1, __arm_cp.15_0
	mov	r2, sp
	bl	sscanf
	.loc	1 815 24 is_stmt 1              @ my_crypto.c:815:24
	ldr	r0, [sp]
	.loc	1 815 9 is_stmt 0               @ my_crypto.c:815:9
	ldr	r1, [sp, #16]
	.loc	1 815 13                        @ my_crypto.c:815:13
	ldr	r2, [sp, #4]
	.loc	1 815 16                        @ my_crypto.c:815:16
	strb	r0, [r1, r2]
	.loc	1 816 5 is_stmt 1               @ my_crypto.c:816:5
	b	.LBB15_3
.Ltmp284:
.LBB15_3:                               @   in Loop: Header=BB15_1 Depth=1
	.loc	1 812 37                        @ my_crypto.c:812:37
	ldr	r0, [sp, #4]
	adds	r0, r0, #1
	str	r0, [sp, #4]
	.loc	1 812 5 is_stmt 0               @ my_crypto.c:812:5
	b	.LBB15_1
.Ltmp285:
.LBB15_4:
	.loc	1 817 5 is_stmt 1               @ my_crypto.c:817:5
	ldr	r1, [sp, #16]
	.loc	1 817 9 is_stmt 0               @ my_crypto.c:817:9
	ldr	r2, [sp, #8]
	movs	r0, #0
	.loc	1 817 17                        @ my_crypto.c:817:17
	strb	r0, [r1, r2]
	.loc	1 818 1 epilogue_begin is_stmt 1 @ my_crypto.c:818:1
	add	sp, #24
	pop	{r7, pc}
.Ltmp286:
	.p2align	2
@ %bb.5:
	.loc	1 0 1 is_stmt 0                 @ my_crypto.c:0:1
__arm_cp.15_0:
	.long	.L.str.18
.Lcpi_end83:
	.size	__arm_cp.15_0, .Lcpi_end83-__arm_cp.15_0
.Lfunc_end15:
	.size	hex2str, .Lfunc_end15-hex2str
	.cfi_endproc
	.cantunwind
	.fnend
                                        @ -- End function
	.section	.text.SHA256,"ax",%progbits
	.hidden	SHA256                          @ -- Begin function SHA256
	.globl	SHA256
	.p2align	2
	.type	SHA256,%function
	.code	16                              @ @SHA256
	.thumb_func
SHA256:
.Lfunc_begin16:
	.loc	1 820 0 is_stmt 1               @ my_crypto.c:820:0
	.fnstart
	.cfi_startproc
@ %bb.0:
	.save	{r7, lr}
	push	{r7, lr}
	.cfi_def_cfa_offset 8
	.cfi_offset lr, -4
	.cfi_offset r7, -8
	.pad	#24
	sub	sp, #24
	.cfi_def_cfa_offset 32
	str	r0, [sp, #16]
	str	r1, [sp, #12]
	str	r2, [sp, #8]
	ldr	r1, __arm_cp.16_0
.Ltmp287:
	.loc	1 825 17 prologue_end           @ my_crypto.c:825:17
	ldr	r0, [r1]
	movw	r2, #4096
	orrs	r0, r2
	str	r0, [r1]
	ldr	r1, __arm_cp.16_1
	ldr	r0, __arm_cp.16_2
	.loc	1 828 20                        @ my_crypto.c:828:20
	str	r0, [r1]
	.loc	1 830 35                        @ my_crypto.c:830:35
	ldr	r0, [sp, #12]
	ldr	r1, __arm_cp.16_3
	.loc	1 830 23 is_stmt 0              @ my_crypto.c:830:23
	str	r0, [r1]
	.loc	1 833 5 is_stmt 1               @ my_crypto.c:833:5
	b	.LBB16_1
.LBB16_1:                               @ =>This Loop Header: Depth=1
                                        @     Child Loop BB16_5 Depth 2
	.loc	1 833 12 is_stmt 0              @ my_crypto.c:833:12
	ldr	r0, [sp, #12]
	.loc	1 833 5                         @ my_crypto.c:833:5
	cmp	r0, #1
	blt	.LBB16_10
	b	.LBB16_2
.LBB16_2:                               @   in Loop: Header=BB16_1 Depth=1
.Ltmp288:
	.loc	1 834 13 is_stmt 1              @ my_crypto.c:834:13
	ldr	r0, [sp, #12]
.Ltmp289:
	.loc	1 834 13 is_stmt 0              @ my_crypto.c:834:13
	cmp	r0, #4
	bgt	.LBB16_4
	b	.LBB16_3
.LBB16_3:                               @   in Loop: Header=BB16_1 Depth=1
	.loc	1 0 13                          @ my_crypto.c:0:13
	ldr	r1, __arm_cp.16_1
.Ltmp290:
	.loc	1 835 28 is_stmt 1              @ my_crypto.c:835:28
	ldr	r0, [r1]
	movs	r2, #32
	orrs	r0, r2
	str	r0, [r1]
	.loc	1 836 9                         @ my_crypto.c:836:9
	b	.LBB16_4
.Ltmp291:
.LBB16_4:                               @   in Loop: Header=BB16_1 Depth=1
	.loc	1 0 9 is_stmt 0                 @ my_crypto.c:0:9
	ldr	r1, __arm_cp.16_1
	.loc	1 839 24 is_stmt 1              @ my_crypto.c:839:24
	ldr	r0, [r1]
	movs	r2, #1
	orrs	r0, r2
	str	r0, [r1]
	.loc	1 842 25                        @ my_crypto.c:842:25
	ldr	r0, __arm_cp.16_4
	ldr	r0, [r0]
	.loc	1 842 23 is_stmt 0              @ my_crypto.c:842:23
	str	r0, [sp]
	.loc	1 843 9 is_stmt 1               @ my_crypto.c:843:9
	b	.LBB16_5
.LBB16_5:                               @   Parent Loop BB16_1 Depth=1
                                        @ =>  This Inner Loop Header: Depth=2
	.loc	1 0 9 is_stmt 0                 @ my_crypto.c:0:9
	ldr	r0, __arm_cp.16_5
	.loc	1 843 23                        @ my_crypto.c:843:23
	ldr	r0, [r0]
	.loc	1 843 9                         @ my_crypto.c:843:9
	lsls	r0, r0, #15
	cmp	r0, #0
	bmi	.LBB16_9
	b	.LBB16_6
.LBB16_6:                               @   in Loop: Header=BB16_5 Depth=2
.Ltmp292:
	.loc	1 844 17 is_stmt 1              @ my_crypto.c:844:17
	ldr	r0, [sp]
	subs	r0, r0, #1
	str	r0, [sp]
.Ltmp293:
	.loc	1 844 17 is_stmt 0              @ my_crypto.c:844:17
	cbnz	r0, .LBB16_8
	b	.LBB16_7
.LBB16_7:
.Ltmp294:
	.loc	1 845 17 is_stmt 1              @ my_crypto.c:845:17
	ldr	r0, __arm_cp.16_9
	bl	printf
	movs	r0, #0
	mvns	r0, r0
	.loc	1 846 17                        @ my_crypto.c:846:17
	str	r0, [sp, #20]
	b	.LBB16_20
.Ltmp295:
.LBB16_8:                               @   in Loop: Header=BB16_5 Depth=2
	.loc	1 843 9                         @ my_crypto.c:843:9
	b	.LBB16_5
.LBB16_9:                               @   in Loop: Header=BB16_1 Depth=1
	.loc	1 851 29                        @ my_crypto.c:851:29
	ldr	r0, [sp, #16]
	.loc	1 851 28 is_stmt 0              @ my_crypto.c:851:28
	ldr	r0, [r0]
	ldr	r1, __arm_cp.16_8
	.loc	1 851 26                        @ my_crypto.c:851:26
	str	r0, [r1]
	.loc	1 852 17 is_stmt 1              @ my_crypto.c:852:17
	ldr	r0, [sp, #16]
	adds	r0, r0, #4
	str	r0, [sp, #16]
	.loc	1 853 14                        @ my_crypto.c:853:14
	ldr	r0, [sp, #12]
	subs	r0, r0, #4
	str	r0, [sp, #12]
.Ltmp296:
	.loc	1 833 5                         @ my_crypto.c:833:5
	b	.LBB16_1
.LBB16_10:
	.loc	1 857 21                        @ my_crypto.c:857:21
	ldr	r0, __arm_cp.16_4
	ldr	r0, [r0]
	.loc	1 857 19 is_stmt 0              @ my_crypto.c:857:19
	str	r0, [sp]
	.loc	1 858 5 is_stmt 1               @ my_crypto.c:858:5
	b	.LBB16_11
.LBB16_11:                              @ =>This Inner Loop Header: Depth=1
	.loc	1 0 5 is_stmt 0                 @ my_crypto.c:0:5
	ldr	r0, __arm_cp.16_5
	.loc	1 858 18                        @ my_crypto.c:858:18
	ldr	r0, [r0]
	.loc	1 858 5                         @ my_crypto.c:858:5
	lsls	r0, r0, #31
	cbz	r0, .LBB16_15
	b	.LBB16_12
.LBB16_12:                              @   in Loop: Header=BB16_11 Depth=1
.Ltmp297:
	.loc	1 859 13 is_stmt 1              @ my_crypto.c:859:13
	ldr	r0, [sp]
	subs	r0, r0, #1
	str	r0, [sp]
.Ltmp298:
	.loc	1 859 13 is_stmt 0              @ my_crypto.c:859:13
	cbnz	r0, .LBB16_14
	b	.LBB16_13
.LBB16_13:
.Ltmp299:
	.loc	1 860 13 is_stmt 1              @ my_crypto.c:860:13
	ldr	r0, __arm_cp.16_7
	bl	printf
	movs	r0, #0
	mvns	r0, r0
	.loc	1 861 13                        @ my_crypto.c:861:13
	str	r0, [sp, #20]
	b	.LBB16_20
.Ltmp300:
.LBB16_14:                              @   in Loop: Header=BB16_11 Depth=1
	.loc	1 858 5                         @ my_crypto.c:858:5
	b	.LBB16_11
.LBB16_15:
	.loc	1 0 5 is_stmt 0                 @ my_crypto.c:0:5
	movs	r0, #0
.Ltmp301:
	.loc	1 866 12 is_stmt 1              @ my_crypto.c:866:12
	str	r0, [sp, #4]
	.loc	1 866 10 is_stmt 0              @ my_crypto.c:866:10
	b	.LBB16_16
.LBB16_16:                              @ =>This Inner Loop Header: Depth=1
.Ltmp302:
	.loc	1 866 17                        @ my_crypto.c:866:17
	ldr	r0, [sp, #4]
.Ltmp303:
	.loc	1 866 5                         @ my_crypto.c:866:5
	cmp	r0, #7
	bgt	.LBB16_19
	b	.LBB16_17
.LBB16_17:                              @   in Loop: Header=BB16_16 Depth=1
.Ltmp304:
	.loc	1 867 37 is_stmt 1              @ my_crypto.c:867:37
	ldr	r0, [sp, #4]
	.loc	1 867 21 is_stmt 0              @ my_crypto.c:867:21
	lsls	r0, r0, #2
	ldr	r1, __arm_cp.16_6
	ldr	r0, [r0, r1]
	.loc	1 867 9                         @ my_crypto.c:867:9
	ldr	r1, [sp, #8]
	.loc	1 867 16                        @ my_crypto.c:867:16
	ldr	r2, [sp, #4]
	.loc	1 867 9                         @ my_crypto.c:867:9
	lsls	r2, r2, #2
	.loc	1 867 19                        @ my_crypto.c:867:19
	str	r0, [r1, r2]
	.loc	1 867 9                         @ my_crypto.c:867:9
	b	.LBB16_18
.LBB16_18:                              @   in Loop: Header=BB16_16 Depth=1
	.loc	1 866 25 is_stmt 1              @ my_crypto.c:866:25
	ldr	r0, [sp, #4]
	adds	r0, r0, #1
	str	r0, [sp, #4]
	.loc	1 866 5 is_stmt 0               @ my_crypto.c:866:5
	b	.LBB16_16
.Ltmp305:
.LBB16_19:
	.loc	1 0 5                           @ my_crypto.c:0:5
	movs	r0, #0
	.loc	1 869 5 is_stmt 1               @ my_crypto.c:869:5
	str	r0, [sp, #20]
	b	.LBB16_20
.LBB16_20:
	.loc	1 870 1                         @ my_crypto.c:870:1
	ldr	r0, [sp, #20]
	.loc	1 870 1 epilogue_begin is_stmt 0 @ my_crypto.c:870:1
	add	sp, #24
	pop	{r7, pc}
.Ltmp306:
	.p2align	2
@ %bb.21:
	.loc	1 0 1                           @ my_crypto.c:0:1
__arm_cp.16_0:
	.long	1073742340                      @ 0x40000204
.Lcpi_end84:
	.size	__arm_cp.16_0, .Lcpi_end84-__arm_cp.16_0
__arm_cp.16_1:
	.long	1073947392                      @ 0x40032300
.Lcpi_end85:
	.size	__arm_cp.16_1, .Lcpi_end85-__arm_cp.16_1
__arm_cp.16_2:
	.long	8389632                         @ 0x800400
.Lcpi_end86:
	.size	__arm_cp.16_2, .Lcpi_end86-__arm_cp.16_2
__arm_cp.16_3:
	.long	1073947472                      @ 0x40032350
.Lcpi_end87:
	.size	__arm_cp.16_3, .Lcpi_end87-__arm_cp.16_3
__arm_cp.16_4:
	.long	SystemCoreClock
.Lcpi_end88:
	.size	__arm_cp.16_4, .Lcpi_end88-__arm_cp.16_4
__arm_cp.16_5:
	.long	1073947396                      @ 0x40032304
.Lcpi_end89:
	.size	__arm_cp.16_5, .Lcpi_end89-__arm_cp.16_5
__arm_cp.16_6:
	.long	1073947400                      @ 0x40032308
.Lcpi_end90:
	.size	__arm_cp.16_6, .Lcpi_end90-__arm_cp.16_6
__arm_cp.16_7:
	.long	.L.str.20
.Lcpi_end91:
	.size	__arm_cp.16_7, .Lcpi_end91-__arm_cp.16_7
__arm_cp.16_8:
	.long	1073947476                      @ 0x40032354
.Lcpi_end92:
	.size	__arm_cp.16_8, .Lcpi_end92-__arm_cp.16_8
__arm_cp.16_9:
	.long	.L.str.19
.Lcpi_end93:
	.size	__arm_cp.16_9, .Lcpi_end93-__arm_cp.16_9
.Lfunc_end16:
	.size	SHA256, .Lfunc_end16-SHA256
	.cfi_endproc
	.cantunwind
	.fnend
                                        @ -- End function
	.section	.text.my_sha256,"ax",%progbits
	.hidden	my_sha256                       @ -- Begin function my_sha256
	.globl	my_sha256
	.p2align	1
	.type	my_sha256,%function
	.code	16                              @ @my_sha256
	.thumb_func
my_sha256:
.Lfunc_begin17:
	.loc	1 872 0 is_stmt 1               @ my_crypto.c:872:0
	.fnstart
	.cfi_startproc
@ %bb.0:
	.save	{r7, lr}
	push	{r7, lr}
	.cfi_def_cfa_offset 8
	.cfi_offset lr, -4
	.cfi_offset r7, -8
	.pad	#24
	sub	sp, #24
	.cfi_def_cfa_offset 32
	str	r0, [sp, #20]
	str	r1, [sp, #16]
.Ltmp307:
	.loc	1 873 63 prologue_end           @ my_crypto.c:873:63
	ldr	r0, [sp, #20]
	.loc	1 873 56 is_stmt 0              @ my_crypto.c:873:56
	bl	strlen
	.loc	1 873 31                        @ my_crypto.c:873:31
	bl	malloc
	.loc	1 873 14                        @ my_crypto.c:873:14
	str	r0, [sp, #12]
	movs	r0, #0
.Ltmp308:
	.loc	1 874 14 is_stmt 1              @ my_crypto.c:874:14
	str	r0, [sp, #8]
	.loc	1 874 10 is_stmt 0              @ my_crypto.c:874:10
	b	.LBB17_1
.LBB17_1:                               @ =>This Inner Loop Header: Depth=1
.Ltmp309:
	.loc	1 874 21                        @ my_crypto.c:874:21
	ldr	r0, [sp, #8]
	.loc	1 874 32                        @ my_crypto.c:874:32
	str	r0, [sp, #4]                    @ 4-byte Spill
	ldr	r0, [sp, #20]
	.loc	1 874 25                        @ my_crypto.c:874:25
	bl	strlen
	mov	r1, r0
.Ltmp310:
	.loc	1 874 5                         @ my_crypto.c:874:5
	ldr	r0, [sp, #4]                    @ 4-byte Reload
	cmp	r0, r1
	bhs	.LBB17_4
	b	.LBB17_2
.LBB17_2:                               @   in Loop: Header=BB17_1 Depth=1
.Ltmp311:
	.loc	1 875 27 is_stmt 1              @ my_crypto.c:875:27
	ldr	r0, [sp, #20]
	.loc	1 875 33 is_stmt 0              @ my_crypto.c:875:33
	ldr	r2, [sp, #8]
	.loc	1 875 27                        @ my_crypto.c:875:27
	ldrb	r0, [r0, r2]
	.loc	1 875 9                         @ my_crypto.c:875:9
	ldr	r1, [sp, #12]
	.loc	1 875 16                        @ my_crypto.c:875:16
	strb	r0, [r1, r2]
	.loc	1 876 5 is_stmt 1               @ my_crypto.c:876:5
	b	.LBB17_3
.Ltmp312:
.LBB17_3:                               @   in Loop: Header=BB17_1 Depth=1
	.loc	1 874 41                        @ my_crypto.c:874:41
	ldr	r0, [sp, #8]
	adds	r0, r0, #1
	str	r0, [sp, #8]
	.loc	1 874 5 is_stmt 0               @ my_crypto.c:874:5
	b	.LBB17_1
.Ltmp313:
.LBB17_4:
	.loc	1 877 25 is_stmt 1              @ my_crypto.c:877:25
	ldr	r0, [sp, #12]
	.loc	1 877 38 is_stmt 0              @ my_crypto.c:877:38
	str	r0, [sp]                        @ 4-byte Spill
	ldr	r0, [sp, #20]
	.loc	1 877 31                        @ my_crypto.c:877:31
	bl	strlen
	mov	r1, r0
	.loc	1 877 46                        @ my_crypto.c:877:46
	ldr	r0, [sp]                        @ 4-byte Reload
	ldr	r2, [sp, #16]
	.loc	1 877 5                         @ my_crypto.c:877:5
	bl	SHA256
	.loc	1 878 28 is_stmt 1              @ my_crypto.c:878:28
	ldr	r0, [sp, #16]
	movs	r1, #32
	.loc	1 878 5 is_stmt 0               @ my_crypto.c:878:5
	bl	ToBigEndian
	.loc	1 879 10 is_stmt 1              @ my_crypto.c:879:10
	ldr	r0, [sp, #12]
	.loc	1 879 5 is_stmt 0               @ my_crypto.c:879:5
	bl	free
	.loc	1 880 1 epilogue_begin is_stmt 1 @ my_crypto.c:880:1
	add	sp, #24
	pop	{r7, pc}
.Ltmp314:
.Lfunc_end17:
	.size	my_sha256, .Lfunc_end17-my_sha256
	.cfi_endproc
	.cantunwind
	.fnend
                                        @ -- End function
	.section	.text.generate_keys,"ax",%progbits
	.hidden	generate_keys                   @ -- Begin function generate_keys
	.globl	generate_keys
	.p2align	2
	.type	generate_keys,%function
	.code	16                              @ @generate_keys
	.thumb_func
generate_keys:
.Lfunc_begin18:
	.loc	1 882 0                         @ my_crypto.c:882:0
	.fnstart
	.cfi_startproc
@ %bb.0:
	.save	{r7, lr}
	push	{r7, lr}
	.cfi_def_cfa_offset 8
	.cfi_offset lr, -4
	.cfi_offset r7, -8
	.pad	#72
	sub	sp, #72
	.cfi_def_cfa_offset 80
	str	r0, [sp, #64]
	str	r1, [sp, #60]
	str	r2, [sp, #56]
	movw	r0, #256
.Ltmp315:
	.loc	1 887 11 prologue_end           @ my_crypto.c:887:11
	str	r0, [sp, #44]
	.loc	1 890 5                         @ my_crypto.c:890:5
	ldr	r0, __arm_cp.18_0
	bl	printf
	.loc	1 891 11                        @ my_crypto.c:891:11
	bl	RNG_Open
	.loc	1 891 9 is_stmt 0               @ my_crypto.c:891:9
	str	r0, [sp, #40]
.Ltmp316:
	.loc	1 892 9 is_stmt 1               @ my_crypto.c:892:9
	ldr	r0, [sp, #40]
.Ltmp317:
	.loc	1 892 9 is_stmt 0               @ my_crypto.c:892:9
	cbz	r0, .LBB18_2
	b	.LBB18_1
.LBB18_1:
.Ltmp318:
	.loc	1 893 9 is_stmt 1               @ my_crypto.c:893:9
	ldr	r0, __arm_cp.18_2
	bl	printf
	b	.LBB18_3
.LBB18_2:
	.loc	1 895 9                         @ my_crypto.c:895:9
	ldr	r0, __arm_cp.18_1
	bl	printf
	b	.LBB18_3
.Ltmp319:
.LBB18_3:
	.loc	1 0 9 is_stmt 0                 @ my_crypto.c:0:9
	add	r0, sp, #8
	.loc	1 896 10 is_stmt 1              @ my_crypto.c:896:10
	str	r0, [sp, #4]
	.loc	1 897 5                         @ my_crypto.c:897:5
	b	.LBB18_4
.LBB18_4:                               @ =>This Loop Header: Depth=1
                                        @     Child Loop BB18_5 Depth 2
.Ltmp320:
	.loc	1 899 28                        @ my_crypto.c:899:28
	ldr	r0, [sp, #44]
	.loc	1 899 34 is_stmt 0              @ my_crypto.c:899:34
	adds	r0, #31
	.loc	1 899 40                        @ my_crypto.c:899:40
	asrs	r1, r0, #31
	lsrs	r1, r1, #27
	adds	r0, r0, r1
	asrs	r1, r0, #5
	add	r0, sp, #8
	.loc	1 899 9                         @ my_crypto.c:899:9
	bl	RNG_Random
	movs	r0, #0
.Ltmp321:
	.loc	1 901 16 is_stmt 1              @ my_crypto.c:901:16
	str	r0, [sp, #52]
	.loc	1 901 23 is_stmt 0              @ my_crypto.c:901:23
	str	r0, [sp, #48]
	.loc	1 901 14                        @ my_crypto.c:901:14
	b	.LBB18_5
.LBB18_5:                               @   Parent Loop BB18_4 Depth=1
                                        @ =>  This Inner Loop Header: Depth=2
.Ltmp322:
	.loc	1 901 28                        @ my_crypto.c:901:28
	ldr	r0, [sp, #52]
	.loc	1 901 32                        @ my_crypto.c:901:32
	ldr	r1, [sp, #44]
	.loc	1 901 38                        @ my_crypto.c:901:38
	asrs	r2, r1, #31
	lsrs	r2, r2, #29
	adds	r1, r1, r2
	asrs	r1, r1, #3
.Ltmp323:
	.loc	1 901 9                         @ my_crypto.c:901:9
	cmp	r0, r1
	bge	.LBB18_8
	b	.LBB18_6
.LBB18_6:                               @   in Loop: Header=BB18_5 Depth=2
.Ltmp324:
	.loc	1 902 32 is_stmt 1              @ my_crypto.c:902:32
	ldr	r0, [sp, #4]
	.loc	1 902 37 is_stmt 0              @ my_crypto.c:902:37
	ldr	r1, [sp, #52]
	.loc	1 902 32                        @ my_crypto.c:902:32
	ldrb	r0, [r0, r1]
	movs	r1, #15
	.loc	1 902 40                        @ my_crypto.c:902:40
	ands	r0, r1
	.loc	1 902 22                        @ my_crypto.c:902:22
	bl	Byte2Char
	.loc	1 902 13                        @ my_crypto.c:902:13
	ldr	r1, [sp, #64]
	.loc	1 902 16                        @ my_crypto.c:902:16
	ldr	r2, [sp, #48]
	adds	r3, r2, #1
	str	r3, [sp, #48]
	.loc	1 902 20                        @ my_crypto.c:902:20
	strb	r0, [r1, r2]
	.loc	1 903 32 is_stmt 1              @ my_crypto.c:903:32
	ldr	r0, [sp, #4]
	.loc	1 903 37 is_stmt 0              @ my_crypto.c:903:37
	ldr	r1, [sp, #52]
	.loc	1 903 32                        @ my_crypto.c:903:32
	ldrb	r0, [r0, r1]
	.loc	1 903 40                        @ my_crypto.c:903:40
	lsrs	r0, r0, #4
	.loc	1 903 22                        @ my_crypto.c:903:22
	bl	Byte2Char
	.loc	1 903 13                        @ my_crypto.c:903:13
	ldr	r1, [sp, #64]
	.loc	1 903 16                        @ my_crypto.c:903:16
	ldr	r2, [sp, #48]
	adds	r3, r2, #1
	str	r3, [sp, #48]
	.loc	1 903 20                        @ my_crypto.c:903:20
	strb	r0, [r1, r2]
	.loc	1 904 9 is_stmt 1               @ my_crypto.c:904:9
	b	.LBB18_7
.Ltmp325:
.LBB18_7:                               @   in Loop: Header=BB18_5 Depth=2
	.loc	1 901 44                        @ my_crypto.c:901:44
	ldr	r0, [sp, #52]
	adds	r0, r0, #1
	str	r0, [sp, #52]
	.loc	1 901 9 is_stmt 0               @ my_crypto.c:901:9
	b	.LBB18_5
.Ltmp326:
.LBB18_8:                               @   in Loop: Header=BB18_4 Depth=1
	.loc	1 905 9 is_stmt 1               @ my_crypto.c:905:9
	ldr	r1, [sp, #64]
	.loc	1 905 11 is_stmt 0              @ my_crypto.c:905:11
	ldr	r2, [sp, #48]
	movs	r0, #0
	.loc	1 905 14                        @ my_crypto.c:905:14
	strb	r0, [r1, r2]
	.loc	1 907 46 is_stmt 1              @ my_crypto.c:907:46
	ldr	r1, [sp, #64]
	.loc	1 907 9 is_stmt 0               @ my_crypto.c:907:9
	ldr	r0, __arm_cp.18_3
	bl	printf
.Ltmp327:
	.loc	1 910 55 is_stmt 1              @ my_crypto.c:910:55
	ldr	r2, [sp, #64]
	ldr	r0, __arm_cp.18_4
	movs	r1, #17
	.loc	1 910 13 is_stmt 0              @ my_crypto.c:910:13
	bl	ECC_IsPrivateKeyValid
.Ltmp328:
	.loc	1 910 13                        @ my_crypto.c:910:13
	cbz	r0, .LBB18_10
	b	.LBB18_9
.LBB18_9:
.Ltmp329:
	.loc	1 911 13 is_stmt 1              @ my_crypto.c:911:13
	b	.LBB18_13
.Ltmp330:
.LBB18_10:                              @   in Loop: Header=BB18_4 Depth=1
	.loc	1 914 13                        @ my_crypto.c:914:13
	ldr	r0, __arm_cp.18_5
	bl	printf
	b	.LBB18_11
.Ltmp331:
.LBB18_11:                              @   in Loop: Header=BB18_4 Depth=1
	.loc	1 917 5                         @ my_crypto.c:917:5
	b	.LBB18_12
.LBB18_12:                              @   in Loop: Header=BB18_4 Depth=1
	.loc	1 0 5 is_stmt 0                 @ my_crypto.c:0:5
	movs	r0, #1
	.loc	1 917 5                         @ my_crypto.c:917:5
	cmp	r0, #0
	bne	.LBB18_4
	b	.LBB18_13
.Ltmp332:
.LBB18_13:
	.loc	1 920 51 is_stmt 1              @ my_crypto.c:920:51
	ldr	r2, [sp, #64]
	.loc	1 920 54 is_stmt 0              @ my_crypto.c:920:54
	ldr	r3, [sp, #60]
	.loc	1 920 58                        @ my_crypto.c:920:58
	ldr	r0, [sp, #56]
	.loc	1 920 9                         @ my_crypto.c:920:9
	str	r0, [sp]
	ldr	r0, __arm_cp.18_4
	movs	r1, #17
	bl	ECC_GeneratePublicKey
.Ltmp333:
	.loc	1 920 9                         @ my_crypto.c:920:9
	cmp	r0, #0
	bpl	.LBB18_15
	b	.LBB18_14
.LBB18_14:
.Ltmp334:
	.loc	1 921 9 is_stmt 1               @ my_crypto.c:921:9
	ldr	r0, __arm_cp.18_6
	bl	printf
	movs	r0, #0
	mvns	r0, r0
	.loc	1 922 9                         @ my_crypto.c:922:9
	str	r0, [sp, #68]
	b	.LBB18_16
.Ltmp335:
.LBB18_15:
	.loc	1 0 9 is_stmt 0                 @ my_crypto.c:0:9
	movs	r0, #0
	.loc	1 927 5 is_stmt 1               @ my_crypto.c:927:5
	str	r0, [sp, #68]
	b	.LBB18_16
.LBB18_16:
	.loc	1 928 1                         @ my_crypto.c:928:1
	ldr	r0, [sp, #68]
	.loc	1 928 1 epilogue_begin is_stmt 0 @ my_crypto.c:928:1
	add	sp, #72
	pop	{r7, pc}
.Ltmp336:
	.p2align	2
@ %bb.17:
	.loc	1 0 1                           @ my_crypto.c:0:1
__arm_cp.18_0:
	.long	.L.str.21
.Lcpi_end94:
	.size	__arm_cp.18_0, .Lcpi_end94-__arm_cp.18_0
__arm_cp.18_1:
	.long	.L.str.23
.Lcpi_end95:
	.size	__arm_cp.18_1, .Lcpi_end95-__arm_cp.18_1
__arm_cp.18_2:
	.long	.L.str.22
.Lcpi_end96:
	.size	__arm_cp.18_2, .Lcpi_end96-__arm_cp.18_2
__arm_cp.18_3:
	.long	.L.str.24
.Lcpi_end97:
	.size	__arm_cp.18_3, .Lcpi_end97-__arm_cp.18_3
__arm_cp.18_4:
	.long	1073946624                      @ 0x40032000
.Lcpi_end98:
	.size	__arm_cp.18_4, .Lcpi_end98-__arm_cp.18_4
__arm_cp.18_5:
	.long	.L.str.25
.Lcpi_end99:
	.size	__arm_cp.18_5, .Lcpi_end99-__arm_cp.18_5
__arm_cp.18_6:
	.long	.L.str.26
.Lcpi_end100:
	.size	__arm_cp.18_6, .Lcpi_end100-__arm_cp.18_6
.Lfunc_end18:
	.size	generate_keys, .Lfunc_end18-generate_keys
	.cfi_endproc
	.fnend
                                        @ -- End function
	.section	.text.sign_message,"ax",%progbits
	.hidden	sign_message                    @ -- Begin function sign_message
	.globl	sign_message
	.p2align	2
	.type	sign_message,%function
	.code	16                              @ @sign_message
	.thumb_func
sign_message:
.Lfunc_begin19:
	.loc	1 929 0 is_stmt 1               @ my_crypto.c:929:0
	.fnstart
	.cfi_startproc
@ %bb.0:
	.save	{r7, lr}
	push	{r7, lr}
	.cfi_def_cfa_offset 8
	.cfi_offset lr, -4
	.cfi_offset r7, -8
	.pad	#160
	sub	sp, #160
	.cfi_def_cfa_offset 168
	str	r0, [sp, #152]
	str	r1, [sp, #148]
	str	r2, [sp, #144]
	str	r3, [sp, #140]
	add	r0, sp, #96
.Ltmp337:
	.loc	1 934 10 prologue_end           @ my_crypto.c:934:10
	str	r0, [sp, #92]
	movw	r1, #256
	.loc	1 936 11                        @ my_crypto.c:936:11
	str	r1, [sp, #128]
	.loc	1 940 24                        @ my_crypto.c:940:24
	ldr	r1, [sp, #128]
	.loc	1 940 30 is_stmt 0              @ my_crypto.c:940:30
	adds	r1, r1, #7
	.loc	1 940 35                        @ my_crypto.c:940:35
	asrs	r2, r1, #31
	lsrs	r2, r2, #29
	adds	r1, r1, r2
	asrs	r1, r1, #3
	.loc	1 940 5                         @ my_crypto.c:940:5
	bl	RNG_Random
	movs	r0, #0
.Ltmp338:
	.loc	1 942 12 is_stmt 1              @ my_crypto.c:942:12
	str	r0, [sp, #136]
	.loc	1 942 19 is_stmt 0              @ my_crypto.c:942:19
	str	r0, [sp, #132]
	.loc	1 942 10                        @ my_crypto.c:942:10
	b	.LBB19_1
.LBB19_1:                               @ =>This Inner Loop Header: Depth=1
.Ltmp339:
	.loc	1 942 24                        @ my_crypto.c:942:24
	ldr	r0, [sp, #136]
	.loc	1 942 28                        @ my_crypto.c:942:28
	ldr	r1, [sp, #128]
	.loc	1 942 34                        @ my_crypto.c:942:34
	asrs	r2, r1, #31
	lsrs	r2, r2, #29
	adds	r1, r1, r2
	asrs	r1, r1, #3
.Ltmp340:
	.loc	1 942 5                         @ my_crypto.c:942:5
	cmp	r0, r1
	bge	.LBB19_4
	b	.LBB19_2
.LBB19_2:                               @   in Loop: Header=BB19_1 Depth=1
.Ltmp341:
	.loc	1 943 28 is_stmt 1              @ my_crypto.c:943:28
	ldr	r0, [sp, #92]
	.loc	1 943 33 is_stmt 0              @ my_crypto.c:943:33
	ldr	r1, [sp, #136]
	.loc	1 943 28                        @ my_crypto.c:943:28
	ldrb	r0, [r0, r1]
	movs	r1, #15
	.loc	1 943 36                        @ my_crypto.c:943:36
	ands	r0, r1
	.loc	1 943 18                        @ my_crypto.c:943:18
	bl	Byte2Char
	.loc	1 943 12                        @ my_crypto.c:943:12
	ldr	r2, [sp, #132]
	adds	r1, r2, #1
	str	r1, [sp, #132]
	add	r1, sp, #20
	.loc	1 943 16                        @ my_crypto.c:943:16
	str	r1, [sp, #16]                   @ 4-byte Spill
	strb	r0, [r1, r2]
	.loc	1 944 28 is_stmt 1              @ my_crypto.c:944:28
	ldr	r0, [sp, #92]
	.loc	1 944 33 is_stmt 0              @ my_crypto.c:944:33
	ldr	r1, [sp, #136]
	.loc	1 944 28                        @ my_crypto.c:944:28
	ldrb	r0, [r0, r1]
	.loc	1 944 36                        @ my_crypto.c:944:36
	lsrs	r0, r0, #4
	.loc	1 944 18                        @ my_crypto.c:944:18
	bl	Byte2Char
	ldr	r1, [sp, #16]                   @ 4-byte Reload
	.loc	1 944 12                        @ my_crypto.c:944:12
	ldr	r2, [sp, #132]
	adds	r3, r2, #1
	str	r3, [sp, #132]
	.loc	1 944 16                        @ my_crypto.c:944:16
	strb	r0, [r1, r2]
	.loc	1 945 5 is_stmt 1               @ my_crypto.c:945:5
	b	.LBB19_3
.Ltmp342:
.LBB19_3:                               @   in Loop: Header=BB19_1 Depth=1
	.loc	1 942 40                        @ my_crypto.c:942:40
	ldr	r0, [sp, #136]
	adds	r0, r0, #1
	str	r0, [sp, #136]
	.loc	1 942 5 is_stmt 0               @ my_crypto.c:942:5
	b	.LBB19_1
.Ltmp343:
.LBB19_4:
	.loc	1 946 7 is_stmt 1               @ my_crypto.c:946:7
	ldr	r1, [sp, #132]
	add	r2, sp, #20
	movs	r0, #0
	.loc	1 946 10 is_stmt 0              @ my_crypto.c:946:10
	strb	r0, [r2, r1]
	ldr	r0, __arm_cp.19_0
	movs	r1, #17
.Ltmp344:
	.loc	1 950 9 is_stmt 1               @ my_crypto.c:950:9
	bl	ECC_IsPrivateKeyValid
.Ltmp345:
	.loc	1 950 9 is_stmt 0               @ my_crypto.c:950:9
	cbz	r0, .LBB19_6
	b	.LBB19_5
.LBB19_5:
.Ltmp346:
	.loc	1 952 5 is_stmt 1               @ my_crypto.c:952:5
	b	.LBB19_7
.Ltmp347:
.LBB19_6:
	.loc	1 954 9                         @ my_crypto.c:954:9
	ldr	r0, __arm_cp.19_1
	bl	printf
	movs	r0, #0
	mvns	r0, r0
	.loc	1 955 9                         @ my_crypto.c:955:9
	str	r0, [sp, #156]
	b	.LBB19_10
.Ltmp348:
.LBB19_7:
	.loc	1 958 51                        @ my_crypto.c:958:51
	ldr	r2, [sp, #152]
	.loc	1 958 56 is_stmt 0              @ my_crypto.c:958:56
	ldr	r3, [sp, #148]
	.loc	1 958 62                        @ my_crypto.c:958:62
	ldr	r0, [sp, #144]
	.loc	1 958 65                        @ my_crypto.c:958:65
	ldr	r1, [sp, #140]
	.loc	1 958 9                         @ my_crypto.c:958:9
	str	r1, [sp, #8]
	str	r0, [sp, #4]
	add	r0, sp, #20
	str	r0, [sp]
	ldr	r0, __arm_cp.19_0
	movs	r1, #17
	bl	ECC_GenerateSignature
.Ltmp349:
	.loc	1 958 9                         @ my_crypto.c:958:9
	cmp	r0, #0
	bpl	.LBB19_9
	b	.LBB19_8
.LBB19_8:
.Ltmp350:
	.loc	1 959 9 is_stmt 1               @ my_crypto.c:959:9
	ldr	r0, __arm_cp.19_5
	bl	printf
	movs	r0, #0
	mvns	r0, r0
	.loc	1 960 9                         @ my_crypto.c:960:9
	str	r0, [sp, #156]
	b	.LBB19_10
.Ltmp351:
.LBB19_9:
	.loc	1 963 27                        @ my_crypto.c:963:27
	ldr	r1, [sp, #144]
	.loc	1 963 5 is_stmt 0               @ my_crypto.c:963:5
	ldr	r0, __arm_cp.19_2
	bl	printf
	.loc	1 964 27 is_stmt 1              @ my_crypto.c:964:27
	ldr	r1, [sp, #140]
	.loc	1 964 5 is_stmt 0               @ my_crypto.c:964:5
	ldr	r0, __arm_cp.19_3
	bl	printf
	.loc	1 965 27 is_stmt 1              @ my_crypto.c:965:27
	ldr	r1, [sp, #152]
	.loc	1 965 5 is_stmt 0               @ my_crypto.c:965:5
	ldr	r0, __arm_cp.19_4
	bl	printf
	movs	r0, #0
	.loc	1 966 5 is_stmt 1               @ my_crypto.c:966:5
	str	r0, [sp, #156]
	b	.LBB19_10
.LBB19_10:
	.loc	1 967 1                         @ my_crypto.c:967:1
	ldr	r0, [sp, #156]
	.loc	1 967 1 epilogue_begin is_stmt 0 @ my_crypto.c:967:1
	add	sp, #160
	pop	{r7, pc}
.Ltmp352:
	.p2align	2
@ %bb.11:
	.loc	1 0 1                           @ my_crypto.c:0:1
__arm_cp.19_0:
	.long	1073946624                      @ 0x40032000
.Lcpi_end101:
	.size	__arm_cp.19_0, .Lcpi_end101-__arm_cp.19_0
__arm_cp.19_1:
	.long	.L.str.27
.Lcpi_end102:
	.size	__arm_cp.19_1, .Lcpi_end102-__arm_cp.19_1
__arm_cp.19_2:
	.long	.L.str.29
.Lcpi_end103:
	.size	__arm_cp.19_2, .Lcpi_end103-__arm_cp.19_2
__arm_cp.19_3:
	.long	.L.str.30
.Lcpi_end104:
	.size	__arm_cp.19_3, .Lcpi_end104-__arm_cp.19_3
__arm_cp.19_4:
	.long	.L.str.31
.Lcpi_end105:
	.size	__arm_cp.19_4, .Lcpi_end105-__arm_cp.19_4
__arm_cp.19_5:
	.long	.L.str.28
.Lcpi_end106:
	.size	__arm_cp.19_5, .Lcpi_end106-__arm_cp.19_5
.Lfunc_end19:
	.size	sign_message, .Lfunc_end19-sign_message
	.cfi_endproc
	.fnend
                                        @ -- End function
	.section	.text.verify_signature,"ax",%progbits
	.hidden	verify_signature                @ -- Begin function verify_signature
	.globl	verify_signature
	.p2align	2
	.type	verify_signature,%function
	.code	16                              @ @verify_signature
	.thumb_func
verify_signature:
.Lfunc_begin20:
	.loc	1 968 0 is_stmt 1               @ my_crypto.c:968:0
	.fnstart
	.cfi_startproc
@ %bb.0:
	.save	{r4, lr}
	push	{r4, lr}
	.cfi_def_cfa_offset 8
	.cfi_offset lr, -4
	.cfi_offset r4, -8
	.pad	#40
	sub	sp, #40
	.cfi_def_cfa_offset 48
	ldr	r4, [sp, #48]
	str	r0, [sp, #32]
	str	r1, [sp, #28]
	str	r2, [sp, #24]
	str	r3, [sp, #20]
.Ltmp353:
	.loc	1 971 27 prologue_end           @ my_crypto.c:971:27
	ldr	r1, [sp, #48]
	.loc	1 971 5 is_stmt 0               @ my_crypto.c:971:5
	ldr	r0, __arm_cp.20_0
	bl	printf
	.loc	1 972 27 is_stmt 1              @ my_crypto.c:972:27
	ldr	r1, [sp, #32]
	.loc	1 972 5 is_stmt 0               @ my_crypto.c:972:5
	ldr	r0, __arm_cp.20_1
	bl	printf
	.loc	1 973 27 is_stmt 1              @ my_crypto.c:973:27
	ldr	r1, [sp, #28]
	.loc	1 973 5 is_stmt 0               @ my_crypto.c:973:5
	ldr	r0, __arm_cp.20_2
	bl	printf
	.loc	1 974 27 is_stmt 1              @ my_crypto.c:974:27
	ldr	r1, [sp, #24]
	.loc	1 974 5 is_stmt 0               @ my_crypto.c:974:5
	ldr	r0, __arm_cp.20_3
	bl	printf
	.loc	1 975 27 is_stmt 1              @ my_crypto.c:975:27
	ldr	r1, [sp, #20]
	.loc	1 975 5 is_stmt 0               @ my_crypto.c:975:5
	ldr	r0, __arm_cp.20_4
	bl	printf
	.loc	1 977 51 is_stmt 1              @ my_crypto.c:977:51
	ldr	r2, [sp, #48]
	.loc	1 977 56 is_stmt 0              @ my_crypto.c:977:56
	ldr	r3, [sp, #32]
	.loc	1 977 60                        @ my_crypto.c:977:60
	ldr	r0, [sp, #28]
	.loc	1 977 64                        @ my_crypto.c:977:64
	ldr	r1, [sp, #24]
	.loc	1 977 67                        @ my_crypto.c:977:67
	ldr	r4, [sp, #20]
	.loc	1 977 11                        @ my_crypto.c:977:11
	str	r4, [sp, #8]
	str	r1, [sp, #4]
	str	r0, [sp]
	ldr	r0, __arm_cp.20_5
	movs	r1, #17
	bl	ECC_VerifySignature
	.loc	1 977 9                         @ my_crypto.c:977:9
	str	r0, [sp, #16]
.Ltmp354:
	.loc	1 979 9 is_stmt 1               @ my_crypto.c:979:9
	ldr	r0, [sp, #16]
.Ltmp355:
	.loc	1 979 9 is_stmt 0               @ my_crypto.c:979:9
	cmp	r0, #0
	bpl	.LBB20_2
	b	.LBB20_1
.LBB20_1:
.Ltmp356:
	.loc	1 980 9 is_stmt 1               @ my_crypto.c:980:9
	ldr	r0, __arm_cp.20_7
	bl	printf
	movs	r0, #0
	mvns	r0, r0
	.loc	1 981 9                         @ my_crypto.c:981:9
	str	r0, [sp, #36]
	b	.LBB20_4
.Ltmp357:
.LBB20_2:
	.loc	1 983 9                         @ my_crypto.c:983:9
	ldr	r0, __arm_cp.20_6
	bl	printf
	b	.LBB20_3
.Ltmp358:
.LBB20_3:
	.loc	1 0 9 is_stmt 0                 @ my_crypto.c:0:9
	movs	r0, #0
	.loc	1 985 5 is_stmt 1               @ my_crypto.c:985:5
	str	r0, [sp, #36]
	b	.LBB20_4
.LBB20_4:
	.loc	1 986 1                         @ my_crypto.c:986:1
	ldr	r0, [sp, #36]
	.loc	1 986 1 epilogue_begin is_stmt 0 @ my_crypto.c:986:1
	add	sp, #40
	pop	{r4, pc}
.Ltmp359:
	.p2align	2
@ %bb.5:
	.loc	1 0 1                           @ my_crypto.c:0:1
__arm_cp.20_0:
	.long	.L.str.31
.Lcpi_end107:
	.size	__arm_cp.20_0, .Lcpi_end107-__arm_cp.20_0
__arm_cp.20_1:
	.long	.L.str.32
.Lcpi_end108:
	.size	__arm_cp.20_1, .Lcpi_end108-__arm_cp.20_1
__arm_cp.20_2:
	.long	.L.str.33
.Lcpi_end109:
	.size	__arm_cp.20_2, .Lcpi_end109-__arm_cp.20_2
__arm_cp.20_3:
	.long	.L.str.29
.Lcpi_end110:
	.size	__arm_cp.20_3, .Lcpi_end110-__arm_cp.20_3
__arm_cp.20_4:
	.long	.L.str.30
.Lcpi_end111:
	.size	__arm_cp.20_4, .Lcpi_end111-__arm_cp.20_4
__arm_cp.20_5:
	.long	1073946624                      @ 0x40032000
.Lcpi_end112:
	.size	__arm_cp.20_5, .Lcpi_end112-__arm_cp.20_5
__arm_cp.20_6:
	.long	.L.str.35
.Lcpi_end113:
	.size	__arm_cp.20_6, .Lcpi_end113-__arm_cp.20_6
__arm_cp.20_7:
	.long	.L.str.34
.Lcpi_end114:
	.size	__arm_cp.20_7, .Lcpi_end114-__arm_cp.20_7
.Lfunc_end20:
	.size	verify_signature, .Lfunc_end20-verify_signature
	.cfi_endproc
	.fnend
                                        @ -- End function
	.section	.text.generate_secret_keys,"ax",%progbits
	.hidden	generate_secret_keys            @ -- Begin function generate_secret_keys
	.globl	generate_secret_keys
	.p2align	2
	.type	generate_secret_keys,%function
	.code	16                              @ @generate_secret_keys
	.thumb_func
generate_secret_keys:
.Lfunc_begin21:
	.loc	1 987 0 is_stmt 1               @ my_crypto.c:987:0
	.fnstart
	.cfi_startproc
@ %bb.0:
	.save	{r7, lr}
	push	{r7, lr}
	.cfi_def_cfa_offset 8
	.cfi_offset lr, -4
	.cfi_offset r7, -8
	.pad	#32
	sub	sp, #32
	.cfi_def_cfa_offset 40
	str	r0, [sp, #24]
	str	r1, [sp, #20]
	str	r2, [sp, #16]
	str	r3, [sp, #12]
.Ltmp360:
	.loc	1 988 49 prologue_end           @ my_crypto.c:988:49
	ldr	r2, [sp, #24]
	.loc	1 988 52 is_stmt 0              @ my_crypto.c:988:52
	ldr	r3, [sp, #20]
	.loc	1 988 56                        @ my_crypto.c:988:56
	ldr	r0, [sp, #16]
	.loc	1 988 60                        @ my_crypto.c:988:60
	ldr	r1, [sp, #12]
	.loc	1 988 9                         @ my_crypto.c:988:9
	str	r1, [sp, #4]
	str	r0, [sp]
	ldr	r0, __arm_cp.21_0
	movs	r1, #17
	bl	ECC_GenerateSecretZ
.Ltmp361:
	.loc	1 988 9                         @ my_crypto.c:988:9
	cmp	r0, #0
	bpl	.LBB21_2
	b	.LBB21_1
.LBB21_1:
.Ltmp362:
	.loc	1 989 9 is_stmt 1               @ my_crypto.c:989:9
	ldr	r0, __arm_cp.21_2
	bl	printf
	movs	r0, #0
	mvns	r0, r0
	.loc	1 990 9                         @ my_crypto.c:990:9
	str	r0, [sp, #28]
	b	.LBB21_3
.Ltmp363:
.LBB21_2:
	.loc	1 992 56                        @ my_crypto.c:992:56
	ldr	r1, [sp, #12]
	.loc	1 992 5 is_stmt 0               @ my_crypto.c:992:5
	ldr	r0, __arm_cp.21_1
	bl	printf
	movs	r0, #0
	.loc	1 993 5 is_stmt 1               @ my_crypto.c:993:5
	str	r0, [sp, #28]
	b	.LBB21_3
.LBB21_3:
	.loc	1 994 1                         @ my_crypto.c:994:1
	ldr	r0, [sp, #28]
	.loc	1 994 1 epilogue_begin is_stmt 0 @ my_crypto.c:994:1
	add	sp, #32
	pop	{r7, pc}
.Ltmp364:
	.p2align	2
@ %bb.4:
	.loc	1 0 1                           @ my_crypto.c:0:1
__arm_cp.21_0:
	.long	1073946624                      @ 0x40032000
.Lcpi_end115:
	.size	__arm_cp.21_0, .Lcpi_end115-__arm_cp.21_0
__arm_cp.21_1:
	.long	.L.str.37
.Lcpi_end116:
	.size	__arm_cp.21_1, .Lcpi_end116-__arm_cp.21_1
__arm_cp.21_2:
	.long	.L.str.36
.Lcpi_end117:
	.size	__arm_cp.21_2, .Lcpi_end117-__arm_cp.21_2
.Lfunc_end21:
	.size	generate_secret_keys, .Lfunc_end21-generate_secret_keys
	.cfi_endproc
	.fnend
                                        @ -- End function
	.section	.text.gcm_encrypt,"ax",%progbits
	.hidden	gcm_encrypt                     @ -- Begin function gcm_encrypt
	.globl	gcm_encrypt
	.p2align	2
	.type	gcm_encrypt,%function
	.code	16                              @ @gcm_encrypt
	.thumb_func
gcm_encrypt:
.Lfunc_begin22:
	.loc	1 996 0 is_stmt 1               @ my_crypto.c:996:0
	.fnstart
	.cfi_startproc
@ %bb.0:
	.save	{r4, r5, r6, r7, lr}
	push	{r4, r5, r6, r7, lr}
	.cfi_def_cfa_offset 20
	.cfi_offset lr, -4
	.cfi_offset r7, -8
	.cfi_offset r6, -12
	.cfi_offset r5, -16
	.cfi_offset r4, -20
	.pad	#508
	sub	sp, #508
	.pad	#176
	sub	sp, #176
	.cfi_def_cfa_offset 704
	ldr	r4, [sp, #712]
	ldr	r4, [sp, #708]
	ldr	r4, [sp, #704]
	str	r0, [sp, #676]
	str	r1, [sp, #672]
	str	r2, [sp, #668]
	str	r3, [sp, #664]
	movs	r0, #0
.Ltmp365:
	.loc	1 998 13 prologue_end           @ my_crypto.c:998:13
	str	r0, [sp, #44]                   @ 4-byte Spill
	str	r0, [sp, #660]
	str	r0, [sp, #656]
	str	r0, [sp, #652]
	str	r0, [sp, #648]
	str	r0, [sp, #644]
	str	r0, [sp, #640]
	str	r0, [sp, #636]
	str	r0, [sp, #632]
	.loc	1 1000 13                       @ my_crypto.c:1000:13
	str	r0, [sp, #628]
	str	r0, [sp, #624]
	str	r0, [sp, #620]
	str	r0, [sp, #616]
	str	r0, [sp, #612]
	str	r0, [sp, #608]
	str	r0, [sp, #604]
	str	r0, [sp, #600]
	add	r0, sp, #332
	movw	r1, #265
	.loc	1 1002 13                       @ my_crypto.c:1002:13
	bl	__aeabi_memclr4
	add	r0, sp, #76
	movw	r1, #256
	.loc	1 1004 13                       @ my_crypto.c:1004:13
	bl	__aeabi_memclr4
	.loc	1 1006 50                       @ my_crypto.c:1006:50
	ldr	r0, [sp, #664]
	.loc	1 1006 43 is_stmt 0             @ my_crypto.c:1006:43
	bl	strlen
	.loc	1 1006 53                       @ my_crypto.c:1006:53
	lsls	r0, r0, #1
	.loc	1 1006 57                       @ my_crypto.c:1006:57
	adds	r0, r0, #1
	.loc	1 1006 36                       @ my_crypto.c:1006:36
	bl	malloc
	.loc	1 1006 11                       @ my_crypto.c:1006:11
	str	r0, [sp, #72]
	.loc	1 1007 42 is_stmt 1             @ my_crypto.c:1007:42
	ldr	r0, [sp, #668]
	.loc	1 1007 35 is_stmt 0             @ my_crypto.c:1007:35
	bl	strlen
	.loc	1 1007 45                       @ my_crypto.c:1007:45
	lsls	r0, r0, #1
	.loc	1 1007 49                       @ my_crypto.c:1007:49
	adds	r0, r0, #1
	.loc	1 1007 28                       @ my_crypto.c:1007:28
	bl	malloc
	.loc	1 1007 11                       @ my_crypto.c:1007:11
	str	r0, [sp, #68]
	.loc	1 1008 16 is_stmt 1             @ my_crypto.c:1008:16
	ldr	r0, [sp, #664]
	.loc	1 1008 19 is_stmt 0             @ my_crypto.c:1008:19
	ldr	r1, [sp, #72]
	.loc	1 1008 5                        @ my_crypto.c:1008:5
	bl	string2hex
	.loc	1 1009 16 is_stmt 1             @ my_crypto.c:1009:16
	ldr	r0, [sp, #668]
	.loc	1 1009 19 is_stmt 0             @ my_crypto.c:1009:19
	ldr	r1, [sp, #68]
	.loc	1 1009 5                        @ my_crypto.c:1009:5
	bl	string2hex
	.loc	1 1010 25 is_stmt 1             @ my_crypto.c:1010:25
	ldr	r1, [sp, #676]
	.loc	1 1010 5 is_stmt 0              @ my_crypto.c:1010:5
	ldr	r0, __arm_cp.22_0
	bl	printf
	.loc	1 1011 24 is_stmt 1             @ my_crypto.c:1011:24
	ldr	r1, [sp, #672]
	.loc	1 1011 5 is_stmt 0              @ my_crypto.c:1011:5
	ldr	r0, __arm_cp.22_1
	bl	printf
	.loc	1 1012 23 is_stmt 1             @ my_crypto.c:1012:23
	ldr	r1, [sp, #664]
	.loc	1 1012 5 is_stmt 0              @ my_crypto.c:1012:5
	ldr	r0, __arm_cp.22_2
	bl	printf
	.loc	1 1013 23 is_stmt 1             @ my_crypto.c:1013:23
	ldr	r1, [sp, #668]
	.loc	1 1013 5 is_stmt 0              @ my_crypto.c:1013:5
	ldr	r0, __arm_cp.22_3
	bl	printf
	.loc	1 1016 31 is_stmt 1             @ my_crypto.c:1016:31
	ldr	r0, [sp, #676]
	.loc	1 1016 24 is_stmt 0             @ my_crypto.c:1016:24
	bl	strlen
	.loc	1 1016 36                       @ my_crypto.c:1016:36
	lsrs	r0, r0, #1
	.loc	1 1016 14                       @ my_crypto.c:1016:14
	str	r0, [sp, #64]
	.loc	1 1017 30 is_stmt 1             @ my_crypto.c:1017:30
	ldr	r0, [sp, #672]
	.loc	1 1017 23 is_stmt 0             @ my_crypto.c:1017:23
	bl	strlen
	.loc	1 1017 34                       @ my_crypto.c:1017:34
	lsrs	r0, r0, #1
	.loc	1 1017 14                       @ my_crypto.c:1017:14
	str	r0, [sp, #60]
	.loc	1 1018 29 is_stmt 1             @ my_crypto.c:1018:29
	ldr	r0, [sp, #68]
	.loc	1 1018 22 is_stmt 0             @ my_crypto.c:1018:22
	bl	strlen
	.loc	1 1018 37                       @ my_crypto.c:1018:37
	lsrs	r0, r0, #1
	.loc	1 1018 14                       @ my_crypto.c:1018:14
	str	r0, [sp, #56]
	.loc	1 1019 29 is_stmt 1             @ my_crypto.c:1019:29
	ldr	r0, [sp, #72]
	.loc	1 1019 22 is_stmt 0             @ my_crypto.c:1019:22
	bl	strlen
	.loc	1 1019 45                       @ my_crypto.c:1019:45
	lsrs	r0, r0, #1
	.loc	1 1019 14                       @ my_crypto.c:1019:14
	str	r0, [sp, #52]
	.loc	1 1024 13 is_stmt 1             @ my_crypto.c:1024:13
	ldr	r0, [sp, #52]
	.loc	1 1024 6 is_stmt 0              @ my_crypto.c:1024:6
	ldr	r1, [sp, #712]
	.loc	1 1024 11                       @ my_crypto.c:1024:11
	str	r0, [r1]
.Ltmp366:
	.loc	1 1027 9 is_stmt 1              @ my_crypto.c:1027:9
	ldr	r0, [sp, #64]
	.loc	1 1027 23 is_stmt 0             @ my_crypto.c:1027:23
	cmp	r0, #16
	beq	.LBB22_4
	b	.LBB22_1
.LBB22_1:
	.loc	1 1027 26                       @ my_crypto.c:1027:26
	ldr	r0, [sp, #64]
	.loc	1 1027 40                       @ my_crypto.c:1027:40
	cmp	r0, #24
	beq	.LBB22_4
	b	.LBB22_2
.LBB22_2:
	.loc	1 1027 43                       @ my_crypto.c:1027:43
	ldr	r0, [sp, #64]
.Ltmp367:
	.loc	1 1027 9                        @ my_crypto.c:1027:9
	cmp	r0, #32
	beq	.LBB22_4
	b	.LBB22_3
.LBB22_3:
.Ltmp368:
	.loc	1 1028 9 is_stmt 1              @ my_crypto.c:1028:9
	ldr	r0, __arm_cp.22_5
	bl	printf
	movs	r0, #0
	mvns	r0, r0
	.loc	1 1029 9                        @ my_crypto.c:1029:9
	str	r0, [sp, #680]
	b	.LBB22_7
.Ltmp369:
.LBB22_4:
	.loc	1 1035 9                        @ my_crypto.c:1035:9
	ldr	r0, [sp, #60]
.Ltmp370:
	.loc	1 1035 9 is_stmt 0              @ my_crypto.c:1035:9
	cbnz	r0, .LBB22_6
	b	.LBB22_5
.LBB22_5:
.Ltmp371:
	.loc	1 1036 9 is_stmt 1              @ my_crypto.c:1036:9
	ldr	r0, __arm_cp.22_4
	bl	printf
	movs	r0, #0
	mvns	r0, r0
	.loc	1 1037 9                        @ my_crypto.c:1037:9
	str	r0, [sp, #680]
	b	.LBB22_7
.Ltmp372:
.LBB22_6:
	.loc	1 1039 13                       @ my_crypto.c:1039:13
	ldr	r0, [sp, #676]
	.loc	1 1039 25 is_stmt 0             @ my_crypto.c:1039:25
	ldr	r2, [sp, #64]
	add	r1, sp, #632
	.loc	1 1039 5                        @ my_crypto.c:1039:5
	str	r1, [sp, #40]                   @ 4-byte Spill
	bl	str2bin
	.loc	1 1040 13 is_stmt 1             @ my_crypto.c:1040:13
	ldr	r0, [sp, #672]
	.loc	1 1040 23 is_stmt 0             @ my_crypto.c:1040:23
	ldr	r2, [sp, #60]
	add	r1, sp, #600
	.loc	1 1040 5                        @ my_crypto.c:1040:5
	str	r1, [sp, #32]                   @ 4-byte Spill
	bl	str2bin
	.loc	1 1041 13 is_stmt 1             @ my_crypto.c:1041:13
	ldr	r0, [sp, #68]
	.loc	1 1041 26 is_stmt 0             @ my_crypto.c:1041:26
	ldr	r2, [sp, #56]
	add	r4, sp, #332
	.loc	1 1041 5                        @ my_crypto.c:1041:5
	mov	r1, r4
	bl	str2bin
	.loc	1 1042 13 is_stmt 1             @ my_crypto.c:1042:13
	ldr	r0, [sp, #72]
	.loc	1 1042 34 is_stmt 0             @ my_crypto.c:1042:34
	ldr	r2, [sp, #52]
	add	r6, sp, #76
	.loc	1 1042 5                        @ my_crypto.c:1042:5
	mov	r1, r6
	bl	str2bin
	ldr	r2, [sp, #32]                   @ 4-byte Reload
	.loc	1 1044 23 is_stmt 1             @ my_crypto.c:1044:23
	ldr	r1, [sp, #64]
	.loc	1 1044 38 is_stmt 0             @ my_crypto.c:1044:38
	ldr	r3, [sp, #60]
	.loc	1 1044 51                       @ my_crypto.c:1044:51
	ldr	r5, [sp, #56]
	.loc	1 1044 63                       @ my_crypto.c:1044:63
	ldr	r7, [sp, #52]
	.loc	1 1044 70                       @ my_crypto.c:1044:70
	ldr	r0, [sp, #704]
	.loc	1 1045 16 is_stmt 1             @ my_crypto.c:1045:16
	str	r0, [sp, #36]                   @ 4-byte Spill
	ldr	r0, [sp, #708]
	.loc	1 1044 5                        @ my_crypto.c:1044:5
	str	r0, [sp, #24]
	add	r0, sp, #48
	str	r0, [sp, #20]
	ldr	r0, [sp, #36]                   @ 4-byte Reload
	str	r0, [sp, #16]
	ldr	r0, [sp, #40]                   @ 4-byte Reload
	str	r7, [sp, #12]
	str	r6, [sp, #8]
	str	r5, [sp, #4]
	str	r4, [sp]
	bl	AES_GCMEnc
	.loc	1 1047 10                       @ my_crypto.c:1047:10
	ldr	r0, [sp, #68]
	.loc	1 1047 5 is_stmt 0              @ my_crypto.c:1047:5
	bl	free
	.loc	1 1048 10 is_stmt 1             @ my_crypto.c:1048:10
	ldr	r0, [sp, #72]
	.loc	1 1048 5 is_stmt 0              @ my_crypto.c:1048:5
	bl	free
	movs	r0, #0
	.loc	1 1049 5 is_stmt 1              @ my_crypto.c:1049:5
	str	r0, [sp, #680]
	b	.LBB22_7
.LBB22_7:
	.loc	1 1050 1                        @ my_crypto.c:1050:1
	ldr	r0, [sp, #680]
	.loc	1 1050 1 epilogue_begin is_stmt 0 @ my_crypto.c:1050:1
	add	sp, #508
	add	sp, #176
	pop	{r4, r5, r6, r7, pc}
.Ltmp373:
	.p2align	2
@ %bb.8:
	.loc	1 0 1                           @ my_crypto.c:0:1
__arm_cp.22_0:
	.long	.L.str.38
.Lcpi_end118:
	.size	__arm_cp.22_0, .Lcpi_end118-__arm_cp.22_0
__arm_cp.22_1:
	.long	.L.str.39
.Lcpi_end119:
	.size	__arm_cp.22_1, .Lcpi_end119-__arm_cp.22_1
__arm_cp.22_2:
	.long	.L.str.40
.Lcpi_end120:
	.size	__arm_cp.22_2, .Lcpi_end120-__arm_cp.22_2
__arm_cp.22_3:
	.long	.L.str.41
.Lcpi_end121:
	.size	__arm_cp.22_3, .Lcpi_end121-__arm_cp.22_3
__arm_cp.22_4:
	.long	.L.str.43
.Lcpi_end122:
	.size	__arm_cp.22_4, .Lcpi_end122-__arm_cp.22_4
__arm_cp.22_5:
	.long	.L.str.42
.Lcpi_end123:
	.size	__arm_cp.22_5, .Lcpi_end123-__arm_cp.22_5
.Lfunc_end22:
	.size	gcm_encrypt, .Lfunc_end22-gcm_encrypt
	.cfi_endproc
	.fnend
                                        @ -- End function
	.section	.text.gcm_decrypt,"ax",%progbits
	.hidden	gcm_decrypt                     @ -- Begin function gcm_decrypt
	.globl	gcm_decrypt
	.p2align	2
	.type	gcm_decrypt,%function
	.code	16                              @ @gcm_decrypt
	.thumb_func
gcm_decrypt:
.Lfunc_begin23:
	.loc	1 1055 0 is_stmt 1              @ my_crypto.c:1055:0
	.fnstart
	.cfi_startproc
@ %bb.0:
	.save	{r4, r5, r6, r7, lr}
	push	{r4, r5, r6, r7, lr}
	.cfi_def_cfa_offset 20
	.cfi_offset lr, -4
	.cfi_offset r7, -8
	.cfi_offset r6, -12
	.cfi_offset r5, -16
	.cfi_offset r4, -20
	.pad	#420
	sub	sp, #420
	.cfi_def_cfa_offset 440
	ldr	r4, [sp, #444]
	ldr	r4, [sp, #440]
	str	r0, [sp, #412]
	str	r1, [sp, #408]
	str	r2, [sp, #404]
	str	r3, [sp, #400]
	movs	r0, #0
.Ltmp374:
	.loc	1 1056 26 prologue_end          @ my_crypto.c:1056:26
	str	r0, [sp, #44]                   @ 4-byte Spill
	str	r0, [sp, #396]
	str	r0, [sp, #392]
	str	r0, [sp, #388]
	str	r0, [sp, #384]
	str	r0, [sp, #380]
	str	r0, [sp, #376]
	str	r0, [sp, #372]
	str	r0, [sp, #368]
	.loc	1 1057 26                       @ my_crypto.c:1057:26
	str	r0, [sp, #364]
	str	r0, [sp, #360]
	str	r0, [sp, #356]
	str	r0, [sp, #352]
	str	r0, [sp, #348]
	str	r0, [sp, #344]
	str	r0, [sp, #340]
	str	r0, [sp, #336]
	add	r0, sp, #80
	movw	r1, #256
	.loc	1 1058 26                       @ my_crypto.c:1058:26
	bl	__aeabi_memclr4
	.loc	1 1061 31                       @ my_crypto.c:1061:31
	ldr	r0, [sp, #412]
	.loc	1 1061 24 is_stmt 0             @ my_crypto.c:1061:24
	bl	strlen
	.loc	1 1061 36                       @ my_crypto.c:1061:36
	lsrs	r0, r0, #1
	.loc	1 1061 14                       @ my_crypto.c:1061:14
	str	r0, [sp, #76]
	.loc	1 1062 30 is_stmt 1             @ my_crypto.c:1062:30
	ldr	r0, [sp, #408]
	.loc	1 1062 23 is_stmt 0             @ my_crypto.c:1062:23
	bl	strlen
	.loc	1 1062 34                       @ my_crypto.c:1062:34
	lsrs	r0, r0, #1
	.loc	1 1062 14                       @ my_crypto.c:1062:14
	str	r0, [sp, #72]
	.loc	1 1063 29 is_stmt 1             @ my_crypto.c:1063:29
	ldr	r0, [sp, #404]
	.loc	1 1063 22 is_stmt 0             @ my_crypto.c:1063:22
	bl	strlen
	mov	r1, r0
	.loc	1 1063 32                       @ my_crypto.c:1063:32
	ldr	r0, [sp, #44]                   @ 4-byte Reload
	lsrs	r1, r1, #1
	.loc	1 1063 14                       @ my_crypto.c:1063:14
	str	r1, [sp, #68]
	.loc	1 1066 14 is_stmt 1             @ my_crypto.c:1066:14
	str	r0, [sp, #64]
	.loc	1 1067 14                       @ my_crypto.c:1067:14
	str	r0, [sp, #60]
.Ltmp375:
	.loc	1 1070 9                        @ my_crypto.c:1070:9
	ldr	r0, [sp, #76]
	.loc	1 1070 23 is_stmt 0             @ my_crypto.c:1070:23
	cmp	r0, #16
	beq	.LBB23_4
	b	.LBB23_1
.LBB23_1:
	.loc	1 1070 26                       @ my_crypto.c:1070:26
	ldr	r0, [sp, #76]
	.loc	1 1070 40                       @ my_crypto.c:1070:40
	cmp	r0, #24
	beq	.LBB23_4
	b	.LBB23_2
.LBB23_2:
	.loc	1 1070 43                       @ my_crypto.c:1070:43
	ldr	r0, [sp, #76]
.Ltmp376:
	.loc	1 1070 9                        @ my_crypto.c:1070:9
	cmp	r0, #32
	beq	.LBB23_4
	b	.LBB23_3
.LBB23_3:
.Ltmp377:
	.loc	1 1071 56 is_stmt 1             @ my_crypto.c:1071:56
	ldr	r1, [sp, #76]
	.loc	1 1071 9 is_stmt 0              @ my_crypto.c:1071:9
	ldr	r0, __arm_cp.23_7
	bl	printf
	movs	r0, #0
	mvns	r0, r0
	.loc	1 1072 9 is_stmt 1              @ my_crypto.c:1072:9
	str	r0, [sp, #416]
	b	.LBB23_12
.Ltmp378:
.LBB23_4:
	.loc	1 1079 9                        @ my_crypto.c:1079:9
	ldr	r0, [sp, #72]
.Ltmp379:
	.loc	1 1079 9 is_stmt 0              @ my_crypto.c:1079:9
	cbnz	r0, .LBB23_6
	b	.LBB23_5
.LBB23_5:
.Ltmp380:
	.loc	1 1080 9 is_stmt 1              @ my_crypto.c:1080:9
	ldr	r0, __arm_cp.23_6
	bl	printf
	movs	r0, #0
	mvns	r0, r0
	.loc	1 1081 9                        @ my_crypto.c:1081:9
	str	r0, [sp, #416]
	b	.LBB23_12
.Ltmp381:
.LBB23_6:
	.loc	1 1085 13                       @ my_crypto.c:1085:13
	ldr	r0, [sp, #412]
	.loc	1 1085 25 is_stmt 0             @ my_crypto.c:1085:25
	ldr	r2, [sp, #76]
	add	r1, sp, #368
	.loc	1 1085 5                        @ my_crypto.c:1085:5
	str	r1, [sp, #40]                   @ 4-byte Spill
	bl	str2bin
	.loc	1 1086 13 is_stmt 1             @ my_crypto.c:1086:13
	ldr	r0, [sp, #408]
	.loc	1 1086 23 is_stmt 0             @ my_crypto.c:1086:23
	ldr	r2, [sp, #72]
	add	r1, sp, #336
	.loc	1 1086 5                        @ my_crypto.c:1086:5
	str	r1, [sp, #32]                   @ 4-byte Spill
	bl	str2bin
	.loc	1 1087 13 is_stmt 1             @ my_crypto.c:1087:13
	ldr	r0, [sp, #404]
	.loc	1 1087 21 is_stmt 0             @ my_crypto.c:1087:21
	ldr	r2, [sp, #68]
	add	r4, sp, #80
	.loc	1 1087 5                        @ my_crypto.c:1087:5
	mov	r1, r4
	bl	str2bin
	.loc	1 1090 5 is_stmt 1              @ my_crypto.c:1090:5
	ldr	r0, __arm_cp.23_0
	str	r0, [sp, #36]                   @ 4-byte Spill
	movw	r1, #512
	bl	__aeabi_memclr4
	ldr	r2, [sp, #32]                   @ 4-byte Reload
	.loc	1 1096 33                       @ my_crypto.c:1096:33
	ldr	r1, [sp, #76]
	.loc	1 1096 48 is_stmt 0             @ my_crypto.c:1096:48
	ldr	r3, [sp, #72]
	.loc	1 1096 61                       @ my_crypto.c:1096:61
	ldr	r5, [sp, #68]
	.loc	1 1096 68                       @ my_crypto.c:1096:68
	ldr	r6, [sp, #400]
	.loc	1 1096 71                       @ my_crypto.c:1096:71
	ldr	r7, [sp, #444]
	add	r0, sp, #60
	.loc	1 1096 15                       @ my_crypto.c:1096:15
	str	r0, [sp, #24]
	add	r0, sp, #64
	str	r0, [sp, #20]
	ldr	r0, [sp, #36]                   @ 4-byte Reload
	str	r0, [sp, #16]
	ldr	r0, [sp, #40]                   @ 4-byte Reload
	str	r7, [sp, #12]
	str	r6, [sp, #8]
	str	r5, [sp, #4]
	str	r4, [sp]
	bl	AES_GCMDec
	.loc	1 1096 9                        @ my_crypto.c:1096:9
	str	r0, [sp, #56]
	.loc	1 1100 51 is_stmt 1             @ my_crypto.c:1100:51
	ldr	r1, [sp, #56]
	.loc	1 1100 5 is_stmt 0              @ my_crypto.c:1100:5
	ldr	r0, __arm_cp.23_1
	bl	printf
	.loc	1 1103 76 is_stmt 1             @ my_crypto.c:1103:76
	ldr	r1, [sp, #64]
	.loc	1 1104 12                       @ my_crypto.c:1104:12
	ldr	r2, [sp, #60]
	.loc	1 1104 26 is_stmt 0             @ my_crypto.c:1104:26
	ldr	r3, [sp, #444]
	.loc	1 1103 5 is_stmt 1              @ my_crypto.c:1103:5
	ldr	r0, __arm_cp.23_2
	bl	printf
.Ltmp382:
	.loc	1 1108 9                        @ my_crypto.c:1108:9
	ldr	r0, [sp, #64]
.Ltmp383:
	.loc	1 1108 9 is_stmt 0              @ my_crypto.c:1108:9
	lsrs	r0, r0, #9
	cbnz	r0, .LBB23_8
	b	.LBB23_7
.LBB23_7:
.Ltmp384:
	.loc	1 1109 19 is_stmt 1             @ my_crypto.c:1109:19
	ldr	r2, [sp, #64]
	.loc	1 1109 9 is_stmt 0              @ my_crypto.c:1109:9
	ldr	r1, __arm_cp.23_0
	movs	r0, #0
	.loc	1 1109 25                       @ my_crypto.c:1109:25
	strb	r0, [r1, r2]
	.loc	1 1110 5 is_stmt 1              @ my_crypto.c:1110:5
	b	.LBB23_9
.Ltmp385:
.LBB23_8:
	.loc	1 1113 42                       @ my_crypto.c:1113:42
	ldr	r1, __arm_cp.23_0
	ldr	r2, __arm_cp.23_3
	movs	r0, #0
	strb	r0, [r1, r2]
	b	.LBB23_9
.Ltmp386:
.LBB23_9:
	.loc	1 1119 32                       @ my_crypto.c:1119:32
	ldr	r0, [sp, #64]
	.loc	1 1119 37 is_stmt 0             @ my_crypto.c:1119:37
	lsls	r0, r0, #1
	.loc	1 1119 42                       @ my_crypto.c:1119:42
	adds	r0, r0, #4
	.loc	1 1119 12                       @ my_crypto.c:1119:12
	str	r0, [sp, #52]
	.loc	1 1120 33 is_stmt 1             @ my_crypto.c:1120:33
	ldr	r0, [sp, #52]
	.loc	1 1120 26 is_stmt 0             @ my_crypto.c:1120:26
	bl	malloc
	.loc	1 1120 11                       @ my_crypto.c:1120:11
	str	r0, [sp, #48]
.Ltmp387:
	.loc	1 1121 10 is_stmt 1             @ my_crypto.c:1121:10
	ldr	r0, [sp, #48]
.Ltmp388:
	.loc	1 1121 9 is_stmt 0              @ my_crypto.c:1121:9
	cbnz	r0, .LBB23_11
	b	.LBB23_10
.LBB23_10:
.Ltmp389:
	.loc	1 1122 9 is_stmt 1              @ my_crypto.c:1122:9
	ldr	r0, __arm_cp.23_4
	bl	printf
	movs	r0, #0
	mvns	r0, r0
	.loc	1 1123 9                        @ my_crypto.c:1123:9
	str	r0, [sp, #416]
	b	.LBB23_12
.Ltmp390:
.LBB23_11:
	.loc	1 1125 12                       @ my_crypto.c:1125:12
	ldr	r0, [sp, #48]
	.loc	1 1125 21 is_stmt 0             @ my_crypto.c:1125:21
	ldr	r1, [sp, #52]
	.loc	1 1125 5                        @ my_crypto.c:1125:5
	bl	__aeabi_memclr
	.loc	1 1129 24 is_stmt 1             @ my_crypto.c:1129:24
	ldr	r1, [sp, #64]
	.loc	1 1129 30 is_stmt 0             @ my_crypto.c:1129:30
	ldr	r2, [sp, #48]
	.loc	1 1129 5                        @ my_crypto.c:1129:5
	ldr	r0, __arm_cp.23_0
	bl	bin2str
	.loc	1 1134 13 is_stmt 1             @ my_crypto.c:1134:13
	ldr	r0, [sp, #48]
	.loc	1 1134 19 is_stmt 0             @ my_crypto.c:1134:19
	ldr	r1, [sp, #440]
	.loc	1 1134 5                        @ my_crypto.c:1134:5
	bl	hex2str
	.loc	1 1136 37 is_stmt 1             @ my_crypto.c:1136:37
	ldr	r1, [sp, #440]
	.loc	1 1136 5 is_stmt 0              @ my_crypto.c:1136:5
	ldr	r0, __arm_cp.23_5
	bl	printf
	.loc	1 1139 10 is_stmt 1             @ my_crypto.c:1139:10
	ldr	r0, [sp, #48]
	.loc	1 1139 5 is_stmt 0              @ my_crypto.c:1139:5
	bl	free
	movs	r0, #0
	.loc	1 1145 5 is_stmt 1              @ my_crypto.c:1145:5
	str	r0, [sp, #416]
	b	.LBB23_12
.LBB23_12:
	.loc	1 1146 1                        @ my_crypto.c:1146:1
	ldr	r0, [sp, #416]
	.loc	1 1146 1 epilogue_begin is_stmt 0 @ my_crypto.c:1146:1
	add	sp, #420
	pop	{r4, r5, r6, r7, pc}
.Ltmp391:
	.p2align	2
@ %bb.13:
	.loc	1 0 1                           @ my_crypto.c:0:1
__arm_cp.23_0:
	.long	g_au8Out2
.Lcpi_end124:
	.size	__arm_cp.23_0, .Lcpi_end124-__arm_cp.23_0
__arm_cp.23_1:
	.long	.L.str.46
.Lcpi_end125:
	.size	__arm_cp.23_1, .Lcpi_end125-__arm_cp.23_1
__arm_cp.23_2:
	.long	.L.str.47
.Lcpi_end126:
	.size	__arm_cp.23_2, .Lcpi_end126-__arm_cp.23_2
__arm_cp.23_3:
	.long	511                             @ 0x1ff
.Lcpi_end127:
	.size	__arm_cp.23_3, .Lcpi_end127-__arm_cp.23_3
__arm_cp.23_4:
	.long	.L.str.48
.Lcpi_end128:
	.size	__arm_cp.23_4, .Lcpi_end128-__arm_cp.23_4
__arm_cp.23_5:
	.long	.L.str.49
.Lcpi_end129:
	.size	__arm_cp.23_5, .Lcpi_end129-__arm_cp.23_5
__arm_cp.23_6:
	.long	.L.str.45
.Lcpi_end130:
	.size	__arm_cp.23_6, .Lcpi_end130-__arm_cp.23_6
__arm_cp.23_7:
	.long	.L.str.44
.Lcpi_end131:
	.size	__arm_cp.23_7, .Lcpi_end131-__arm_cp.23_7
.Lfunc_end23:
	.size	gcm_decrypt, .Lfunc_end23-gcm_decrypt
	.cfi_endproc
	.fnend
                                        @ -- End function
	.section	.text.Write_KeyStore,"ax",%progbits
	.hidden	Write_KeyStore                  @ -- Begin function Write_KeyStore
	.globl	Write_KeyStore
	.p2align	2
	.type	Write_KeyStore,%function
	.code	16                              @ @Write_KeyStore
	.thumb_func
Write_KeyStore:
.Lfunc_begin24:
	.loc	1 1147 0 is_stmt 1              @ my_crypto.c:1147:0
	.fnstart
	.cfi_startproc
@ %bb.0:
	.save	{r4, r6, r7, lr}
	push	{r4, r6, r7, lr}
	.cfi_def_cfa_offset 16
	.cfi_offset lr, -4
	.cfi_offset r7, -8
	.cfi_offset r6, -12
	.cfi_offset r4, -16
	.setfp	r7, sp, #8
	add	r7, sp, #8
	.cfi_def_cfa r7, 8
	.pad	#48
	sub	sp, #48
	mov	r6, sp
	adds	r2, r6, #7
	adds	r2, #13
	str	r2, [r6, #8]                    @ 4-byte Spill
	mov	r2, r0
	ldr	r0, [r6, #8]                    @ 4-byte Reload
	str	r2, [r0, #20]
	str	r1, [r0, #16]
.Ltmp392:
	.loc	1 1148 22 prologue_end          @ my_crypto.c:1148:22
	ldr	r1, [r0, #16]
	.loc	1 1148 30 is_stmt 0             @ my_crypto.c:1148:30
	adds	r1, #31
	.loc	1 1148 36                       @ my_crypto.c:1148:36
	asrs	r2, r1, #31
	lsrs	r2, r2, #27
	adds	r1, r1, r2
	asrs	r1, r1, #5
	.loc	1 1148 5                        @ my_crypto.c:1148:5
	mov	r2, sp
	str	r2, [r0, #12]
	lsls	r2, r1, #2
	adds	r3, r2, #7
	movs	r2, #7
	bics	r3, r2
	mov	r2, sp
	subs	r2, r2, r3
	.loc	1 1148 14                       @ my_crypto.c:1148:14
	str	r2, [r6, #12]                   @ 4-byte Spill
.Ltmp393:
	@DEBUG_VALUE: Write_KeyStore:au32ri <- [DW_OP_plus_uconst 12, DW_OP_deref] [$r6+0]
	@DEBUG_VALUE: Write_KeyStore:au32ri <- [$r2+0]
	.loc	1 1148 5                        @ my_crypto.c:1148:5
	mov	sp, r2
	str	r1, [r0, #8]
	.loc	1 1149 13 is_stmt 1             @ my_crypto.c:1149:13
	ldr	r0, [r0, #16]
	.loc	1 1149 5 is_stmt 0              @ my_crypto.c:1149:5
	str	r0, [r6, #16]                   @ 4-byte Spill
	cmp	r0, #192
.Ltmp394:
	@DEBUG_VALUE: Write_KeyStore:au32ri <- [DW_OP_plus_uconst 12, DW_OP_deref] [$r6+0]
	beq	.LBB24_3
	b	.LBB24_1
.Ltmp395:
.LBB24_1:
	@DEBUG_VALUE: Write_KeyStore:au32ri <- [DW_OP_plus_uconst 12, DW_OP_deref] [$r6+0]
	.loc	1 0 5                           @ my_crypto.c:0:5
	ldr	r0, [r6, #16]                   @ 4-byte Reload
	movw	r1, #256
	.loc	1 1149 5                        @ my_crypto.c:1149:5
	cmp	r0, r1
	beq	.LBB24_4
	b	.LBB24_2
.Ltmp396:
.LBB24_2:
	@DEBUG_VALUE: Write_KeyStore:au32ri <- [DW_OP_plus_uconst 12, DW_OP_deref] [$r6+0]
	.loc	1 0 5                           @ my_crypto.c:0:5
	ldr	r0, [r6, #16]                   @ 4-byte Reload
	movw	r1, #384
	.loc	1 1149 5                        @ my_crypto.c:1149:5
	cmp	r0, r1
	beq	.LBB24_5
	b	.LBB24_6
.Ltmp397:
.LBB24_3:
	@DEBUG_VALUE: Write_KeyStore:au32ri <- [DW_OP_plus_uconst 12, DW_OP_deref] [$r6+0]
	.loc	1 0 5                           @ my_crypto.c:0:5
	ldr	r1, [r6, #8]                    @ 4-byte Reload
	movw	r0, #512
.Ltmp398:
	.loc	1 1151 17 is_stmt 1             @ my_crypto.c:1151:17
	str	r0, [r1, #4]
	.loc	1 1152 9                        @ my_crypto.c:1152:9
	b	.LBB24_7
.Ltmp399:
.LBB24_4:
	@DEBUG_VALUE: Write_KeyStore:au32ri <- [DW_OP_plus_uconst 12, DW_OP_deref] [$r6+0]
	.loc	1 0 9 is_stmt 0                 @ my_crypto.c:0:9
	ldr	r1, [r6, #8]                    @ 4-byte Reload
	movw	r0, #1536
	.loc	1 1154 17 is_stmt 1             @ my_crypto.c:1154:17
	str	r0, [r1, #4]
	.loc	1 1155 9                        @ my_crypto.c:1155:9
	b	.LBB24_7
.Ltmp400:
.LBB24_5:
	@DEBUG_VALUE: Write_KeyStore:au32ri <- [DW_OP_plus_uconst 12, DW_OP_deref] [$r6+0]
	.loc	1 0 9 is_stmt 0                 @ my_crypto.c:0:9
	ldr	r1, [r6, #8]                    @ 4-byte Reload
	movw	r0, #2048
	.loc	1 1157 17 is_stmt 1             @ my_crypto.c:1157:17
	str	r0, [r1, #4]
	.loc	1 1158 9                        @ my_crypto.c:1158:9
	b	.LBB24_7
.Ltmp401:
.LBB24_6:
	@DEBUG_VALUE: Write_KeyStore:au32ri <- [DW_OP_plus_uconst 12, DW_OP_deref] [$r6+0]
	.loc	1 1160 9                        @ my_crypto.c:1160:9
	ldr	r0, __arm_cp.24_1
	bl	printf
	ldr	r1, [r6, #8]                    @ 4-byte Reload
	movs	r0, #0
	mvns	r0, r0
	.loc	1 1161 9                        @ my_crypto.c:1161:9
	str	r0, [r1, #24]
	movs	r0, #1
	str	r0, [r1]
	b	.LBB24_8
.Ltmp402:
.LBB24_7:
	@DEBUG_VALUE: Write_KeyStore:au32ri <- [DW_OP_plus_uconst 12, DW_OP_deref] [$r6+0]
	.loc	1 1165 18                       @ my_crypto.c:1165:18
	ldr	r0, [r6, #8]                    @ 4-byte Reload
	ldr	r1, [r6, #12]                   @ 4-byte Reload
	ldr	r0, [r0, #20]
	.loc	1 1165 5 is_stmt 0              @ my_crypto.c:1165:5
	bl	CRPT_Hex2Reg
	ldr	r2, [r6, #12]                   @ 4-byte Reload
	ldr	r0, [r6, #8]                    @ 4-byte Reload
	.loc	1 1167 45 is_stmt 1             @ my_crypto.c:1167:45
	ldr	r1, [r0, #4]
	ldr	r0, __arm_cp.24_0
	.loc	1 1167 53 is_stmt 0             @ my_crypto.c:1167:53
	orrs	r1, r0
	movs	r0, #1
	.loc	1 1167 12                       @ my_crypto.c:1167:12
	str	r0, [r6, #4]                    @ 4-byte Spill
	bl	KS_Write
	ldr	r1, [r6, #8]                    @ 4-byte Reload
	mov	r2, r0
	.loc	1 1167 5                        @ my_crypto.c:1167:5
	ldr	r0, [r6, #4]                    @ 4-byte Reload
	str	r2, [r1, #24]
	str	r0, [r1]
	b	.LBB24_8
.Ltmp403:
.LBB24_8:
	@DEBUG_VALUE: Write_KeyStore:au32ri <- [DW_OP_plus_uconst 12, DW_OP_deref] [$r6+0]
	.loc	1 1168 1 is_stmt 1              @ my_crypto.c:1168:1
	ldr	r0, [r6, #8]                    @ 4-byte Reload
	ldr	r1, [r0, #12]
	mov	sp, r1
	ldr	r0, [r0, #24]
	.loc	1 1168 1 epilogue_begin is_stmt 0 @ my_crypto.c:1168:1
	subs	r6, r7, #7
.Ltmp404:
	subs	r6, #1
	mov	sp, r6
	pop	{r4, r6, r7, pc}
.Ltmp405:
	.p2align	2
@ %bb.9:
	.loc	1 0 1                           @ my_crypto.c:0:1
__arm_cp.24_0:
	.long	262148                          @ 0x40004
.Lcpi_end132:
	.size	__arm_cp.24_0, .Lcpi_end132-__arm_cp.24_0
__arm_cp.24_1:
	.long	.L.str.50
.Lcpi_end133:
	.size	__arm_cp.24_1, .Lcpi_end133-__arm_cp.24_1
.Lfunc_end24:
	.size	Write_KeyStore, .Lfunc_end24-Write_KeyStore
	.cfi_endproc
	.fnend
                                        @ -- End function
	.section	.text.Write_KeyStore_Flash_ID,"ax",%progbits
	.hidden	Write_KeyStore_Flash_ID         @ -- Begin function Write_KeyStore_Flash_ID
	.globl	Write_KeyStore_Flash_ID
	.p2align	2
	.type	Write_KeyStore_Flash_ID,%function
	.code	16                              @ @Write_KeyStore_Flash_ID
	.thumb_func
Write_KeyStore_Flash_ID:
.Lfunc_begin25:
	.loc	1 1170 0 is_stmt 1              @ my_crypto.c:1170:0
	.fnstart
	.cfi_startproc
@ %bb.0:
	.save	{r7, lr}
	push	{r7, lr}
	.cfi_def_cfa_offset 8
	.cfi_offset lr, -4
	.cfi_offset r7, -8
	.pad	#24
	sub	sp, #24
	.cfi_def_cfa_offset 32
	str	r0, [sp, #16]
	str	r1, [sp, #12]
	str	r2, [sp, #8]
.Ltmp406:
	.loc	1 1173 31 prologue_end          @ my_crypto.c:1173:31
	ldr	r0, [sp, #16]
	.loc	1 1173 36 is_stmt 0             @ my_crypto.c:1173:36
	ldr	r1, [sp, #12]
	.loc	1 1173 16                       @ my_crypto.c:1173:16
	bl	Write_KeyStore
	.loc	1 1173 14                       @ my_crypto.c:1173:14
	str	r0, [sp, #4]
.Ltmp407:
	.loc	1 1174 9 is_stmt 1              @ my_crypto.c:1174:9
	ldr	r0, [sp, #4]
.Ltmp408:
	.loc	1 1174 9 is_stmt 0              @ my_crypto.c:1174:9
	cmp	r0, #0
	bpl	.LBB25_2
	b	.LBB25_1
.LBB25_1:
.Ltmp409:
	.loc	1 1175 9 is_stmt 1              @ my_crypto.c:1175:9
	ldr	r0, __arm_cp.25_1
	bl	printf
	movs	r0, #1
	.loc	1 1177 9                        @ my_crypto.c:1177:9
	str	r0, [sp, #20]
	b	.LBB25_3
.Ltmp410:
.LBB25_2:
	.loc	1 1181 12                       @ my_crypto.c:1181:12
	ldr	r0, [sp, #4]
	.loc	1 1181 22 is_stmt 0             @ my_crypto.c:1181:22
	str	r0, [sp]                        @ 4-byte Spill
	movs	r0, #1
	bl	KS_GetRemainSize
	ldr	r1, [sp]                        @ 4-byte Reload
	mov	r2, r0
	.loc	1 1180 5 is_stmt 1              @ my_crypto.c:1180:5
	ldr	r0, __arm_cp.25_0
	bl	printf
	.loc	1 1183 15                       @ my_crypto.c:1183:15
	ldr	r0, [sp, #8]
	.loc	1 1183 27 is_stmt 0             @ my_crypto.c:1183:27
	ldr	r1, [sp, #4]
	.loc	1 1183 5                        @ my_crypto.c:1183:5
	bl	FMC_Write
	movs	r0, #0
	.loc	1 1185 5 is_stmt 1              @ my_crypto.c:1185:5
	str	r0, [sp, #20]
	b	.LBB25_3
.LBB25_3:
	.loc	1 1186 1                        @ my_crypto.c:1186:1
	ldr	r0, [sp, #20]
	.loc	1 1186 1 epilogue_begin is_stmt 0 @ my_crypto.c:1186:1
	add	sp, #24
	pop	{r7, pc}
.Ltmp411:
	.p2align	2
@ %bb.4:
	.loc	1 0 1                           @ my_crypto.c:0:1
__arm_cp.25_0:
	.long	.L.str.52
.Lcpi_end134:
	.size	__arm_cp.25_0, .Lcpi_end134-__arm_cp.25_0
__arm_cp.25_1:
	.long	.L.str.51
.Lcpi_end135:
	.size	__arm_cp.25_1, .Lcpi_end135-__arm_cp.25_1
.Lfunc_end25:
	.size	Write_KeyStore_Flash_ID, .Lfunc_end25-Write_KeyStore_Flash_ID
	.cfi_endproc
	.fnend
                                        @ -- End function
	.section	.text.get_Nth_nibble_char,"ax",%progbits
	.hidden	get_Nth_nibble_char             @ -- Begin function get_Nth_nibble_char
	.globl	get_Nth_nibble_char
	.p2align	2
	.type	get_Nth_nibble_char,%function
	.code	16                              @ @get_Nth_nibble_char
	.thumb_func
get_Nth_nibble_char:
.Lfunc_begin26:
	.loc	1 1190 0 is_stmt 1              @ my_crypto.c:1190:0
	.fnstart
	.cfi_startproc
@ %bb.0:
	.pad	#8
	sub	sp, #8
	.cfi_def_cfa_offset 8
	str	r0, [sp, #4]
	str	r1, [sp]
.Ltmp412:
	.loc	1 1191 26 prologue_end          @ my_crypto.c:1191:26
	ldr	r1, [sp, #4]
	.loc	1 1191 36 is_stmt 0             @ my_crypto.c:1191:36
	ldr	r0, [sp]
	.loc	1 1191 40                       @ my_crypto.c:1191:40
	lsls	r0, r0, #2
	.loc	1 1191 32                       @ my_crypto.c:1191:32
	lsrs	r1, r0
	movs	r0, #15
	.loc	1 1191 47                       @ my_crypto.c:1191:47
	ands	r1, r0
	.loc	1 1191 12                       @ my_crypto.c:1191:12
	ldr	r0, __arm_cp.26_0
	ldrb	r0, [r0, r1]
	.loc	1 1191 5 epilogue_begin         @ my_crypto.c:1191:5
	add	sp, #8
	bx	lr
.Ltmp413:
	.p2align	2
@ %bb.1:
	.loc	1 0 5                           @ my_crypto.c:0:5
__arm_cp.26_0:
	.long	hex_char_tbl
.Lcpi_end136:
	.size	__arm_cp.26_0, .Lcpi_end136-__arm_cp.26_0
.Lfunc_end26:
	.size	get_Nth_nibble_char, .Lfunc_end26-get_Nth_nibble_char
	.cfi_endproc
	.cantunwind
	.fnend
                                        @ -- End function
	.section	.text.Reg2Hex,"ax",%progbits
	.hidden	Reg2Hex                         @ -- Begin function Reg2Hex
	.globl	Reg2Hex
	.p2align	1
	.type	Reg2Hex,%function
	.code	16                              @ @Reg2Hex
	.thumb_func
Reg2Hex:
.Lfunc_begin27:
	.loc	1 1193 0 is_stmt 1              @ my_crypto.c:1193:0
	.fnstart
	.cfi_startproc
@ %bb.0:
	.save	{r7, lr}
	push	{r7, lr}
	.cfi_def_cfa_offset 8
	.cfi_offset lr, -4
	.cfi_offset r7, -8
	.pad	#40
	sub	sp, #40
	.cfi_def_cfa_offset 48
	str	r0, [sp, #36]
	str	r1, [sp, #32]
	str	r2, [sp, #28]
.Ltmp414:
	.loc	1 1197 5 prologue_end           @ my_crypto.c:1197:5
	ldr	r1, [sp, #28]
	.loc	1 1197 12 is_stmt 0             @ my_crypto.c:1197:12
	ldr	r2, [sp, #36]
	movs	r0, #0
	.loc	1 1197 19                       @ my_crypto.c:1197:19
	strb	r0, [r1, r2]
	.loc	1 1198 11 is_stmt 1             @ my_crypto.c:1198:11
	ldr	r1, [sp, #36]
	.loc	1 1198 17 is_stmt 0             @ my_crypto.c:1198:17
	subs	r1, r1, #1
	.loc	1 1198 9                        @ my_crypto.c:1198:9
	str	r1, [sp, #24]
.Ltmp415:
	.loc	1 1200 13 is_stmt 1             @ my_crypto.c:1200:13
	str	r0, [sp, #20]
	.loc	1 1200 10 is_stmt 0             @ my_crypto.c:1200:10
	b	.LBB27_1
.LBB27_1:                               @ =>This Loop Header: Depth=1
                                        @     Child Loop BB27_3 Depth 2
.Ltmp416:
	.loc	1 1200 18                       @ my_crypto.c:1200:18
	ldr	r0, [sp, #24]
.Ltmp417:
	.loc	1 1200 5                        @ my_crypto.c:1200:5
	cmp	r0, #0
	bmi	.LBB27_12
	b	.LBB27_2
.LBB27_2:                               @   in Loop: Header=BB27_1 Depth=1
	.loc	1 0 5                           @ my_crypto.c:0:5
	movs	r0, #0
.Ltmp418:
	.loc	1 1201 16 is_stmt 1             @ my_crypto.c:1201:16
	str	r0, [sp, #16]
	.loc	1 1201 14 is_stmt 0             @ my_crypto.c:1201:14
	b	.LBB27_3
.LBB27_3:                               @   Parent Loop BB27_1 Depth=1
                                        @ =>  This Inner Loop Header: Depth=2
.Ltmp419:
	.loc	1 1201 24                       @ my_crypto.c:1201:24
	ldr	r1, [sp, #16]
	movs	r0, #0
	.loc	1 1201 33                       @ my_crypto.c:1201:33
	cmp	r1, #7
	str	r0, [sp, #12]                   @ 4-byte Spill
	bhi	.LBB27_7
	b	.LBB27_4
.LBB27_4:                               @   in Loop: Header=BB27_3 Depth=2
	.loc	1 1201 37                       @ my_crypto.c:1201:37
	ldr	r1, [sp, #24]
	movs	r0, #1
	movs	r2, #0
	.loc	1 1201 41                       @ my_crypto.c:1201:41
	str	r2, [sp, #4]                    @ 4-byte Spill
	cmp	r1, #0
	str	r0, [sp, #8]                    @ 4-byte Spill
	bge	.LBB27_6
@ %bb.5:                                @   in Loop: Header=BB27_3 Depth=2
	.loc	1 0 41                          @ my_crypto.c:0:41
	ldr	r0, [sp, #4]                    @ 4-byte Reload
	str	r0, [sp, #8]                    @ 4-byte Spill
.LBB27_6:                               @   in Loop: Header=BB27_3 Depth=2
	.loc	1 1201 41                       @ my_crypto.c:1201:41
	ldr	r0, [sp, #8]                    @ 4-byte Reload
	str	r0, [sp, #12]                   @ 4-byte Spill
	b	.LBB27_7
.LBB27_7:                               @   in Loop: Header=BB27_3 Depth=2
	.loc	1 0 0                           @ my_crypto.c:0:0
	ldr	r0, [sp, #12]                   @ 4-byte Reload
.Ltmp420:
	.loc	1 1201 9                        @ my_crypto.c:1201:9
	lsls	r0, r0, #31
	cbz	r0, .LBB27_10
	b	.LBB27_8
.LBB27_8:                               @   in Loop: Header=BB27_3 Depth=2
.Ltmp421:
	.loc	1 1202 47 is_stmt 1             @ my_crypto.c:1202:47
	ldr	r0, [sp, #32]
	.loc	1 1202 51 is_stmt 0             @ my_crypto.c:1202:51
	ldr	r1, [sp, #20]
	.loc	1 1202 47                       @ my_crypto.c:1202:47
	lsls	r1, r1, #2
	ldr	r0, [r0, r1]
	.loc	1 1202 56                       @ my_crypto.c:1202:56
	ldr	r1, [sp, #16]
	.loc	1 1202 27                       @ my_crypto.c:1202:27
	bl	get_Nth_nibble_char
	.loc	1 1202 13                       @ my_crypto.c:1202:13
	ldr	r1, [sp, #28]
	.loc	1 1202 20                       @ my_crypto.c:1202:20
	ldr	r2, [sp, #24]
	.loc	1 1202 25                       @ my_crypto.c:1202:25
	strb	r0, [r1, r2]
	.loc	1 1203 16 is_stmt 1             @ my_crypto.c:1203:16
	ldr	r0, [sp, #24]
	subs	r0, r0, #1
	str	r0, [sp, #24]
	.loc	1 1204 9                        @ my_crypto.c:1204:9
	b	.LBB27_9
.Ltmp422:
.LBB27_9:                               @   in Loop: Header=BB27_3 Depth=2
	.loc	1 1201 49                       @ my_crypto.c:1201:49
	ldr	r0, [sp, #16]
	adds	r0, r0, #1
	str	r0, [sp, #16]
	.loc	1 1201 9 is_stmt 0              @ my_crypto.c:1201:9
	b	.LBB27_3
.Ltmp423:
.LBB27_10:                              @   in Loop: Header=BB27_1 Depth=1
	.loc	1 1205 5 is_stmt 1              @ my_crypto.c:1205:5
	b	.LBB27_11
.Ltmp424:
.LBB27_11:                              @   in Loop: Header=BB27_1 Depth=1
	.loc	1 1200 30                       @ my_crypto.c:1200:30
	ldr	r0, [sp, #20]
	adds	r0, r0, #1
	str	r0, [sp, #20]
	.loc	1 1200 5 is_stmt 0              @ my_crypto.c:1200:5
	b	.LBB27_1
.Ltmp425:
.LBB27_12:
	.loc	1 1206 1 epilogue_begin is_stmt 1 @ my_crypto.c:1206:1
	add	sp, #40
	pop	{r7, pc}
.Ltmp426:
.Lfunc_end27:
	.size	Reg2Hex, .Lfunc_end27-Reg2Hex
	.cfi_endproc
	.cantunwind
	.fnend
                                        @ -- End function
	.section	.text.KeyStore_Read,"ax",%progbits
	.hidden	KeyStore_Read                   @ -- Begin function KeyStore_Read
	.globl	KeyStore_Read
	.p2align	2
	.type	KeyStore_Read,%function
	.code	16                              @ @KeyStore_Read
	.thumb_func
KeyStore_Read:
.Lfunc_begin28:
	.loc	1 1207 0                        @ my_crypto.c:1207:0
	.fnstart
	.cfi_startproc
@ %bb.0:
	.save	{r7, lr}
	push	{r7, lr}
	.cfi_def_cfa_offset 8
	.cfi_offset lr, -4
	.cfi_offset r7, -8
	.pad	#56
	sub	sp, #56
	.cfi_def_cfa_offset 64
	str	r0, [sp, #48]
	str	r1, [sp, #44]
.Ltmp427:
	.loc	1 1208 5 prologue_end           @ my_crypto.c:1208:5
	ldr	r0, __arm_cp.28_0
	bl	printf
	movs	r0, #0
	.loc	1 1209 14                       @ my_crypto.c:1209:14
	str	r0, [sp]                        @ 4-byte Spill
	str	r0, [sp, #40]
	str	r0, [sp, #36]
	str	r0, [sp, #32]
	str	r0, [sp, #28]
	str	r0, [sp, #24]
	str	r0, [sp, #20]
	str	r0, [sp, #16]
	str	r0, [sp, #12]
	.loc	1 1210 13                       @ my_crypto.c:1210:13
	str	r0, [sp, #8]
	.loc	1 1211 14                       @ my_crypto.c:1211:14
	str	r0, [sp, #4]
	.loc	1 1213 25                       @ my_crypto.c:1213:25
	ldr	r0, [sp, #48]
	.loc	1 1213 16 is_stmt 0             @ my_crypto.c:1213:16
	bl	FMC_Read
	.loc	1 1213 14                       @ my_crypto.c:1213:14
	str	r0, [sp, #8]
	.loc	1 1214 29 is_stmt 1             @ my_crypto.c:1214:29
	ldr	r1, [sp, #8]
	.loc	1 1214 5 is_stmt 0              @ my_crypto.c:1214:5
	ldr	r0, __arm_cp.28_1
	bl	printf
	ldr	r0, __arm_cp.28_2
	.loc	1 1217 15 is_stmt 1             @ my_crypto.c:1217:15
	bl	KS_GetKeyWordCnt
	.loc	1 1217 13 is_stmt 0             @ my_crypto.c:1217:13
	str	r0, [sp, #4]
.Ltmp428:
	.loc	1 1220 27 is_stmt 1             @ my_crypto.c:1220:27
	ldr	r1, [sp, #8]
	.loc	1 1220 45 is_stmt 0             @ my_crypto.c:1220:45
	ldr	r3, [sp, #4]
	movs	r0, #1
	add	r2, sp, #12
	.loc	1 1220 9                        @ my_crypto.c:1220:9
	bl	KS_Read
.Ltmp429:
	.loc	1 1220 9                        @ my_crypto.c:1220:9
	cbz	r0, .LBB28_2
	b	.LBB28_1
.LBB28_1:
	.loc	1 0 9                           @ my_crypto.c:0:9
	movs	r0, #1
.Ltmp430:
	.loc	1 1221 9 is_stmt 1              @ my_crypto.c:1221:9
	str	r0, [sp, #52]
	b	.LBB28_3
.Ltmp431:
.LBB28_2:
	.loc	1 1223 29                       @ my_crypto.c:1223:29
	ldr	r2, [sp, #44]
	movs	r0, #64
	add	r1, sp, #12
	.loc	1 1223 5 is_stmt 0              @ my_crypto.c:1223:5
	bl	Reg2Hex
	.loc	1 1226 61 is_stmt 1             @ my_crypto.c:1226:61
	ldr	r1, [sp, #44]
	.loc	1 1226 5 is_stmt 0              @ my_crypto.c:1226:5
	ldr	r0, __arm_cp.28_3
	bl	printf
	movs	r0, #0
	.loc	1 1228 5 is_stmt 1              @ my_crypto.c:1228:5
	str	r0, [sp, #52]
	b	.LBB28_3
.LBB28_3:
	.loc	1 1229 1                        @ my_crypto.c:1229:1
	ldr	r0, [sp, #52]
	.loc	1 1229 1 epilogue_begin is_stmt 0 @ my_crypto.c:1229:1
	add	sp, #56
	pop	{r7, pc}
.Ltmp432:
	.p2align	2
@ %bb.4:
	.loc	1 0 1                           @ my_crypto.c:0:1
__arm_cp.28_0:
	.long	.L.str.53
.Lcpi_end137:
	.size	__arm_cp.28_0, .Lcpi_end137-__arm_cp.28_0
__arm_cp.28_1:
	.long	.L.str.54
.Lcpi_end138:
	.size	__arm_cp.28_1, .Lcpi_end138-__arm_cp.28_1
__arm_cp.28_2:
	.long	263680                          @ 0x40600
.Lcpi_end139:
	.size	__arm_cp.28_2, .Lcpi_end139-__arm_cp.28_2
__arm_cp.28_3:
	.long	.L.str.55
.Lcpi_end140:
	.size	__arm_cp.28_3, .Lcpi_end140-__arm_cp.28_3
.Lfunc_end28:
	.size	KeyStore_Read, .Lfunc_end28-KeyStore_Read
	.cfi_endproc
	.fnend
                                        @ -- End function
	.hidden	g_Crypto_Int_done               @ @g_Crypto_Int_done
	.type	g_Crypto_Int_done,%object
	.section	.bss.g_Crypto_Int_done,"aw",%nobits
	.globl	g_Crypto_Int_done
	.p2align	2, 0x0
g_Crypto_Int_done:
	.long	0                               @ 0x0
	.size	g_Crypto_Int_done, 4

	.hidden	g_au8FeedBackBuf                @ @g_au8FeedBackBuf
	.type	g_au8FeedBackBuf,%object
	.section	.bss.g_au8FeedBackBuf,"aw",%nobits
	.globl	g_au8FeedBackBuf
	.p2align	2, 0x0
g_au8FeedBackBuf:
	.zero	72
	.size	g_au8FeedBackBuf, 72

	.type	.L.str,%object                  @ @.str
	.section	.rodata.str1.1,"aMS",%progbits,1
.L.str:
	.asciz	"0x%04X  "
	.size	.L.str, 9

	.type	.L.str.1,%object                @ @.str.1
.L.str.1:
	.asciz	"%02x "
	.size	.L.str.1, 6

	.type	.L.str.2,%object                @ @.str.2
.L.str.2:
	.asciz	"  "
	.size	.L.str.2, 3

	.type	.L.str.3,%object                @ @.str.3
.L.str.3:
	.asciz	"%c"
	.size	.L.str.3, 3

	.type	.L.str.4,%object                @ @.str.4
.L.str.4:
	.asciz	"."
	.size	.L.str.4, 2

	.type	.L.str.5,%object                @ @.str.5
.L.str.5:
	.asciz	"\n"
	.size	.L.str.5, 2

	.type	.L.str.6,%object                @ @.str.6
.L.str.6:
	.asciz	"%02X"
	.size	.L.str.6, 5

	.type	.L.str.7,%object                @ @.str.7
.L.str.7:
	.asciz	"The buffer must be 32-bit alignment."
	.size	.L.str.7, 37

	.type	.L.str.8,%object                @ @.str.8
.L.str.8:
	.asciz	"Wait for AES calculation done time-out!\n"
	.size	.L.str.8, 41

	.type	.L.str.9,%object                @ @.str.9
.L.str.9:
	.asciz	"key (%d):\n"
	.size	.L.str.9, 11

	.type	.L.str.10,%object               @ @.str.10
.L.str.10:
	.asciz	"IV (%d):\n"
	.size	.L.str.10, 10

	.type	.L.str.11,%object               @ @.str.11
.L.str.11:
	.asciz	"A (%d):\n"
	.size	.L.str.11, 9

	.type	.L.str.12,%object               @ @.str.12
.L.str.12:
	.asciz	"P (%d):\n"
	.size	.L.str.12, 9

	.hidden	g_au8Buf                        @ @g_au8Buf
	.type	g_au8Buf,%object
	.section	.bss.g_au8Buf,"aw",%nobits
	.globl	g_au8Buf
	.p2align	2, 0x0
g_au8Buf:
	.zero	512
	.size	g_au8Buf, 512

	.type	.L.str.13,%object               @ @.str.13
	.section	.rodata.str1.1,"aMS",%progbits,1
.L.str.13:
	.asciz	"P Block size for casecade mode %d\n"
	.size	.L.str.13, 35

	.type	.L.str.14,%object               @ @.str.14
.L.str.14:
	.asciz	"\n[AES_GCMDec] ----------\n"
	.size	.L.str.14, 26

	.type	.L.str.15,%object               @ @.str.15
.L.str.15:
	.asciz	"key (%u):\n"
	.size	.L.str.15, 11

	.type	.L.str.16,%object               @ @.str.16
.L.str.16:
	.asciz	"IV (%u):\n"
	.size	.L.str.16, 10

	.type	.L.str.17,%object               @ @.str.17
.L.str.17:
	.asciz	"A  (%u):\n"
	.size	.L.str.17, 10

	.type	.L.str.18,%object               @ @.str.18
.L.str.18:
	.asciz	"%02x"
	.size	.L.str.18, 5

	.type	.L.str.19,%object               @ @.str.19
.L.str.19:
	.asciz	"Wait for SHA data input ready time-out!\n"
	.size	.L.str.19, 41

	.type	.L.str.20,%object               @ @.str.20
.L.str.20:
	.asciz	"Wait for SHA calculation done time-out!\n"
	.size	.L.str.20, 41

	.type	.L.str.21,%object               @ @.str.21
.L.str.21:
	.asciz	"[M2354] RNG Open ......... "
	.size	.L.str.21, 28

	.type	.L.str.22,%object               @ @.str.22
.L.str.22:
	.asciz	"FAIL\n"
	.size	.L.str.22, 6

	.type	.L.str.23,%object               @ @.str.23
.L.str.23:
	.asciz	"OK\n"
	.size	.L.str.23, 4

	.type	.L.str.24,%object               @ @.str.24
.L.str.24:
	.asciz	"[M2354] Private key = %s\n"
	.size	.L.str.24, 26

	.type	.L.str.25,%object               @ @.str.25
.L.str.25:
	.asciz	"[M2354](generate_keys) Current private key is not valid. Need a new one.\n"
	.size	.L.str.25, 74

	.type	.L.str.26,%object               @ @.str.26
.L.str.26:
	.asciz	"[M2354] ECC key generation failed!!\n"
	.size	.L.str.26, 37

	.type	.L.str.27,%object               @ @.str.27
.L.str.27:
	.asciz	"Current k is not valid\n"
	.size	.L.str.27, 24

	.type	.L.str.28,%object               @ @.str.28
.L.str.28:
	.asciz	"ECC signature generation failed!!\n"
	.size	.L.str.28, 35

	.type	.L.str.29,%object               @ @.str.29
.L.str.29:
	.asciz	"  R  = %s\n"
	.size	.L.str.29, 11

	.type	.L.str.30,%object               @ @.str.30
.L.str.30:
	.asciz	"  S  = %s\n"
	.size	.L.str.30, 11

	.type	.L.str.31,%object               @ @.str.31
.L.str.31:
	.asciz	"  msg= %s\n"
	.size	.L.str.31, 11

	.type	.L.str.32,%object               @ @.str.32
.L.str.32:
	.asciz	"  Qx = %s\n"
	.size	.L.str.32, 11

	.type	.L.str.33,%object               @ @.str.33
.L.str.33:
	.asciz	"  Qy = %s\n"
	.size	.L.str.33, 11

	.type	.L.str.34,%object               @ @.str.34
.L.str.34:
	.asciz	"ECC signature verification failed!!\n"
	.size	.L.str.34, 37

	.type	.L.str.35,%object               @ @.str.35
.L.str.35:
	.asciz	"ECC digital signature verification OK.\n"
	.size	.L.str.35, 40

	.type	.L.str.36,%object               @ @.str.36
.L.str.36:
	.asciz	"ECC ECDH share key calculation fail\n"
	.size	.L.str.36, 37

	.type	.L.str.37,%object               @ @.str.37
.L.str.37:
	.asciz	"[M2354] Share key calculated by A = %s\n"
	.size	.L.str.37, 40

	.type	.L.str.38,%object               @ @.str.38
.L.str.38:
	.asciz	"key: %s\n"
	.size	.L.str.38, 9

	.type	.L.str.39,%object               @ @.str.39
.L.str.39:
	.asciz	"iv: %s\n"
	.size	.L.str.39, 8

	.type	.L.str.40,%object               @ @.str.40
.L.str.40:
	.asciz	"P: %s\n"
	.size	.L.str.40, 7

	.type	.L.str.41,%object               @ @.str.41
.L.str.41:
	.asciz	"A: %s\n"
	.size	.L.str.41, 7

	.type	.L.str.42,%object               @ @.str.42
.L.str.42:
	.asciz	"Key length error\n"
	.size	.L.str.42, 18

	.type	.L.str.43,%object               @ @.str.43
.L.str.43:
	.asciz	"IV length error\n"
	.size	.L.str.43, 17

	.type	.L.str.44,%object               @ @.str.44
.L.str.44:
	.asciz	"[gcm_decrypt] Key length error: %u\n"
	.size	.L.str.44, 36

	.type	.L.str.45,%object               @ @.str.45
.L.str.45:
	.asciz	"[gcm_decrypt] IV length error\n"
	.size	.L.str.45, 31

	.hidden	g_au8Out2                       @ @g_au8Out2
	.type	g_au8Out2,%object
	.section	.bss.g_au8Out2,"aw",%nobits
	.globl	g_au8Out2
	.p2align	2, 0x0
g_au8Out2:
	.zero	512
	.size	g_au8Out2, 512

	.type	.L.str.46,%object               @ @.str.46
	.section	.rodata.str1.1,"aMS",%progbits,1
.L.str.46:
	.asciz	"[gcm_decrypt] AES_GCMDec ret = %d\n"
	.size	.L.str.46, 35

	.type	.L.str.47,%object               @ @.str.47
.L.str.47:
	.asciz	"[gcm_decrypt] plaintext size=%u, plen_aligned=%u, C_len=%u\n"
	.size	.L.str.47, 60

	.type	.L.str.48,%object               @ @.str.48
.L.str.48:
	.asciz	"[gcm_decrypt] Malloc tmp2 failed\n"
	.size	.L.str.48, 34

	.type	.L.str.49,%object               @ @.str.49
.L.str.49:
	.asciz	"[gcm_decrypt] P: %s\n"
	.size	.L.str.49, 21

	.type	.L.str.50,%object               @ @.str.50
.L.str.50:
	.asciz	"[M2354](Write_KeyStore)Unsupported key length\n"
	.size	.L.str.50, 47

	.type	.L.str.51,%object               @ @.str.51
.L.str.51:
	.asciz	"[M2354](Write_KeyStore_Flash_ID)Fail to write key to Key Store!\n"
	.size	.L.str.51, 65

	.type	.L.str.52,%object               @ @.str.52
.L.str.52:
	.asciz	"[M2354](Write_KeyStore_Flash_ID)i32KeyId = %d, remain size = %d\n"
	.size	.L.str.52, 65

	.type	hex_char_tbl,%object            @ @hex_char_tbl
	.section	.data.hex_char_tbl,"aw",%progbits
hex_char_tbl:
	.asciz	"0123456789abcdef"
	.size	hex_char_tbl, 17

	.type	.L.str.53,%object               @ @.str.53
	.section	.rodata.str1.1,"aMS",%progbits,1
.L.str.53:
	.asciz	"[M2354] Entering KeyStore_Read\n"
	.size	.L.str.53, 32

	.type	.L.str.54,%object               @ @.str.54
.L.str.54:
	.asciz	"i32KeyId %i\n"
	.size	.L.str.54, 13

	.type	.L.str.55,%object               @ @.str.55
.L.str.55:
	.asciz	"[M2354](Test_KeyStore_Read)The buffer is %s\n"
	.size	.L.str.55, 45

	.section	.debug_loc,"",%progbits
.Ldebug_loc0:
	.long	-1
	.long	.Lfunc_begin24                  @   base address
	.long	.Ltmp393-.Lfunc_begin24
	.long	.Ltmp394-.Lfunc_begin24
	.short	2                               @ Loc expr size
	.byte	114                             @ DW_OP_breg2
	.byte	0                               @ 0
	.long	.Ltmp394-.Lfunc_begin24
	.long	.Ltmp404-.Lfunc_begin24
	.short	3                               @ Loc expr size
	.byte	118                             @ DW_OP_breg6
	.byte	12                              @ 12
	.byte	6                               @ DW_OP_deref
	.long	0
	.long	0
	.section	.debug_abbrev,"",%progbits
	.byte	1                               @ Abbreviation Code
	.byte	17                              @ DW_TAG_compile_unit
	.byte	1                               @ DW_CHILDREN_yes
	.byte	37                              @ DW_AT_producer
	.byte	14                              @ DW_FORM_strp
	.byte	19                              @ DW_AT_language
	.byte	5                               @ DW_FORM_data2
	.byte	3                               @ DW_AT_name
	.byte	14                              @ DW_FORM_strp
	.byte	16                              @ DW_AT_stmt_list
	.byte	23                              @ DW_FORM_sec_offset
	.byte	27                              @ DW_AT_comp_dir
	.byte	14                              @ DW_FORM_strp
	.byte	17                              @ DW_AT_low_pc
	.byte	1                               @ DW_FORM_addr
	.byte	85                              @ DW_AT_ranges
	.byte	23                              @ DW_FORM_sec_offset
	.byte	0                               @ EOM(1)
	.byte	0                               @ EOM(2)
	.byte	2                               @ Abbreviation Code
	.byte	52                              @ DW_TAG_variable
	.byte	0                               @ DW_CHILDREN_no
	.byte	3                               @ DW_AT_name
	.byte	14                              @ DW_FORM_strp
	.byte	73                              @ DW_AT_type
	.byte	19                              @ DW_FORM_ref4
	.byte	63                              @ DW_AT_external
	.byte	25                              @ DW_FORM_flag_present
	.byte	58                              @ DW_AT_decl_file
	.byte	11                              @ DW_FORM_data1
	.byte	59                              @ DW_AT_decl_line
	.byte	11                              @ DW_FORM_data1
	.byte	2                               @ DW_AT_location
	.byte	24                              @ DW_FORM_exprloc
	.byte	0                               @ EOM(1)
	.byte	0                               @ EOM(2)
	.byte	3                               @ Abbreviation Code
	.byte	53                              @ DW_TAG_volatile_type
	.byte	0                               @ DW_CHILDREN_no
	.byte	73                              @ DW_AT_type
	.byte	19                              @ DW_FORM_ref4
	.byte	0                               @ EOM(1)
	.byte	0                               @ EOM(2)
	.byte	4                               @ Abbreviation Code
	.byte	36                              @ DW_TAG_base_type
	.byte	0                               @ DW_CHILDREN_no
	.byte	3                               @ DW_AT_name
	.byte	14                              @ DW_FORM_strp
	.byte	62                              @ DW_AT_encoding
	.byte	11                              @ DW_FORM_data1
	.byte	11                              @ DW_AT_byte_size
	.byte	11                              @ DW_FORM_data1
	.byte	0                               @ EOM(1)
	.byte	0                               @ EOM(2)
	.byte	5                               @ Abbreviation Code
	.byte	52                              @ DW_TAG_variable
	.byte	0                               @ DW_CHILDREN_no
	.byte	3                               @ DW_AT_name
	.byte	14                              @ DW_FORM_strp
	.byte	73                              @ DW_AT_type
	.byte	19                              @ DW_FORM_ref4
	.byte	63                              @ DW_AT_external
	.byte	25                              @ DW_FORM_flag_present
	.byte	58                              @ DW_AT_decl_file
	.byte	11                              @ DW_FORM_data1
	.byte	59                              @ DW_AT_decl_line
	.byte	11                              @ DW_FORM_data1
	.ascii	"\210\001"                      @ DW_AT_alignment
	.byte	15                              @ DW_FORM_udata
	.byte	2                               @ DW_AT_location
	.byte	24                              @ DW_FORM_exprloc
	.byte	0                               @ EOM(1)
	.byte	0                               @ EOM(2)
	.byte	6                               @ Abbreviation Code
	.byte	1                               @ DW_TAG_array_type
	.byte	1                               @ DW_CHILDREN_yes
	.byte	73                              @ DW_AT_type
	.byte	19                              @ DW_FORM_ref4
	.byte	0                               @ EOM(1)
	.byte	0                               @ EOM(2)
	.byte	7                               @ Abbreviation Code
	.byte	33                              @ DW_TAG_subrange_type
	.byte	0                               @ DW_CHILDREN_no
	.byte	73                              @ DW_AT_type
	.byte	19                              @ DW_FORM_ref4
	.byte	55                              @ DW_AT_count
	.byte	11                              @ DW_FORM_data1
	.byte	0                               @ EOM(1)
	.byte	0                               @ EOM(2)
	.byte	8                               @ Abbreviation Code
	.byte	22                              @ DW_TAG_typedef
	.byte	0                               @ DW_CHILDREN_no
	.byte	73                              @ DW_AT_type
	.byte	19                              @ DW_FORM_ref4
	.byte	3                               @ DW_AT_name
	.byte	14                              @ DW_FORM_strp
	.byte	58                              @ DW_AT_decl_file
	.byte	11                              @ DW_FORM_data1
	.byte	59                              @ DW_AT_decl_line
	.byte	11                              @ DW_FORM_data1
	.byte	0                               @ EOM(1)
	.byte	0                               @ EOM(2)
	.byte	9                               @ Abbreviation Code
	.byte	36                              @ DW_TAG_base_type
	.byte	0                               @ DW_CHILDREN_no
	.byte	3                               @ DW_AT_name
	.byte	14                              @ DW_FORM_strp
	.byte	11                              @ DW_AT_byte_size
	.byte	11                              @ DW_FORM_data1
	.byte	62                              @ DW_AT_encoding
	.byte	11                              @ DW_FORM_data1
	.byte	0                               @ EOM(1)
	.byte	0                               @ EOM(2)
	.byte	10                              @ Abbreviation Code
	.byte	52                              @ DW_TAG_variable
	.byte	0                               @ DW_CHILDREN_no
	.byte	73                              @ DW_AT_type
	.byte	19                              @ DW_FORM_ref4
	.byte	58                              @ DW_AT_decl_file
	.byte	11                              @ DW_FORM_data1
	.byte	59                              @ DW_AT_decl_line
	.byte	11                              @ DW_FORM_data1
	.byte	2                               @ DW_AT_location
	.byte	24                              @ DW_FORM_exprloc
	.byte	0                               @ EOM(1)
	.byte	0                               @ EOM(2)
	.byte	11                              @ Abbreviation Code
	.byte	52                              @ DW_TAG_variable
	.byte	0                               @ DW_CHILDREN_no
	.byte	73                              @ DW_AT_type
	.byte	19                              @ DW_FORM_ref4
	.byte	58                              @ DW_AT_decl_file
	.byte	11                              @ DW_FORM_data1
	.byte	59                              @ DW_AT_decl_line
	.byte	5                               @ DW_FORM_data2
	.byte	2                               @ DW_AT_location
	.byte	24                              @ DW_FORM_exprloc
	.byte	0                               @ EOM(1)
	.byte	0                               @ EOM(2)
	.byte	12                              @ Abbreviation Code
	.byte	33                              @ DW_TAG_subrange_type
	.byte	0                               @ DW_CHILDREN_no
	.byte	73                              @ DW_AT_type
	.byte	19                              @ DW_FORM_ref4
	.byte	55                              @ DW_AT_count
	.byte	5                               @ DW_FORM_data2
	.byte	0                               @ EOM(1)
	.byte	0                               @ EOM(2)
	.byte	13                              @ Abbreviation Code
	.byte	52                              @ DW_TAG_variable
	.byte	0                               @ DW_CHILDREN_no
	.byte	3                               @ DW_AT_name
	.byte	14                              @ DW_FORM_strp
	.byte	73                              @ DW_AT_type
	.byte	19                              @ DW_FORM_ref4
	.byte	58                              @ DW_AT_decl_file
	.byte	11                              @ DW_FORM_data1
	.byte	59                              @ DW_AT_decl_line
	.byte	5                               @ DW_FORM_data2
	.byte	2                               @ DW_AT_location
	.byte	24                              @ DW_FORM_exprloc
	.byte	0                               @ EOM(1)
	.byte	0                               @ EOM(2)
	.byte	14                              @ Abbreviation Code
	.byte	4                               @ DW_TAG_enumeration_type
	.byte	1                               @ DW_CHILDREN_yes
	.byte	73                              @ DW_AT_type
	.byte	19                              @ DW_FORM_ref4
	.byte	11                              @ DW_AT_byte_size
	.byte	11                              @ DW_FORM_data1
	.byte	58                              @ DW_AT_decl_file
	.byte	11                              @ DW_FORM_data1
	.byte	59                              @ DW_AT_decl_line
	.byte	11                              @ DW_FORM_data1
	.byte	0                               @ EOM(1)
	.byte	0                               @ EOM(2)
	.byte	15                              @ Abbreviation Code
	.byte	40                              @ DW_TAG_enumerator
	.byte	0                               @ DW_CHILDREN_no
	.byte	3                               @ DW_AT_name
	.byte	14                              @ DW_FORM_strp
	.byte	28                              @ DW_AT_const_value
	.byte	13                              @ DW_FORM_sdata
	.byte	0                               @ EOM(1)
	.byte	0                               @ EOM(2)
	.byte	16                              @ Abbreviation Code
	.byte	4                               @ DW_TAG_enumeration_type
	.byte	1                               @ DW_CHILDREN_yes
	.byte	73                              @ DW_AT_type
	.byte	19                              @ DW_FORM_ref4
	.byte	3                               @ DW_AT_name
	.byte	14                              @ DW_FORM_strp
	.byte	11                              @ DW_AT_byte_size
	.byte	11                              @ DW_FORM_data1
	.byte	58                              @ DW_AT_decl_file
	.byte	11                              @ DW_FORM_data1
	.byte	59                              @ DW_AT_decl_line
	.byte	11                              @ DW_FORM_data1
	.byte	0                               @ EOM(1)
	.byte	0                               @ EOM(2)
	.byte	17                              @ Abbreviation Code
	.byte	40                              @ DW_TAG_enumerator
	.byte	0                               @ DW_CHILDREN_no
	.byte	3                               @ DW_AT_name
	.byte	14                              @ DW_FORM_strp
	.byte	28                              @ DW_AT_const_value
	.byte	15                              @ DW_FORM_udata
	.byte	0                               @ EOM(1)
	.byte	0                               @ EOM(2)
	.byte	18                              @ Abbreviation Code
	.byte	15                              @ DW_TAG_pointer_type
	.byte	0                               @ DW_CHILDREN_no
	.byte	73                              @ DW_AT_type
	.byte	19                              @ DW_FORM_ref4
	.byte	0                               @ EOM(1)
	.byte	0                               @ EOM(2)
	.byte	19                              @ Abbreviation Code
	.byte	22                              @ DW_TAG_typedef
	.byte	0                               @ DW_CHILDREN_no
	.byte	73                              @ DW_AT_type
	.byte	19                              @ DW_FORM_ref4
	.byte	3                               @ DW_AT_name
	.byte	14                              @ DW_FORM_strp
	.byte	58                              @ DW_AT_decl_file
	.byte	11                              @ DW_FORM_data1
	.byte	59                              @ DW_AT_decl_line
	.byte	5                               @ DW_FORM_data2
	.byte	0                               @ EOM(1)
	.byte	0                               @ EOM(2)
	.byte	20                              @ Abbreviation Code
	.byte	19                              @ DW_TAG_structure_type
	.byte	1                               @ DW_CHILDREN_yes
	.byte	11                              @ DW_AT_byte_size
	.byte	5                               @ DW_FORM_data2
	.byte	58                              @ DW_AT_decl_file
	.byte	11                              @ DW_FORM_data1
	.byte	59                              @ DW_AT_decl_line
	.byte	11                              @ DW_FORM_data1
	.byte	0                               @ EOM(1)
	.byte	0                               @ EOM(2)
	.byte	21                              @ Abbreviation Code
	.byte	13                              @ DW_TAG_member
	.byte	0                               @ DW_CHILDREN_no
	.byte	3                               @ DW_AT_name
	.byte	14                              @ DW_FORM_strp
	.byte	73                              @ DW_AT_type
	.byte	19                              @ DW_FORM_ref4
	.byte	58                              @ DW_AT_decl_file
	.byte	11                              @ DW_FORM_data1
	.byte	59                              @ DW_AT_decl_line
	.byte	5                               @ DW_FORM_data2
	.byte	56                              @ DW_AT_data_member_location
	.byte	11                              @ DW_FORM_data1
	.byte	0                               @ EOM(1)
	.byte	0                               @ EOM(2)
	.byte	22                              @ Abbreviation Code
	.byte	13                              @ DW_TAG_member
	.byte	0                               @ DW_CHILDREN_no
	.byte	3                               @ DW_AT_name
	.byte	14                              @ DW_FORM_strp
	.byte	73                              @ DW_AT_type
	.byte	19                              @ DW_FORM_ref4
	.byte	58                              @ DW_AT_decl_file
	.byte	11                              @ DW_FORM_data1
	.byte	59                              @ DW_AT_decl_line
	.byte	5                               @ DW_FORM_data2
	.byte	56                              @ DW_AT_data_member_location
	.byte	5                               @ DW_FORM_data2
	.byte	0                               @ EOM(1)
	.byte	0                               @ EOM(2)
	.byte	23                              @ Abbreviation Code
	.byte	38                              @ DW_TAG_const_type
	.byte	0                               @ DW_CHILDREN_no
	.byte	73                              @ DW_AT_type
	.byte	19                              @ DW_FORM_ref4
	.byte	0                               @ EOM(1)
	.byte	0                               @ EOM(2)
	.byte	24                              @ Abbreviation Code
	.byte	19                              @ DW_TAG_structure_type
	.byte	1                               @ DW_CHILDREN_yes
	.byte	11                              @ DW_AT_byte_size
	.byte	11                              @ DW_FORM_data1
	.byte	58                              @ DW_AT_decl_file
	.byte	11                              @ DW_FORM_data1
	.byte	59                              @ DW_AT_decl_line
	.byte	11                              @ DW_FORM_data1
	.byte	0                               @ EOM(1)
	.byte	0                               @ EOM(2)
	.byte	25                              @ Abbreviation Code
	.byte	46                              @ DW_TAG_subprogram
	.byte	1                               @ DW_CHILDREN_yes
	.byte	17                              @ DW_AT_low_pc
	.byte	1                               @ DW_FORM_addr
	.byte	18                              @ DW_AT_high_pc
	.byte	6                               @ DW_FORM_data4
	.byte	64                              @ DW_AT_frame_base
	.byte	24                              @ DW_FORM_exprloc
	.byte	3                               @ DW_AT_name
	.byte	14                              @ DW_FORM_strp
	.byte	58                              @ DW_AT_decl_file
	.byte	11                              @ DW_FORM_data1
	.byte	59                              @ DW_AT_decl_line
	.byte	11                              @ DW_FORM_data1
	.byte	39                              @ DW_AT_prototyped
	.byte	25                              @ DW_FORM_flag_present
	.byte	73                              @ DW_AT_type
	.byte	19                              @ DW_FORM_ref4
	.byte	63                              @ DW_AT_external
	.byte	25                              @ DW_FORM_flag_present
	.byte	0                               @ EOM(1)
	.byte	0                               @ EOM(2)
	.byte	26                              @ Abbreviation Code
	.byte	5                               @ DW_TAG_formal_parameter
	.byte	0                               @ DW_CHILDREN_no
	.byte	2                               @ DW_AT_location
	.byte	24                              @ DW_FORM_exprloc
	.byte	3                               @ DW_AT_name
	.byte	14                              @ DW_FORM_strp
	.byte	58                              @ DW_AT_decl_file
	.byte	11                              @ DW_FORM_data1
	.byte	59                              @ DW_AT_decl_line
	.byte	11                              @ DW_FORM_data1
	.byte	73                              @ DW_AT_type
	.byte	19                              @ DW_FORM_ref4
	.byte	0                               @ EOM(1)
	.byte	0                               @ EOM(2)
	.byte	27                              @ Abbreviation Code
	.byte	46                              @ DW_TAG_subprogram
	.byte	0                               @ DW_CHILDREN_no
	.byte	17                              @ DW_AT_low_pc
	.byte	1                               @ DW_FORM_addr
	.byte	18                              @ DW_AT_high_pc
	.byte	6                               @ DW_FORM_data4
	.byte	64                              @ DW_AT_frame_base
	.byte	24                              @ DW_FORM_exprloc
	.byte	3                               @ DW_AT_name
	.byte	14                              @ DW_FORM_strp
	.byte	58                              @ DW_AT_decl_file
	.byte	11                              @ DW_FORM_data1
	.byte	59                              @ DW_AT_decl_line
	.byte	11                              @ DW_FORM_data1
	.byte	63                              @ DW_AT_external
	.byte	25                              @ DW_FORM_flag_present
	.byte	0                               @ EOM(1)
	.byte	0                               @ EOM(2)
	.byte	28                              @ Abbreviation Code
	.byte	46                              @ DW_TAG_subprogram
	.byte	1                               @ DW_CHILDREN_yes
	.byte	17                              @ DW_AT_low_pc
	.byte	1                               @ DW_FORM_addr
	.byte	18                              @ DW_AT_high_pc
	.byte	6                               @ DW_FORM_data4
	.byte	64                              @ DW_AT_frame_base
	.byte	24                              @ DW_FORM_exprloc
	.byte	3                               @ DW_AT_name
	.byte	14                              @ DW_FORM_strp
	.byte	58                              @ DW_AT_decl_file
	.byte	11                              @ DW_FORM_data1
	.byte	59                              @ DW_AT_decl_line
	.byte	11                              @ DW_FORM_data1
	.byte	39                              @ DW_AT_prototyped
	.byte	25                              @ DW_FORM_flag_present
	.byte	63                              @ DW_AT_external
	.byte	25                              @ DW_FORM_flag_present
	.byte	0                               @ EOM(1)
	.byte	0                               @ EOM(2)
	.byte	29                              @ Abbreviation Code
	.byte	52                              @ DW_TAG_variable
	.byte	0                               @ DW_CHILDREN_no
	.byte	2                               @ DW_AT_location
	.byte	24                              @ DW_FORM_exprloc
	.byte	3                               @ DW_AT_name
	.byte	14                              @ DW_FORM_strp
	.byte	58                              @ DW_AT_decl_file
	.byte	11                              @ DW_FORM_data1
	.byte	59                              @ DW_AT_decl_line
	.byte	11                              @ DW_FORM_data1
	.byte	73                              @ DW_AT_type
	.byte	19                              @ DW_FORM_ref4
	.byte	0                               @ EOM(1)
	.byte	0                               @ EOM(2)
	.byte	30                              @ Abbreviation Code
	.byte	11                              @ DW_TAG_lexical_block
	.byte	1                               @ DW_CHILDREN_yes
	.byte	17                              @ DW_AT_low_pc
	.byte	1                               @ DW_FORM_addr
	.byte	18                              @ DW_AT_high_pc
	.byte	6                               @ DW_FORM_data4
	.byte	0                               @ EOM(1)
	.byte	0                               @ EOM(2)
	.byte	31                              @ Abbreviation Code
	.byte	46                              @ DW_TAG_subprogram
	.byte	1                               @ DW_CHILDREN_yes
	.byte	17                              @ DW_AT_low_pc
	.byte	1                               @ DW_FORM_addr
	.byte	18                              @ DW_AT_high_pc
	.byte	6                               @ DW_FORM_data4
	.byte	64                              @ DW_AT_frame_base
	.byte	24                              @ DW_FORM_exprloc
	.byte	3                               @ DW_AT_name
	.byte	14                              @ DW_FORM_strp
	.byte	58                              @ DW_AT_decl_file
	.byte	11                              @ DW_FORM_data1
	.byte	59                              @ DW_AT_decl_line
	.byte	11                              @ DW_FORM_data1
	.byte	39                              @ DW_AT_prototyped
	.byte	25                              @ DW_FORM_flag_present
	.byte	0                               @ EOM(1)
	.byte	0                               @ EOM(2)
	.byte	32                              @ Abbreviation Code
	.byte	46                              @ DW_TAG_subprogram
	.byte	1                               @ DW_CHILDREN_yes
	.byte	17                              @ DW_AT_low_pc
	.byte	1                               @ DW_FORM_addr
	.byte	18                              @ DW_AT_high_pc
	.byte	6                               @ DW_FORM_data4
	.byte	64                              @ DW_AT_frame_base
	.byte	24                              @ DW_FORM_exprloc
	.byte	3                               @ DW_AT_name
	.byte	14                              @ DW_FORM_strp
	.byte	58                              @ DW_AT_decl_file
	.byte	11                              @ DW_FORM_data1
	.byte	59                              @ DW_AT_decl_line
	.byte	5                               @ DW_FORM_data2
	.byte	39                              @ DW_AT_prototyped
	.byte	25                              @ DW_FORM_flag_present
	.byte	63                              @ DW_AT_external
	.byte	25                              @ DW_FORM_flag_present
	.byte	0                               @ EOM(1)
	.byte	0                               @ EOM(2)
	.byte	33                              @ Abbreviation Code
	.byte	5                               @ DW_TAG_formal_parameter
	.byte	0                               @ DW_CHILDREN_no
	.byte	2                               @ DW_AT_location
	.byte	24                              @ DW_FORM_exprloc
	.byte	3                               @ DW_AT_name
	.byte	14                              @ DW_FORM_strp
	.byte	58                              @ DW_AT_decl_file
	.byte	11                              @ DW_FORM_data1
	.byte	59                              @ DW_AT_decl_line
	.byte	5                               @ DW_FORM_data2
	.byte	73                              @ DW_AT_type
	.byte	19                              @ DW_FORM_ref4
	.byte	0                               @ EOM(1)
	.byte	0                               @ EOM(2)
	.byte	34                              @ Abbreviation Code
	.byte	52                              @ DW_TAG_variable
	.byte	0                               @ DW_CHILDREN_no
	.byte	2                               @ DW_AT_location
	.byte	24                              @ DW_FORM_exprloc
	.byte	3                               @ DW_AT_name
	.byte	14                              @ DW_FORM_strp
	.byte	58                              @ DW_AT_decl_file
	.byte	11                              @ DW_FORM_data1
	.byte	59                              @ DW_AT_decl_line
	.byte	5                               @ DW_FORM_data2
	.byte	73                              @ DW_AT_type
	.byte	19                              @ DW_FORM_ref4
	.byte	0                               @ EOM(1)
	.byte	0                               @ EOM(2)
	.byte	35                              @ Abbreviation Code
	.byte	46                              @ DW_TAG_subprogram
	.byte	1                               @ DW_CHILDREN_yes
	.byte	17                              @ DW_AT_low_pc
	.byte	1                               @ DW_FORM_addr
	.byte	18                              @ DW_AT_high_pc
	.byte	6                               @ DW_FORM_data4
	.byte	64                              @ DW_AT_frame_base
	.byte	24                              @ DW_FORM_exprloc
	.byte	3                               @ DW_AT_name
	.byte	14                              @ DW_FORM_strp
	.byte	58                              @ DW_AT_decl_file
	.byte	11                              @ DW_FORM_data1
	.byte	59                              @ DW_AT_decl_line
	.byte	5                               @ DW_FORM_data2
	.byte	39                              @ DW_AT_prototyped
	.byte	25                              @ DW_FORM_flag_present
	.byte	73                              @ DW_AT_type
	.byte	19                              @ DW_FORM_ref4
	.byte	63                              @ DW_AT_external
	.byte	25                              @ DW_FORM_flag_present
	.byte	0                               @ EOM(1)
	.byte	0                               @ EOM(2)
	.byte	36                              @ Abbreviation Code
	.byte	46                              @ DW_TAG_subprogram
	.byte	1                               @ DW_CHILDREN_yes
	.byte	17                              @ DW_AT_low_pc
	.byte	1                               @ DW_FORM_addr
	.byte	18                              @ DW_AT_high_pc
	.byte	6                               @ DW_FORM_data4
	.byte	64                              @ DW_AT_frame_base
	.byte	24                              @ DW_FORM_exprloc
	.byte	3                               @ DW_AT_name
	.byte	14                              @ DW_FORM_strp
	.byte	58                              @ DW_AT_decl_file
	.byte	11                              @ DW_FORM_data1
	.byte	59                              @ DW_AT_decl_line
	.byte	5                               @ DW_FORM_data2
	.byte	39                              @ DW_AT_prototyped
	.byte	25                              @ DW_FORM_flag_present
	.byte	0                               @ EOM(1)
	.byte	0                               @ EOM(2)
	.byte	37                              @ Abbreviation Code
	.byte	52                              @ DW_TAG_variable
	.byte	0                               @ DW_CHILDREN_no
	.byte	2                               @ DW_AT_location
	.byte	24                              @ DW_FORM_exprloc
	.byte	3                               @ DW_AT_name
	.byte	14                              @ DW_FORM_strp
	.ascii	"\210\001"                      @ DW_AT_alignment
	.byte	15                              @ DW_FORM_udata
	.byte	58                              @ DW_AT_decl_file
	.byte	11                              @ DW_FORM_data1
	.byte	59                              @ DW_AT_decl_line
	.byte	5                               @ DW_FORM_data2
	.byte	73                              @ DW_AT_type
	.byte	19                              @ DW_FORM_ref4
	.byte	0                               @ EOM(1)
	.byte	0                               @ EOM(2)
	.byte	38                              @ Abbreviation Code
	.byte	52                              @ DW_TAG_variable
	.byte	0                               @ DW_CHILDREN_no
	.byte	2                               @ DW_AT_location
	.byte	24                              @ DW_FORM_exprloc
	.byte	3                               @ DW_AT_name
	.byte	14                              @ DW_FORM_strp
	.byte	73                              @ DW_AT_type
	.byte	19                              @ DW_FORM_ref4
	.byte	52                              @ DW_AT_artificial
	.byte	25                              @ DW_FORM_flag_present
	.byte	0                               @ EOM(1)
	.byte	0                               @ EOM(2)
	.byte	39                              @ Abbreviation Code
	.byte	52                              @ DW_TAG_variable
	.byte	0                               @ DW_CHILDREN_no
	.byte	2                               @ DW_AT_location
	.byte	23                              @ DW_FORM_sec_offset
	.byte	3                               @ DW_AT_name
	.byte	14                              @ DW_FORM_strp
	.byte	58                              @ DW_AT_decl_file
	.byte	11                              @ DW_FORM_data1
	.byte	59                              @ DW_AT_decl_line
	.byte	5                               @ DW_FORM_data2
	.byte	73                              @ DW_AT_type
	.byte	19                              @ DW_FORM_ref4
	.byte	0                               @ EOM(1)
	.byte	0                               @ EOM(2)
	.byte	40                              @ Abbreviation Code
	.byte	33                              @ DW_TAG_subrange_type
	.byte	0                               @ DW_CHILDREN_no
	.byte	73                              @ DW_AT_type
	.byte	19                              @ DW_FORM_ref4
	.byte	55                              @ DW_AT_count
	.byte	19                              @ DW_FORM_ref4
	.byte	0                               @ EOM(1)
	.byte	0                               @ EOM(2)
	.byte	0                               @ EOM(3)
	.section	.debug_info,"",%progbits
.Lcu_begin0:
	.long	.Ldebug_info_end0-.Ldebug_info_start0 @ Length of Unit
.Ldebug_info_start0:
	.short	4                               @ DWARF version number
	.long	.debug_abbrev                   @ Offset Into Abbrev. Section
	.byte	4                               @ Address Size (in bytes)
	.byte	1                               @ Abbrev [1] 0xb:0x1cd8 DW_TAG_compile_unit
	.long	.Linfo_string0                  @ DW_AT_producer
	.short	29                              @ DW_AT_language
	.long	.Linfo_string1                  @ DW_AT_name
	.long	.Lline_table_start0             @ DW_AT_stmt_list
	.long	.Linfo_string2                  @ DW_AT_comp_dir
	.long	0                               @ DW_AT_low_pc
	.long	.Ldebug_ranges0                 @ DW_AT_ranges
	.byte	2                               @ Abbrev [2] 0x26:0x11 DW_TAG_variable
	.long	.Linfo_string3                  @ DW_AT_name
	.long	55                              @ DW_AT_type
                                        @ DW_AT_external
	.byte	1                               @ DW_AT_decl_file
	.byte	37                              @ DW_AT_decl_line
	.byte	5                               @ DW_AT_location
	.byte	3
	.long	g_Crypto_Int_done
	.byte	3                               @ Abbrev [3] 0x37:0x5 DW_TAG_volatile_type
	.long	60                              @ DW_AT_type
	.byte	4                               @ Abbrev [4] 0x3c:0x7 DW_TAG_base_type
	.long	.Linfo_string4                  @ DW_AT_name
	.byte	5                               @ DW_AT_encoding
	.byte	4                               @ DW_AT_byte_size
	.byte	5                               @ Abbrev [5] 0x43:0x12 DW_TAG_variable
	.long	.Linfo_string5                  @ DW_AT_name
	.long	85                              @ DW_AT_type
                                        @ DW_AT_external
	.byte	1                               @ DW_AT_decl_file
	.byte	44                              @ DW_AT_decl_line
	.byte	4                               @ DW_AT_alignment
	.byte	5                               @ DW_AT_location
	.byte	3
	.long	g_au8FeedBackBuf
	.byte	6                               @ Abbrev [6] 0x55:0xc DW_TAG_array_type
	.long	97                              @ DW_AT_type
	.byte	7                               @ Abbrev [7] 0x5a:0x6 DW_TAG_subrange_type
	.long	115                             @ DW_AT_type
	.byte	72                              @ DW_AT_count
	.byte	0                               @ End Of Children Mark
	.byte	8                               @ Abbrev [8] 0x61:0xb DW_TAG_typedef
	.long	108                             @ DW_AT_type
	.long	.Linfo_string7                  @ DW_AT_name
	.byte	2                               @ DW_AT_decl_file
	.byte	62                              @ DW_AT_decl_line
	.byte	4                               @ Abbrev [4] 0x6c:0x7 DW_TAG_base_type
	.long	.Linfo_string6                  @ DW_AT_name
	.byte	8                               @ DW_AT_encoding
	.byte	1                               @ DW_AT_byte_size
	.byte	9                               @ Abbrev [9] 0x73:0x7 DW_TAG_base_type
	.long	.Linfo_string8                  @ DW_AT_name
	.byte	8                               @ DW_AT_byte_size
	.byte	7                               @ DW_AT_encoding
	.byte	10                              @ Abbrev [10] 0x7a:0xd DW_TAG_variable
	.long	135                             @ DW_AT_type
	.byte	1                               @ DW_AT_decl_file
	.byte	68                              @ DW_AT_decl_line
	.byte	5                               @ DW_AT_location
	.byte	3
	.long	.L.str
	.byte	6                               @ Abbrev [6] 0x87:0xc DW_TAG_array_type
	.long	147                             @ DW_AT_type
	.byte	7                               @ Abbrev [7] 0x8c:0x6 DW_TAG_subrange_type
	.long	115                             @ DW_AT_type
	.byte	9                               @ DW_AT_count
	.byte	0                               @ End Of Children Mark
	.byte	4                               @ Abbrev [4] 0x93:0x7 DW_TAG_base_type
	.long	.Linfo_string9                  @ DW_AT_name
	.byte	8                               @ DW_AT_encoding
	.byte	1                               @ DW_AT_byte_size
	.byte	10                              @ Abbrev [10] 0x9a:0xd DW_TAG_variable
	.long	167                             @ DW_AT_type
	.byte	1                               @ DW_AT_decl_file
	.byte	70                              @ DW_AT_decl_line
	.byte	5                               @ DW_AT_location
	.byte	3
	.long	.L.str.1
	.byte	6                               @ Abbrev [6] 0xa7:0xc DW_TAG_array_type
	.long	147                             @ DW_AT_type
	.byte	7                               @ Abbrev [7] 0xac:0x6 DW_TAG_subrange_type
	.long	115                             @ DW_AT_type
	.byte	6                               @ DW_AT_count
	.byte	0                               @ End Of Children Mark
	.byte	10                              @ Abbrev [10] 0xb3:0xd DW_TAG_variable
	.long	192                             @ DW_AT_type
	.byte	1                               @ DW_AT_decl_file
	.byte	71                              @ DW_AT_decl_line
	.byte	5                               @ DW_AT_location
	.byte	3
	.long	.L.str.2
	.byte	6                               @ Abbrev [6] 0xc0:0xc DW_TAG_array_type
	.long	147                             @ DW_AT_type
	.byte	7                               @ Abbrev [7] 0xc5:0x6 DW_TAG_subrange_type
	.long	115                             @ DW_AT_type
	.byte	3                               @ DW_AT_count
	.byte	0                               @ End Of Children Mark
	.byte	10                              @ Abbrev [10] 0xcc:0xd DW_TAG_variable
	.long	192                             @ DW_AT_type
	.byte	1                               @ DW_AT_decl_file
	.byte	74                              @ DW_AT_decl_line
	.byte	5                               @ DW_AT_location
	.byte	3
	.long	.L.str.3
	.byte	10                              @ Abbrev [10] 0xd9:0xd DW_TAG_variable
	.long	230                             @ DW_AT_type
	.byte	1                               @ DW_AT_decl_file
	.byte	76                              @ DW_AT_decl_line
	.byte	5                               @ DW_AT_location
	.byte	3
	.long	.L.str.4
	.byte	6                               @ Abbrev [6] 0xe6:0xc DW_TAG_array_type
	.long	147                             @ DW_AT_type
	.byte	7                               @ Abbrev [7] 0xeb:0x6 DW_TAG_subrange_type
	.long	115                             @ DW_AT_type
	.byte	2                               @ DW_AT_count
	.byte	0                               @ End Of Children Mark
	.byte	10                              @ Abbrev [10] 0xf2:0xd DW_TAG_variable
	.long	230                             @ DW_AT_type
	.byte	1                               @ DW_AT_decl_file
	.byte	80                              @ DW_AT_decl_line
	.byte	5                               @ DW_AT_location
	.byte	3
	.long	.L.str.5
	.byte	10                              @ Abbrev [10] 0xff:0xd DW_TAG_variable
	.long	268                             @ DW_AT_type
	.byte	1                               @ DW_AT_decl_file
	.byte	123                             @ DW_AT_decl_line
	.byte	5                               @ DW_AT_location
	.byte	3
	.long	.L.str.6
	.byte	6                               @ Abbrev [6] 0x10c:0xc DW_TAG_array_type
	.long	147                             @ DW_AT_type
	.byte	7                               @ Abbrev [7] 0x111:0x6 DW_TAG_subrange_type
	.long	115                             @ DW_AT_type
	.byte	5                               @ DW_AT_count
	.byte	0                               @ End Of Children Mark
	.byte	10                              @ Abbrev [10] 0x118:0xd DW_TAG_variable
	.long	293                             @ DW_AT_type
	.byte	1                               @ DW_AT_decl_file
	.byte	134                             @ DW_AT_decl_line
	.byte	5                               @ DW_AT_location
	.byte	3
	.long	.L.str.7
	.byte	6                               @ Abbrev [6] 0x125:0xc DW_TAG_array_type
	.long	147                             @ DW_AT_type
	.byte	7                               @ Abbrev [7] 0x12a:0x6 DW_TAG_subrange_type
	.long	115                             @ DW_AT_type
	.byte	37                              @ DW_AT_count
	.byte	0                               @ End Of Children Mark
	.byte	11                              @ Abbrev [11] 0x131:0xe DW_TAG_variable
	.long	319                             @ DW_AT_type
	.byte	1                               @ DW_AT_decl_file
	.short	312                             @ DW_AT_decl_line
	.byte	5                               @ DW_AT_location
	.byte	3
	.long	.L.str.8
	.byte	6                               @ Abbrev [6] 0x13f:0xc DW_TAG_array_type
	.long	147                             @ DW_AT_type
	.byte	7                               @ Abbrev [7] 0x144:0x6 DW_TAG_subrange_type
	.long	115                             @ DW_AT_type
	.byte	41                              @ DW_AT_count
	.byte	0                               @ End Of Children Mark
	.byte	11                              @ Abbrev [11] 0x14b:0xe DW_TAG_variable
	.long	345                             @ DW_AT_type
	.byte	1                               @ DW_AT_decl_file
	.short	535                             @ DW_AT_decl_line
	.byte	5                               @ DW_AT_location
	.byte	3
	.long	.L.str.9
	.byte	6                               @ Abbrev [6] 0x159:0xc DW_TAG_array_type
	.long	147                             @ DW_AT_type
	.byte	7                               @ Abbrev [7] 0x15e:0x6 DW_TAG_subrange_type
	.long	115                             @ DW_AT_type
	.byte	11                              @ DW_AT_count
	.byte	0                               @ End Of Children Mark
	.byte	11                              @ Abbrev [11] 0x165:0xe DW_TAG_variable
	.long	371                             @ DW_AT_type
	.byte	1                               @ DW_AT_decl_file
	.short	538                             @ DW_AT_decl_line
	.byte	5                               @ DW_AT_location
	.byte	3
	.long	.L.str.10
	.byte	6                               @ Abbrev [6] 0x173:0xc DW_TAG_array_type
	.long	147                             @ DW_AT_type
	.byte	7                               @ Abbrev [7] 0x178:0x6 DW_TAG_subrange_type
	.long	115                             @ DW_AT_type
	.byte	10                              @ DW_AT_count
	.byte	0                               @ End Of Children Mark
	.byte	11                              @ Abbrev [11] 0x17f:0xe DW_TAG_variable
	.long	135                             @ DW_AT_type
	.byte	1                               @ DW_AT_decl_file
	.short	541                             @ DW_AT_decl_line
	.byte	5                               @ DW_AT_location
	.byte	3
	.long	.L.str.11
	.byte	11                              @ Abbrev [11] 0x18d:0xe DW_TAG_variable
	.long	135                             @ DW_AT_type
	.byte	1                               @ DW_AT_decl_file
	.short	544                             @ DW_AT_decl_line
	.byte	5                               @ DW_AT_location
	.byte	3
	.long	.L.str.12
	.byte	11                              @ Abbrev [11] 0x19b:0xe DW_TAG_variable
	.long	425                             @ DW_AT_type
	.byte	1                               @ DW_AT_decl_file
	.short	608                             @ DW_AT_decl_line
	.byte	5                               @ DW_AT_location
	.byte	3
	.long	.L.str.13
	.byte	6                               @ Abbrev [6] 0x1a9:0xc DW_TAG_array_type
	.long	147                             @ DW_AT_type
	.byte	7                               @ Abbrev [7] 0x1ae:0x6 DW_TAG_subrange_type
	.long	115                             @ DW_AT_type
	.byte	35                              @ DW_AT_count
	.byte	0                               @ End Of Children Mark
	.byte	11                              @ Abbrev [11] 0x1b5:0xe DW_TAG_variable
	.long	451                             @ DW_AT_type
	.byte	1                               @ DW_AT_decl_file
	.short	690                             @ DW_AT_decl_line
	.byte	5                               @ DW_AT_location
	.byte	3
	.long	.L.str.14
	.byte	6                               @ Abbrev [6] 0x1c3:0xc DW_TAG_array_type
	.long	147                             @ DW_AT_type
	.byte	7                               @ Abbrev [7] 0x1c8:0x6 DW_TAG_subrange_type
	.long	115                             @ DW_AT_type
	.byte	26                              @ DW_AT_count
	.byte	0                               @ End Of Children Mark
	.byte	11                              @ Abbrev [11] 0x1cf:0xe DW_TAG_variable
	.long	345                             @ DW_AT_type
	.byte	1                               @ DW_AT_decl_file
	.short	691                             @ DW_AT_decl_line
	.byte	5                               @ DW_AT_location
	.byte	3
	.long	.L.str.15
	.byte	11                              @ Abbrev [11] 0x1dd:0xe DW_TAG_variable
	.long	371                             @ DW_AT_type
	.byte	1                               @ DW_AT_decl_file
	.short	694                             @ DW_AT_decl_line
	.byte	5                               @ DW_AT_location
	.byte	3
	.long	.L.str.16
	.byte	11                              @ Abbrev [11] 0x1eb:0xe DW_TAG_variable
	.long	371                             @ DW_AT_type
	.byte	1                               @ DW_AT_decl_file
	.short	697                             @ DW_AT_decl_line
	.byte	5                               @ DW_AT_location
	.byte	3
	.long	.L.str.17
	.byte	11                              @ Abbrev [11] 0x1f9:0xe DW_TAG_variable
	.long	268                             @ DW_AT_type
	.byte	1                               @ DW_AT_decl_file
	.short	814                             @ DW_AT_decl_line
	.byte	5                               @ DW_AT_location
	.byte	3
	.long	.L.str.18
	.byte	11                              @ Abbrev [11] 0x207:0xe DW_TAG_variable
	.long	319                             @ DW_AT_type
	.byte	1                               @ DW_AT_decl_file
	.short	845                             @ DW_AT_decl_line
	.byte	5                               @ DW_AT_location
	.byte	3
	.long	.L.str.19
	.byte	11                              @ Abbrev [11] 0x215:0xe DW_TAG_variable
	.long	319                             @ DW_AT_type
	.byte	1                               @ DW_AT_decl_file
	.short	860                             @ DW_AT_decl_line
	.byte	5                               @ DW_AT_location
	.byte	3
	.long	.L.str.20
	.byte	11                              @ Abbrev [11] 0x223:0xe DW_TAG_variable
	.long	561                             @ DW_AT_type
	.byte	1                               @ DW_AT_decl_file
	.short	890                             @ DW_AT_decl_line
	.byte	5                               @ DW_AT_location
	.byte	3
	.long	.L.str.21
	.byte	6                               @ Abbrev [6] 0x231:0xc DW_TAG_array_type
	.long	147                             @ DW_AT_type
	.byte	7                               @ Abbrev [7] 0x236:0x6 DW_TAG_subrange_type
	.long	115                             @ DW_AT_type
	.byte	28                              @ DW_AT_count
	.byte	0                               @ End Of Children Mark
	.byte	11                              @ Abbrev [11] 0x23d:0xe DW_TAG_variable
	.long	167                             @ DW_AT_type
	.byte	1                               @ DW_AT_decl_file
	.short	893                             @ DW_AT_decl_line
	.byte	5                               @ DW_AT_location
	.byte	3
	.long	.L.str.22
	.byte	11                              @ Abbrev [11] 0x24b:0xe DW_TAG_variable
	.long	601                             @ DW_AT_type
	.byte	1                               @ DW_AT_decl_file
	.short	895                             @ DW_AT_decl_line
	.byte	5                               @ DW_AT_location
	.byte	3
	.long	.L.str.23
	.byte	6                               @ Abbrev [6] 0x259:0xc DW_TAG_array_type
	.long	147                             @ DW_AT_type
	.byte	7                               @ Abbrev [7] 0x25e:0x6 DW_TAG_subrange_type
	.long	115                             @ DW_AT_type
	.byte	4                               @ DW_AT_count
	.byte	0                               @ End Of Children Mark
	.byte	11                              @ Abbrev [11] 0x265:0xe DW_TAG_variable
	.long	451                             @ DW_AT_type
	.byte	1                               @ DW_AT_decl_file
	.short	907                             @ DW_AT_decl_line
	.byte	5                               @ DW_AT_location
	.byte	3
	.long	.L.str.24
	.byte	11                              @ Abbrev [11] 0x273:0xe DW_TAG_variable
	.long	641                             @ DW_AT_type
	.byte	1                               @ DW_AT_decl_file
	.short	914                             @ DW_AT_decl_line
	.byte	5                               @ DW_AT_location
	.byte	3
	.long	.L.str.25
	.byte	6                               @ Abbrev [6] 0x281:0xc DW_TAG_array_type
	.long	147                             @ DW_AT_type
	.byte	7                               @ Abbrev [7] 0x286:0x6 DW_TAG_subrange_type
	.long	115                             @ DW_AT_type
	.byte	74                              @ DW_AT_count
	.byte	0                               @ End Of Children Mark
	.byte	11                              @ Abbrev [11] 0x28d:0xe DW_TAG_variable
	.long	293                             @ DW_AT_type
	.byte	1                               @ DW_AT_decl_file
	.short	921                             @ DW_AT_decl_line
	.byte	5                               @ DW_AT_location
	.byte	3
	.long	.L.str.26
	.byte	11                              @ Abbrev [11] 0x29b:0xe DW_TAG_variable
	.long	681                             @ DW_AT_type
	.byte	1                               @ DW_AT_decl_file
	.short	954                             @ DW_AT_decl_line
	.byte	5                               @ DW_AT_location
	.byte	3
	.long	.L.str.27
	.byte	6                               @ Abbrev [6] 0x2a9:0xc DW_TAG_array_type
	.long	147                             @ DW_AT_type
	.byte	7                               @ Abbrev [7] 0x2ae:0x6 DW_TAG_subrange_type
	.long	115                             @ DW_AT_type
	.byte	24                              @ DW_AT_count
	.byte	0                               @ End Of Children Mark
	.byte	11                              @ Abbrev [11] 0x2b5:0xe DW_TAG_variable
	.long	425                             @ DW_AT_type
	.byte	1                               @ DW_AT_decl_file
	.short	959                             @ DW_AT_decl_line
	.byte	5                               @ DW_AT_location
	.byte	3
	.long	.L.str.28
	.byte	11                              @ Abbrev [11] 0x2c3:0xe DW_TAG_variable
	.long	345                             @ DW_AT_type
	.byte	1                               @ DW_AT_decl_file
	.short	963                             @ DW_AT_decl_line
	.byte	5                               @ DW_AT_location
	.byte	3
	.long	.L.str.29
	.byte	11                              @ Abbrev [11] 0x2d1:0xe DW_TAG_variable
	.long	345                             @ DW_AT_type
	.byte	1                               @ DW_AT_decl_file
	.short	964                             @ DW_AT_decl_line
	.byte	5                               @ DW_AT_location
	.byte	3
	.long	.L.str.30
	.byte	11                              @ Abbrev [11] 0x2df:0xe DW_TAG_variable
	.long	345                             @ DW_AT_type
	.byte	1                               @ DW_AT_decl_file
	.short	965                             @ DW_AT_decl_line
	.byte	5                               @ DW_AT_location
	.byte	3
	.long	.L.str.31
	.byte	11                              @ Abbrev [11] 0x2ed:0xe DW_TAG_variable
	.long	345                             @ DW_AT_type
	.byte	1                               @ DW_AT_decl_file
	.short	972                             @ DW_AT_decl_line
	.byte	5                               @ DW_AT_location
	.byte	3
	.long	.L.str.32
	.byte	11                              @ Abbrev [11] 0x2fb:0xe DW_TAG_variable
	.long	345                             @ DW_AT_type
	.byte	1                               @ DW_AT_decl_file
	.short	973                             @ DW_AT_decl_line
	.byte	5                               @ DW_AT_location
	.byte	3
	.long	.L.str.33
	.byte	11                              @ Abbrev [11] 0x309:0xe DW_TAG_variable
	.long	293                             @ DW_AT_type
	.byte	1                               @ DW_AT_decl_file
	.short	980                             @ DW_AT_decl_line
	.byte	5                               @ DW_AT_location
	.byte	3
	.long	.L.str.34
	.byte	11                              @ Abbrev [11] 0x317:0xe DW_TAG_variable
	.long	805                             @ DW_AT_type
	.byte	1                               @ DW_AT_decl_file
	.short	983                             @ DW_AT_decl_line
	.byte	5                               @ DW_AT_location
	.byte	3
	.long	.L.str.35
	.byte	6                               @ Abbrev [6] 0x325:0xc DW_TAG_array_type
	.long	147                             @ DW_AT_type
	.byte	7                               @ Abbrev [7] 0x32a:0x6 DW_TAG_subrange_type
	.long	115                             @ DW_AT_type
	.byte	40                              @ DW_AT_count
	.byte	0                               @ End Of Children Mark
	.byte	11                              @ Abbrev [11] 0x331:0xe DW_TAG_variable
	.long	293                             @ DW_AT_type
	.byte	1                               @ DW_AT_decl_file
	.short	989                             @ DW_AT_decl_line
	.byte	5                               @ DW_AT_location
	.byte	3
	.long	.L.str.36
	.byte	11                              @ Abbrev [11] 0x33f:0xe DW_TAG_variable
	.long	805                             @ DW_AT_type
	.byte	1                               @ DW_AT_decl_file
	.short	992                             @ DW_AT_decl_line
	.byte	5                               @ DW_AT_location
	.byte	3
	.long	.L.str.37
	.byte	11                              @ Abbrev [11] 0x34d:0xe DW_TAG_variable
	.long	135                             @ DW_AT_type
	.byte	1                               @ DW_AT_decl_file
	.short	1010                            @ DW_AT_decl_line
	.byte	5                               @ DW_AT_location
	.byte	3
	.long	.L.str.38
	.byte	11                              @ Abbrev [11] 0x35b:0xe DW_TAG_variable
	.long	873                             @ DW_AT_type
	.byte	1                               @ DW_AT_decl_file
	.short	1011                            @ DW_AT_decl_line
	.byte	5                               @ DW_AT_location
	.byte	3
	.long	.L.str.39
	.byte	6                               @ Abbrev [6] 0x369:0xc DW_TAG_array_type
	.long	147                             @ DW_AT_type
	.byte	7                               @ Abbrev [7] 0x36e:0x6 DW_TAG_subrange_type
	.long	115                             @ DW_AT_type
	.byte	8                               @ DW_AT_count
	.byte	0                               @ End Of Children Mark
	.byte	11                              @ Abbrev [11] 0x375:0xe DW_TAG_variable
	.long	899                             @ DW_AT_type
	.byte	1                               @ DW_AT_decl_file
	.short	1012                            @ DW_AT_decl_line
	.byte	5                               @ DW_AT_location
	.byte	3
	.long	.L.str.40
	.byte	6                               @ Abbrev [6] 0x383:0xc DW_TAG_array_type
	.long	147                             @ DW_AT_type
	.byte	7                               @ Abbrev [7] 0x388:0x6 DW_TAG_subrange_type
	.long	115                             @ DW_AT_type
	.byte	7                               @ DW_AT_count
	.byte	0                               @ End Of Children Mark
	.byte	11                              @ Abbrev [11] 0x38f:0xe DW_TAG_variable
	.long	899                             @ DW_AT_type
	.byte	1                               @ DW_AT_decl_file
	.short	1013                            @ DW_AT_decl_line
	.byte	5                               @ DW_AT_location
	.byte	3
	.long	.L.str.41
	.byte	11                              @ Abbrev [11] 0x39d:0xe DW_TAG_variable
	.long	939                             @ DW_AT_type
	.byte	1                               @ DW_AT_decl_file
	.short	1028                            @ DW_AT_decl_line
	.byte	5                               @ DW_AT_location
	.byte	3
	.long	.L.str.42
	.byte	6                               @ Abbrev [6] 0x3ab:0xc DW_TAG_array_type
	.long	147                             @ DW_AT_type
	.byte	7                               @ Abbrev [7] 0x3b0:0x6 DW_TAG_subrange_type
	.long	115                             @ DW_AT_type
	.byte	18                              @ DW_AT_count
	.byte	0                               @ End Of Children Mark
	.byte	11                              @ Abbrev [11] 0x3b7:0xe DW_TAG_variable
	.long	965                             @ DW_AT_type
	.byte	1                               @ DW_AT_decl_file
	.short	1036                            @ DW_AT_decl_line
	.byte	5                               @ DW_AT_location
	.byte	3
	.long	.L.str.43
	.byte	6                               @ Abbrev [6] 0x3c5:0xc DW_TAG_array_type
	.long	147                             @ DW_AT_type
	.byte	7                               @ Abbrev [7] 0x3ca:0x6 DW_TAG_subrange_type
	.long	115                             @ DW_AT_type
	.byte	17                              @ DW_AT_count
	.byte	0                               @ End Of Children Mark
	.byte	11                              @ Abbrev [11] 0x3d1:0xe DW_TAG_variable
	.long	991                             @ DW_AT_type
	.byte	1                               @ DW_AT_decl_file
	.short	1071                            @ DW_AT_decl_line
	.byte	5                               @ DW_AT_location
	.byte	3
	.long	.L.str.44
	.byte	6                               @ Abbrev [6] 0x3df:0xc DW_TAG_array_type
	.long	147                             @ DW_AT_type
	.byte	7                               @ Abbrev [7] 0x3e4:0x6 DW_TAG_subrange_type
	.long	115                             @ DW_AT_type
	.byte	36                              @ DW_AT_count
	.byte	0                               @ End Of Children Mark
	.byte	11                              @ Abbrev [11] 0x3eb:0xe DW_TAG_variable
	.long	1017                            @ DW_AT_type
	.byte	1                               @ DW_AT_decl_file
	.short	1080                            @ DW_AT_decl_line
	.byte	5                               @ DW_AT_location
	.byte	3
	.long	.L.str.45
	.byte	6                               @ Abbrev [6] 0x3f9:0xc DW_TAG_array_type
	.long	147                             @ DW_AT_type
	.byte	7                               @ Abbrev [7] 0x3fe:0x6 DW_TAG_subrange_type
	.long	115                             @ DW_AT_type
	.byte	31                              @ DW_AT_count
	.byte	0                               @ End Of Children Mark
	.byte	11                              @ Abbrev [11] 0x405:0xe DW_TAG_variable
	.long	425                             @ DW_AT_type
	.byte	1                               @ DW_AT_decl_file
	.short	1100                            @ DW_AT_decl_line
	.byte	5                               @ DW_AT_location
	.byte	3
	.long	.L.str.46
	.byte	11                              @ Abbrev [11] 0x413:0xe DW_TAG_variable
	.long	1057                            @ DW_AT_type
	.byte	1                               @ DW_AT_decl_file
	.short	1103                            @ DW_AT_decl_line
	.byte	5                               @ DW_AT_location
	.byte	3
	.long	.L.str.47
	.byte	6                               @ Abbrev [6] 0x421:0xc DW_TAG_array_type
	.long	147                             @ DW_AT_type
	.byte	7                               @ Abbrev [7] 0x426:0x6 DW_TAG_subrange_type
	.long	115                             @ DW_AT_type
	.byte	60                              @ DW_AT_count
	.byte	0                               @ End Of Children Mark
	.byte	11                              @ Abbrev [11] 0x42d:0xe DW_TAG_variable
	.long	1083                            @ DW_AT_type
	.byte	1                               @ DW_AT_decl_file
	.short	1122                            @ DW_AT_decl_line
	.byte	5                               @ DW_AT_location
	.byte	3
	.long	.L.str.48
	.byte	6                               @ Abbrev [6] 0x43b:0xc DW_TAG_array_type
	.long	147                             @ DW_AT_type
	.byte	7                               @ Abbrev [7] 0x440:0x6 DW_TAG_subrange_type
	.long	115                             @ DW_AT_type
	.byte	34                              @ DW_AT_count
	.byte	0                               @ End Of Children Mark
	.byte	11                              @ Abbrev [11] 0x447:0xe DW_TAG_variable
	.long	1109                            @ DW_AT_type
	.byte	1                               @ DW_AT_decl_file
	.short	1136                            @ DW_AT_decl_line
	.byte	5                               @ DW_AT_location
	.byte	3
	.long	.L.str.49
	.byte	6                               @ Abbrev [6] 0x455:0xc DW_TAG_array_type
	.long	147                             @ DW_AT_type
	.byte	7                               @ Abbrev [7] 0x45a:0x6 DW_TAG_subrange_type
	.long	115                             @ DW_AT_type
	.byte	21                              @ DW_AT_count
	.byte	0                               @ End Of Children Mark
	.byte	11                              @ Abbrev [11] 0x461:0xe DW_TAG_variable
	.long	1135                            @ DW_AT_type
	.byte	1                               @ DW_AT_decl_file
	.short	1160                            @ DW_AT_decl_line
	.byte	5                               @ DW_AT_location
	.byte	3
	.long	.L.str.50
	.byte	6                               @ Abbrev [6] 0x46f:0xc DW_TAG_array_type
	.long	147                             @ DW_AT_type
	.byte	7                               @ Abbrev [7] 0x474:0x6 DW_TAG_subrange_type
	.long	115                             @ DW_AT_type
	.byte	47                              @ DW_AT_count
	.byte	0                               @ End Of Children Mark
	.byte	11                              @ Abbrev [11] 0x47b:0xe DW_TAG_variable
	.long	1161                            @ DW_AT_type
	.byte	1                               @ DW_AT_decl_file
	.short	1175                            @ DW_AT_decl_line
	.byte	5                               @ DW_AT_location
	.byte	3
	.long	.L.str.51
	.byte	6                               @ Abbrev [6] 0x489:0xc DW_TAG_array_type
	.long	147                             @ DW_AT_type
	.byte	7                               @ Abbrev [7] 0x48e:0x6 DW_TAG_subrange_type
	.long	115                             @ DW_AT_type
	.byte	65                              @ DW_AT_count
	.byte	0                               @ End Of Children Mark
	.byte	11                              @ Abbrev [11] 0x495:0xe DW_TAG_variable
	.long	1161                            @ DW_AT_type
	.byte	1                               @ DW_AT_decl_file
	.short	1180                            @ DW_AT_decl_line
	.byte	5                               @ DW_AT_location
	.byte	3
	.long	.L.str.52
	.byte	11                              @ Abbrev [11] 0x4a3:0xe DW_TAG_variable
	.long	1201                            @ DW_AT_type
	.byte	1                               @ DW_AT_decl_file
	.short	1208                            @ DW_AT_decl_line
	.byte	5                               @ DW_AT_location
	.byte	3
	.long	.L.str.53
	.byte	6                               @ Abbrev [6] 0x4b1:0xc DW_TAG_array_type
	.long	147                             @ DW_AT_type
	.byte	7                               @ Abbrev [7] 0x4b6:0x6 DW_TAG_subrange_type
	.long	115                             @ DW_AT_type
	.byte	32                              @ DW_AT_count
	.byte	0                               @ End Of Children Mark
	.byte	11                              @ Abbrev [11] 0x4bd:0xe DW_TAG_variable
	.long	1227                            @ DW_AT_type
	.byte	1                               @ DW_AT_decl_file
	.short	1214                            @ DW_AT_decl_line
	.byte	5                               @ DW_AT_location
	.byte	3
	.long	.L.str.54
	.byte	6                               @ Abbrev [6] 0x4cb:0xc DW_TAG_array_type
	.long	147                             @ DW_AT_type
	.byte	7                               @ Abbrev [7] 0x4d0:0x6 DW_TAG_subrange_type
	.long	115                             @ DW_AT_type
	.byte	13                              @ DW_AT_count
	.byte	0                               @ End Of Children Mark
	.byte	11                              @ Abbrev [11] 0x4d7:0xe DW_TAG_variable
	.long	1253                            @ DW_AT_type
	.byte	1                               @ DW_AT_decl_file
	.short	1226                            @ DW_AT_decl_line
	.byte	5                               @ DW_AT_location
	.byte	3
	.long	.L.str.55
	.byte	6                               @ Abbrev [6] 0x4e5:0xc DW_TAG_array_type
	.long	147                             @ DW_AT_type
	.byte	7                               @ Abbrev [7] 0x4ea:0x6 DW_TAG_subrange_type
	.long	115                             @ DW_AT_type
	.byte	45                              @ DW_AT_count
	.byte	0                               @ End Of Children Mark
	.byte	5                               @ Abbrev [5] 0x4f1:0x12 DW_TAG_variable
	.long	.Linfo_string10                 @ DW_AT_name
	.long	1283                            @ DW_AT_type
                                        @ DW_AT_external
	.byte	1                               @ DW_AT_decl_file
	.byte	39                              @ DW_AT_decl_line
	.byte	4                               @ DW_AT_alignment
	.byte	5                               @ DW_AT_location
	.byte	3
	.long	g_au8Buf
	.byte	6                               @ Abbrev [6] 0x503:0xd DW_TAG_array_type
	.long	97                              @ DW_AT_type
	.byte	12                              @ Abbrev [12] 0x508:0x7 DW_TAG_subrange_type
	.long	115                             @ DW_AT_type
	.short	512                             @ DW_AT_count
	.byte	0                               @ End Of Children Mark
	.byte	5                               @ Abbrev [5] 0x510:0x12 DW_TAG_variable
	.long	.Linfo_string11                 @ DW_AT_name
	.long	1283                            @ DW_AT_type
                                        @ DW_AT_external
	.byte	1                               @ DW_AT_decl_file
	.byte	42                              @ DW_AT_decl_line
	.byte	4                               @ DW_AT_alignment
	.byte	5                               @ DW_AT_location
	.byte	3
	.long	g_au8Out2
	.byte	13                              @ Abbrev [13] 0x522:0x12 DW_TAG_variable
	.long	.Linfo_string12                 @ DW_AT_name
	.long	965                             @ DW_AT_type
	.byte	1                               @ DW_AT_decl_file
	.short	1189                            @ DW_AT_decl_line
	.byte	5                               @ DW_AT_location
	.byte	3
	.long	hex_char_tbl
	.byte	14                              @ Abbrev [14] 0x534:0x9d DW_TAG_enumeration_type
	.long	60                              @ DW_AT_type
	.byte	4                               @ DW_AT_byte_size
	.byte	3                               @ DW_AT_decl_file
	.byte	143                             @ DW_AT_decl_line
	.byte	15                              @ Abbrev [15] 0x53c:0x6 DW_TAG_enumerator
	.long	.Linfo_string13                 @ DW_AT_name
	.byte	0                               @ DW_AT_const_value
	.byte	15                              @ Abbrev [15] 0x542:0x6 DW_TAG_enumerator
	.long	.Linfo_string14                 @ DW_AT_name
	.byte	1                               @ DW_AT_const_value
	.byte	15                              @ Abbrev [15] 0x548:0x6 DW_TAG_enumerator
	.long	.Linfo_string15                 @ DW_AT_name
	.byte	2                               @ DW_AT_const_value
	.byte	15                              @ Abbrev [15] 0x54e:0x6 DW_TAG_enumerator
	.long	.Linfo_string16                 @ DW_AT_name
	.byte	3                               @ DW_AT_const_value
	.byte	15                              @ Abbrev [15] 0x554:0x6 DW_TAG_enumerator
	.long	.Linfo_string17                 @ DW_AT_name
	.byte	4                               @ DW_AT_const_value
	.byte	15                              @ Abbrev [15] 0x55a:0x6 DW_TAG_enumerator
	.long	.Linfo_string18                 @ DW_AT_name
	.byte	5                               @ DW_AT_const_value
	.byte	15                              @ Abbrev [15] 0x560:0x6 DW_TAG_enumerator
	.long	.Linfo_string19                 @ DW_AT_name
	.byte	6                               @ DW_AT_const_value
	.byte	15                              @ Abbrev [15] 0x566:0x6 DW_TAG_enumerator
	.long	.Linfo_string20                 @ DW_AT_name
	.byte	7                               @ DW_AT_const_value
	.byte	15                              @ Abbrev [15] 0x56c:0x6 DW_TAG_enumerator
	.long	.Linfo_string21                 @ DW_AT_name
	.byte	8                               @ DW_AT_const_value
	.byte	15                              @ Abbrev [15] 0x572:0x6 DW_TAG_enumerator
	.long	.Linfo_string22                 @ DW_AT_name
	.byte	9                               @ DW_AT_const_value
	.byte	15                              @ Abbrev [15] 0x578:0x6 DW_TAG_enumerator
	.long	.Linfo_string23                 @ DW_AT_name
	.byte	10                              @ DW_AT_const_value
	.byte	15                              @ Abbrev [15] 0x57e:0x6 DW_TAG_enumerator
	.long	.Linfo_string24                 @ DW_AT_name
	.byte	11                              @ DW_AT_const_value
	.byte	15                              @ Abbrev [15] 0x584:0x6 DW_TAG_enumerator
	.long	.Linfo_string25                 @ DW_AT_name
	.byte	12                              @ DW_AT_const_value
	.byte	15                              @ Abbrev [15] 0x58a:0x6 DW_TAG_enumerator
	.long	.Linfo_string26                 @ DW_AT_name
	.byte	13                              @ DW_AT_const_value
	.byte	15                              @ Abbrev [15] 0x590:0x6 DW_TAG_enumerator
	.long	.Linfo_string27                 @ DW_AT_name
	.byte	14                              @ DW_AT_const_value
	.byte	15                              @ Abbrev [15] 0x596:0x6 DW_TAG_enumerator
	.long	.Linfo_string28                 @ DW_AT_name
	.byte	15                              @ DW_AT_const_value
	.byte	15                              @ Abbrev [15] 0x59c:0x6 DW_TAG_enumerator
	.long	.Linfo_string29                 @ DW_AT_name
	.byte	16                              @ DW_AT_const_value
	.byte	15                              @ Abbrev [15] 0x5a2:0x6 DW_TAG_enumerator
	.long	.Linfo_string30                 @ DW_AT_name
	.byte	17                              @ DW_AT_const_value
	.byte	15                              @ Abbrev [15] 0x5a8:0x6 DW_TAG_enumerator
	.long	.Linfo_string31                 @ DW_AT_name
	.byte	18                              @ DW_AT_const_value
	.byte	15                              @ Abbrev [15] 0x5ae:0x6 DW_TAG_enumerator
	.long	.Linfo_string32                 @ DW_AT_name
	.byte	19                              @ DW_AT_const_value
	.byte	15                              @ Abbrev [15] 0x5b4:0x6 DW_TAG_enumerator
	.long	.Linfo_string33                 @ DW_AT_name
	.byte	20                              @ DW_AT_const_value
	.byte	15                              @ Abbrev [15] 0x5ba:0x6 DW_TAG_enumerator
	.long	.Linfo_string34                 @ DW_AT_name
	.byte	21                              @ DW_AT_const_value
	.byte	15                              @ Abbrev [15] 0x5c0:0x6 DW_TAG_enumerator
	.long	.Linfo_string35                 @ DW_AT_name
	.byte	22                              @ DW_AT_const_value
	.byte	15                              @ Abbrev [15] 0x5c6:0xa DW_TAG_enumerator
	.long	.Linfo_string36                 @ DW_AT_name
	.ascii	"\201\200\200\200x"             @ DW_AT_const_value
	.byte	0                               @ End Of Children Mark
	.byte	16                              @ Abbrev [16] 0x5d1:0x1f DW_TAG_enumeration_type
	.long	1520                            @ DW_AT_type
	.long	.Linfo_string41                 @ DW_AT_name
	.byte	4                               @ DW_AT_byte_size
	.byte	4                               @ DW_AT_decl_file
	.byte	33                              @ DW_AT_decl_line
	.byte	17                              @ Abbrev [17] 0x5dd:0x6 DW_TAG_enumerator
	.long	.Linfo_string38                 @ DW_AT_name
	.byte	0                               @ DW_AT_const_value
	.byte	17                              @ Abbrev [17] 0x5e3:0x6 DW_TAG_enumerator
	.long	.Linfo_string39                 @ DW_AT_name
	.byte	1                               @ DW_AT_const_value
	.byte	17                              @ Abbrev [17] 0x5e9:0x6 DW_TAG_enumerator
	.long	.Linfo_string40                 @ DW_AT_name
	.byte	2                               @ DW_AT_const_value
	.byte	0                               @ End Of Children Mark
	.byte	4                               @ Abbrev [4] 0x5f0:0x7 DW_TAG_base_type
	.long	.Linfo_string37                 @ DW_AT_name
	.byte	7                               @ DW_AT_encoding
	.byte	4                               @ DW_AT_byte_size
	.byte	18                              @ Abbrev [18] 0x5f7:0x5 DW_TAG_pointer_type
	.long	1532                            @ DW_AT_type
	.byte	19                              @ Abbrev [19] 0x5fc:0xc DW_TAG_typedef
	.long	1544                            @ DW_AT_type
	.long	.Linfo_string114                @ DW_AT_name
	.byte	5                               @ DW_AT_decl_file
	.short	1230                            @ DW_AT_decl_line
	.byte	20                              @ Abbrev [20] 0x608:0x3d9 DW_TAG_structure_type
	.short	4092                            @ DW_AT_byte_size
	.byte	5                               @ DW_AT_decl_file
	.byte	27                              @ DW_AT_decl_line
	.byte	21                              @ Abbrev [21] 0x60d:0xd DW_TAG_member
	.long	.Linfo_string42                 @ DW_AT_name
	.long	2529                            @ DW_AT_type
	.byte	5                               @ DW_AT_decl_file
	.short	1158                            @ DW_AT_decl_line
	.byte	0                               @ DW_AT_data_member_location
	.byte	21                              @ Abbrev [21] 0x61a:0xd DW_TAG_member
	.long	.Linfo_string44                 @ DW_AT_name
	.long	2529                            @ DW_AT_type
	.byte	5                               @ DW_AT_decl_file
	.short	1159                            @ DW_AT_decl_line
	.byte	4                               @ DW_AT_data_member_location
	.byte	21                              @ Abbrev [21] 0x627:0xd DW_TAG_member
	.long	.Linfo_string45                 @ DW_AT_name
	.long	2529                            @ DW_AT_type
	.byte	5                               @ DW_AT_decl_file
	.short	1160                            @ DW_AT_decl_line
	.byte	8                               @ DW_AT_data_member_location
	.byte	21                              @ Abbrev [21] 0x634:0xd DW_TAG_member
	.long	.Linfo_string46                 @ DW_AT_name
	.long	2529                            @ DW_AT_type
	.byte	5                               @ DW_AT_decl_file
	.short	1161                            @ DW_AT_decl_line
	.byte	12                              @ DW_AT_data_member_location
	.byte	21                              @ Abbrev [21] 0x641:0xd DW_TAG_member
	.long	.Linfo_string47                 @ DW_AT_name
	.long	2545                            @ DW_AT_type
	.byte	5                               @ DW_AT_decl_file
	.short	1162                            @ DW_AT_decl_line
	.byte	16                              @ DW_AT_data_member_location
	.byte	21                              @ Abbrev [21] 0x64e:0xd DW_TAG_member
	.long	.Linfo_string48                 @ DW_AT_name
	.long	2557                            @ DW_AT_type
	.byte	5                               @ DW_AT_decl_file
	.short	1163                            @ DW_AT_decl_line
	.byte	48                              @ DW_AT_data_member_location
	.byte	21                              @ Abbrev [21] 0x65b:0xd DW_TAG_member
	.long	.Linfo_string49                 @ DW_AT_name
	.long	2562                            @ DW_AT_type
	.byte	5                               @ DW_AT_decl_file
	.short	1164                            @ DW_AT_decl_line
	.byte	52                              @ DW_AT_data_member_location
	.byte	21                              @ Abbrev [21] 0x668:0xd DW_TAG_member
	.long	.Linfo_string50                 @ DW_AT_name
	.long	2574                            @ DW_AT_type
	.byte	5                               @ DW_AT_decl_file
	.short	1165                            @ DW_AT_decl_line
	.byte	80                              @ DW_AT_data_member_location
	.byte	21                              @ Abbrev [21] 0x675:0xd DW_TAG_member
	.long	.Linfo_string51                 @ DW_AT_name
	.long	2545                            @ DW_AT_type
	.byte	5                               @ DW_AT_decl_file
	.short	1166                            @ DW_AT_decl_line
	.byte	96                              @ DW_AT_data_member_location
	.byte	21                              @ Abbrev [21] 0x682:0xd DW_TAG_member
	.long	.Linfo_string52                 @ DW_AT_name
	.long	2586                            @ DW_AT_type
	.byte	5                               @ DW_AT_decl_file
	.short	1167                            @ DW_AT_decl_line
	.byte	128                             @ DW_AT_data_member_location
	.byte	21                              @ Abbrev [21] 0x68f:0xd DW_TAG_member
	.long	.Linfo_string53                 @ DW_AT_name
	.long	2586                            @ DW_AT_type
	.byte	5                               @ DW_AT_decl_file
	.short	1168                            @ DW_AT_decl_line
	.byte	136                             @ DW_AT_data_member_location
	.byte	21                              @ Abbrev [21] 0x69c:0xd DW_TAG_member
	.long	.Linfo_string54                 @ DW_AT_name
	.long	2586                            @ DW_AT_type
	.byte	5                               @ DW_AT_decl_file
	.short	1169                            @ DW_AT_decl_line
	.byte	144                             @ DW_AT_data_member_location
	.byte	21                              @ Abbrev [21] 0x6a9:0xd DW_TAG_member
	.long	.Linfo_string55                 @ DW_AT_name
	.long	2598                            @ DW_AT_type
	.byte	5                               @ DW_AT_decl_file
	.short	1170                            @ DW_AT_decl_line
	.byte	152                             @ DW_AT_data_member_location
	.byte	21                              @ Abbrev [21] 0x6b6:0xd DW_TAG_member
	.long	.Linfo_string56                 @ DW_AT_name
	.long	2529                            @ DW_AT_type
	.byte	5                               @ DW_AT_decl_file
	.short	1171                            @ DW_AT_decl_line
	.byte	160                             @ DW_AT_data_member_location
	.byte	21                              @ Abbrev [21] 0x6c3:0xd DW_TAG_member
	.long	.Linfo_string57                 @ DW_AT_name
	.long	2610                            @ DW_AT_type
	.byte	5                               @ DW_AT_decl_file
	.short	1172                            @ DW_AT_decl_line
	.byte	164                             @ DW_AT_data_member_location
	.byte	22                              @ Abbrev [22] 0x6d0:0xe DW_TAG_member
	.long	.Linfo_string58                 @ DW_AT_name
	.long	2529                            @ DW_AT_type
	.byte	5                               @ DW_AT_decl_file
	.short	1173                            @ DW_AT_decl_line
	.short	256                             @ DW_AT_data_member_location
	.byte	22                              @ Abbrev [22] 0x6de:0xe DW_TAG_member
	.long	.Linfo_string59                 @ DW_AT_name
	.long	2557                            @ DW_AT_type
	.byte	5                               @ DW_AT_decl_file
	.short	1174                            @ DW_AT_decl_line
	.short	260                             @ DW_AT_data_member_location
	.byte	22                              @ Abbrev [22] 0x6ec:0xe DW_TAG_member
	.long	.Linfo_string60                 @ DW_AT_name
	.long	2529                            @ DW_AT_type
	.byte	5                               @ DW_AT_decl_file
	.short	1175                            @ DW_AT_decl_line
	.short	264                             @ DW_AT_data_member_location
	.byte	22                              @ Abbrev [22] 0x6fa:0xe DW_TAG_member
	.long	.Linfo_string61                 @ DW_AT_name
	.long	2557                            @ DW_AT_type
	.byte	5                               @ DW_AT_decl_file
	.short	1176                            @ DW_AT_decl_line
	.short	268                             @ DW_AT_data_member_location
	.byte	22                              @ Abbrev [22] 0x708:0xe DW_TAG_member
	.long	.Linfo_string62                 @ DW_AT_name
	.long	2622                            @ DW_AT_type
	.byte	5                               @ DW_AT_decl_file
	.short	1177                            @ DW_AT_decl_line
	.short	272                             @ DW_AT_data_member_location
	.byte	22                              @ Abbrev [22] 0x716:0xe DW_TAG_member
	.long	.Linfo_string63                 @ DW_AT_name
	.long	2634                            @ DW_AT_type
	.byte	5                               @ DW_AT_decl_file
	.short	1178                            @ DW_AT_decl_line
	.short	304                             @ DW_AT_data_member_location
	.byte	22                              @ Abbrev [22] 0x724:0xe DW_TAG_member
	.long	.Linfo_string64                 @ DW_AT_name
	.long	2529                            @ DW_AT_type
	.byte	5                               @ DW_AT_decl_file
	.short	1179                            @ DW_AT_decl_line
	.short	320                             @ DW_AT_data_member_location
	.byte	22                              @ Abbrev [22] 0x732:0xe DW_TAG_member
	.long	.Linfo_string65                 @ DW_AT_name
	.long	2529                            @ DW_AT_type
	.byte	5                               @ DW_AT_decl_file
	.short	1180                            @ DW_AT_decl_line
	.short	324                             @ DW_AT_data_member_location
	.byte	22                              @ Abbrev [22] 0x740:0xe DW_TAG_member
	.long	.Linfo_string66                 @ DW_AT_name
	.long	2529                            @ DW_AT_type
	.byte	5                               @ DW_AT_decl_file
	.short	1181                            @ DW_AT_decl_line
	.short	328                             @ DW_AT_data_member_location
	.byte	22                              @ Abbrev [22] 0x74e:0xe DW_TAG_member
	.long	.Linfo_string67                 @ DW_AT_name
	.long	2646                            @ DW_AT_type
	.byte	5                               @ DW_AT_decl_file
	.short	1182                            @ DW_AT_decl_line
	.short	332                             @ DW_AT_data_member_location
	.byte	22                              @ Abbrev [22] 0x75c:0xe DW_TAG_member
	.long	.Linfo_string68                 @ DW_AT_name
	.long	2529                            @ DW_AT_type
	.byte	5                               @ DW_AT_decl_file
	.short	1183                            @ DW_AT_decl_line
	.short	768                             @ DW_AT_data_member_location
	.byte	22                              @ Abbrev [22] 0x76a:0xe DW_TAG_member
	.long	.Linfo_string69                 @ DW_AT_name
	.long	2557                            @ DW_AT_type
	.byte	5                               @ DW_AT_decl_file
	.short	1184                            @ DW_AT_decl_line
	.short	772                             @ DW_AT_data_member_location
	.byte	22                              @ Abbrev [22] 0x778:0xe DW_TAG_member
	.long	.Linfo_string70                 @ DW_AT_name
	.long	2658                            @ DW_AT_type
	.byte	5                               @ DW_AT_decl_file
	.short	1185                            @ DW_AT_decl_line
	.short	776                             @ DW_AT_data_member_location
	.byte	22                              @ Abbrev [22] 0x786:0xe DW_TAG_member
	.long	.Linfo_string71                 @ DW_AT_name
	.long	2529                            @ DW_AT_type
	.byte	5                               @ DW_AT_decl_file
	.short	1186                            @ DW_AT_decl_line
	.short	840                             @ DW_AT_data_member_location
	.byte	22                              @ Abbrev [22] 0x794:0xe DW_TAG_member
	.long	.Linfo_string72                 @ DW_AT_name
	.long	2529                            @ DW_AT_type
	.byte	5                               @ DW_AT_decl_file
	.short	1187                            @ DW_AT_decl_line
	.short	844                             @ DW_AT_data_member_location
	.byte	22                              @ Abbrev [22] 0x7a2:0xe DW_TAG_member
	.long	.Linfo_string73                 @ DW_AT_name
	.long	2529                            @ DW_AT_type
	.byte	5                               @ DW_AT_decl_file
	.short	1188                            @ DW_AT_decl_line
	.short	848                             @ DW_AT_data_member_location
	.byte	22                              @ Abbrev [22] 0x7b0:0xe DW_TAG_member
	.long	.Linfo_string74                 @ DW_AT_name
	.long	2529                            @ DW_AT_type
	.byte	5                               @ DW_AT_decl_file
	.short	1189                            @ DW_AT_decl_line
	.short	852                             @ DW_AT_data_member_location
	.byte	22                              @ Abbrev [22] 0x7be:0xe DW_TAG_member
	.long	.Linfo_string75                 @ DW_AT_name
	.long	2670                            @ DW_AT_type
	.byte	5                               @ DW_AT_decl_file
	.short	1190                            @ DW_AT_decl_line
	.short	856                             @ DW_AT_data_member_location
	.byte	22                              @ Abbrev [22] 0x7cc:0xe DW_TAG_member
	.long	.Linfo_string76                 @ DW_AT_name
	.long	2682                            @ DW_AT_type
	.byte	5                               @ DW_AT_decl_file
	.short	1191                            @ DW_AT_decl_line
	.short	1072                            @ DW_AT_data_member_location
	.byte	22                              @ Abbrev [22] 0x7da:0xe DW_TAG_member
	.long	.Linfo_string77                 @ DW_AT_name
	.long	2529                            @ DW_AT_type
	.byte	5                               @ DW_AT_decl_file
	.short	1192                            @ DW_AT_decl_line
	.short	1276                            @ DW_AT_data_member_location
	.byte	22                              @ Abbrev [22] 0x7e8:0xe DW_TAG_member
	.long	.Linfo_string78                 @ DW_AT_name
	.long	2694                            @ DW_AT_type
	.byte	5                               @ DW_AT_decl_file
	.short	1193                            @ DW_AT_decl_line
	.short	1280                            @ DW_AT_data_member_location
	.byte	22                              @ Abbrev [22] 0x7f6:0xe DW_TAG_member
	.long	.Linfo_string79                 @ DW_AT_name
	.long	2529                            @ DW_AT_type
	.byte	5                               @ DW_AT_decl_file
	.short	1194                            @ DW_AT_decl_line
	.short	2048                            @ DW_AT_data_member_location
	.byte	22                              @ Abbrev [22] 0x804:0xe DW_TAG_member
	.long	.Linfo_string80                 @ DW_AT_name
	.long	2557                            @ DW_AT_type
	.byte	5                               @ DW_AT_decl_file
	.short	1195                            @ DW_AT_decl_line
	.short	2052                            @ DW_AT_data_member_location
	.byte	22                              @ Abbrev [22] 0x812:0xe DW_TAG_member
	.long	.Linfo_string81                 @ DW_AT_name
	.long	2706                            @ DW_AT_type
	.byte	5                               @ DW_AT_decl_file
	.short	1196                            @ DW_AT_decl_line
	.short	2056                            @ DW_AT_data_member_location
	.byte	22                              @ Abbrev [22] 0x820:0xe DW_TAG_member
	.long	.Linfo_string82                 @ DW_AT_name
	.long	2706                            @ DW_AT_type
	.byte	5                               @ DW_AT_decl_file
	.short	1197                            @ DW_AT_decl_line
	.short	2128                            @ DW_AT_data_member_location
	.byte	22                              @ Abbrev [22] 0x82e:0xe DW_TAG_member
	.long	.Linfo_string83                 @ DW_AT_name
	.long	2706                            @ DW_AT_type
	.byte	5                               @ DW_AT_decl_file
	.short	1198                            @ DW_AT_decl_line
	.short	2200                            @ DW_AT_data_member_location
	.byte	22                              @ Abbrev [22] 0x83c:0xe DW_TAG_member
	.long	.Linfo_string84                 @ DW_AT_name
	.long	2706                            @ DW_AT_type
	.byte	5                               @ DW_AT_decl_file
	.short	1199                            @ DW_AT_decl_line
	.short	2272                            @ DW_AT_data_member_location
	.byte	22                              @ Abbrev [22] 0x84a:0xe DW_TAG_member
	.long	.Linfo_string85                 @ DW_AT_name
	.long	2706                            @ DW_AT_type
	.byte	5                               @ DW_AT_decl_file
	.short	1200                            @ DW_AT_decl_line
	.short	2344                            @ DW_AT_data_member_location
	.byte	22                              @ Abbrev [22] 0x858:0xe DW_TAG_member
	.long	.Linfo_string86                 @ DW_AT_name
	.long	2706                            @ DW_AT_type
	.byte	5                               @ DW_AT_decl_file
	.short	1201                            @ DW_AT_decl_line
	.short	2416                            @ DW_AT_data_member_location
	.byte	22                              @ Abbrev [22] 0x866:0xe DW_TAG_member
	.long	.Linfo_string87                 @ DW_AT_name
	.long	2706                            @ DW_AT_type
	.byte	5                               @ DW_AT_decl_file
	.short	1202                            @ DW_AT_decl_line
	.short	2488                            @ DW_AT_data_member_location
	.byte	22                              @ Abbrev [22] 0x874:0xe DW_TAG_member
	.long	.Linfo_string88                 @ DW_AT_name
	.long	2706                            @ DW_AT_type
	.byte	5                               @ DW_AT_decl_file
	.short	1203                            @ DW_AT_decl_line
	.short	2560                            @ DW_AT_data_member_location
	.byte	22                              @ Abbrev [22] 0x882:0xe DW_TAG_member
	.long	.Linfo_string89                 @ DW_AT_name
	.long	2529                            @ DW_AT_type
	.byte	5                               @ DW_AT_decl_file
	.short	1204                            @ DW_AT_decl_line
	.short	2632                            @ DW_AT_data_member_location
	.byte	22                              @ Abbrev [22] 0x890:0xe DW_TAG_member
	.long	.Linfo_string90                 @ DW_AT_name
	.long	2529                            @ DW_AT_type
	.byte	5                               @ DW_AT_decl_file
	.short	1205                            @ DW_AT_decl_line
	.short	2636                            @ DW_AT_data_member_location
	.byte	22                              @ Abbrev [22] 0x89e:0xe DW_TAG_member
	.long	.Linfo_string91                 @ DW_AT_name
	.long	2529                            @ DW_AT_type
	.byte	5                               @ DW_AT_decl_file
	.short	1206                            @ DW_AT_decl_line
	.short	2640                            @ DW_AT_data_member_location
	.byte	22                              @ Abbrev [22] 0x8ac:0xe DW_TAG_member
	.long	.Linfo_string92                 @ DW_AT_name
	.long	2529                            @ DW_AT_type
	.byte	5                               @ DW_AT_decl_file
	.short	1207                            @ DW_AT_decl_line
	.short	2644                            @ DW_AT_data_member_location
	.byte	22                              @ Abbrev [22] 0x8ba:0xe DW_TAG_member
	.long	.Linfo_string93                 @ DW_AT_name
	.long	2718                            @ DW_AT_type
	.byte	5                               @ DW_AT_decl_file
	.short	1208                            @ DW_AT_decl_line
	.short	2648                            @ DW_AT_data_member_location
	.byte	22                              @ Abbrev [22] 0x8c8:0xe DW_TAG_member
	.long	.Linfo_string94                 @ DW_AT_name
	.long	2529                            @ DW_AT_type
	.byte	5                               @ DW_AT_decl_file
	.short	1209                            @ DW_AT_decl_line
	.short	2816                            @ DW_AT_data_member_location
	.byte	22                              @ Abbrev [22] 0x8d6:0xe DW_TAG_member
	.long	.Linfo_string95                 @ DW_AT_name
	.long	2557                            @ DW_AT_type
	.byte	5                               @ DW_AT_decl_file
	.short	1210                            @ DW_AT_decl_line
	.short	2820                            @ DW_AT_data_member_location
	.byte	22                              @ Abbrev [22] 0x8e4:0xe DW_TAG_member
	.long	.Linfo_string96                 @ DW_AT_name
	.long	2730                            @ DW_AT_type
	.byte	5                               @ DW_AT_decl_file
	.short	1211                            @ DW_AT_decl_line
	.short	2824                            @ DW_AT_data_member_location
	.byte	22                              @ Abbrev [22] 0x8f2:0xe DW_TAG_member
	.long	.Linfo_string97                 @ DW_AT_name
	.long	2529                            @ DW_AT_type
	.byte	5                               @ DW_AT_decl_file
	.short	1212                            @ DW_AT_decl_line
	.short	2844                            @ DW_AT_data_member_location
	.byte	22                              @ Abbrev [22] 0x900:0xe DW_TAG_member
	.long	.Linfo_string98                 @ DW_AT_name
	.long	2742                            @ DW_AT_type
	.byte	5                               @ DW_AT_decl_file
	.short	1213                            @ DW_AT_decl_line
	.short	2848                            @ DW_AT_data_member_location
	.byte	22                              @ Abbrev [22] 0x90e:0xe DW_TAG_member
	.long	.Linfo_string99                 @ DW_AT_name
	.long	2754                            @ DW_AT_type
	.byte	5                               @ DW_AT_decl_file
	.short	1214                            @ DW_AT_decl_line
	.short	2876                            @ DW_AT_data_member_location
	.byte	22                              @ Abbrev [22] 0x91c:0xe DW_TAG_member
	.long	.Linfo_string100                @ DW_AT_name
	.long	2529                            @ DW_AT_type
	.byte	5                               @ DW_AT_decl_file
	.short	1215                            @ DW_AT_decl_line
	.short	3840                            @ DW_AT_data_member_location
	.byte	22                              @ Abbrev [22] 0x92a:0xe DW_TAG_member
	.long	.Linfo_string101                @ DW_AT_name
	.long	2557                            @ DW_AT_type
	.byte	5                               @ DW_AT_decl_file
	.short	1216                            @ DW_AT_decl_line
	.short	3844                            @ DW_AT_data_member_location
	.byte	22                              @ Abbrev [22] 0x938:0xe DW_TAG_member
	.long	.Linfo_string102                @ DW_AT_name
	.long	2598                            @ DW_AT_type
	.byte	5                               @ DW_AT_decl_file
	.short	1217                            @ DW_AT_decl_line
	.short	3848                            @ DW_AT_data_member_location
	.byte	22                              @ Abbrev [22] 0x946:0xe DW_TAG_member
	.long	.Linfo_string103                @ DW_AT_name
	.long	2529                            @ DW_AT_type
	.byte	5                               @ DW_AT_decl_file
	.short	1218                            @ DW_AT_decl_line
	.short	3856                            @ DW_AT_data_member_location
	.byte	22                              @ Abbrev [22] 0x954:0xe DW_TAG_member
	.long	.Linfo_string104                @ DW_AT_name
	.long	2562                            @ DW_AT_type
	.byte	5                               @ DW_AT_decl_file
	.short	1219                            @ DW_AT_decl_line
	.short	3860                            @ DW_AT_data_member_location
	.byte	22                              @ Abbrev [22] 0x962:0xe DW_TAG_member
	.long	.Linfo_string105                @ DW_AT_name
	.long	2529                            @ DW_AT_type
	.byte	5                               @ DW_AT_decl_file
	.short	1220                            @ DW_AT_decl_line
	.short	3888                            @ DW_AT_data_member_location
	.byte	22                              @ Abbrev [22] 0x970:0xe DW_TAG_member
	.long	.Linfo_string106                @ DW_AT_name
	.long	2766                            @ DW_AT_type
	.byte	5                               @ DW_AT_decl_file
	.short	1221                            @ DW_AT_decl_line
	.short	3892                            @ DW_AT_data_member_location
	.byte	22                              @ Abbrev [22] 0x97e:0xe DW_TAG_member
	.long	.Linfo_string107                @ DW_AT_name
	.long	2529                            @ DW_AT_type
	.byte	5                               @ DW_AT_decl_file
	.short	1222                            @ DW_AT_decl_line
	.short	3904                            @ DW_AT_data_member_location
	.byte	22                              @ Abbrev [22] 0x98c:0xe DW_TAG_member
	.long	.Linfo_string108                @ DW_AT_name
	.long	2557                            @ DW_AT_type
	.byte	5                               @ DW_AT_decl_file
	.short	1223                            @ DW_AT_decl_line
	.short	3908                            @ DW_AT_data_member_location
	.byte	22                              @ Abbrev [22] 0x99a:0xe DW_TAG_member
	.long	.Linfo_string109                @ DW_AT_name
	.long	2529                            @ DW_AT_type
	.byte	5                               @ DW_AT_decl_file
	.short	1224                            @ DW_AT_decl_line
	.short	3912                            @ DW_AT_data_member_location
	.byte	22                              @ Abbrev [22] 0x9a8:0xe DW_TAG_member
	.long	.Linfo_string110                @ DW_AT_name
	.long	2778                            @ DW_AT_type
	.byte	5                               @ DW_AT_decl_file
	.short	1225                            @ DW_AT_decl_line
	.short	3916                            @ DW_AT_data_member_location
	.byte	22                              @ Abbrev [22] 0x9b6:0xe DW_TAG_member
	.long	.Linfo_string111                @ DW_AT_name
	.long	2529                            @ DW_AT_type
	.byte	5                               @ DW_AT_decl_file
	.short	1226                            @ DW_AT_decl_line
	.short	3920                            @ DW_AT_data_member_location
	.byte	22                              @ Abbrev [22] 0x9c4:0xe DW_TAG_member
	.long	.Linfo_string112                @ DW_AT_name
	.long	2586                            @ DW_AT_type
	.byte	5                               @ DW_AT_decl_file
	.short	1227                            @ DW_AT_decl_line
	.short	3924                            @ DW_AT_data_member_location
	.byte	22                              @ Abbrev [22] 0x9d2:0xe DW_TAG_member
	.long	.Linfo_string113                @ DW_AT_name
	.long	2790                            @ DW_AT_type
	.byte	5                               @ DW_AT_decl_file
	.short	1228                            @ DW_AT_decl_line
	.short	3932                            @ DW_AT_data_member_location
	.byte	0                               @ End Of Children Mark
	.byte	3                               @ Abbrev [3] 0x9e1:0x5 DW_TAG_volatile_type
	.long	2534                            @ DW_AT_type
	.byte	8                               @ Abbrev [8] 0x9e6:0xb DW_TAG_typedef
	.long	1520                            @ DW_AT_type
	.long	.Linfo_string43                 @ DW_AT_name
	.byte	2                               @ DW_AT_decl_file
	.byte	64                              @ DW_AT_decl_line
	.byte	6                               @ Abbrev [6] 0x9f1:0xc DW_TAG_array_type
	.long	2557                            @ DW_AT_type
	.byte	7                               @ Abbrev [7] 0x9f6:0x6 DW_TAG_subrange_type
	.long	115                             @ DW_AT_type
	.byte	8                               @ DW_AT_count
	.byte	0                               @ End Of Children Mark
	.byte	23                              @ Abbrev [23] 0x9fd:0x5 DW_TAG_const_type
	.long	2529                            @ DW_AT_type
	.byte	6                               @ Abbrev [6] 0xa02:0xc DW_TAG_array_type
	.long	2557                            @ DW_AT_type
	.byte	7                               @ Abbrev [7] 0xa07:0x6 DW_TAG_subrange_type
	.long	115                             @ DW_AT_type
	.byte	7                               @ DW_AT_count
	.byte	0                               @ End Of Children Mark
	.byte	6                               @ Abbrev [6] 0xa0e:0xc DW_TAG_array_type
	.long	2557                            @ DW_AT_type
	.byte	7                               @ Abbrev [7] 0xa13:0x6 DW_TAG_subrange_type
	.long	115                             @ DW_AT_type
	.byte	4                               @ DW_AT_count
	.byte	0                               @ End Of Children Mark
	.byte	6                               @ Abbrev [6] 0xa1a:0xc DW_TAG_array_type
	.long	2529                            @ DW_AT_type
	.byte	7                               @ Abbrev [7] 0xa1f:0x6 DW_TAG_subrange_type
	.long	115                             @ DW_AT_type
	.byte	2                               @ DW_AT_count
	.byte	0                               @ End Of Children Mark
	.byte	6                               @ Abbrev [6] 0xa26:0xc DW_TAG_array_type
	.long	2557                            @ DW_AT_type
	.byte	7                               @ Abbrev [7] 0xa2b:0x6 DW_TAG_subrange_type
	.long	115                             @ DW_AT_type
	.byte	2                               @ DW_AT_count
	.byte	0                               @ End Of Children Mark
	.byte	6                               @ Abbrev [6] 0xa32:0xc DW_TAG_array_type
	.long	2557                            @ DW_AT_type
	.byte	7                               @ Abbrev [7] 0xa37:0x6 DW_TAG_subrange_type
	.long	115                             @ DW_AT_type
	.byte	23                              @ DW_AT_count
	.byte	0                               @ End Of Children Mark
	.byte	6                               @ Abbrev [6] 0xa3e:0xc DW_TAG_array_type
	.long	2529                            @ DW_AT_type
	.byte	7                               @ Abbrev [7] 0xa43:0x6 DW_TAG_subrange_type
	.long	115                             @ DW_AT_type
	.byte	8                               @ DW_AT_count
	.byte	0                               @ End Of Children Mark
	.byte	6                               @ Abbrev [6] 0xa4a:0xc DW_TAG_array_type
	.long	2529                            @ DW_AT_type
	.byte	7                               @ Abbrev [7] 0xa4f:0x6 DW_TAG_subrange_type
	.long	115                             @ DW_AT_type
	.byte	4                               @ DW_AT_count
	.byte	0                               @ End Of Children Mark
	.byte	6                               @ Abbrev [6] 0xa56:0xc DW_TAG_array_type
	.long	2557                            @ DW_AT_type
	.byte	7                               @ Abbrev [7] 0xa5b:0x6 DW_TAG_subrange_type
	.long	115                             @ DW_AT_type
	.byte	109                             @ DW_AT_count
	.byte	0                               @ End Of Children Mark
	.byte	6                               @ Abbrev [6] 0xa62:0xc DW_TAG_array_type
	.long	2557                            @ DW_AT_type
	.byte	7                               @ Abbrev [7] 0xa67:0x6 DW_TAG_subrange_type
	.long	115                             @ DW_AT_type
	.byte	16                              @ DW_AT_count
	.byte	0                               @ End Of Children Mark
	.byte	6                               @ Abbrev [6] 0xa6e:0xc DW_TAG_array_type
	.long	2529                            @ DW_AT_type
	.byte	7                               @ Abbrev [7] 0xa73:0x6 DW_TAG_subrange_type
	.long	115                             @ DW_AT_type
	.byte	54                              @ DW_AT_count
	.byte	0                               @ End Of Children Mark
	.byte	6                               @ Abbrev [6] 0xa7a:0xc DW_TAG_array_type
	.long	2557                            @ DW_AT_type
	.byte	7                               @ Abbrev [7] 0xa7f:0x6 DW_TAG_subrange_type
	.long	115                             @ DW_AT_type
	.byte	51                              @ DW_AT_count
	.byte	0                               @ End Of Children Mark
	.byte	6                               @ Abbrev [6] 0xa86:0xc DW_TAG_array_type
	.long	2557                            @ DW_AT_type
	.byte	7                               @ Abbrev [7] 0xa8b:0x6 DW_TAG_subrange_type
	.long	115                             @ DW_AT_type
	.byte	192                             @ DW_AT_count
	.byte	0                               @ End Of Children Mark
	.byte	6                               @ Abbrev [6] 0xa92:0xc DW_TAG_array_type
	.long	2529                            @ DW_AT_type
	.byte	7                               @ Abbrev [7] 0xa97:0x6 DW_TAG_subrange_type
	.long	115                             @ DW_AT_type
	.byte	18                              @ DW_AT_count
	.byte	0                               @ End Of Children Mark
	.byte	6                               @ Abbrev [6] 0xa9e:0xc DW_TAG_array_type
	.long	2557                            @ DW_AT_type
	.byte	7                               @ Abbrev [7] 0xaa3:0x6 DW_TAG_subrange_type
	.long	115                             @ DW_AT_type
	.byte	42                              @ DW_AT_count
	.byte	0                               @ End Of Children Mark
	.byte	6                               @ Abbrev [6] 0xaaa:0xc DW_TAG_array_type
	.long	2529                            @ DW_AT_type
	.byte	7                               @ Abbrev [7] 0xaaf:0x6 DW_TAG_subrange_type
	.long	115                             @ DW_AT_type
	.byte	5                               @ DW_AT_count
	.byte	0                               @ End Of Children Mark
	.byte	6                               @ Abbrev [6] 0xab6:0xc DW_TAG_array_type
	.long	2529                            @ DW_AT_type
	.byte	7                               @ Abbrev [7] 0xabb:0x6 DW_TAG_subrange_type
	.long	115                             @ DW_AT_type
	.byte	7                               @ DW_AT_count
	.byte	0                               @ End Of Children Mark
	.byte	6                               @ Abbrev [6] 0xac2:0xc DW_TAG_array_type
	.long	2557                            @ DW_AT_type
	.byte	7                               @ Abbrev [7] 0xac7:0x6 DW_TAG_subrange_type
	.long	115                             @ DW_AT_type
	.byte	241                             @ DW_AT_count
	.byte	0                               @ End Of Children Mark
	.byte	6                               @ Abbrev [6] 0xace:0xc DW_TAG_array_type
	.long	2557                            @ DW_AT_type
	.byte	7                               @ Abbrev [7] 0xad3:0x6 DW_TAG_subrange_type
	.long	115                             @ DW_AT_type
	.byte	3                               @ DW_AT_count
	.byte	0                               @ End Of Children Mark
	.byte	6                               @ Abbrev [6] 0xada:0xc DW_TAG_array_type
	.long	2557                            @ DW_AT_type
	.byte	7                               @ Abbrev [7] 0xadf:0x6 DW_TAG_subrange_type
	.long	115                             @ DW_AT_type
	.byte	1                               @ DW_AT_count
	.byte	0                               @ End Of Children Mark
	.byte	6                               @ Abbrev [6] 0xae6:0xc DW_TAG_array_type
	.long	2557                            @ DW_AT_type
	.byte	7                               @ Abbrev [7] 0xaeb:0x6 DW_TAG_subrange_type
	.long	115                             @ DW_AT_type
	.byte	40                              @ DW_AT_count
	.byte	0                               @ End Of Children Mark
	.byte	18                              @ Abbrev [18] 0xaf2:0x5 DW_TAG_pointer_type
	.long	2534                            @ DW_AT_type
	.byte	18                              @ Abbrev [18] 0xaf7:0x5 DW_TAG_pointer_type
	.long	2812                            @ DW_AT_type
	.byte	8                               @ Abbrev [8] 0xafc:0xb DW_TAG_typedef
	.long	2823                            @ DW_AT_type
	.long	.Linfo_string116                @ DW_AT_name
	.byte	2                               @ DW_AT_decl_file
	.byte	65                              @ DW_AT_decl_line
	.byte	4                               @ Abbrev [4] 0xb07:0x7 DW_TAG_base_type
	.long	.Linfo_string115                @ DW_AT_name
	.byte	7                               @ DW_AT_encoding
	.byte	8                               @ DW_AT_byte_size
	.byte	18                              @ Abbrev [18] 0xb0e:0x5 DW_TAG_pointer_type
	.long	97                              @ DW_AT_type
	.byte	18                              @ Abbrev [18] 0xb13:0x5 DW_TAG_pointer_type
	.long	2840                            @ DW_AT_type
	.byte	19                              @ Abbrev [19] 0xb18:0xc DW_TAG_typedef
	.long	2852                            @ DW_AT_type
	.long	.Linfo_string144                @ DW_AT_name
	.byte	6                               @ DW_AT_decl_file
	.short	1139                            @ DW_AT_decl_line
	.byte	24                              @ Abbrev [24] 0xb24:0x1cc DW_TAG_structure_type
	.byte	184                             @ DW_AT_byte_size
	.byte	6                               @ DW_AT_decl_file
	.byte	26                              @ DW_AT_decl_line
	.byte	21                              @ Abbrev [21] 0xb28:0xd DW_TAG_member
	.long	.Linfo_string117                @ DW_AT_name
	.long	2529                            @ DW_AT_type
	.byte	6                               @ DW_AT_decl_file
	.short	1103                            @ DW_AT_decl_line
	.byte	0                               @ DW_AT_data_member_location
	.byte	21                              @ Abbrev [21] 0xb35:0xd DW_TAG_member
	.long	.Linfo_string118                @ DW_AT_name
	.long	2529                            @ DW_AT_type
	.byte	6                               @ DW_AT_decl_file
	.short	1104                            @ DW_AT_decl_line
	.byte	4                               @ DW_AT_data_member_location
	.byte	21                              @ Abbrev [21] 0xb42:0xd DW_TAG_member
	.long	.Linfo_string119                @ DW_AT_name
	.long	2529                            @ DW_AT_type
	.byte	6                               @ DW_AT_decl_file
	.short	1105                            @ DW_AT_decl_line
	.byte	8                               @ DW_AT_data_member_location
	.byte	21                              @ Abbrev [21] 0xb4f:0xd DW_TAG_member
	.long	.Linfo_string120                @ DW_AT_name
	.long	2529                            @ DW_AT_type
	.byte	6                               @ DW_AT_decl_file
	.short	1106                            @ DW_AT_decl_line
	.byte	12                              @ DW_AT_data_member_location
	.byte	21                              @ Abbrev [21] 0xb5c:0xd DW_TAG_member
	.long	.Linfo_string121                @ DW_AT_name
	.long	2529                            @ DW_AT_type
	.byte	6                               @ DW_AT_decl_file
	.short	1107                            @ DW_AT_decl_line
	.byte	16                              @ DW_AT_data_member_location
	.byte	21                              @ Abbrev [21] 0xb69:0xd DW_TAG_member
	.long	.Linfo_string122                @ DW_AT_name
	.long	2529                            @ DW_AT_type
	.byte	6                               @ DW_AT_decl_file
	.short	1108                            @ DW_AT_decl_line
	.byte	20                              @ DW_AT_data_member_location
	.byte	21                              @ Abbrev [21] 0xb76:0xd DW_TAG_member
	.long	.Linfo_string123                @ DW_AT_name
	.long	2529                            @ DW_AT_type
	.byte	6                               @ DW_AT_decl_file
	.short	1109                            @ DW_AT_decl_line
	.byte	24                              @ DW_AT_data_member_location
	.byte	21                              @ Abbrev [21] 0xb83:0xd DW_TAG_member
	.long	.Linfo_string124                @ DW_AT_name
	.long	2529                            @ DW_AT_type
	.byte	6                               @ DW_AT_decl_file
	.short	1110                            @ DW_AT_decl_line
	.byte	28                              @ DW_AT_data_member_location
	.byte	21                              @ Abbrev [21] 0xb90:0xd DW_TAG_member
	.long	.Linfo_string125                @ DW_AT_name
	.long	2529                            @ DW_AT_type
	.byte	6                               @ DW_AT_decl_file
	.short	1111                            @ DW_AT_decl_line
	.byte	32                              @ DW_AT_data_member_location
	.byte	21                              @ Abbrev [21] 0xb9d:0xd DW_TAG_member
	.long	.Linfo_string126                @ DW_AT_name
	.long	2529                            @ DW_AT_type
	.byte	6                               @ DW_AT_decl_file
	.short	1112                            @ DW_AT_decl_line
	.byte	36                              @ DW_AT_data_member_location
	.byte	21                              @ Abbrev [21] 0xbaa:0xd DW_TAG_member
	.long	.Linfo_string49                 @ DW_AT_name
	.long	2598                            @ DW_AT_type
	.byte	6                               @ DW_AT_decl_file
	.short	1113                            @ DW_AT_decl_line
	.byte	40                              @ DW_AT_data_member_location
	.byte	21                              @ Abbrev [21] 0xbb7:0xd DW_TAG_member
	.long	.Linfo_string127                @ DW_AT_name
	.long	2529                            @ DW_AT_type
	.byte	6                               @ DW_AT_decl_file
	.short	1114                            @ DW_AT_decl_line
	.byte	48                              @ DW_AT_data_member_location
	.byte	21                              @ Abbrev [21] 0xbc4:0xd DW_TAG_member
	.long	.Linfo_string93                 @ DW_AT_name
	.long	2778                            @ DW_AT_type
	.byte	6                               @ DW_AT_decl_file
	.short	1115                            @ DW_AT_decl_line
	.byte	52                              @ DW_AT_data_member_location
	.byte	21                              @ Abbrev [21] 0xbd1:0xd DW_TAG_member
	.long	.Linfo_string51                 @ DW_AT_name
	.long	2598                            @ DW_AT_type
	.byte	6                               @ DW_AT_decl_file
	.short	1116                            @ DW_AT_decl_line
	.byte	56                              @ DW_AT_data_member_location
	.byte	21                              @ Abbrev [21] 0xbde:0xd DW_TAG_member
	.long	.Linfo_string128                @ DW_AT_name
	.long	2529                            @ DW_AT_type
	.byte	6                               @ DW_AT_decl_file
	.short	1117                            @ DW_AT_decl_line
	.byte	64                              @ DW_AT_data_member_location
	.byte	21                              @ Abbrev [21] 0xbeb:0xd DW_TAG_member
	.long	.Linfo_string55                 @ DW_AT_name
	.long	2766                            @ DW_AT_type
	.byte	6                               @ DW_AT_decl_file
	.short	1118                            @ DW_AT_decl_line
	.byte	68                              @ DW_AT_data_member_location
	.byte	21                              @ Abbrev [21] 0xbf8:0xd DW_TAG_member
	.long	.Linfo_string129                @ DW_AT_name
	.long	2557                            @ DW_AT_type
	.byte	6                               @ DW_AT_decl_file
	.short	1119                            @ DW_AT_decl_line
	.byte	80                              @ DW_AT_data_member_location
	.byte	21                              @ Abbrev [21] 0xc05:0xd DW_TAG_member
	.long	.Linfo_string57                 @ DW_AT_name
	.long	2766                            @ DW_AT_type
	.byte	6                               @ DW_AT_decl_file
	.short	1120                            @ DW_AT_decl_line
	.byte	84                              @ DW_AT_data_member_location
	.byte	21                              @ Abbrev [21] 0xc12:0xd DW_TAG_member
	.long	.Linfo_string130                @ DW_AT_name
	.long	2529                            @ DW_AT_type
	.byte	6                               @ DW_AT_decl_file
	.short	1121                            @ DW_AT_decl_line
	.byte	96                              @ DW_AT_data_member_location
	.byte	21                              @ Abbrev [21] 0xc1f:0xd DW_TAG_member
	.long	.Linfo_string67                 @ DW_AT_name
	.long	2766                            @ DW_AT_type
	.byte	6                               @ DW_AT_decl_file
	.short	1122                            @ DW_AT_decl_line
	.byte	100                             @ DW_AT_data_member_location
	.byte	21                              @ Abbrev [21] 0xc2c:0xd DW_TAG_member
	.long	.Linfo_string131                @ DW_AT_name
	.long	2529                            @ DW_AT_type
	.byte	6                               @ DW_AT_decl_file
	.short	1123                            @ DW_AT_decl_line
	.byte	112                             @ DW_AT_data_member_location
	.byte	21                              @ Abbrev [21] 0xc39:0xd DW_TAG_member
	.long	.Linfo_string132                @ DW_AT_name
	.long	2529                            @ DW_AT_type
	.byte	6                               @ DW_AT_decl_file
	.short	1124                            @ DW_AT_decl_line
	.byte	116                             @ DW_AT_data_member_location
	.byte	21                              @ Abbrev [21] 0xc46:0xd DW_TAG_member
	.long	.Linfo_string133                @ DW_AT_name
	.long	2529                            @ DW_AT_type
	.byte	6                               @ DW_AT_decl_file
	.short	1125                            @ DW_AT_decl_line
	.byte	120                             @ DW_AT_data_member_location
	.byte	21                              @ Abbrev [21] 0xc53:0xd DW_TAG_member
	.long	.Linfo_string134                @ DW_AT_name
	.long	2529                            @ DW_AT_type
	.byte	6                               @ DW_AT_decl_file
	.short	1126                            @ DW_AT_decl_line
	.byte	124                             @ DW_AT_data_member_location
	.byte	21                              @ Abbrev [21] 0xc60:0xd DW_TAG_member
	.long	.Linfo_string76                 @ DW_AT_name
	.long	2574                            @ DW_AT_type
	.byte	6                               @ DW_AT_decl_file
	.short	1127                            @ DW_AT_decl_line
	.byte	128                             @ DW_AT_data_member_location
	.byte	21                              @ Abbrev [21] 0xc6d:0xd DW_TAG_member
	.long	.Linfo_string135                @ DW_AT_name
	.long	2529                            @ DW_AT_type
	.byte	6                               @ DW_AT_decl_file
	.short	1128                            @ DW_AT_decl_line
	.byte	144                             @ DW_AT_data_member_location
	.byte	21                              @ Abbrev [21] 0xc7a:0xd DW_TAG_member
	.long	.Linfo_string136                @ DW_AT_name
	.long	2529                            @ DW_AT_type
	.byte	6                               @ DW_AT_decl_file
	.short	1129                            @ DW_AT_decl_line
	.byte	148                             @ DW_AT_data_member_location
	.byte	21                              @ Abbrev [21] 0xc87:0xd DW_TAG_member
	.long	.Linfo_string78                 @ DW_AT_name
	.long	2778                            @ DW_AT_type
	.byte	6                               @ DW_AT_decl_file
	.short	1130                            @ DW_AT_decl_line
	.byte	152                             @ DW_AT_data_member_location
	.byte	21                              @ Abbrev [21] 0xc94:0xd DW_TAG_member
	.long	.Linfo_string137                @ DW_AT_name
	.long	2529                            @ DW_AT_type
	.byte	6                               @ DW_AT_decl_file
	.short	1131                            @ DW_AT_decl_line
	.byte	156                             @ DW_AT_data_member_location
	.byte	21                              @ Abbrev [21] 0xca1:0xd DW_TAG_member
	.long	.Linfo_string138                @ DW_AT_name
	.long	2529                            @ DW_AT_type
	.byte	6                               @ DW_AT_decl_file
	.short	1132                            @ DW_AT_decl_line
	.byte	160                             @ DW_AT_data_member_location
	.byte	21                              @ Abbrev [21] 0xcae:0xd DW_TAG_member
	.long	.Linfo_string139                @ DW_AT_name
	.long	2529                            @ DW_AT_type
	.byte	6                               @ DW_AT_decl_file
	.short	1133                            @ DW_AT_decl_line
	.byte	164                             @ DW_AT_data_member_location
	.byte	21                              @ Abbrev [21] 0xcbb:0xd DW_TAG_member
	.long	.Linfo_string140                @ DW_AT_name
	.long	2529                            @ DW_AT_type
	.byte	6                               @ DW_AT_decl_file
	.short	1134                            @ DW_AT_decl_line
	.byte	168                             @ DW_AT_data_member_location
	.byte	21                              @ Abbrev [21] 0xcc8:0xd DW_TAG_member
	.long	.Linfo_string141                @ DW_AT_name
	.long	2529                            @ DW_AT_type
	.byte	6                               @ DW_AT_decl_file
	.short	1135                            @ DW_AT_decl_line
	.byte	172                             @ DW_AT_data_member_location
	.byte	21                              @ Abbrev [21] 0xcd5:0xd DW_TAG_member
	.long	.Linfo_string142                @ DW_AT_name
	.long	2529                            @ DW_AT_type
	.byte	6                               @ DW_AT_decl_file
	.short	1136                            @ DW_AT_decl_line
	.byte	176                             @ DW_AT_data_member_location
	.byte	21                              @ Abbrev [21] 0xce2:0xd DW_TAG_member
	.long	.Linfo_string143                @ DW_AT_name
	.long	2529                            @ DW_AT_type
	.byte	6                               @ DW_AT_decl_file
	.short	1137                            @ DW_AT_decl_line
	.byte	180                             @ DW_AT_data_member_location
	.byte	0                               @ End Of Children Mark
	.byte	18                              @ Abbrev [18] 0xcf0:0x5 DW_TAG_pointer_type
	.long	147                             @ DW_AT_type
	.byte	8                               @ Abbrev [8] 0xcf5:0xb DW_TAG_typedef
	.long	1520                            @ DW_AT_type
	.long	.Linfo_string145                @ DW_AT_name
	.byte	7                               @ DW_AT_decl_file
	.byte	53                              @ DW_AT_decl_line
	.byte	25                              @ Abbrev [25] 0xd00:0x24 DW_TAG_subprogram
	.long	.Lfunc_begin0                   @ DW_AT_low_pc
	.long	.Lfunc_end0-.Lfunc_begin0       @ DW_AT_high_pc
	.byte	1                               @ DW_AT_frame_base
	.byte	93
	.long	.Linfo_string146                @ DW_AT_name
	.byte	1                               @ DW_AT_decl_file
	.byte	46                              @ DW_AT_decl_line
                                        @ DW_AT_prototyped
	.long	97                              @ DW_AT_type
                                        @ DW_AT_external
	.byte	26                              @ Abbrev [26] 0xd15:0xe DW_TAG_formal_parameter
	.byte	2                               @ DW_AT_location
	.byte	145
	.byte	0
	.long	.Linfo_string176                @ DW_AT_name
	.byte	1                               @ DW_AT_decl_file
	.byte	46                              @ DW_AT_decl_line
	.long	97                              @ DW_AT_type
	.byte	0                               @ End Of Children Mark
	.byte	27                              @ Abbrev [27] 0xd24:0x11 DW_TAG_subprogram
	.long	.Lfunc_begin1                   @ DW_AT_low_pc
	.long	.Lfunc_end1-.Lfunc_begin1       @ DW_AT_high_pc
	.byte	1                               @ DW_AT_frame_base
	.byte	93
	.long	.Linfo_string147                @ DW_AT_name
	.byte	1                               @ DW_AT_decl_file
	.byte	55                              @ DW_AT_decl_line
                                        @ DW_AT_external
	.byte	28                              @ Abbrev [28] 0xd35:0x4a DW_TAG_subprogram
	.long	.Lfunc_begin2                   @ DW_AT_low_pc
	.long	.Lfunc_end2-.Lfunc_begin2       @ DW_AT_high_pc
	.byte	1                               @ DW_AT_frame_base
	.byte	93
	.long	.Linfo_string148                @ DW_AT_name
	.byte	1                               @ DW_AT_decl_file
	.byte	63                              @ DW_AT_decl_line
                                        @ DW_AT_prototyped
                                        @ DW_AT_external
	.byte	26                              @ Abbrev [26] 0xd46:0xe DW_TAG_formal_parameter
	.byte	2                               @ DW_AT_location
	.byte	145
	.byte	12
	.long	.Linfo_string177                @ DW_AT_name
	.byte	1                               @ DW_AT_decl_file
	.byte	63                              @ DW_AT_decl_line
	.long	2830                            @ DW_AT_type
	.byte	26                              @ Abbrev [26] 0xd54:0xe DW_TAG_formal_parameter
	.byte	2                               @ DW_AT_location
	.byte	145
	.byte	8
	.long	.Linfo_string178                @ DW_AT_name
	.byte	1                               @ DW_AT_decl_file
	.byte	63                              @ DW_AT_decl_line
	.long	60                              @ DW_AT_type
	.byte	29                              @ Abbrev [29] 0xd62:0xe DW_TAG_variable
	.byte	2                               @ DW_AT_location
	.byte	145
	.byte	4
	.long	.Linfo_string179                @ DW_AT_name
	.byte	1                               @ DW_AT_decl_file
	.byte	64                              @ DW_AT_decl_line
	.long	60                              @ DW_AT_type
	.byte	29                              @ Abbrev [29] 0xd70:0xe DW_TAG_variable
	.byte	2                               @ DW_AT_location
	.byte	145
	.byte	0
	.long	.Linfo_string180                @ DW_AT_name
	.byte	1                               @ DW_AT_decl_file
	.byte	64                              @ DW_AT_decl_line
	.long	60                              @ DW_AT_type
	.byte	0                               @ End Of Children Mark
	.byte	28                              @ Abbrev [28] 0xd7f:0x66 DW_TAG_subprogram
	.long	.Lfunc_begin3                   @ DW_AT_low_pc
	.long	.Lfunc_end3-.Lfunc_begin3       @ DW_AT_high_pc
	.byte	1                               @ DW_AT_frame_base
	.byte	93
	.long	.Linfo_string149                @ DW_AT_name
	.byte	1                               @ DW_AT_decl_file
	.byte	85                              @ DW_AT_decl_line
                                        @ DW_AT_prototyped
                                        @ DW_AT_external
	.byte	26                              @ Abbrev [26] 0xd90:0xe DW_TAG_formal_parameter
	.byte	2                               @ DW_AT_location
	.byte	145
	.byte	20
	.long	.Linfo_string181                @ DW_AT_name
	.byte	1                               @ DW_AT_decl_file
	.byte	85                              @ DW_AT_decl_line
	.long	7254                            @ DW_AT_type
	.byte	26                              @ Abbrev [26] 0xd9e:0xe DW_TAG_formal_parameter
	.byte	2                               @ DW_AT_location
	.byte	145
	.byte	16
	.long	.Linfo_string182                @ DW_AT_name
	.byte	1                               @ DW_AT_decl_file
	.byte	85                              @ DW_AT_decl_line
	.long	2830                            @ DW_AT_type
	.byte	26                              @ Abbrev [26] 0xdac:0xe DW_TAG_formal_parameter
	.byte	2                               @ DW_AT_location
	.byte	145
	.byte	12
	.long	.Linfo_string183                @ DW_AT_name
	.byte	1                               @ DW_AT_decl_file
	.byte	85                              @ DW_AT_decl_line
	.long	2534                            @ DW_AT_type
	.byte	29                              @ Abbrev [29] 0xdba:0xe DW_TAG_variable
	.byte	2                               @ DW_AT_location
	.byte	145
	.byte	8
	.long	.Linfo_string180                @ DW_AT_name
	.byte	1                               @ DW_AT_decl_file
	.byte	86                              @ DW_AT_decl_line
	.long	2534                            @ DW_AT_type
	.byte	29                              @ Abbrev [29] 0xdc8:0xe DW_TAG_variable
	.byte	2                               @ DW_AT_location
	.byte	145
	.byte	4
	.long	.Linfo_string184                @ DW_AT_name
	.byte	1                               @ DW_AT_decl_file
	.byte	87                              @ DW_AT_decl_line
	.long	97                              @ DW_AT_type
	.byte	29                              @ Abbrev [29] 0xdd6:0xe DW_TAG_variable
	.byte	2                               @ DW_AT_location
	.byte	145
	.byte	0
	.long	.Linfo_string176                @ DW_AT_name
	.byte	1                               @ DW_AT_decl_file
	.byte	88                              @ DW_AT_decl_line
	.long	147                             @ DW_AT_type
	.byte	0                               @ End Of Children Mark
	.byte	28                              @ Abbrev [28] 0xde5:0x54 DW_TAG_subprogram
	.long	.Lfunc_begin4                   @ DW_AT_low_pc
	.long	.Lfunc_end4-.Lfunc_begin4       @ DW_AT_high_pc
	.byte	1                               @ DW_AT_frame_base
	.byte	93
	.long	.Linfo_string150                @ DW_AT_name
	.byte	1                               @ DW_AT_decl_file
	.byte	121                             @ DW_AT_decl_line
                                        @ DW_AT_prototyped
                                        @ DW_AT_external
	.byte	26                              @ Abbrev [26] 0xdf6:0xe DW_TAG_formal_parameter
	.byte	2                               @ DW_AT_location
	.byte	145
	.byte	12
	.long	.Linfo_string185                @ DW_AT_name
	.byte	1                               @ DW_AT_decl_file
	.byte	121                             @ DW_AT_decl_line
	.long	7264                            @ DW_AT_type
	.byte	26                              @ Abbrev [26] 0xe04:0xe DW_TAG_formal_parameter
	.byte	2                               @ DW_AT_location
	.byte	145
	.byte	8
	.long	.Linfo_string186                @ DW_AT_name
	.byte	1                               @ DW_AT_decl_file
	.byte	121                             @ DW_AT_decl_line
	.long	3317                            @ DW_AT_type
	.byte	26                              @ Abbrev [26] 0xe12:0xe DW_TAG_formal_parameter
	.byte	2                               @ DW_AT_location
	.byte	145
	.byte	4
	.long	.Linfo_string187                @ DW_AT_name
	.byte	1                               @ DW_AT_decl_file
	.byte	121                             @ DW_AT_decl_line
	.long	3312                            @ DW_AT_type
	.byte	30                              @ Abbrev [30] 0xe20:0x18 DW_TAG_lexical_block
	.long	.Ltmp68                         @ DW_AT_low_pc
	.long	.Ltmp72-.Ltmp68                 @ DW_AT_high_pc
	.byte	29                              @ Abbrev [29] 0xe29:0xe DW_TAG_variable
	.byte	2                               @ DW_AT_location
	.byte	145
	.byte	0
	.long	.Linfo_string180                @ DW_AT_name
	.byte	1                               @ DW_AT_decl_file
	.byte	122                             @ DW_AT_decl_line
	.long	3317                            @ DW_AT_type
	.byte	0                               @ End Of Children Mark
	.byte	0                               @ End Of Children Mark
	.byte	25                              @ Abbrev [25] 0xe39:0x5c DW_TAG_subprogram
	.long	.Lfunc_begin5                   @ DW_AT_low_pc
	.long	.Lfunc_end5-.Lfunc_begin5       @ DW_AT_high_pc
	.byte	1                               @ DW_AT_frame_base
	.byte	93
	.long	.Linfo_string151                @ DW_AT_name
	.byte	1                               @ DW_AT_decl_file
	.byte	127                             @ DW_AT_decl_line
                                        @ DW_AT_prototyped
	.long	7243                            @ DW_AT_type
                                        @ DW_AT_external
	.byte	26                              @ Abbrev [26] 0xe4e:0xe DW_TAG_formal_parameter
	.byte	2                               @ DW_AT_location
	.byte	145
	.byte	16
	.long	.Linfo_string188                @ DW_AT_name
	.byte	1                               @ DW_AT_decl_file
	.byte	127                             @ DW_AT_decl_line
	.long	2830                            @ DW_AT_type
	.byte	26                              @ Abbrev [26] 0xe5c:0xe DW_TAG_formal_parameter
	.byte	2                               @ DW_AT_location
	.byte	145
	.byte	12
	.long	.Linfo_string189                @ DW_AT_name
	.byte	1                               @ DW_AT_decl_file
	.byte	127                             @ DW_AT_decl_line
	.long	2534                            @ DW_AT_type
	.byte	29                              @ Abbrev [29] 0xe6a:0xe DW_TAG_variable
	.byte	2                               @ DW_AT_location
	.byte	145
	.byte	8
	.long	.Linfo_string180                @ DW_AT_name
	.byte	1                               @ DW_AT_decl_file
	.byte	128                             @ DW_AT_decl_line
	.long	2534                            @ DW_AT_type
	.byte	29                              @ Abbrev [29] 0xe78:0xe DW_TAG_variable
	.byte	2                               @ DW_AT_location
	.byte	145
	.byte	4
	.long	.Linfo_string190                @ DW_AT_name
	.byte	1                               @ DW_AT_decl_file
	.byte	129                             @ DW_AT_decl_line
	.long	97                              @ DW_AT_type
	.byte	29                              @ Abbrev [29] 0xe86:0xe DW_TAG_variable
	.byte	2                               @ DW_AT_location
	.byte	145
	.byte	0
	.long	.Linfo_string191                @ DW_AT_name
	.byte	1                               @ DW_AT_decl_file
	.byte	130                             @ DW_AT_decl_line
	.long	2534                            @ DW_AT_type
	.byte	0                               @ End Of Children Mark
	.byte	25                              @ Abbrev [25] 0xe95:0x5c DW_TAG_subprogram
	.long	.Lfunc_begin6                   @ DW_AT_low_pc
	.long	.Lfunc_end6-.Lfunc_begin6       @ DW_AT_high_pc
	.byte	1                               @ DW_AT_frame_base
	.byte	93
	.long	.Linfo_string153                @ DW_AT_name
	.byte	1                               @ DW_AT_decl_file
	.byte	163                             @ DW_AT_decl_line
                                        @ DW_AT_prototyped
	.long	7243                            @ DW_AT_type
                                        @ DW_AT_external
	.byte	26                              @ Abbrev [26] 0xeaa:0xe DW_TAG_formal_parameter
	.byte	2                               @ DW_AT_location
	.byte	145
	.byte	16
	.long	.Linfo_string188                @ DW_AT_name
	.byte	1                               @ DW_AT_decl_file
	.byte	163                             @ DW_AT_decl_line
	.long	2830                            @ DW_AT_type
	.byte	26                              @ Abbrev [26] 0xeb8:0xe DW_TAG_formal_parameter
	.byte	2                               @ DW_AT_location
	.byte	145
	.byte	12
	.long	.Linfo_string189                @ DW_AT_name
	.byte	1                               @ DW_AT_decl_file
	.byte	163                             @ DW_AT_decl_line
	.long	2534                            @ DW_AT_type
	.byte	29                              @ Abbrev [29] 0xec6:0xe DW_TAG_variable
	.byte	2                               @ DW_AT_location
	.byte	145
	.byte	8
	.long	.Linfo_string180                @ DW_AT_name
	.byte	1                               @ DW_AT_decl_file
	.byte	164                             @ DW_AT_decl_line
	.long	2534                            @ DW_AT_type
	.byte	29                              @ Abbrev [29] 0xed4:0xe DW_TAG_variable
	.byte	2                               @ DW_AT_location
	.byte	145
	.byte	4
	.long	.Linfo_string190                @ DW_AT_name
	.byte	1                               @ DW_AT_decl_file
	.byte	165                             @ DW_AT_decl_line
	.long	97                              @ DW_AT_type
	.byte	29                              @ Abbrev [29] 0xee2:0xe DW_TAG_variable
	.byte	2                               @ DW_AT_location
	.byte	145
	.byte	0
	.long	.Linfo_string191                @ DW_AT_name
	.byte	1                               @ DW_AT_decl_file
	.byte	166                             @ DW_AT_decl_line
	.long	2534                            @ DW_AT_type
	.byte	0                               @ End Of Children Mark
	.byte	25                              @ Abbrev [25] 0xef1:0xdc DW_TAG_subprogram
	.long	.Lfunc_begin7                   @ DW_AT_low_pc
	.long	.Lfunc_end7-.Lfunc_begin7       @ DW_AT_high_pc
	.byte	1                               @ DW_AT_frame_base
	.byte	93
	.long	.Linfo_string154                @ DW_AT_name
	.byte	1                               @ DW_AT_decl_file
	.byte	222                             @ DW_AT_decl_line
                                        @ DW_AT_prototyped
	.long	7243                            @ DW_AT_type
                                        @ DW_AT_external
	.byte	26                              @ Abbrev [26] 0xf06:0xe DW_TAG_formal_parameter
	.byte	2                               @ DW_AT_location
	.byte	145
	.byte	44
	.long	.Linfo_string192                @ DW_AT_name
	.byte	1                               @ DW_AT_decl_file
	.byte	222                             @ DW_AT_decl_line
	.long	2830                            @ DW_AT_type
	.byte	26                              @ Abbrev [26] 0xf14:0xe DW_TAG_formal_parameter
	.byte	2                               @ DW_AT_location
	.byte	145
	.byte	40
	.long	.Linfo_string193                @ DW_AT_name
	.byte	1                               @ DW_AT_decl_file
	.byte	222                             @ DW_AT_decl_line
	.long	2534                            @ DW_AT_type
	.byte	26                              @ Abbrev [26] 0xf22:0xe DW_TAG_formal_parameter
	.byte	2                               @ DW_AT_location
	.byte	145
	.byte	36
	.long	.Linfo_string194                @ DW_AT_name
	.byte	1                               @ DW_AT_decl_file
	.byte	222                             @ DW_AT_decl_line
	.long	2830                            @ DW_AT_type
	.byte	26                              @ Abbrev [26] 0xf30:0xe DW_TAG_formal_parameter
	.byte	2                               @ DW_AT_location
	.byte	145
	.byte	32
	.long	.Linfo_string195                @ DW_AT_name
	.byte	1                               @ DW_AT_decl_file
	.byte	222                             @ DW_AT_decl_line
	.long	2534                            @ DW_AT_type
	.byte	26                              @ Abbrev [26] 0xf3e:0xe DW_TAG_formal_parameter
	.byte	2                               @ DW_AT_location
	.byte	145
	.byte	56
	.long	.Linfo_string196                @ DW_AT_name
	.byte	1                               @ DW_AT_decl_file
	.byte	223                             @ DW_AT_decl_line
	.long	2830                            @ DW_AT_type
	.byte	26                              @ Abbrev [26] 0xf4c:0xe DW_TAG_formal_parameter
	.byte	2                               @ DW_AT_location
	.byte	145
	.byte	60
	.long	.Linfo_string197                @ DW_AT_name
	.byte	1                               @ DW_AT_decl_file
	.byte	223                             @ DW_AT_decl_line
	.long	2534                            @ DW_AT_type
	.byte	26                              @ Abbrev [26] 0xf5a:0xf DW_TAG_formal_parameter
	.byte	3                               @ DW_AT_location
	.byte	145
	.asciz	"\300"
	.long	.Linfo_string188                @ DW_AT_name
	.byte	1                               @ DW_AT_decl_file
	.byte	223                             @ DW_AT_decl_line
	.long	2830                            @ DW_AT_type
	.byte	26                              @ Abbrev [26] 0xf69:0xf DW_TAG_formal_parameter
	.byte	3                               @ DW_AT_location
	.byte	145
	.asciz	"\304"
	.long	.Linfo_string198                @ DW_AT_name
	.byte	1                               @ DW_AT_decl_file
	.byte	224                             @ DW_AT_decl_line
	.long	2802                            @ DW_AT_type
	.byte	29                              @ Abbrev [29] 0xf78:0xe DW_TAG_variable
	.byte	2                               @ DW_AT_location
	.byte	145
	.byte	28
	.long	.Linfo_string180                @ DW_AT_name
	.byte	1                               @ DW_AT_decl_file
	.byte	225                             @ DW_AT_decl_line
	.long	2534                            @ DW_AT_type
	.byte	29                              @ Abbrev [29] 0xf86:0xe DW_TAG_variable
	.byte	2                               @ DW_AT_location
	.byte	145
	.byte	24
	.long	.Linfo_string199                @ DW_AT_name
	.byte	1                               @ DW_AT_decl_file
	.byte	226                             @ DW_AT_decl_line
	.long	2534                            @ DW_AT_type
	.byte	29                              @ Abbrev [29] 0xf94:0xe DW_TAG_variable
	.byte	2                               @ DW_AT_location
	.byte	145
	.byte	20
	.long	.Linfo_string200                @ DW_AT_name
	.byte	1                               @ DW_AT_decl_file
	.byte	226                             @ DW_AT_decl_line
	.long	2534                            @ DW_AT_type
	.byte	29                              @ Abbrev [29] 0xfa2:0xe DW_TAG_variable
	.byte	2                               @ DW_AT_location
	.byte	145
	.byte	16
	.long	.Linfo_string201                @ DW_AT_name
	.byte	1                               @ DW_AT_decl_file
	.byte	226                             @ DW_AT_decl_line
	.long	2534                            @ DW_AT_type
	.byte	29                              @ Abbrev [29] 0xfb0:0xe DW_TAG_variable
	.byte	2                               @ DW_AT_location
	.byte	145
	.byte	12
	.long	.Linfo_string202                @ DW_AT_name
	.byte	1                               @ DW_AT_decl_file
	.byte	227                             @ DW_AT_decl_line
	.long	2534                            @ DW_AT_type
	.byte	29                              @ Abbrev [29] 0xfbe:0xe DW_TAG_variable
	.byte	2                               @ DW_AT_location
	.byte	145
	.byte	8
	.long	.Linfo_string203                @ DW_AT_name
	.byte	1                               @ DW_AT_decl_file
	.byte	228                             @ DW_AT_decl_line
	.long	2830                            @ DW_AT_type
	.byte	0                               @ End Of Children Mark
	.byte	31                              @ Abbrev [31] 0xfcd:0x3c DW_TAG_subprogram
	.long	.Lfunc_begin8                   @ DW_AT_low_pc
	.long	.Lfunc_end8-.Lfunc_begin8       @ DW_AT_high_pc
	.byte	1                               @ DW_AT_frame_base
	.byte	93
	.long	.Linfo_string155                @ DW_AT_name
	.byte	1                               @ DW_AT_decl_file
	.byte	202                             @ DW_AT_decl_line
                                        @ DW_AT_prototyped
	.byte	26                              @ Abbrev [26] 0xfde:0xe DW_TAG_formal_parameter
	.byte	2                               @ DW_AT_location
	.byte	145
	.byte	8
	.long	.Linfo_string204                @ DW_AT_name
	.byte	1                               @ DW_AT_decl_file
	.byte	202                             @ DW_AT_decl_line
	.long	2830                            @ DW_AT_type
	.byte	29                              @ Abbrev [29] 0xfec:0xe DW_TAG_variable
	.byte	2                               @ DW_AT_location
	.byte	145
	.byte	4
	.long	.Linfo_string205                @ DW_AT_name
	.byte	1                               @ DW_AT_decl_file
	.byte	203                             @ DW_AT_decl_line
	.long	97                              @ DW_AT_type
	.byte	29                              @ Abbrev [29] 0xffa:0xe DW_TAG_variable
	.byte	2                               @ DW_AT_location
	.byte	145
	.byte	0
	.long	.Linfo_string180                @ DW_AT_name
	.byte	1                               @ DW_AT_decl_file
	.byte	204                             @ DW_AT_decl_line
	.long	7243                            @ DW_AT_type
	.byte	0                               @ End Of Children Mark
	.byte	32                              @ Abbrev [32] 0x1009:0x31 DW_TAG_subprogram
	.long	.Lfunc_begin9                   @ DW_AT_low_pc
	.long	.Lfunc_end9-.Lfunc_begin9       @ DW_AT_high_pc
	.byte	1                               @ DW_AT_frame_base
	.byte	93
	.long	.Linfo_string156                @ DW_AT_name
	.byte	1                               @ DW_AT_decl_file
	.short	303                             @ DW_AT_decl_line
                                        @ DW_AT_prototyped
                                        @ DW_AT_external
	.byte	33                              @ Abbrev [33] 0x101b:0xf DW_TAG_formal_parameter
	.byte	2                               @ DW_AT_location
	.byte	145
	.byte	4
	.long	.Linfo_string206                @ DW_AT_name
	.byte	1                               @ DW_AT_decl_file
	.short	303                             @ DW_AT_decl_line
	.long	2534                            @ DW_AT_type
	.byte	34                              @ Abbrev [34] 0x102a:0xf DW_TAG_variable
	.byte	2                               @ DW_AT_location
	.byte	145
	.byte	0
	.long	.Linfo_string207                @ DW_AT_name
	.byte	1                               @ DW_AT_decl_file
	.short	304                             @ DW_AT_decl_line
	.long	2534                            @ DW_AT_type
	.byte	0                               @ End Of Children Mark
	.byte	35                              @ Abbrev [35] 0x103a:0x170 DW_TAG_subprogram
	.long	.Lfunc_begin10                  @ DW_AT_low_pc
	.long	.Lfunc_end10-.Lfunc_begin10     @ DW_AT_high_pc
	.byte	1                               @ DW_AT_frame_base
	.byte	93
	.long	.Linfo_string157                @ DW_AT_name
	.byte	1                               @ DW_AT_decl_file
	.short	522                             @ DW_AT_decl_line
                                        @ DW_AT_prototyped
	.long	7243                            @ DW_AT_type
                                        @ DW_AT_external
	.byte	33                              @ Abbrev [33] 0x1050:0x10 DW_TAG_formal_parameter
	.byte	3                               @ DW_AT_location
	.byte	145
	.ascii	"\210\001"
	.long	.Linfo_string208                @ DW_AT_name
	.byte	1                               @ DW_AT_decl_file
	.short	522                             @ DW_AT_decl_line
	.long	2830                            @ DW_AT_type
	.byte	33                              @ Abbrev [33] 0x1060:0x10 DW_TAG_formal_parameter
	.byte	3                               @ DW_AT_location
	.byte	145
	.ascii	"\204\001"
	.long	.Linfo_string209                @ DW_AT_name
	.byte	1                               @ DW_AT_decl_file
	.short	522                             @ DW_AT_decl_line
	.long	2534                            @ DW_AT_type
	.byte	33                              @ Abbrev [33] 0x1070:0x10 DW_TAG_formal_parameter
	.byte	3                               @ DW_AT_location
	.byte	145
	.ascii	"\200\001"
	.long	.Linfo_string192                @ DW_AT_name
	.byte	1                               @ DW_AT_decl_file
	.short	522                             @ DW_AT_decl_line
	.long	2830                            @ DW_AT_type
	.byte	33                              @ Abbrev [33] 0x1080:0x10 DW_TAG_formal_parameter
	.byte	3                               @ DW_AT_location
	.byte	145
	.asciz	"\374"
	.long	.Linfo_string210                @ DW_AT_name
	.byte	1                               @ DW_AT_decl_file
	.short	522                             @ DW_AT_decl_line
	.long	2534                            @ DW_AT_type
	.byte	33                              @ Abbrev [33] 0x1090:0x10 DW_TAG_formal_parameter
	.byte	3                               @ DW_AT_location
	.byte	145
	.ascii	"\240\001"
	.long	.Linfo_string194                @ DW_AT_name
	.byte	1                               @ DW_AT_decl_file
	.short	523                             @ DW_AT_decl_line
	.long	2830                            @ DW_AT_type
	.byte	33                              @ Abbrev [33] 0x10a0:0x10 DW_TAG_formal_parameter
	.byte	3                               @ DW_AT_location
	.byte	145
	.ascii	"\244\001"
	.long	.Linfo_string211                @ DW_AT_name
	.byte	1                               @ DW_AT_decl_file
	.short	523                             @ DW_AT_decl_line
	.long	2534                            @ DW_AT_type
	.byte	33                              @ Abbrev [33] 0x10b0:0x10 DW_TAG_formal_parameter
	.byte	3                               @ DW_AT_location
	.byte	145
	.ascii	"\250\001"
	.long	.Linfo_string196                @ DW_AT_name
	.byte	1                               @ DW_AT_decl_file
	.short	523                             @ DW_AT_decl_line
	.long	2830                            @ DW_AT_type
	.byte	33                              @ Abbrev [33] 0x10c0:0x10 DW_TAG_formal_parameter
	.byte	3                               @ DW_AT_location
	.byte	145
	.ascii	"\254\001"
	.long	.Linfo_string212                @ DW_AT_name
	.byte	1                               @ DW_AT_decl_file
	.short	523                             @ DW_AT_decl_line
	.long	2534                            @ DW_AT_type
	.byte	33                              @ Abbrev [33] 0x10d0:0x10 DW_TAG_formal_parameter
	.byte	3                               @ DW_AT_location
	.byte	145
	.ascii	"\260\001"
	.long	.Linfo_string182                @ DW_AT_name
	.byte	1                               @ DW_AT_decl_file
	.short	524                             @ DW_AT_decl_line
	.long	2830                            @ DW_AT_type
	.byte	33                              @ Abbrev [33] 0x10e0:0x10 DW_TAG_formal_parameter
	.byte	3                               @ DW_AT_location
	.byte	145
	.ascii	"\264\001"
	.long	.Linfo_string183                @ DW_AT_name
	.byte	1                               @ DW_AT_decl_file
	.short	524                             @ DW_AT_decl_line
	.long	2802                            @ DW_AT_type
	.byte	33                              @ Abbrev [33] 0x10f0:0x10 DW_TAG_formal_parameter
	.byte	3                               @ DW_AT_location
	.byte	145
	.ascii	"\270\001"
	.long	.Linfo_string213                @ DW_AT_name
	.byte	1                               @ DW_AT_decl_file
	.short	524                             @ DW_AT_decl_line
	.long	2802                            @ DW_AT_type
	.byte	34                              @ Abbrev [34] 0x1100:0x10 DW_TAG_variable
	.byte	3                               @ DW_AT_location
	.byte	145
	.asciz	"\370"
	.long	.Linfo_string214                @ DW_AT_name
	.byte	1                               @ DW_AT_decl_file
	.short	525                             @ DW_AT_decl_line
	.long	7243                            @ DW_AT_type
	.byte	34                              @ Abbrev [34] 0x1110:0x10 DW_TAG_variable
	.byte	3                               @ DW_AT_location
	.byte	145
	.asciz	"\364"
	.long	.Linfo_string215                @ DW_AT_name
	.byte	1                               @ DW_AT_decl_file
	.short	526                             @ DW_AT_decl_line
	.long	7243                            @ DW_AT_type
	.byte	34                              @ Abbrev [34] 0x1120:0x10 DW_TAG_variable
	.byte	3                               @ DW_AT_location
	.byte	145
	.asciz	"\360"
	.long	.Linfo_string216                @ DW_AT_name
	.byte	1                               @ DW_AT_decl_file
	.short	527                             @ DW_AT_decl_line
	.long	2830                            @ DW_AT_type
	.byte	34                              @ Abbrev [34] 0x1130:0x10 DW_TAG_variable
	.byte	3                               @ DW_AT_location
	.byte	145
	.asciz	"\354"
	.long	.Linfo_string217                @ DW_AT_name
	.byte	1                               @ DW_AT_decl_file
	.short	527                             @ DW_AT_decl_line
	.long	2830                            @ DW_AT_type
	.byte	34                              @ Abbrev [34] 0x1140:0x10 DW_TAG_variable
	.byte	3                               @ DW_AT_location
	.byte	145
	.asciz	"\350"
	.long	.Linfo_string180                @ DW_AT_name
	.byte	1                               @ DW_AT_decl_file
	.short	528                             @ DW_AT_decl_line
	.long	7243                            @ DW_AT_type
	.byte	34                              @ Abbrev [34] 0x1150:0x10 DW_TAG_variable
	.byte	3                               @ DW_AT_location
	.byte	145
	.asciz	"\344"
	.long	.Linfo_string218                @ DW_AT_name
	.byte	1                               @ DW_AT_decl_file
	.short	528                             @ DW_AT_decl_line
	.long	7243                            @ DW_AT_type
	.byte	34                              @ Abbrev [34] 0x1160:0x10 DW_TAG_variable
	.byte	3                               @ DW_AT_location
	.byte	145
	.asciz	"\340"
	.long	.Linfo_string219                @ DW_AT_name
	.byte	1                               @ DW_AT_decl_file
	.short	529                             @ DW_AT_decl_line
	.long	2534                            @ DW_AT_type
	.byte	34                              @ Abbrev [34] 0x1170:0x10 DW_TAG_variable
	.byte	3                               @ DW_AT_location
	.byte	145
	.asciz	"\334"
	.long	.Linfo_string220                @ DW_AT_name
	.byte	1                               @ DW_AT_decl_file
	.short	530                             @ DW_AT_decl_line
	.long	2534                            @ DW_AT_type
	.byte	34                              @ Abbrev [34] 0x1180:0x10 DW_TAG_variable
	.byte	3                               @ DW_AT_location
	.byte	145
	.asciz	"\314"
	.long	.Linfo_string221                @ DW_AT_name
	.byte	1                               @ DW_AT_decl_file
	.short	531                             @ DW_AT_decl_line
	.long	7274                            @ DW_AT_type
	.byte	30                              @ Abbrev [30] 0x1190:0x19 DW_TAG_lexical_block
	.long	.Ltmp194                        @ DW_AT_low_pc
	.long	.Ltmp195-.Ltmp194               @ DW_AT_high_pc
	.byte	34                              @ Abbrev [34] 0x1199:0xf DW_TAG_variable
	.byte	2                               @ DW_AT_location
	.byte	145
	.byte	60
	.long	.Linfo_string222                @ DW_AT_name
	.byte	1                               @ DW_AT_decl_file
	.short	655                             @ DW_AT_decl_line
	.long	7274                            @ DW_AT_type
	.byte	0                               @ End Of Children Mark
	.byte	0                               @ End Of Children Mark
	.byte	36                              @ Abbrev [36] 0x11aa:0x16c DW_TAG_subprogram
	.long	.Lfunc_begin11                  @ DW_AT_low_pc
	.long	.Lfunc_end11-.Lfunc_begin11     @ DW_AT_high_pc
	.byte	1                               @ DW_AT_frame_base
	.byte	93
	.long	.Linfo_string158                @ DW_AT_name
	.byte	1                               @ DW_AT_decl_file
	.short	321                             @ DW_AT_decl_line
                                        @ DW_AT_prototyped
	.byte	33                              @ Abbrev [33] 0x11bc:0x10 DW_TAG_formal_parameter
	.byte	3                               @ DW_AT_location
	.byte	145
	.ascii	"\274\031"
	.long	.Linfo_string208                @ DW_AT_name
	.byte	1                               @ DW_AT_decl_file
	.short	321                             @ DW_AT_decl_line
	.long	2830                            @ DW_AT_type
	.byte	33                              @ Abbrev [33] 0x11cc:0x10 DW_TAG_formal_parameter
	.byte	3                               @ DW_AT_location
	.byte	145
	.ascii	"\270\031"
	.long	.Linfo_string209                @ DW_AT_name
	.byte	1                               @ DW_AT_decl_file
	.short	321                             @ DW_AT_decl_line
	.long	2534                            @ DW_AT_type
	.byte	33                              @ Abbrev [33] 0x11dc:0x10 DW_TAG_formal_parameter
	.byte	3                               @ DW_AT_location
	.byte	145
	.ascii	"\264\031"
	.long	.Linfo_string192                @ DW_AT_name
	.byte	1                               @ DW_AT_decl_file
	.short	321                             @ DW_AT_decl_line
	.long	2830                            @ DW_AT_type
	.byte	33                              @ Abbrev [33] 0x11ec:0x10 DW_TAG_formal_parameter
	.byte	3                               @ DW_AT_location
	.byte	145
	.ascii	"\260\031"
	.long	.Linfo_string210                @ DW_AT_name
	.byte	1                               @ DW_AT_decl_file
	.short	321                             @ DW_AT_decl_line
	.long	2534                            @ DW_AT_type
	.byte	33                              @ Abbrev [33] 0x11fc:0x10 DW_TAG_formal_parameter
	.byte	3                               @ DW_AT_location
	.byte	145
	.ascii	"\320\031"
	.long	.Linfo_string194                @ DW_AT_name
	.byte	1                               @ DW_AT_decl_file
	.short	322                             @ DW_AT_decl_line
	.long	2830                            @ DW_AT_type
	.byte	33                              @ Abbrev [33] 0x120c:0x10 DW_TAG_formal_parameter
	.byte	3                               @ DW_AT_location
	.byte	145
	.ascii	"\324\031"
	.long	.Linfo_string211                @ DW_AT_name
	.byte	1                               @ DW_AT_decl_file
	.short	322                             @ DW_AT_decl_line
	.long	2534                            @ DW_AT_type
	.byte	33                              @ Abbrev [33] 0x121c:0x10 DW_TAG_formal_parameter
	.byte	3                               @ DW_AT_location
	.byte	145
	.ascii	"\330\031"
	.long	.Linfo_string196                @ DW_AT_name
	.byte	1                               @ DW_AT_decl_file
	.short	322                             @ DW_AT_decl_line
	.long	2830                            @ DW_AT_type
	.byte	33                              @ Abbrev [33] 0x122c:0x10 DW_TAG_formal_parameter
	.byte	3                               @ DW_AT_location
	.byte	145
	.ascii	"\334\031"
	.long	.Linfo_string212                @ DW_AT_name
	.byte	1                               @ DW_AT_decl_file
	.short	322                             @ DW_AT_decl_line
	.long	2534                            @ DW_AT_type
	.byte	33                              @ Abbrev [33] 0x123c:0x10 DW_TAG_formal_parameter
	.byte	3                               @ DW_AT_location
	.byte	145
	.ascii	"\340\031"
	.long	.Linfo_string222                @ DW_AT_name
	.byte	1                               @ DW_AT_decl_file
	.short	323                             @ DW_AT_decl_line
	.long	2830                            @ DW_AT_type
	.byte	34                              @ Abbrev [34] 0x124c:0x10 DW_TAG_variable
	.byte	3                               @ DW_AT_location
	.byte	145
	.ascii	"\254\031"
	.long	.Linfo_string180                @ DW_AT_name
	.byte	1                               @ DW_AT_decl_file
	.short	324                             @ DW_AT_decl_line
	.long	7243                            @ DW_AT_type
	.byte	34                              @ Abbrev [34] 0x125c:0x10 DW_TAG_variable
	.byte	3                               @ DW_AT_location
	.byte	145
	.ascii	"\250\031"
	.long	.Linfo_string215                @ DW_AT_name
	.byte	1                               @ DW_AT_decl_file
	.short	324                             @ DW_AT_decl_line
	.long	7243                            @ DW_AT_type
	.byte	34                              @ Abbrev [34] 0x126c:0x10 DW_TAG_variable
	.byte	3                               @ DW_AT_location
	.byte	145
	.ascii	"\244\031"
	.long	.Linfo_string214                @ DW_AT_name
	.byte	1                               @ DW_AT_decl_file
	.short	324                             @ DW_AT_decl_line
	.long	7243                            @ DW_AT_type
	.byte	34                              @ Abbrev [34] 0x127c:0x10 DW_TAG_variable
	.byte	3                               @ DW_AT_location
	.byte	145
	.ascii	"\240\031"
	.long	.Linfo_string216                @ DW_AT_name
	.byte	1                               @ DW_AT_decl_file
	.short	325                             @ DW_AT_decl_line
	.long	2830                            @ DW_AT_type
	.byte	34                              @ Abbrev [34] 0x128c:0x10 DW_TAG_variable
	.byte	3                               @ DW_AT_location
	.byte	145
	.ascii	"\234\031"
	.long	.Linfo_string217                @ DW_AT_name
	.byte	1                               @ DW_AT_decl_file
	.short	325                             @ DW_AT_decl_line
	.long	2830                            @ DW_AT_type
	.byte	34                              @ Abbrev [34] 0x129c:0x10 DW_TAG_variable
	.byte	3                               @ DW_AT_location
	.byte	145
	.ascii	"\234\t"
	.long	.Linfo_string223                @ DW_AT_name
	.byte	1                               @ DW_AT_decl_file
	.short	326                             @ DW_AT_decl_line
	.long	7286                            @ DW_AT_type
	.byte	34                              @ Abbrev [34] 0x12ac:0x10 DW_TAG_variable
	.byte	3                               @ DW_AT_location
	.byte	145
	.asciz	"\334"
	.long	.Linfo_string224                @ DW_AT_name
	.byte	1                               @ DW_AT_decl_file
	.short	328                             @ DW_AT_decl_line
	.long	7299                            @ DW_AT_type
	.byte	34                              @ Abbrev [34] 0x12bc:0x10 DW_TAG_variable
	.byte	3                               @ DW_AT_location
	.byte	145
	.asciz	"\330"
	.long	.Linfo_string225                @ DW_AT_name
	.byte	1                               @ DW_AT_decl_file
	.short	329                             @ DW_AT_decl_line
	.long	2830                            @ DW_AT_type
	.byte	34                              @ Abbrev [34] 0x12cc:0x10 DW_TAG_variable
	.byte	3                               @ DW_AT_location
	.byte	145
	.asciz	"\324"
	.long	.Linfo_string220                @ DW_AT_name
	.byte	1                               @ DW_AT_decl_file
	.short	330                             @ DW_AT_decl_line
	.long	2534                            @ DW_AT_type
	.byte	34                              @ Abbrev [34] 0x12dc:0x10 DW_TAG_variable
	.byte	3                               @ DW_AT_location
	.byte	145
	.asciz	"\320"
	.long	.Linfo_string219                @ DW_AT_name
	.byte	1                               @ DW_AT_decl_file
	.short	331                             @ DW_AT_decl_line
	.long	2534                            @ DW_AT_type
	.byte	30                              @ Abbrev [30] 0x12ec:0x29 DW_TAG_lexical_block
	.long	.Ltmp222                        @ DW_AT_low_pc
	.long	.Ltmp229-.Ltmp222               @ DW_AT_high_pc
	.byte	34                              @ Abbrev [34] 0x12f5:0x10 DW_TAG_variable
	.byte	3                               @ DW_AT_location
	.byte	145
	.asciz	"\300"
	.long	.Linfo_string226                @ DW_AT_name
	.byte	1                               @ DW_AT_decl_file
	.short	479                             @ DW_AT_decl_line
	.long	7274                            @ DW_AT_type
	.byte	34                              @ Abbrev [34] 0x1305:0xf DW_TAG_variable
	.byte	2                               @ DW_AT_location
	.byte	145
	.byte	60
	.long	.Linfo_string227                @ DW_AT_name
	.byte	1                               @ DW_AT_decl_file
	.short	480                             @ DW_AT_decl_line
	.long	2830                            @ DW_AT_type
	.byte	0                               @ End Of Children Mark
	.byte	0                               @ End Of Children Mark
	.byte	35                              @ Abbrev [35] 0x1316:0x166 DW_TAG_subprogram
	.long	.Lfunc_begin12                  @ DW_AT_low_pc
	.long	.Lfunc_end12-.Lfunc_begin12     @ DW_AT_high_pc
	.byte	1                               @ DW_AT_frame_base
	.byte	93
	.long	.Linfo_string159                @ DW_AT_name
	.byte	1                               @ DW_AT_decl_file
	.short	667                             @ DW_AT_decl_line
                                        @ DW_AT_prototyped
	.long	7243                            @ DW_AT_type
                                        @ DW_AT_external
	.byte	33                              @ Abbrev [33] 0x132c:0x10 DW_TAG_formal_parameter
	.byte	3                               @ DW_AT_location
	.byte	145
	.asciz	"\334"
	.long	.Linfo_string208                @ DW_AT_name
	.byte	1                               @ DW_AT_decl_file
	.short	667                             @ DW_AT_decl_line
	.long	2830                            @ DW_AT_type
	.byte	33                              @ Abbrev [33] 0x133c:0x10 DW_TAG_formal_parameter
	.byte	3                               @ DW_AT_location
	.byte	145
	.asciz	"\330"
	.long	.Linfo_string209                @ DW_AT_name
	.byte	1                               @ DW_AT_decl_file
	.short	667                             @ DW_AT_decl_line
	.long	2534                            @ DW_AT_type
	.byte	33                              @ Abbrev [33] 0x134c:0x10 DW_TAG_formal_parameter
	.byte	3                               @ DW_AT_location
	.byte	145
	.asciz	"\324"
	.long	.Linfo_string192                @ DW_AT_name
	.byte	1                               @ DW_AT_decl_file
	.short	667                             @ DW_AT_decl_line
	.long	2830                            @ DW_AT_type
	.byte	33                              @ Abbrev [33] 0x135c:0x10 DW_TAG_formal_parameter
	.byte	3                               @ DW_AT_location
	.byte	145
	.asciz	"\320"
	.long	.Linfo_string210                @ DW_AT_name
	.byte	1                               @ DW_AT_decl_file
	.short	667                             @ DW_AT_decl_line
	.long	2534                            @ DW_AT_type
	.byte	33                              @ Abbrev [33] 0x136c:0x10 DW_TAG_formal_parameter
	.byte	3                               @ DW_AT_location
	.byte	145
	.asciz	"\360"
	.long	.Linfo_string194                @ DW_AT_name
	.byte	1                               @ DW_AT_decl_file
	.short	668                             @ DW_AT_decl_line
	.long	2830                            @ DW_AT_type
	.byte	33                              @ Abbrev [33] 0x137c:0x10 DW_TAG_formal_parameter
	.byte	3                               @ DW_AT_location
	.byte	145
	.asciz	"\364"
	.long	.Linfo_string211                @ DW_AT_name
	.byte	1                               @ DW_AT_decl_file
	.short	668                             @ DW_AT_decl_line
	.long	2534                            @ DW_AT_type
	.byte	33                              @ Abbrev [33] 0x138c:0x10 DW_TAG_formal_parameter
	.byte	3                               @ DW_AT_location
	.byte	145
	.asciz	"\370"
	.long	.Linfo_string196                @ DW_AT_name
	.byte	1                               @ DW_AT_decl_file
	.short	668                             @ DW_AT_decl_line
	.long	2830                            @ DW_AT_type
	.byte	33                              @ Abbrev [33] 0x139c:0x10 DW_TAG_formal_parameter
	.byte	3                               @ DW_AT_location
	.byte	145
	.asciz	"\374"
	.long	.Linfo_string212                @ DW_AT_name
	.byte	1                               @ DW_AT_decl_file
	.short	669                             @ DW_AT_decl_line
	.long	2534                            @ DW_AT_type
	.byte	33                              @ Abbrev [33] 0x13ac:0x10 DW_TAG_formal_parameter
	.byte	3                               @ DW_AT_location
	.byte	145
	.ascii	"\200\001"
	.long	.Linfo_string182                @ DW_AT_name
	.byte	1                               @ DW_AT_decl_file
	.short	670                             @ DW_AT_decl_line
	.long	2830                            @ DW_AT_type
	.byte	33                              @ Abbrev [33] 0x13bc:0x10 DW_TAG_formal_parameter
	.byte	3                               @ DW_AT_location
	.byte	145
	.ascii	"\204\001"
	.long	.Linfo_string183                @ DW_AT_name
	.byte	1                               @ DW_AT_decl_file
	.short	671                             @ DW_AT_decl_line
	.long	2802                            @ DW_AT_type
	.byte	33                              @ Abbrev [33] 0x13cc:0x10 DW_TAG_formal_parameter
	.byte	3                               @ DW_AT_location
	.byte	145
	.ascii	"\210\001"
	.long	.Linfo_string213                @ DW_AT_name
	.byte	1                               @ DW_AT_decl_file
	.short	672                             @ DW_AT_decl_line
	.long	2802                            @ DW_AT_type
	.byte	34                              @ Abbrev [34] 0x13dc:0x10 DW_TAG_variable
	.byte	3                               @ DW_AT_location
	.byte	145
	.asciz	"\314"
	.long	.Linfo_string180                @ DW_AT_name
	.byte	1                               @ DW_AT_decl_file
	.short	674                             @ DW_AT_decl_line
	.long	7243                            @ DW_AT_type
	.byte	34                              @ Abbrev [34] 0x13ec:0x10 DW_TAG_variable
	.byte	3                               @ DW_AT_location
	.byte	145
	.asciz	"\310"
	.long	.Linfo_string215                @ DW_AT_name
	.byte	1                               @ DW_AT_decl_file
	.short	674                             @ DW_AT_decl_line
	.long	7243                            @ DW_AT_type
	.byte	34                              @ Abbrev [34] 0x13fc:0x10 DW_TAG_variable
	.byte	3                               @ DW_AT_location
	.byte	145
	.asciz	"\304"
	.long	.Linfo_string214                @ DW_AT_name
	.byte	1                               @ DW_AT_decl_file
	.short	674                             @ DW_AT_decl_line
	.long	7243                            @ DW_AT_type
	.byte	34                              @ Abbrev [34] 0x140c:0x10 DW_TAG_variable
	.byte	3                               @ DW_AT_location
	.byte	145
	.asciz	"\300"
	.long	.Linfo_string216                @ DW_AT_name
	.byte	1                               @ DW_AT_decl_file
	.short	675                             @ DW_AT_decl_line
	.long	2830                            @ DW_AT_type
	.byte	34                              @ Abbrev [34] 0x141c:0xf DW_TAG_variable
	.byte	2                               @ DW_AT_location
	.byte	145
	.byte	60
	.long	.Linfo_string217                @ DW_AT_name
	.byte	1                               @ DW_AT_decl_file
	.short	675                             @ DW_AT_decl_line
	.long	2830                            @ DW_AT_type
	.byte	34                              @ Abbrev [34] 0x142b:0xf DW_TAG_variable
	.byte	2                               @ DW_AT_location
	.byte	145
	.byte	56
	.long	.Linfo_string220                @ DW_AT_name
	.byte	1                               @ DW_AT_decl_file
	.short	676                             @ DW_AT_decl_line
	.long	2534                            @ DW_AT_type
	.byte	34                              @ Abbrev [34] 0x143a:0xf DW_TAG_variable
	.byte	2                               @ DW_AT_location
	.byte	145
	.byte	52
	.long	.Linfo_string219                @ DW_AT_name
	.byte	1                               @ DW_AT_decl_file
	.short	677                             @ DW_AT_decl_line
	.long	2534                            @ DW_AT_type
	.byte	30                              @ Abbrev [30] 0x1449:0x19 DW_TAG_lexical_block
	.long	.Ltmp247                        @ DW_AT_low_pc
	.long	.Ltmp248-.Ltmp247               @ DW_AT_high_pc
	.byte	34                              @ Abbrev [34] 0x1452:0xf DW_TAG_variable
	.byte	2                               @ DW_AT_location
	.byte	145
	.byte	48
	.long	.Linfo_string228                @ DW_AT_name
	.byte	1                               @ DW_AT_decl_file
	.short	724                             @ DW_AT_decl_line
	.long	2534                            @ DW_AT_type
	.byte	0                               @ End Of Children Mark
	.byte	30                              @ Abbrev [30] 0x1462:0x19 DW_TAG_lexical_block
	.long	.Ltmp248                        @ DW_AT_low_pc
	.long	.Ltmp262-.Ltmp248               @ DW_AT_high_pc
	.byte	34                              @ Abbrev [34] 0x146b:0xf DW_TAG_variable
	.byte	2                               @ DW_AT_location
	.byte	145
	.byte	44
	.long	.Linfo_string229                @ DW_AT_name
	.byte	1                               @ DW_AT_decl_file
	.short	734                             @ DW_AT_decl_line
	.long	2534                            @ DW_AT_type
	.byte	0                               @ End Of Children Mark
	.byte	0                               @ End Of Children Mark
	.byte	32                              @ Abbrev [32] 0x147c:0x31 DW_TAG_subprogram
	.long	.Lfunc_begin13                  @ DW_AT_low_pc
	.long	.Lfunc_end13-.Lfunc_begin13     @ DW_AT_high_pc
	.byte	1                               @ DW_AT_frame_base
	.byte	93
	.long	.Linfo_string160                @ DW_AT_name
	.byte	1                               @ DW_AT_decl_file
	.short	787                             @ DW_AT_decl_line
                                        @ DW_AT_prototyped
                                        @ DW_AT_external
	.byte	33                              @ Abbrev [33] 0x148e:0xf DW_TAG_formal_parameter
	.byte	2                               @ DW_AT_location
	.byte	145
	.byte	4
	.long	.Linfo_string230                @ DW_AT_name
	.byte	1                               @ DW_AT_decl_file
	.short	787                             @ DW_AT_decl_line
	.long	7254                            @ DW_AT_type
	.byte	33                              @ Abbrev [33] 0x149d:0xf DW_TAG_formal_parameter
	.byte	2                               @ DW_AT_location
	.byte	145
	.byte	0
	.long	.Linfo_string231                @ DW_AT_name
	.byte	1                               @ DW_AT_decl_file
	.short	787                             @ DW_AT_decl_line
	.long	3312                            @ DW_AT_type
	.byte	0                               @ End Of Children Mark
	.byte	35                              @ Abbrev [35] 0x14ad:0x26 DW_TAG_subprogram
	.long	.Lfunc_begin14                  @ DW_AT_low_pc
	.long	.Lfunc_end14-.Lfunc_begin14     @ DW_AT_high_pc
	.byte	1                               @ DW_AT_frame_base
	.byte	93
	.long	.Linfo_string161                @ DW_AT_name
	.byte	1                               @ DW_AT_decl_file
	.short	796                             @ DW_AT_decl_line
                                        @ DW_AT_prototyped
	.long	97                              @ DW_AT_type
                                        @ DW_AT_external
	.byte	33                              @ Abbrev [33] 0x14c3:0xf DW_TAG_formal_parameter
	.byte	2                               @ DW_AT_location
	.byte	145
	.byte	0
	.long	.Linfo_string176                @ DW_AT_name
	.byte	1                               @ DW_AT_decl_file
	.short	796                             @ DW_AT_decl_line
	.long	147                             @ DW_AT_type
	.byte	0                               @ End Of Children Mark
	.byte	32                              @ Abbrev [32] 0x14d3:0x81 DW_TAG_subprogram
	.long	.Lfunc_begin15                  @ DW_AT_low_pc
	.long	.Lfunc_end15-.Lfunc_begin15     @ DW_AT_high_pc
	.byte	1                               @ DW_AT_frame_base
	.byte	93
	.long	.Linfo_string162                @ DW_AT_name
	.byte	1                               @ DW_AT_decl_file
	.short	806                             @ DW_AT_decl_line
                                        @ DW_AT_prototyped
                                        @ DW_AT_external
	.byte	33                              @ Abbrev [33] 0x14e5:0xf DW_TAG_formal_parameter
	.byte	2                               @ DW_AT_location
	.byte	145
	.byte	20
	.long	.Linfo_string185                @ DW_AT_name
	.byte	1                               @ DW_AT_decl_file
	.short	806                             @ DW_AT_decl_line
	.long	7254                            @ DW_AT_type
	.byte	33                              @ Abbrev [33] 0x14f4:0xf DW_TAG_formal_parameter
	.byte	2                               @ DW_AT_location
	.byte	145
	.byte	16
	.long	.Linfo_string187                @ DW_AT_name
	.byte	1                               @ DW_AT_decl_file
	.short	806                             @ DW_AT_decl_line
	.long	3312                            @ DW_AT_type
	.byte	34                              @ Abbrev [34] 0x1503:0xf DW_TAG_variable
	.byte	2                               @ DW_AT_location
	.byte	145
	.byte	12
	.long	.Linfo_string186                @ DW_AT_name
	.byte	1                               @ DW_AT_decl_file
	.short	809                             @ DW_AT_decl_line
	.long	3317                            @ DW_AT_type
	.byte	34                              @ Abbrev [34] 0x1512:0xf DW_TAG_variable
	.byte	2                               @ DW_AT_location
	.byte	145
	.byte	8
	.long	.Linfo_string232                @ DW_AT_name
	.byte	1                               @ DW_AT_decl_file
	.short	810                             @ DW_AT_decl_line
	.long	3317                            @ DW_AT_type
	.byte	30                              @ Abbrev [30] 0x1521:0x32 DW_TAG_lexical_block
	.long	.Ltmp280                        @ DW_AT_low_pc
	.long	.Ltmp285-.Ltmp280               @ DW_AT_high_pc
	.byte	34                              @ Abbrev [34] 0x152a:0xf DW_TAG_variable
	.byte	2                               @ DW_AT_location
	.byte	145
	.byte	4
	.long	.Linfo_string180                @ DW_AT_name
	.byte	1                               @ DW_AT_decl_file
	.short	812                             @ DW_AT_decl_line
	.long	3317                            @ DW_AT_type
	.byte	30                              @ Abbrev [30] 0x1539:0x19 DW_TAG_lexical_block
	.long	.Ltmp283                        @ DW_AT_low_pc
	.long	.Ltmp284-.Ltmp283               @ DW_AT_high_pc
	.byte	34                              @ Abbrev [34] 0x1542:0xf DW_TAG_variable
	.byte	2                               @ DW_AT_location
	.byte	145
	.byte	0
	.long	.Linfo_string233                @ DW_AT_name
	.byte	1                               @ DW_AT_decl_file
	.short	813                             @ DW_AT_decl_line
	.long	1520                            @ DW_AT_type
	.byte	0                               @ End Of Children Mark
	.byte	0                               @ End Of Children Mark
	.byte	0                               @ End Of Children Mark
	.byte	35                              @ Abbrev [35] 0x1554:0x62 DW_TAG_subprogram
	.long	.Lfunc_begin16                  @ DW_AT_low_pc
	.long	.Lfunc_end16-.Lfunc_begin16     @ DW_AT_high_pc
	.byte	1                               @ DW_AT_frame_base
	.byte	93
	.long	.Linfo_string163                @ DW_AT_name
	.byte	1                               @ DW_AT_decl_file
	.short	820                             @ DW_AT_decl_line
                                        @ DW_AT_prototyped
	.long	7243                            @ DW_AT_type
                                        @ DW_AT_external
	.byte	33                              @ Abbrev [33] 0x156a:0xf DW_TAG_formal_parameter
	.byte	2                               @ DW_AT_location
	.byte	145
	.byte	16
	.long	.Linfo_string234                @ DW_AT_name
	.byte	1                               @ DW_AT_decl_file
	.short	820                             @ DW_AT_decl_line
	.long	2802                            @ DW_AT_type
	.byte	33                              @ Abbrev [33] 0x1579:0xf DW_TAG_formal_parameter
	.byte	2                               @ DW_AT_location
	.byte	145
	.byte	12
	.long	.Linfo_string183                @ DW_AT_name
	.byte	1                               @ DW_AT_decl_file
	.short	820                             @ DW_AT_decl_line
	.long	7243                            @ DW_AT_type
	.byte	33                              @ Abbrev [33] 0x1588:0xf DW_TAG_formal_parameter
	.byte	2                               @ DW_AT_location
	.byte	145
	.byte	8
	.long	.Linfo_string235                @ DW_AT_name
	.byte	1                               @ DW_AT_decl_file
	.short	820                             @ DW_AT_decl_line
	.long	2802                            @ DW_AT_type
	.byte	34                              @ Abbrev [34] 0x1597:0xf DW_TAG_variable
	.byte	2                               @ DW_AT_location
	.byte	145
	.byte	4
	.long	.Linfo_string180                @ DW_AT_name
	.byte	1                               @ DW_AT_decl_file
	.short	821                             @ DW_AT_decl_line
	.long	7243                            @ DW_AT_type
	.byte	34                              @ Abbrev [34] 0x15a6:0xf DW_TAG_variable
	.byte	2                               @ DW_AT_location
	.byte	145
	.byte	0
	.long	.Linfo_string207                @ DW_AT_name
	.byte	1                               @ DW_AT_decl_file
	.short	822                             @ DW_AT_decl_line
	.long	2534                            @ DW_AT_type
	.byte	0                               @ End Of Children Mark
	.byte	32                              @ Abbrev [32] 0x15b6:0x59 DW_TAG_subprogram
	.long	.Lfunc_begin17                  @ DW_AT_low_pc
	.long	.Lfunc_end17-.Lfunc_begin17     @ DW_AT_high_pc
	.byte	1                               @ DW_AT_frame_base
	.byte	93
	.long	.Linfo_string164                @ DW_AT_name
	.byte	1                               @ DW_AT_decl_file
	.short	872                             @ DW_AT_decl_line
                                        @ DW_AT_prototyped
                                        @ DW_AT_external
	.byte	33                              @ Abbrev [33] 0x15c8:0xf DW_TAG_formal_parameter
	.byte	2                               @ DW_AT_location
	.byte	145
	.byte	20
	.long	.Linfo_string230                @ DW_AT_name
	.byte	1                               @ DW_AT_decl_file
	.short	872                             @ DW_AT_decl_line
	.long	3312                            @ DW_AT_type
	.byte	33                              @ Abbrev [33] 0x15d7:0xf DW_TAG_formal_parameter
	.byte	2                               @ DW_AT_location
	.byte	145
	.byte	16
	.long	.Linfo_string236                @ DW_AT_name
	.byte	1                               @ DW_AT_decl_file
	.short	872                             @ DW_AT_decl_line
	.long	2802                            @ DW_AT_type
	.byte	34                              @ Abbrev [34] 0x15e6:0xf DW_TAG_variable
	.byte	2                               @ DW_AT_location
	.byte	145
	.byte	12
	.long	.Linfo_string205                @ DW_AT_name
	.byte	1                               @ DW_AT_decl_file
	.short	873                             @ DW_AT_decl_line
	.long	2830                            @ DW_AT_type
	.byte	30                              @ Abbrev [30] 0x15f5:0x19 DW_TAG_lexical_block
	.long	.Ltmp308                        @ DW_AT_low_pc
	.long	.Ltmp313-.Ltmp308               @ DW_AT_high_pc
	.byte	34                              @ Abbrev [34] 0x15fe:0xf DW_TAG_variable
	.byte	2                               @ DW_AT_location
	.byte	145
	.byte	8
	.long	.Linfo_string180                @ DW_AT_name
	.byte	1                               @ DW_AT_decl_file
	.short	874                             @ DW_AT_decl_line
	.long	60                              @ DW_AT_type
	.byte	0                               @ End Of Children Mark
	.byte	0                               @ End Of Children Mark
	.byte	35                              @ Abbrev [35] 0x160f:0x9f DW_TAG_subprogram
	.long	.Lfunc_begin18                  @ DW_AT_low_pc
	.long	.Lfunc_end18-.Lfunc_begin18     @ DW_AT_high_pc
	.byte	1                               @ DW_AT_frame_base
	.byte	93
	.long	.Linfo_string165                @ DW_AT_name
	.byte	1                               @ DW_AT_decl_file
	.short	882                             @ DW_AT_decl_line
                                        @ DW_AT_prototyped
	.long	60                              @ DW_AT_type
                                        @ DW_AT_external
	.byte	33                              @ Abbrev [33] 0x1625:0x10 DW_TAG_formal_parameter
	.byte	3                               @ DW_AT_location
	.byte	145
	.asciz	"\300"
	.long	.Linfo_string237                @ DW_AT_name
	.byte	1                               @ DW_AT_decl_file
	.short	882                             @ DW_AT_decl_line
	.long	3312                            @ DW_AT_type
	.byte	33                              @ Abbrev [33] 0x1635:0xf DW_TAG_formal_parameter
	.byte	2                               @ DW_AT_location
	.byte	145
	.byte	60
	.long	.Linfo_string238                @ DW_AT_name
	.byte	1                               @ DW_AT_decl_file
	.short	882                             @ DW_AT_decl_line
	.long	3312                            @ DW_AT_type
	.byte	33                              @ Abbrev [33] 0x1644:0xf DW_TAG_formal_parameter
	.byte	2                               @ DW_AT_location
	.byte	145
	.byte	56
	.long	.Linfo_string239                @ DW_AT_name
	.byte	1                               @ DW_AT_decl_file
	.short	882                             @ DW_AT_decl_line
	.long	3312                            @ DW_AT_type
	.byte	34                              @ Abbrev [34] 0x1653:0xf DW_TAG_variable
	.byte	2                               @ DW_AT_location
	.byte	145
	.byte	52
	.long	.Linfo_string180                @ DW_AT_name
	.byte	1                               @ DW_AT_decl_file
	.short	883                             @ DW_AT_decl_line
	.long	7243                            @ DW_AT_type
	.byte	34                              @ Abbrev [34] 0x1662:0xf DW_TAG_variable
	.byte	2                               @ DW_AT_location
	.byte	145
	.byte	48
	.long	.Linfo_string218                @ DW_AT_name
	.byte	1                               @ DW_AT_decl_file
	.short	883                             @ DW_AT_decl_line
	.long	7243                            @ DW_AT_type
	.byte	34                              @ Abbrev [34] 0x1671:0xf DW_TAG_variable
	.byte	2                               @ DW_AT_location
	.byte	145
	.byte	44
	.long	.Linfo_string240                @ DW_AT_name
	.byte	1                               @ DW_AT_decl_file
	.short	883                             @ DW_AT_decl_line
	.long	7243                            @ DW_AT_type
	.byte	34                              @ Abbrev [34] 0x1680:0xf DW_TAG_variable
	.byte	2                               @ DW_AT_location
	.byte	145
	.byte	40
	.long	.Linfo_string241                @ DW_AT_name
	.byte	1                               @ DW_AT_decl_file
	.short	883                             @ DW_AT_decl_line
	.long	7243                            @ DW_AT_type
	.byte	34                              @ Abbrev [34] 0x168f:0xf DW_TAG_variable
	.byte	2                               @ DW_AT_location
	.byte	145
	.byte	8
	.long	.Linfo_string242                @ DW_AT_name
	.byte	1                               @ DW_AT_decl_file
	.short	884                             @ DW_AT_decl_line
	.long	7312                            @ DW_AT_type
	.byte	34                              @ Abbrev [34] 0x169e:0xf DW_TAG_variable
	.byte	2                               @ DW_AT_location
	.byte	145
	.byte	4
	.long	.Linfo_string243                @ DW_AT_name
	.byte	1                               @ DW_AT_decl_file
	.short	885                             @ DW_AT_decl_line
	.long	2830                            @ DW_AT_type
	.byte	0                               @ End Of Children Mark
	.byte	35                              @ Abbrev [35] 0x16ae:0xb6 DW_TAG_subprogram
	.long	.Lfunc_begin19                  @ DW_AT_low_pc
	.long	.Lfunc_end19-.Lfunc_begin19     @ DW_AT_high_pc
	.byte	1                               @ DW_AT_frame_base
	.byte	93
	.long	.Linfo_string166                @ DW_AT_name
	.byte	1                               @ DW_AT_decl_file
	.short	929                             @ DW_AT_decl_line
                                        @ DW_AT_prototyped
	.long	60                              @ DW_AT_type
                                        @ DW_AT_external
	.byte	33                              @ Abbrev [33] 0x16c4:0x10 DW_TAG_formal_parameter
	.byte	3                               @ DW_AT_location
	.byte	145
	.ascii	"\230\001"
	.long	.Linfo_string244                @ DW_AT_name
	.byte	1                               @ DW_AT_decl_file
	.short	929                             @ DW_AT_decl_line
	.long	7254                            @ DW_AT_type
	.byte	33                              @ Abbrev [33] 0x16d4:0x10 DW_TAG_formal_parameter
	.byte	3                               @ DW_AT_location
	.byte	145
	.ascii	"\224\001"
	.long	.Linfo_string237                @ DW_AT_name
	.byte	1                               @ DW_AT_decl_file
	.short	929                             @ DW_AT_decl_line
	.long	3312                            @ DW_AT_type
	.byte	33                              @ Abbrev [33] 0x16e4:0x10 DW_TAG_formal_parameter
	.byte	3                               @ DW_AT_location
	.byte	145
	.ascii	"\220\001"
	.long	.Linfo_string245                @ DW_AT_name
	.byte	1                               @ DW_AT_decl_file
	.short	929                             @ DW_AT_decl_line
	.long	3312                            @ DW_AT_type
	.byte	33                              @ Abbrev [33] 0x16f4:0x10 DW_TAG_formal_parameter
	.byte	3                               @ DW_AT_location
	.byte	145
	.ascii	"\214\001"
	.long	.Linfo_string246                @ DW_AT_name
	.byte	1                               @ DW_AT_decl_file
	.short	929                             @ DW_AT_decl_line
	.long	3312                            @ DW_AT_type
	.byte	34                              @ Abbrev [34] 0x1704:0x10 DW_TAG_variable
	.byte	3                               @ DW_AT_location
	.byte	145
	.ascii	"\210\001"
	.long	.Linfo_string180                @ DW_AT_name
	.byte	1                               @ DW_AT_decl_file
	.short	930                             @ DW_AT_decl_line
	.long	7243                            @ DW_AT_type
	.byte	34                              @ Abbrev [34] 0x1714:0x10 DW_TAG_variable
	.byte	3                               @ DW_AT_location
	.byte	145
	.ascii	"\204\001"
	.long	.Linfo_string218                @ DW_AT_name
	.byte	1                               @ DW_AT_decl_file
	.short	930                             @ DW_AT_decl_line
	.long	7243                            @ DW_AT_type
	.byte	34                              @ Abbrev [34] 0x1724:0x10 DW_TAG_variable
	.byte	3                               @ DW_AT_location
	.byte	145
	.ascii	"\200\001"
	.long	.Linfo_string240                @ DW_AT_name
	.byte	1                               @ DW_AT_decl_file
	.short	930                             @ DW_AT_decl_line
	.long	7243                            @ DW_AT_type
	.byte	34                              @ Abbrev [34] 0x1734:0x10 DW_TAG_variable
	.byte	3                               @ DW_AT_location
	.byte	145
	.asciz	"\340"
	.long	.Linfo_string242                @ DW_AT_name
	.byte	1                               @ DW_AT_decl_file
	.short	931                             @ DW_AT_decl_line
	.long	7312                            @ DW_AT_type
	.byte	34                              @ Abbrev [34] 0x1744:0x10 DW_TAG_variable
	.byte	3                               @ DW_AT_location
	.byte	145
	.asciz	"\334"
	.long	.Linfo_string243                @ DW_AT_name
	.byte	1                               @ DW_AT_decl_file
	.short	932                             @ DW_AT_decl_line
	.long	2830                            @ DW_AT_type
	.byte	34                              @ Abbrev [34] 0x1754:0xf DW_TAG_variable
	.byte	2                               @ DW_AT_location
	.byte	145
	.byte	20
	.long	.Linfo_string247                @ DW_AT_name
	.byte	1                               @ DW_AT_decl_file
	.short	933                             @ DW_AT_decl_line
	.long	7324                            @ DW_AT_type
	.byte	0                               @ End Of Children Mark
	.byte	35                              @ Abbrev [35] 0x1764:0x80 DW_TAG_subprogram
	.long	.Lfunc_begin20                  @ DW_AT_low_pc
	.long	.Lfunc_end20-.Lfunc_begin20     @ DW_AT_high_pc
	.byte	1                               @ DW_AT_frame_base
	.byte	93
	.long	.Linfo_string167                @ DW_AT_name
	.byte	1                               @ DW_AT_decl_file
	.short	968                             @ DW_AT_decl_line
                                        @ DW_AT_prototyped
	.long	60                              @ DW_AT_type
                                        @ DW_AT_external
	.byte	33                              @ Abbrev [33] 0x177a:0xf DW_TAG_formal_parameter
	.byte	2                               @ DW_AT_location
	.byte	145
	.byte	32
	.long	.Linfo_string238                @ DW_AT_name
	.byte	1                               @ DW_AT_decl_file
	.short	968                             @ DW_AT_decl_line
	.long	3312                            @ DW_AT_type
	.byte	33                              @ Abbrev [33] 0x1789:0xf DW_TAG_formal_parameter
	.byte	2                               @ DW_AT_location
	.byte	145
	.byte	28
	.long	.Linfo_string239                @ DW_AT_name
	.byte	1                               @ DW_AT_decl_file
	.short	968                             @ DW_AT_decl_line
	.long	3312                            @ DW_AT_type
	.byte	33                              @ Abbrev [33] 0x1798:0xf DW_TAG_formal_parameter
	.byte	2                               @ DW_AT_location
	.byte	145
	.byte	24
	.long	.Linfo_string245                @ DW_AT_name
	.byte	1                               @ DW_AT_decl_file
	.short	968                             @ DW_AT_decl_line
	.long	3312                            @ DW_AT_type
	.byte	33                              @ Abbrev [33] 0x17a7:0xf DW_TAG_formal_parameter
	.byte	2                               @ DW_AT_location
	.byte	145
	.byte	20
	.long	.Linfo_string246                @ DW_AT_name
	.byte	1                               @ DW_AT_decl_file
	.short	968                             @ DW_AT_decl_line
	.long	3312                            @ DW_AT_type
	.byte	33                              @ Abbrev [33] 0x17b6:0xf DW_TAG_formal_parameter
	.byte	2                               @ DW_AT_location
	.byte	145
	.byte	48
	.long	.Linfo_string244                @ DW_AT_name
	.byte	1                               @ DW_AT_decl_file
	.short	968                             @ DW_AT_decl_line
	.long	7254                            @ DW_AT_type
	.byte	34                              @ Abbrev [34] 0x17c5:0xf DW_TAG_variable
	.byte	2                               @ DW_AT_location
	.byte	145
	.byte	16
	.long	.Linfo_string241                @ DW_AT_name
	.byte	1                               @ DW_AT_decl_file
	.short	969                             @ DW_AT_decl_line
	.long	7243                            @ DW_AT_type
	.byte	34                              @ Abbrev [34] 0x17d4:0xf DW_TAG_variable
	.byte	2                               @ DW_AT_location
	.byte	145
	.byte	12
	.long	.Linfo_string248                @ DW_AT_name
	.byte	1                               @ DW_AT_decl_file
	.short	970                             @ DW_AT_decl_line
	.long	2534                            @ DW_AT_type
	.byte	0                               @ End Of Children Mark
	.byte	35                              @ Abbrev [35] 0x17e4:0x53 DW_TAG_subprogram
	.long	.Lfunc_begin21                  @ DW_AT_low_pc
	.long	.Lfunc_end21-.Lfunc_begin21     @ DW_AT_high_pc
	.byte	1                               @ DW_AT_frame_base
	.byte	93
	.long	.Linfo_string168                @ DW_AT_name
	.byte	1                               @ DW_AT_decl_file
	.short	987                             @ DW_AT_decl_line
                                        @ DW_AT_prototyped
	.long	60                              @ DW_AT_type
                                        @ DW_AT_external
	.byte	33                              @ Abbrev [33] 0x17fa:0xf DW_TAG_formal_parameter
	.byte	2                               @ DW_AT_location
	.byte	145
	.byte	24
	.long	.Linfo_string237                @ DW_AT_name
	.byte	1                               @ DW_AT_decl_file
	.short	987                             @ DW_AT_decl_line
	.long	3312                            @ DW_AT_type
	.byte	33                              @ Abbrev [33] 0x1809:0xf DW_TAG_formal_parameter
	.byte	2                               @ DW_AT_location
	.byte	145
	.byte	20
	.long	.Linfo_string238                @ DW_AT_name
	.byte	1                               @ DW_AT_decl_file
	.short	987                             @ DW_AT_decl_line
	.long	3312                            @ DW_AT_type
	.byte	33                              @ Abbrev [33] 0x1818:0xf DW_TAG_formal_parameter
	.byte	2                               @ DW_AT_location
	.byte	145
	.byte	16
	.long	.Linfo_string239                @ DW_AT_name
	.byte	1                               @ DW_AT_decl_file
	.short	987                             @ DW_AT_decl_line
	.long	3312                            @ DW_AT_type
	.byte	33                              @ Abbrev [33] 0x1827:0xf DW_TAG_formal_parameter
	.byte	2                               @ DW_AT_location
	.byte	145
	.byte	12
	.long	.Linfo_string247                @ DW_AT_name
	.byte	1                               @ DW_AT_decl_file
	.short	987                             @ DW_AT_decl_line
	.long	3312                            @ DW_AT_type
	.byte	0                               @ End Of Children Mark
	.byte	35                              @ Abbrev [35] 0x1837:0x137 DW_TAG_subprogram
	.long	.Lfunc_begin22                  @ DW_AT_low_pc
	.long	.Lfunc_end22-.Lfunc_begin22     @ DW_AT_high_pc
	.byte	1                               @ DW_AT_frame_base
	.byte	93
	.long	.Linfo_string169                @ DW_AT_name
	.byte	1                               @ DW_AT_decl_file
	.short	995                             @ DW_AT_decl_line
                                        @ DW_AT_prototyped
	.long	60                              @ DW_AT_type
                                        @ DW_AT_external
	.byte	33                              @ Abbrev [33] 0x184d:0x10 DW_TAG_formal_parameter
	.byte	3                               @ DW_AT_location
	.byte	145
	.ascii	"\244\005"
	.long	.Linfo_string208                @ DW_AT_name
	.byte	1                               @ DW_AT_decl_file
	.short	995                             @ DW_AT_decl_line
	.long	3312                            @ DW_AT_type
	.byte	33                              @ Abbrev [33] 0x185d:0x10 DW_TAG_formal_parameter
	.byte	3                               @ DW_AT_location
	.byte	145
	.ascii	"\240\005"
	.long	.Linfo_string192                @ DW_AT_name
	.byte	1                               @ DW_AT_decl_file
	.short	995                             @ DW_AT_decl_line
	.long	3312                            @ DW_AT_type
	.byte	33                              @ Abbrev [33] 0x186d:0x10 DW_TAG_formal_parameter
	.byte	3                               @ DW_AT_location
	.byte	145
	.ascii	"\234\005"
	.long	.Linfo_string194                @ DW_AT_name
	.byte	1                               @ DW_AT_decl_file
	.short	995                             @ DW_AT_decl_line
	.long	3312                            @ DW_AT_type
	.byte	33                              @ Abbrev [33] 0x187d:0x10 DW_TAG_formal_parameter
	.byte	3                               @ DW_AT_location
	.byte	145
	.ascii	"\230\005"
	.long	.Linfo_string196                @ DW_AT_name
	.byte	1                               @ DW_AT_decl_file
	.short	995                             @ DW_AT_decl_line
	.long	3312                            @ DW_AT_type
	.byte	33                              @ Abbrev [33] 0x188d:0x10 DW_TAG_formal_parameter
	.byte	3                               @ DW_AT_location
	.byte	145
	.ascii	"\300\005"
	.long	.Linfo_string249                @ DW_AT_name
	.byte	1                               @ DW_AT_decl_file
	.short	995                             @ DW_AT_decl_line
	.long	2830                            @ DW_AT_type
	.byte	33                              @ Abbrev [33] 0x189d:0x10 DW_TAG_formal_parameter
	.byte	3                               @ DW_AT_location
	.byte	145
	.ascii	"\304\005"
	.long	.Linfo_string213                @ DW_AT_name
	.byte	1                               @ DW_AT_decl_file
	.short	996                             @ DW_AT_decl_line
	.long	2802                            @ DW_AT_type
	.byte	33                              @ Abbrev [33] 0x18ad:0x10 DW_TAG_formal_parameter
	.byte	3                               @ DW_AT_location
	.byte	145
	.ascii	"\310\005"
	.long	.Linfo_string212                @ DW_AT_name
	.byte	1                               @ DW_AT_decl_file
	.short	996                             @ DW_AT_decl_line
	.long	2802                            @ DW_AT_type
	.byte	37                              @ Abbrev [37] 0x18bd:0x11 DW_TAG_variable
	.byte	3                               @ DW_AT_location
	.byte	145
	.ascii	"\370\004"
	.long	.Linfo_string250                @ DW_AT_name
	.byte	4                               @ DW_AT_alignment
	.byte	1                               @ DW_AT_decl_file
	.short	998                             @ DW_AT_decl_line
	.long	7336                            @ DW_AT_type
	.byte	37                              @ Abbrev [37] 0x18ce:0x11 DW_TAG_variable
	.byte	3                               @ DW_AT_location
	.byte	145
	.ascii	"\330\004"
	.long	.Linfo_string251                @ DW_AT_name
	.byte	4                               @ DW_AT_alignment
	.byte	1                               @ DW_AT_decl_file
	.short	1000                            @ DW_AT_decl_line
	.long	7336                            @ DW_AT_type
	.byte	37                              @ Abbrev [37] 0x18df:0x11 DW_TAG_variable
	.byte	3                               @ DW_AT_location
	.byte	145
	.ascii	"\314\002"
	.long	.Linfo_string252                @ DW_AT_name
	.byte	4                               @ DW_AT_alignment
	.byte	1                               @ DW_AT_decl_file
	.short	1002                            @ DW_AT_decl_line
	.long	7348                            @ DW_AT_type
	.byte	37                              @ Abbrev [37] 0x18f0:0x11 DW_TAG_variable
	.byte	3                               @ DW_AT_location
	.byte	145
	.asciz	"\314"
	.long	.Linfo_string253                @ DW_AT_name
	.byte	4                               @ DW_AT_alignment
	.byte	1                               @ DW_AT_decl_file
	.short	1004                            @ DW_AT_decl_line
	.long	7361                            @ DW_AT_type
	.byte	34                              @ Abbrev [34] 0x1901:0x10 DW_TAG_variable
	.byte	3                               @ DW_AT_location
	.byte	145
	.asciz	"\310"
	.long	.Linfo_string254                @ DW_AT_name
	.byte	1                               @ DW_AT_decl_file
	.short	1006                            @ DW_AT_decl_line
	.long	3312                            @ DW_AT_type
	.byte	34                              @ Abbrev [34] 0x1911:0x10 DW_TAG_variable
	.byte	3                               @ DW_AT_location
	.byte	145
	.asciz	"\304"
	.long	.Linfo_string255                @ DW_AT_name
	.byte	1                               @ DW_AT_decl_file
	.short	1007                            @ DW_AT_decl_line
	.long	3312                            @ DW_AT_type
	.byte	34                              @ Abbrev [34] 0x1921:0x10 DW_TAG_variable
	.byte	3                               @ DW_AT_location
	.byte	145
	.asciz	"\300"
	.long	.Linfo_string256                @ DW_AT_name
	.byte	1                               @ DW_AT_decl_file
	.short	1016                            @ DW_AT_decl_line
	.long	2534                            @ DW_AT_type
	.byte	34                              @ Abbrev [34] 0x1931:0xf DW_TAG_variable
	.byte	2                               @ DW_AT_location
	.byte	145
	.byte	60
	.long	.Linfo_string193                @ DW_AT_name
	.byte	1                               @ DW_AT_decl_file
	.short	1017                            @ DW_AT_decl_line
	.long	2534                            @ DW_AT_type
	.byte	34                              @ Abbrev [34] 0x1940:0xf DW_TAG_variable
	.byte	2                               @ DW_AT_location
	.byte	145
	.byte	56
	.long	.Linfo_string195                @ DW_AT_name
	.byte	1                               @ DW_AT_decl_file
	.short	1018                            @ DW_AT_decl_line
	.long	2534                            @ DW_AT_type
	.byte	34                              @ Abbrev [34] 0x194f:0xf DW_TAG_variable
	.byte	2                               @ DW_AT_location
	.byte	145
	.byte	52
	.long	.Linfo_string197                @ DW_AT_name
	.byte	1                               @ DW_AT_decl_file
	.short	1019                            @ DW_AT_decl_line
	.long	2534                            @ DW_AT_type
	.byte	34                              @ Abbrev [34] 0x195e:0xf DW_TAG_variable
	.byte	2                               @ DW_AT_location
	.byte	145
	.byte	48
	.long	.Linfo_string183                @ DW_AT_name
	.byte	1                               @ DW_AT_decl_file
	.short	1020                            @ DW_AT_decl_line
	.long	2534                            @ DW_AT_type
	.byte	0                               @ End Of Children Mark
	.byte	35                              @ Abbrev [35] 0x196e:0x126 DW_TAG_subprogram
	.long	.Lfunc_begin23                  @ DW_AT_low_pc
	.long	.Lfunc_end23-.Lfunc_begin23     @ DW_AT_high_pc
	.byte	1                               @ DW_AT_frame_base
	.byte	93
	.long	.Linfo_string170                @ DW_AT_name
	.byte	1                               @ DW_AT_decl_file
	.short	1051                            @ DW_AT_decl_line
                                        @ DW_AT_prototyped
	.long	60                              @ DW_AT_type
                                        @ DW_AT_external
	.byte	33                              @ Abbrev [33] 0x1984:0x10 DW_TAG_formal_parameter
	.byte	3                               @ DW_AT_location
	.byte	145
	.ascii	"\234\003"
	.long	.Linfo_string208                @ DW_AT_name
	.byte	1                               @ DW_AT_decl_file
	.short	1051                            @ DW_AT_decl_line
	.long	3312                            @ DW_AT_type
	.byte	33                              @ Abbrev [33] 0x1994:0x10 DW_TAG_formal_parameter
	.byte	3                               @ DW_AT_location
	.byte	145
	.ascii	"\230\003"
	.long	.Linfo_string192                @ DW_AT_name
	.byte	1                               @ DW_AT_decl_file
	.short	1051                            @ DW_AT_decl_line
	.long	3312                            @ DW_AT_type
	.byte	33                              @ Abbrev [33] 0x19a4:0x10 DW_TAG_formal_parameter
	.byte	3                               @ DW_AT_location
	.byte	145
	.ascii	"\224\003"
	.long	.Linfo_string194                @ DW_AT_name
	.byte	1                               @ DW_AT_decl_file
	.short	1051                            @ DW_AT_decl_line
	.long	3312                            @ DW_AT_type
	.byte	33                              @ Abbrev [33] 0x19b4:0x10 DW_TAG_formal_parameter
	.byte	3                               @ DW_AT_location
	.byte	145
	.ascii	"\220\003"
	.long	.Linfo_string249                @ DW_AT_name
	.byte	1                               @ DW_AT_decl_file
	.short	1052                            @ DW_AT_decl_line
	.long	2830                            @ DW_AT_type
	.byte	33                              @ Abbrev [33] 0x19c4:0x10 DW_TAG_formal_parameter
	.byte	3                               @ DW_AT_location
	.byte	145
	.ascii	"\270\003"
	.long	.Linfo_string196                @ DW_AT_name
	.byte	1                               @ DW_AT_decl_file
	.short	1053                            @ DW_AT_decl_line
	.long	3312                            @ DW_AT_type
	.byte	33                              @ Abbrev [33] 0x19d4:0x10 DW_TAG_formal_parameter
	.byte	3                               @ DW_AT_location
	.byte	145
	.ascii	"\274\003"
	.long	.Linfo_string257                @ DW_AT_name
	.byte	1                               @ DW_AT_decl_file
	.short	1054                            @ DW_AT_decl_line
	.long	2534                            @ DW_AT_type
	.byte	37                              @ Abbrev [37] 0x19e4:0x11 DW_TAG_variable
	.byte	3                               @ DW_AT_location
	.byte	145
	.ascii	"\360\002"
	.long	.Linfo_string250                @ DW_AT_name
	.byte	4                               @ DW_AT_alignment
	.byte	1                               @ DW_AT_decl_file
	.short	1056                            @ DW_AT_decl_line
	.long	7336                            @ DW_AT_type
	.byte	37                              @ Abbrev [37] 0x19f5:0x11 DW_TAG_variable
	.byte	3                               @ DW_AT_location
	.byte	145
	.ascii	"\320\002"
	.long	.Linfo_string251                @ DW_AT_name
	.byte	4                               @ DW_AT_alignment
	.byte	1                               @ DW_AT_decl_file
	.short	1057                            @ DW_AT_decl_line
	.long	7336                            @ DW_AT_type
	.byte	37                              @ Abbrev [37] 0x1a06:0x11 DW_TAG_variable
	.byte	3                               @ DW_AT_location
	.byte	145
	.asciz	"\320"
	.long	.Linfo_string252                @ DW_AT_name
	.byte	4                               @ DW_AT_alignment
	.byte	1                               @ DW_AT_decl_file
	.short	1058                            @ DW_AT_decl_line
	.long	7361                            @ DW_AT_type
	.byte	34                              @ Abbrev [34] 0x1a17:0x10 DW_TAG_variable
	.byte	3                               @ DW_AT_location
	.byte	145
	.asciz	"\314"
	.long	.Linfo_string256                @ DW_AT_name
	.byte	1                               @ DW_AT_decl_file
	.short	1061                            @ DW_AT_decl_line
	.long	2534                            @ DW_AT_type
	.byte	34                              @ Abbrev [34] 0x1a27:0x10 DW_TAG_variable
	.byte	3                               @ DW_AT_location
	.byte	145
	.asciz	"\310"
	.long	.Linfo_string193                @ DW_AT_name
	.byte	1                               @ DW_AT_decl_file
	.short	1062                            @ DW_AT_decl_line
	.long	2534                            @ DW_AT_type
	.byte	34                              @ Abbrev [34] 0x1a37:0x10 DW_TAG_variable
	.byte	3                               @ DW_AT_location
	.byte	145
	.asciz	"\304"
	.long	.Linfo_string195                @ DW_AT_name
	.byte	1                               @ DW_AT_decl_file
	.short	1063                            @ DW_AT_decl_line
	.long	2534                            @ DW_AT_type
	.byte	34                              @ Abbrev [34] 0x1a47:0x10 DW_TAG_variable
	.byte	3                               @ DW_AT_location
	.byte	145
	.asciz	"\300"
	.long	.Linfo_string183                @ DW_AT_name
	.byte	1                               @ DW_AT_decl_file
	.short	1066                            @ DW_AT_decl_line
	.long	2534                            @ DW_AT_type
	.byte	34                              @ Abbrev [34] 0x1a57:0xf DW_TAG_variable
	.byte	2                               @ DW_AT_location
	.byte	145
	.byte	60
	.long	.Linfo_string213                @ DW_AT_name
	.byte	1                               @ DW_AT_decl_file
	.short	1067                            @ DW_AT_decl_line
	.long	2534                            @ DW_AT_type
	.byte	34                              @ Abbrev [34] 0x1a66:0xf DW_TAG_variable
	.byte	2                               @ DW_AT_location
	.byte	145
	.byte	56
	.long	.Linfo_string258                @ DW_AT_name
	.byte	1                               @ DW_AT_decl_file
	.short	1096                            @ DW_AT_decl_line
	.long	60                              @ DW_AT_type
	.byte	34                              @ Abbrev [34] 0x1a75:0xf DW_TAG_variable
	.byte	2                               @ DW_AT_location
	.byte	145
	.byte	52
	.long	.Linfo_string259                @ DW_AT_name
	.byte	1                               @ DW_AT_decl_file
	.short	1119                            @ DW_AT_decl_line
	.long	3317                            @ DW_AT_type
	.byte	34                              @ Abbrev [34] 0x1a84:0xf DW_TAG_variable
	.byte	2                               @ DW_AT_location
	.byte	145
	.byte	48
	.long	.Linfo_string260                @ DW_AT_name
	.byte	1                               @ DW_AT_decl_file
	.short	1120                            @ DW_AT_decl_line
	.long	3312                            @ DW_AT_type
	.byte	0                               @ End Of Children Mark
	.byte	35                              @ Abbrev [35] 0x1a94:0x60 DW_TAG_subprogram
	.long	.Lfunc_begin24                  @ DW_AT_low_pc
	.long	.Lfunc_end24-.Lfunc_begin24     @ DW_AT_high_pc
	.byte	1                               @ DW_AT_frame_base
	.byte	87
	.long	.Linfo_string171                @ DW_AT_name
	.byte	1                               @ DW_AT_decl_file
	.short	1147                            @ DW_AT_decl_line
                                        @ DW_AT_prototyped
	.long	7243                            @ DW_AT_type
                                        @ DW_AT_external
	.byte	33                              @ Abbrev [33] 0x1aaa:0xf DW_TAG_formal_parameter
	.byte	2                               @ DW_AT_location
	.byte	118
	.byte	40
	.long	.Linfo_string208                @ DW_AT_name
	.byte	1                               @ DW_AT_decl_file
	.short	1147                            @ DW_AT_decl_line
	.long	3312                            @ DW_AT_type
	.byte	33                              @ Abbrev [33] 0x1ab9:0xf DW_TAG_formal_parameter
	.byte	2                               @ DW_AT_location
	.byte	118
	.byte	36
	.long	.Linfo_string256                @ DW_AT_name
	.byte	1                               @ DW_AT_decl_file
	.short	1147                            @ DW_AT_decl_line
	.long	60                              @ DW_AT_type
	.byte	38                              @ Abbrev [38] 0x1ac8:0xc DW_TAG_variable
	.byte	2                               @ DW_AT_location
	.byte	118
	.byte	28
	.long	.Linfo_string261                @ DW_AT_name
	.long	1520                            @ DW_AT_type
                                        @ DW_AT_artificial
	.byte	34                              @ Abbrev [34] 0x1ad4:0xf DW_TAG_variable
	.byte	2                               @ DW_AT_location
	.byte	118
	.byte	24
	.long	.Linfo_string262                @ DW_AT_name
	.byte	1                               @ DW_AT_decl_file
	.short	1148                            @ DW_AT_decl_line
	.long	2534                            @ DW_AT_type
	.byte	39                              @ Abbrev [39] 0x1ae3:0x10 DW_TAG_variable
	.long	.Ldebug_loc0                    @ DW_AT_location
	.long	.Linfo_string263                @ DW_AT_name
	.byte	1                               @ DW_AT_decl_file
	.short	1148                            @ DW_AT_decl_line
	.long	7374                            @ DW_AT_type
	.byte	0                               @ End Of Children Mark
	.byte	35                              @ Abbrev [35] 0x1af4:0x53 DW_TAG_subprogram
	.long	.Lfunc_begin25                  @ DW_AT_low_pc
	.long	.Lfunc_end25-.Lfunc_begin25     @ DW_AT_high_pc
	.byte	1                               @ DW_AT_frame_base
	.byte	93
	.long	.Linfo_string172                @ DW_AT_name
	.byte	1                               @ DW_AT_decl_file
	.short	1170                            @ DW_AT_decl_line
                                        @ DW_AT_prototyped
	.long	7243                            @ DW_AT_type
                                        @ DW_AT_external
	.byte	33                              @ Abbrev [33] 0x1b0a:0xf DW_TAG_formal_parameter
	.byte	2                               @ DW_AT_location
	.byte	145
	.byte	16
	.long	.Linfo_string208                @ DW_AT_name
	.byte	1                               @ DW_AT_decl_file
	.short	1170                            @ DW_AT_decl_line
	.long	3312                            @ DW_AT_type
	.byte	33                              @ Abbrev [33] 0x1b19:0xf DW_TAG_formal_parameter
	.byte	2                               @ DW_AT_location
	.byte	145
	.byte	12
	.long	.Linfo_string256                @ DW_AT_name
	.byte	1                               @ DW_AT_decl_file
	.short	1170                            @ DW_AT_decl_line
	.long	60                              @ DW_AT_type
	.byte	33                              @ Abbrev [33] 0x1b28:0xf DW_TAG_formal_parameter
	.byte	2                               @ DW_AT_location
	.byte	145
	.byte	8
	.long	.Linfo_string264                @ DW_AT_name
	.byte	1                               @ DW_AT_decl_file
	.short	1170                            @ DW_AT_decl_line
	.long	2534                            @ DW_AT_type
	.byte	34                              @ Abbrev [34] 0x1b37:0xf DW_TAG_variable
	.byte	2                               @ DW_AT_location
	.byte	145
	.byte	4
	.long	.Linfo_string265                @ DW_AT_name
	.byte	1                               @ DW_AT_decl_file
	.short	1171                            @ DW_AT_decl_line
	.long	7243                            @ DW_AT_type
	.byte	0                               @ End Of Children Mark
	.byte	35                              @ Abbrev [35] 0x1b47:0x35 DW_TAG_subprogram
	.long	.Lfunc_begin26                  @ DW_AT_low_pc
	.long	.Lfunc_end26-.Lfunc_begin26     @ DW_AT_high_pc
	.byte	1                               @ DW_AT_frame_base
	.byte	93
	.long	.Linfo_string173                @ DW_AT_name
	.byte	1                               @ DW_AT_decl_file
	.short	1190                            @ DW_AT_decl_line
                                        @ DW_AT_prototyped
	.long	147                             @ DW_AT_type
                                        @ DW_AT_external
	.byte	33                              @ Abbrev [33] 0x1b5d:0xf DW_TAG_formal_parameter
	.byte	2                               @ DW_AT_location
	.byte	145
	.byte	4
	.long	.Linfo_string266                @ DW_AT_name
	.byte	1                               @ DW_AT_decl_file
	.short	1190                            @ DW_AT_decl_line
	.long	2534                            @ DW_AT_type
	.byte	33                              @ Abbrev [33] 0x1b6c:0xf DW_TAG_formal_parameter
	.byte	2                               @ DW_AT_location
	.byte	145
	.byte	0
	.long	.Linfo_string267                @ DW_AT_name
	.byte	1                               @ DW_AT_decl_file
	.short	1190                            @ DW_AT_decl_line
	.long	2534                            @ DW_AT_type
	.byte	0                               @ End Of Children Mark
	.byte	32                              @ Abbrev [32] 0x1b7c:0x6d DW_TAG_subprogram
	.long	.Lfunc_begin27                  @ DW_AT_low_pc
	.long	.Lfunc_end27-.Lfunc_begin27     @ DW_AT_high_pc
	.byte	1                               @ DW_AT_frame_base
	.byte	93
	.long	.Linfo_string174                @ DW_AT_name
	.byte	1                               @ DW_AT_decl_file
	.short	1193                            @ DW_AT_decl_line
                                        @ DW_AT_prototyped
                                        @ DW_AT_external
	.byte	33                              @ Abbrev [33] 0x1b8e:0xf DW_TAG_formal_parameter
	.byte	2                               @ DW_AT_location
	.byte	145
	.byte	36
	.long	.Linfo_string268                @ DW_AT_name
	.byte	1                               @ DW_AT_decl_file
	.short	1193                            @ DW_AT_decl_line
	.long	7243                            @ DW_AT_type
	.byte	33                              @ Abbrev [33] 0x1b9d:0xf DW_TAG_formal_parameter
	.byte	2                               @ DW_AT_location
	.byte	145
	.byte	32
	.long	.Linfo_string269                @ DW_AT_name
	.byte	1                               @ DW_AT_decl_file
	.short	1193                            @ DW_AT_decl_line
	.long	7389                            @ DW_AT_type
	.byte	33                              @ Abbrev [33] 0x1bac:0xf DW_TAG_formal_parameter
	.byte	2                               @ DW_AT_location
	.byte	145
	.byte	28
	.long	.Linfo_string231                @ DW_AT_name
	.byte	1                               @ DW_AT_decl_file
	.short	1193                            @ DW_AT_decl_line
	.long	3312                            @ DW_AT_type
	.byte	34                              @ Abbrev [34] 0x1bbb:0xf DW_TAG_variable
	.byte	2                               @ DW_AT_location
	.byte	145
	.byte	24
	.long	.Linfo_string267                @ DW_AT_name
	.byte	1                               @ DW_AT_decl_file
	.short	1194                            @ DW_AT_decl_line
	.long	7243                            @ DW_AT_type
	.byte	34                              @ Abbrev [34] 0x1bca:0xf DW_TAG_variable
	.byte	2                               @ DW_AT_location
	.byte	145
	.byte	20
	.long	.Linfo_string270                @ DW_AT_name
	.byte	1                               @ DW_AT_decl_file
	.short	1194                            @ DW_AT_decl_line
	.long	7243                            @ DW_AT_type
	.byte	34                              @ Abbrev [34] 0x1bd9:0xf DW_TAG_variable
	.byte	2                               @ DW_AT_location
	.byte	145
	.byte	16
	.long	.Linfo_string180                @ DW_AT_name
	.byte	1                               @ DW_AT_decl_file
	.short	1195                            @ DW_AT_decl_line
	.long	2534                            @ DW_AT_type
	.byte	0                               @ End Of Children Mark
	.byte	35                              @ Abbrev [35] 0x1be9:0x62 DW_TAG_subprogram
	.long	.Lfunc_begin28                  @ DW_AT_low_pc
	.long	.Lfunc_end28-.Lfunc_begin28     @ DW_AT_high_pc
	.byte	1                               @ DW_AT_frame_base
	.byte	93
	.long	.Linfo_string175                @ DW_AT_name
	.byte	1                               @ DW_AT_decl_file
	.short	1207                            @ DW_AT_decl_line
                                        @ DW_AT_prototyped
	.long	60                              @ DW_AT_type
                                        @ DW_AT_external
	.byte	33                              @ Abbrev [33] 0x1bff:0xf DW_TAG_formal_parameter
	.byte	2                               @ DW_AT_location
	.byte	145
	.byte	48
	.long	.Linfo_string264                @ DW_AT_name
	.byte	1                               @ DW_AT_decl_file
	.short	1207                            @ DW_AT_decl_line
	.long	2534                            @ DW_AT_type
	.byte	33                              @ Abbrev [33] 0x1c0e:0xf DW_TAG_formal_parameter
	.byte	2                               @ DW_AT_location
	.byte	145
	.byte	44
	.long	.Linfo_string271                @ DW_AT_name
	.byte	1                               @ DW_AT_decl_file
	.short	1207                            @ DW_AT_decl_line
	.long	3312                            @ DW_AT_type
	.byte	34                              @ Abbrev [34] 0x1c1d:0xf DW_TAG_variable
	.byte	2                               @ DW_AT_location
	.byte	145
	.byte	12
	.long	.Linfo_string263                @ DW_AT_name
	.byte	1                               @ DW_AT_decl_file
	.short	1209                            @ DW_AT_decl_line
	.long	7312                            @ DW_AT_type
	.byte	34                              @ Abbrev [34] 0x1c2c:0xf DW_TAG_variable
	.byte	2                               @ DW_AT_location
	.byte	145
	.byte	8
	.long	.Linfo_string265                @ DW_AT_name
	.byte	1                               @ DW_AT_decl_file
	.short	1210                            @ DW_AT_decl_line
	.long	7243                            @ DW_AT_type
	.byte	34                              @ Abbrev [34] 0x1c3b:0xf DW_TAG_variable
	.byte	2                               @ DW_AT_location
	.byte	145
	.byte	4
	.long	.Linfo_string272                @ DW_AT_name
	.byte	1                               @ DW_AT_decl_file
	.short	1211                            @ DW_AT_decl_line
	.long	2534                            @ DW_AT_type
	.byte	0                               @ End Of Children Mark
	.byte	8                               @ Abbrev [8] 0x1c4b:0xb DW_TAG_typedef
	.long	60                              @ DW_AT_type
	.long	.Linfo_string152                @ DW_AT_name
	.byte	2                               @ DW_AT_decl_file
	.byte	58                              @ DW_AT_decl_line
	.byte	18                              @ Abbrev [18] 0x1c56:0x5 DW_TAG_pointer_type
	.long	7259                            @ DW_AT_type
	.byte	23                              @ Abbrev [23] 0x1c5b:0x5 DW_TAG_const_type
	.long	147                             @ DW_AT_type
	.byte	18                              @ Abbrev [18] 0x1c60:0x5 DW_TAG_pointer_type
	.long	7269                            @ DW_AT_type
	.byte	23                              @ Abbrev [23] 0x1c65:0x5 DW_TAG_const_type
	.long	97                              @ DW_AT_type
	.byte	6                               @ Abbrev [6] 0x1c6a:0xc DW_TAG_array_type
	.long	2534                            @ DW_AT_type
	.byte	7                               @ Abbrev [7] 0x1c6f:0x6 DW_TAG_subrange_type
	.long	115                             @ DW_AT_type
	.byte	4                               @ DW_AT_count
	.byte	0                               @ End Of Children Mark
	.byte	6                               @ Abbrev [6] 0x1c76:0xd DW_TAG_array_type
	.long	2534                            @ DW_AT_type
	.byte	12                              @ Abbrev [12] 0x1c7b:0x7 DW_TAG_subrange_type
	.long	115                             @ DW_AT_type
	.short	512                             @ DW_AT_count
	.byte	0                               @ End Of Children Mark
	.byte	6                               @ Abbrev [6] 0x1c83:0xd DW_TAG_array_type
	.long	2534                            @ DW_AT_type
	.byte	12                              @ Abbrev [12] 0x1c88:0x7 DW_TAG_subrange_type
	.long	115                             @ DW_AT_type
	.short	272                             @ DW_AT_count
	.byte	0                               @ End Of Children Mark
	.byte	6                               @ Abbrev [6] 0x1c90:0xc DW_TAG_array_type
	.long	2534                            @ DW_AT_type
	.byte	7                               @ Abbrev [7] 0x1c95:0x6 DW_TAG_subrange_type
	.long	115                             @ DW_AT_type
	.byte	8                               @ DW_AT_count
	.byte	0                               @ End Of Children Mark
	.byte	6                               @ Abbrev [6] 0x1c9c:0xc DW_TAG_array_type
	.long	147                             @ DW_AT_type
	.byte	7                               @ Abbrev [7] 0x1ca1:0x6 DW_TAG_subrange_type
	.long	115                             @ DW_AT_type
	.byte	70                              @ DW_AT_count
	.byte	0                               @ End Of Children Mark
	.byte	6                               @ Abbrev [6] 0x1ca8:0xc DW_TAG_array_type
	.long	97                              @ DW_AT_type
	.byte	7                               @ Abbrev [7] 0x1cad:0x6 DW_TAG_subrange_type
	.long	115                             @ DW_AT_type
	.byte	32                              @ DW_AT_count
	.byte	0                               @ End Of Children Mark
	.byte	6                               @ Abbrev [6] 0x1cb4:0xd DW_TAG_array_type
	.long	97                              @ DW_AT_type
	.byte	12                              @ Abbrev [12] 0x1cb9:0x7 DW_TAG_subrange_type
	.long	115                             @ DW_AT_type
	.short	265                             @ DW_AT_count
	.byte	0                               @ End Of Children Mark
	.byte	6                               @ Abbrev [6] 0x1cc1:0xd DW_TAG_array_type
	.long	97                              @ DW_AT_type
	.byte	12                              @ Abbrev [12] 0x1cc6:0x7 DW_TAG_subrange_type
	.long	115                             @ DW_AT_type
	.short	256                             @ DW_AT_count
	.byte	0                               @ End Of Children Mark
	.byte	6                               @ Abbrev [6] 0x1cce:0xf DW_TAG_array_type
	.long	2534                            @ DW_AT_type
	.byte	40                              @ Abbrev [40] 0x1cd3:0x9 DW_TAG_subrange_type
	.long	115                             @ DW_AT_type
	.long	6856                            @ DW_AT_count
	.byte	0                               @ End Of Children Mark
	.byte	18                              @ Abbrev [18] 0x1cdd:0x5 DW_TAG_pointer_type
	.long	2529                            @ DW_AT_type
	.byte	0                               @ End Of Children Mark
.Ldebug_info_end0:
	.section	.debug_ranges,"",%progbits
.Ldebug_ranges0:
	.long	.Lfunc_begin0
	.long	.Lfunc_end0
	.long	.Lfunc_begin1
	.long	.Lfunc_end1
	.long	.Lfunc_begin2
	.long	.Lfunc_end2
	.long	.Lfunc_begin3
	.long	.Lfunc_end3
	.long	.Lfunc_begin4
	.long	.Lfunc_end4
	.long	.Lfunc_begin5
	.long	.Lfunc_end5
	.long	.Lfunc_begin6
	.long	.Lfunc_end6
	.long	.Lfunc_begin7
	.long	.Lfunc_end7
	.long	.Lfunc_begin8
	.long	.Lfunc_end8
	.long	.Lfunc_begin9
	.long	.Lfunc_end9
	.long	.Lfunc_begin10
	.long	.Lfunc_end10
	.long	.Lfunc_begin11
	.long	.Lfunc_end11
	.long	.Lfunc_begin12
	.long	.Lfunc_end12
	.long	.Lfunc_begin13
	.long	.Lfunc_end13
	.long	.Lfunc_begin14
	.long	.Lfunc_end14
	.long	.Lfunc_begin15
	.long	.Lfunc_end15
	.long	.Lfunc_begin16
	.long	.Lfunc_end16
	.long	.Lfunc_begin17
	.long	.Lfunc_end17
	.long	.Lfunc_begin18
	.long	.Lfunc_end18
	.long	.Lfunc_begin19
	.long	.Lfunc_end19
	.long	.Lfunc_begin20
	.long	.Lfunc_end20
	.long	.Lfunc_begin21
	.long	.Lfunc_end21
	.long	.Lfunc_begin22
	.long	.Lfunc_end22
	.long	.Lfunc_begin23
	.long	.Lfunc_end23
	.long	.Lfunc_begin24
	.long	.Lfunc_end24
	.long	.Lfunc_begin25
	.long	.Lfunc_end25
	.long	.Lfunc_begin26
	.long	.Lfunc_end26
	.long	.Lfunc_begin27
	.long	.Lfunc_end27
	.long	.Lfunc_begin28
	.long	.Lfunc_end28
	.long	0
	.long	0
	.section	.debug_str,"MS",%progbits,1
.Linfo_string0:
	.asciz	"Component: Arm Compiler for Embedded 6.22 Tool: armclang [5ee92100]" @ string offset=0
.Linfo_string1:
	.asciz	"my_crypto.c"                   @ string offset=68
.Linfo_string2:
	.asciz	"C:\\Users\\LogoslabMiniPC\\GitHub_Box_Windows\\logoslab\\M2354\\Old_M2354_BSP_300004\\SampleCode\\TrustZone\\Borhan-E-Voting-System\\Secure\\KEIL" @ string offset=80
.Linfo_string3:
	.asciz	"g_Crypto_Int_done"             @ string offset=215
.Linfo_string4:
	.asciz	"int"                           @ string offset=233
.Linfo_string5:
	.asciz	"g_au8FeedBackBuf"              @ string offset=237
.Linfo_string6:
	.asciz	"unsigned char"                 @ string offset=254
.Linfo_string7:
	.asciz	"uint8_t"                       @ string offset=268
.Linfo_string8:
	.asciz	"__ARRAY_SIZE_TYPE__"           @ string offset=276
.Linfo_string9:
	.asciz	"char"                          @ string offset=296
.Linfo_string10:
	.asciz	"g_au8Buf"                      @ string offset=301
.Linfo_string11:
	.asciz	"g_au8Out2"                     @ string offset=310
.Linfo_string12:
	.asciz	"hex_char_tbl"                  @ string offset=320
.Linfo_string13:
	.asciz	"CURVE_P_192"                   @ string offset=333
.Linfo_string14:
	.asciz	"CURVE_P_224"                   @ string offset=345
.Linfo_string15:
	.asciz	"CURVE_P_256"                   @ string offset=357
.Linfo_string16:
	.asciz	"CURVE_P_384"                   @ string offset=369
.Linfo_string17:
	.asciz	"CURVE_P_521"                   @ string offset=381
.Linfo_string18:
	.asciz	"CURVE_K_163"                   @ string offset=393
.Linfo_string19:
	.asciz	"CURVE_K_233"                   @ string offset=405
.Linfo_string20:
	.asciz	"CURVE_K_283"                   @ string offset=417
.Linfo_string21:
	.asciz	"CURVE_K_409"                   @ string offset=429
.Linfo_string22:
	.asciz	"CURVE_K_571"                   @ string offset=441
.Linfo_string23:
	.asciz	"CURVE_B_163"                   @ string offset=453
.Linfo_string24:
	.asciz	"CURVE_B_233"                   @ string offset=465
.Linfo_string25:
	.asciz	"CURVE_B_283"                   @ string offset=477
.Linfo_string26:
	.asciz	"CURVE_B_409"                   @ string offset=489
.Linfo_string27:
	.asciz	"CURVE_B_571"                   @ string offset=501
.Linfo_string28:
	.asciz	"CURVE_KO_192"                  @ string offset=513
.Linfo_string29:
	.asciz	"CURVE_KO_224"                  @ string offset=526
.Linfo_string30:
	.asciz	"CURVE_KO_256"                  @ string offset=539
.Linfo_string31:
	.asciz	"CURVE_BP_256"                  @ string offset=552
.Linfo_string32:
	.asciz	"CURVE_BP_384"                  @ string offset=565
.Linfo_string33:
	.asciz	"CURVE_BP_512"                  @ string offset=578
.Linfo_string34:
	.asciz	"CURVE_25519"                   @ string offset=591
.Linfo_string35:
	.asciz	"CURVE_SM2_256"                 @ string offset=603
.Linfo_string36:
	.asciz	"CURVE_UNDEF"                   @ string offset=617
.Linfo_string37:
	.asciz	"unsigned int"                  @ string offset=629
.Linfo_string38:
	.asciz	"KS_SRAM"                       @ string offset=642
.Linfo_string39:
	.asciz	"KS_FLASH"                      @ string offset=650
.Linfo_string40:
	.asciz	"KS_OTP"                        @ string offset=659
.Linfo_string41:
	.asciz	"KSMEM"                         @ string offset=666
.Linfo_string42:
	.asciz	"INTEN"                         @ string offset=672
.Linfo_string43:
	.asciz	"uint32_t"                      @ string offset=678
.Linfo_string44:
	.asciz	"INTSTS"                        @ string offset=687
.Linfo_string45:
	.asciz	"PRNG_CTL"                      @ string offset=694
.Linfo_string46:
	.asciz	"PRNG_SEED"                     @ string offset=703
.Linfo_string47:
	.asciz	"PRNG_KEY"                      @ string offset=713
.Linfo_string48:
	.asciz	"PRNG_STS"                      @ string offset=722
.Linfo_string49:
	.asciz	"RESERVE0"                      @ string offset=731
.Linfo_string50:
	.asciz	"AES_FDBCK"                     @ string offset=740
.Linfo_string51:
	.asciz	"RESERVE1"                      @ string offset=750
.Linfo_string52:
	.asciz	"AES_GCM_IVCNT"                 @ string offset=759
.Linfo_string53:
	.asciz	"AES_GCM_ACNT"                  @ string offset=773
.Linfo_string54:
	.asciz	"AES_GCM_PCNT"                  @ string offset=786
.Linfo_string55:
	.asciz	"RESERVE2"                      @ string offset=799
.Linfo_string56:
	.asciz	"AES_FBADDR"                    @ string offset=808
.Linfo_string57:
	.asciz	"RESERVE3"                      @ string offset=819
.Linfo_string58:
	.asciz	"AES_CTL"                       @ string offset=828
.Linfo_string59:
	.asciz	"AES_STS"                       @ string offset=836
.Linfo_string60:
	.asciz	"AES_DATIN"                     @ string offset=844
.Linfo_string61:
	.asciz	"AES_DATOUT"                    @ string offset=854
.Linfo_string62:
	.asciz	"AES_KEY"                       @ string offset=865
.Linfo_string63:
	.asciz	"AES_IV"                        @ string offset=873
.Linfo_string64:
	.asciz	"AES_SADDR"                     @ string offset=880
.Linfo_string65:
	.asciz	"AES_DADDR"                     @ string offset=890
.Linfo_string66:
	.asciz	"AES_CNT"                       @ string offset=900
.Linfo_string67:
	.asciz	"RESERVE4"                      @ string offset=908
.Linfo_string68:
	.asciz	"HMAC_CTL"                      @ string offset=917
.Linfo_string69:
	.asciz	"HMAC_STS"                      @ string offset=926
.Linfo_string70:
	.asciz	"HMAC_DGST"                     @ string offset=935
.Linfo_string71:
	.asciz	"HMAC_KEYCNT"                   @ string offset=945
.Linfo_string72:
	.asciz	"HMAC_SADDR"                    @ string offset=957
.Linfo_string73:
	.asciz	"HMAC_DMACNT"                   @ string offset=968
.Linfo_string74:
	.asciz	"HMAC_DATIN"                    @ string offset=980
.Linfo_string75:
	.asciz	"HMAC_FDBCK"                    @ string offset=991
.Linfo_string76:
	.asciz	"RESERVE5"                      @ string offset=1002
.Linfo_string77:
	.asciz	"HMAC_FBADDR"                   @ string offset=1011
.Linfo_string78:
	.asciz	"RESERVE6"                      @ string offset=1023
.Linfo_string79:
	.asciz	"ECC_CTL"                       @ string offset=1032
.Linfo_string80:
	.asciz	"ECC_STS"                       @ string offset=1040
.Linfo_string81:
	.asciz	"ECC_X1"                        @ string offset=1048
.Linfo_string82:
	.asciz	"ECC_Y1"                        @ string offset=1055
.Linfo_string83:
	.asciz	"ECC_X2"                        @ string offset=1062
.Linfo_string84:
	.asciz	"ECC_Y2"                        @ string offset=1069
.Linfo_string85:
	.asciz	"ECC_A"                         @ string offset=1076
.Linfo_string86:
	.asciz	"ECC_B"                         @ string offset=1082
.Linfo_string87:
	.asciz	"ECC_N"                         @ string offset=1088
.Linfo_string88:
	.asciz	"ECC_K"                         @ string offset=1094
.Linfo_string89:
	.asciz	"ECC_SADDR"                     @ string offset=1100
.Linfo_string90:
	.asciz	"ECC_DADDR"                     @ string offset=1110
.Linfo_string91:
	.asciz	"ECC_STARTREG"                  @ string offset=1120
.Linfo_string92:
	.asciz	"ECC_WORDCNT"                   @ string offset=1133
.Linfo_string93:
	.asciz	"RESERVE7"                      @ string offset=1145
.Linfo_string94:
	.asciz	"RSA_CTL"                       @ string offset=1154
.Linfo_string95:
	.asciz	"RSA_STS"                       @ string offset=1162
.Linfo_string96:
	.asciz	"RSA_SADDR"                     @ string offset=1170
.Linfo_string97:
	.asciz	"RSA_DADDR"                     @ string offset=1180
.Linfo_string98:
	.asciz	"RSA_MADDR"                     @ string offset=1190
.Linfo_string99:
	.asciz	"RESERVE8"                      @ string offset=1200
.Linfo_string100:
	.asciz	"PRNG_KSCTL"                    @ string offset=1209
.Linfo_string101:
	.asciz	"PRNG_KSSTS"                    @ string offset=1220
.Linfo_string102:
	.asciz	"RESERVE9"                      @ string offset=1231
.Linfo_string103:
	.asciz	"AES_KSCTL"                     @ string offset=1240
.Linfo_string104:
	.asciz	"RESERVE10"                     @ string offset=1250
.Linfo_string105:
	.asciz	"HMAC_KSCTL"                    @ string offset=1260
.Linfo_string106:
	.asciz	"RESERVE11"                     @ string offset=1271
.Linfo_string107:
	.asciz	"ECC_KSCTL"                     @ string offset=1281
.Linfo_string108:
	.asciz	"ECC_KSSTS"                     @ string offset=1291
.Linfo_string109:
	.asciz	"ECC_KSXY"                      @ string offset=1301
.Linfo_string110:
	.asciz	"RESERVE12"                     @ string offset=1310
.Linfo_string111:
	.asciz	"RSA_KSCTL"                     @ string offset=1320
.Linfo_string112:
	.asciz	"RSA_KSSTS"                     @ string offset=1330
.Linfo_string113:
	.asciz	"RESERVE13"                     @ string offset=1340
.Linfo_string114:
	.asciz	"CRPT_T"                        @ string offset=1350
.Linfo_string115:
	.asciz	"unsigned long long"            @ string offset=1357
.Linfo_string116:
	.asciz	"uint64_t"                      @ string offset=1376
.Linfo_string117:
	.asciz	"PWRCTL"                        @ string offset=1385
.Linfo_string118:
	.asciz	"AHBCLK"                        @ string offset=1392
.Linfo_string119:
	.asciz	"APBCLK0"                       @ string offset=1399
.Linfo_string120:
	.asciz	"APBCLK1"                       @ string offset=1407
.Linfo_string121:
	.asciz	"CLKSEL0"                       @ string offset=1415
.Linfo_string122:
	.asciz	"CLKSEL1"                       @ string offset=1423
.Linfo_string123:
	.asciz	"CLKSEL2"                       @ string offset=1431
.Linfo_string124:
	.asciz	"CLKSEL3"                       @ string offset=1439
.Linfo_string125:
	.asciz	"CLKDIV0"                       @ string offset=1447
.Linfo_string126:
	.asciz	"CLKDIV1"                       @ string offset=1455
.Linfo_string127:
	.asciz	"CLKDIV4"                       @ string offset=1463
.Linfo_string128:
	.asciz	"PLLCTL"                        @ string offset=1471
.Linfo_string129:
	.asciz	"STATUS"                        @ string offset=1478
.Linfo_string130:
	.asciz	"CLKOCTL"                       @ string offset=1485
.Linfo_string131:
	.asciz	"CLKDCTL"                       @ string offset=1493
.Linfo_string132:
	.asciz	"CLKDSTS"                       @ string offset=1501
.Linfo_string133:
	.asciz	"CDUPB"                         @ string offset=1509
.Linfo_string134:
	.asciz	"CDLOWB"                        @ string offset=1515
.Linfo_string135:
	.asciz	"PMUCTL"                        @ string offset=1522
.Linfo_string136:
	.asciz	"PMUSTS"                        @ string offset=1529
.Linfo_string137:
	.asciz	"SWKDBCTL"                      @ string offset=1536
.Linfo_string138:
	.asciz	"PASWKCTL"                      @ string offset=1545
.Linfo_string139:
	.asciz	"PBSWKCTL"                      @ string offset=1554
.Linfo_string140:
	.asciz	"PCSWKCTL"                      @ string offset=1563
.Linfo_string141:
	.asciz	"PDSWKCTL"                      @ string offset=1572
.Linfo_string142:
	.asciz	"IOPDCTL"                       @ string offset=1581
.Linfo_string143:
	.asciz	"HXTFSEL"                       @ string offset=1589
.Linfo_string144:
	.asciz	"CLK_T"                         @ string offset=1597
.Linfo_string145:
	.asciz	"size_t"                        @ string offset=1603
.Linfo_string146:
	.asciz	"Byte2Char"                     @ string offset=1610
.Linfo_string147:
	.asciz	"CRPT_IRQHandler"               @ string offset=1620
.Linfo_string148:
	.asciz	"dump_buff_hex"                 @ string offset=1636
.Linfo_string149:
	.asciz	"str2bin"                       @ string offset=1650
.Linfo_string150:
	.asciz	"bin2str"                       @ string offset=1658
.Linfo_string151:
	.asciz	"ToBigEndian"                   @ string offset=1666
.Linfo_string152:
	.asciz	"int32_t"                       @ string offset=1678
.Linfo_string153:
	.asciz	"ToLittleEndian"                @ string offset=1686
.Linfo_string154:
	.asciz	"AES_GCMPacker"                 @ string offset=1701
.Linfo_string155:
	.asciz	"swap64"                        @ string offset=1715
.Linfo_string156:
	.asciz	"AES_Run"                       @ string offset=1722
.Linfo_string157:
	.asciz	"AES_GCMEnc"                    @ string offset=1730
.Linfo_string158:
	.asciz	"AES_GCMTag"                    @ string offset=1741
.Linfo_string159:
	.asciz	"AES_GCMDec"                    @ string offset=1752
.Linfo_string160:
	.asciz	"string2hex"                    @ string offset=1763
.Linfo_string161:
	.asciz	"hex_char_to_val"               @ string offset=1774
.Linfo_string162:
	.asciz	"hex2str"                       @ string offset=1790
.Linfo_string163:
	.asciz	"SHA256"                        @ string offset=1798
.Linfo_string164:
	.asciz	"my_sha256"                     @ string offset=1805
.Linfo_string165:
	.asciz	"generate_keys"                 @ string offset=1815
.Linfo_string166:
	.asciz	"sign_message"                  @ string offset=1829
.Linfo_string167:
	.asciz	"verify_signature"              @ string offset=1842
.Linfo_string168:
	.asciz	"generate_secret_keys"          @ string offset=1859
.Linfo_string169:
	.asciz	"gcm_encrypt"                   @ string offset=1880
.Linfo_string170:
	.asciz	"gcm_decrypt"                   @ string offset=1892
.Linfo_string171:
	.asciz	"Write_KeyStore"                @ string offset=1904
.Linfo_string172:
	.asciz	"Write_KeyStore_Flash_ID"       @ string offset=1919
.Linfo_string173:
	.asciz	"get_Nth_nibble_char"           @ string offset=1943
.Linfo_string174:
	.asciz	"Reg2Hex"                       @ string offset=1963
.Linfo_string175:
	.asciz	"KeyStore_Read"                 @ string offset=1971
.Linfo_string176:
	.asciz	"c"                             @ string offset=1985
.Linfo_string177:
	.asciz	"pucBuff"                       @ string offset=1987
.Linfo_string178:
	.asciz	"nBytes"                        @ string offset=1995
.Linfo_string179:
	.asciz	"nIdx"                          @ string offset=2002
.Linfo_string180:
	.asciz	"i"                             @ string offset=2007
.Linfo_string181:
	.asciz	"pstr"                          @ string offset=2009
.Linfo_string182:
	.asciz	"buf"                           @ string offset=2014
.Linfo_string183:
	.asciz	"size"                          @ string offset=2018
.Linfo_string184:
	.asciz	"u8Ch"                          @ string offset=2023
.Linfo_string185:
	.asciz	"in"                            @ string offset=2028
.Linfo_string186:
	.asciz	"inLen"                         @ string offset=2031
.Linfo_string187:
	.asciz	"out"                           @ string offset=2037
.Linfo_string188:
	.asciz	"pbuf"                          @ string offset=2041
.Linfo_string189:
	.asciz	"u32Size"                       @ string offset=2046
.Linfo_string190:
	.asciz	"u8Tmp"                         @ string offset=2054
.Linfo_string191:
	.asciz	"u32Tmp"                        @ string offset=2060
.Linfo_string192:
	.asciz	"iv"                            @ string offset=2067
.Linfo_string193:
	.asciz	"iv_len"                        @ string offset=2070
.Linfo_string194:
	.asciz	"A"                             @ string offset=2077
.Linfo_string195:
	.asciz	"A_len"                         @ string offset=2079
.Linfo_string196:
	.asciz	"P"                             @ string offset=2085
.Linfo_string197:
	.asciz	"P_len"                         @ string offset=2087
.Linfo_string198:
	.asciz	"psize"                         @ string offset=2093
.Linfo_string199:
	.asciz	"iv_len_aligned"                @ string offset=2099
.Linfo_string200:
	.asciz	"A_len_aligned"                 @ string offset=2114
.Linfo_string201:
	.asciz	"P_len_aligned"                 @ string offset=2128
.Linfo_string202:
	.asciz	"u32Offset"                     @ string offset=2142
.Linfo_string203:
	.asciz	"pu8"                           @ string offset=2152
.Linfo_string204:
	.asciz	"p"                             @ string offset=2156
.Linfo_string205:
	.asciz	"tmp"                           @ string offset=2158
.Linfo_string206:
	.asciz	"u32Option"                     @ string offset=2162
.Linfo_string207:
	.asciz	"u32TimeOutCnt"                 @ string offset=2172
.Linfo_string208:
	.asciz	"key"                           @ string offset=2186
.Linfo_string209:
	.asciz	"klen"                          @ string offset=2190
.Linfo_string210:
	.asciz	"ivlen"                         @ string offset=2195
.Linfo_string211:
	.asciz	"alen"                          @ string offset=2201
.Linfo_string212:
	.asciz	"plen"                          @ string offset=2206
.Linfo_string213:
	.asciz	"plen_aligned"                  @ string offset=2211
.Linfo_string214:
	.asciz	"plen_cur"                      @ string offset=2224
.Linfo_string215:
	.asciz	"len"                           @ string offset=2233
.Linfo_string216:
	.asciz	"pin"                           @ string offset=2237
.Linfo_string217:
	.asciz	"pout"                          @ string offset=2241
.Linfo_string218:
	.asciz	"j"                             @ string offset=2246
.Linfo_string219:
	.asciz	"u32OptKeySize"                 @ string offset=2248
.Linfo_string220:
	.asciz	"u32OptBasic"                   @ string offset=2262
.Linfo_string221:
	.asciz	"u32CTRIV"                      @ string offset=2274
.Linfo_string222:
	.asciz	"tagbuf"                        @ string offset=2283
.Linfo_string223:
	.asciz	"inputblock"                    @ string offset=2290
.Linfo_string224:
	.asciz	"ghashbuf"                      @ string offset=2301
.Linfo_string225:
	.asciz	"pblock"                        @ string offset=2310
.Linfo_string226:
	.asciz	"u32ivbuf"                      @ string offset=2317
.Linfo_string227:
	.asciz	"piv"                           @ string offset=2326
.Linfo_string228:
	.asciz	"totalSize"                     @ string offset=2330
.Linfo_string229:
	.asciz	"headerSize"                    @ string offset=2340
.Linfo_string230:
	.asciz	"input"                         @ string offset=2351
.Linfo_string231:
	.asciz	"output"                        @ string offset=2357
.Linfo_string232:
	.asciz	"outLen"                        @ string offset=2364
.Linfo_string233:
	.asciz	"val"                           @ string offset=2371
.Linfo_string234:
	.asciz	"pu32Addr"                      @ string offset=2375
.Linfo_string235:
	.asciz	"digest"                        @ string offset=2384
.Linfo_string236:
	.asciz	"hash"                          @ string offset=2391
.Linfo_string237:
	.asciz	"d"                             @ string offset=2396
.Linfo_string238:
	.asciz	"Qx"                            @ string offset=2398
.Linfo_string239:
	.asciz	"Qy"                            @ string offset=2401
.Linfo_string240:
	.asciz	"nbits"                         @ string offset=2404
.Linfo_string241:
	.asciz	"err"                           @ string offset=2410
.Linfo_string242:
	.asciz	"au32r"                         @ string offset=2414
.Linfo_string243:
	.asciz	"au8r"                          @ string offset=2420
.Linfo_string244:
	.asciz	"msg"                           @ string offset=2425
.Linfo_string245:
	.asciz	"R"                             @ string offset=2429
.Linfo_string246:
	.asciz	"S"                             @ string offset=2431
.Linfo_string247:
	.asciz	"k"                             @ string offset=2433
.Linfo_string248:
	.asciz	"time"                          @ string offset=2435
.Linfo_string249:
	.asciz	"C"                             @ string offset=2440
.Linfo_string250:
	.asciz	"g_key"                         @ string offset=2442
.Linfo_string251:
	.asciz	"g_iv"                          @ string offset=2448
.Linfo_string252:
	.asciz	"g_A"                           @ string offset=2453
.Linfo_string253:
	.asciz	"g_P"                           @ string offset=2457
.Linfo_string254:
	.asciz	"myHexPlaintext"                @ string offset=2461
.Linfo_string255:
	.asciz	"myHexA"                        @ string offset=2476
.Linfo_string256:
	.asciz	"key_len"                       @ string offset=2483
.Linfo_string257:
	.asciz	"C_len"                         @ string offset=2491
.Linfo_string258:
	.asciz	"ret"                           @ string offset=2497
.Linfo_string259:
	.asciz	"tmp2Size"                      @ string offset=2501
.Linfo_string260:
	.asciz	"tmp2"                          @ string offset=2510
.Linfo_string261:
	.asciz	"__vla_expr0"                   @ string offset=2515
.Linfo_string262:
	.asciz	"u32Meta"                       @ string offset=2527
.Linfo_string263:
	.asciz	"au32ri"                        @ string offset=2535
.Linfo_string264:
	.asciz	"flash_addr"                    @ string offset=2542
.Linfo_string265:
	.asciz	"i32KeyId"                      @ string offset=2553
.Linfo_string266:
	.asciz	"val32"                         @ string offset=2562
.Linfo_string267:
	.asciz	"idx"                           @ string offset=2568
.Linfo_string268:
	.asciz	"count"                         @ string offset=2572
.Linfo_string269:
	.asciz	"reg"                           @ string offset=2578
.Linfo_string270:
	.asciz	"ri"                            @ string offset=2582
.Linfo_string271:
	.asciz	"buffer"                        @ string offset=2585
.Linfo_string272:
	.asciz	"ui32Cnt"                       @ string offset=2592
	.ident	"Component: Arm Compiler for Embedded 6.22 Tool: armclang [5ee92100]"
	.section	".note.GNU-stack","",%progbits
	.eabi_attribute	30, 6	@ Tag_ABI_optimization_goals
	.ARM_attribute	6, 1	@ Tag_AV_cpp_exceptions
	.ARM_attribute	16, 1	@ Tag_AV_eba
	.section	.debug_line,"",%progbits
.Lline_table_start0:
