	.text
	.syntax unified
	.eabi_attribute	67, "2.09"	@ Tag_conformance
	.cpu	cortex-m23
	.eabi_attribute	6, 16	@ Tag_CPU_arch
	.eabi_attribute	7, 77	@ Tag_CPU_arch_profile
	.eabi_attribute	8, 0	@ Tag_ARM_ISA_use
	.eabi_attribute	9, 3	@ Tag_THUMB_ISA_use
	.eabi_attribute	34, 0	@ Tag_CPU_unaligned_access
	.eabi_attribute	17, 1	@ Tag_ABI_PCS_GOT_use
	.eabi_attribute	20, 2	@ Tag_ABI_FP_denormal
	.eabi_attribute	21, 0	@ Tag_ABI_FP_exceptions
	.eabi_attribute	23, 1	@ Tag_ABI_FP_number_model
	.eabi_attribute	24, 1	@ Tag_ABI_align_needed
	.eabi_attribute	25, 1	@ Tag_ABI_align_preserved
	.eabi_attribute	38, 1	@ Tag_ABI_FP_16bit_format
	.eabi_attribute	18, 4	@ Tag_ABI_PCS_wchar_t
	.eabi_attribute	26, 2	@ Tag_ABI_enum_size
	.eabi_attribute	14, 0	@ Tag_ABI_PCS_R9_use
	.code	16
	.file	"retarget.c"
                                        @ Start of file scope inline assembly
	.globl	__ARM_use_no_argv
	.globl	__use_no_semihosting

                                        @ End of file scope inline assembly
	.file	1 "C:\\Users\\LogoslabMiniPC\\GitHub_Box_Windows\\logoslab\\M2354\\Old_M2354_BSP_300004\\SampleCode\\TrustZone\\Borhan-E-Voting-System\\Secure\\KEIL" "../../Library_BSP/StdDriver/src/retarget.c"
	.file	2 "C:\\Users\\LogoslabMiniPC" "AppData\\Local\\Keil_v5\\ARM\\ARMCLANG\\bin\\..\\include\\stdio.h"
	.file	3 "C:\\Users\\LogoslabMiniPC" "AppData\\Local\\Keil_v5\\ARM\\ARMCLANG\\bin\\..\\include\\stdint.h"
	.file	4 "C:\\Users\\LogoslabMiniPC\\GitHub_Box_Windows\\logoslab\\M2354\\Old_M2354_BSP_300004\\SampleCode\\TrustZone\\Borhan-E-Voting-System\\Secure\\KEIL" "../../Library_BSP/Device/Nuvoton/M2354/Include\\M2354.h"
	.file	5 "C:\\Users\\LogoslabMiniPC\\GitHub_Box_Windows\\logoslab\\M2354\\Old_M2354_BSP_300004\\SampleCode\\TrustZone\\Borhan-E-Voting-System\\Secure\\KEIL" "../../Library_BSP/Device/Nuvoton/M2354/Include\\scu_reg.h"
	.file	6 "C:\\Users\\LogoslabMiniPC\\GitHub_Box_Windows\\logoslab\\M2354\\Old_M2354_BSP_300004\\SampleCode\\TrustZone\\Borhan-E-Voting-System\\Secure\\KEIL" "../../Library_BSP/Device/Nuvoton/M2354/Include\\uart_reg.h"
	.section	.text._sys_exit,"ax",%progbits
	.hidden	_sys_exit                       @ -- Begin function _sys_exit
	.globl	_sys_exit
	.p2align	1
	.type	_sys_exit,%function
	.code	16                              @ @_sys_exit
	.thumb_func
_sys_exit:
.Lfunc_begin0:
	.loc	1 97 0                          @ ../../Library_BSP/StdDriver/src/retarget.c:97:0
	.fnstart
	.cfi_sections .debug_frame
	.cfi_startproc
@ %bb.0:
	.pad	#4
	sub	sp, #4
	.cfi_def_cfa_offset 4
	str	r0, [sp]
.Ltmp0:
	.loc	1 99 5 prologue_end             @ ../../Library_BSP/StdDriver/src/retarget.c:99:5
	b	.LBB0_1
.LBB0_1:                                @ =>This Inner Loop Header: Depth=1
	b	.LBB0_1
.Ltmp1:
.Lfunc_end0:
	.size	_sys_exit, .Lfunc_end0-_sys_exit
	.cfi_endproc
	.cantunwind
	.fnend
                                        @ -- End function
	.section	.text.ProcessHardFault,"ax",%progbits
	.hidden	ProcessHardFault                @ -- Begin function ProcessHardFault
	.weak	ProcessHardFault
	.p2align	2
	.type	ProcessHardFault,%function
	.code	16                              @ @ProcessHardFault
	.thumb_func
ProcessHardFault:
.Lfunc_begin1:
	.loc	1 256 0                         @ ../../Library_BSP/StdDriver/src/retarget.c:256:0
	.fnstart
	.cfi_startproc
@ %bb.0:
	.save	{r4, r5, r7, lr}
	push	{r4, r5, r7, lr}
	.cfi_def_cfa_offset 16
	.cfi_offset lr, -4
	.cfi_offset r7, -8
	.cfi_offset r5, -12
	.cfi_offset r4, -16
	.pad	#304
	sub	sp, #304
	.cfi_def_cfa_offset 320
	str	r0, [sp, #292]
	str	r1, [sp, #288]
	str	r2, [sp, #284]
	movs	r0, #0
.Ltmp2:
	.loc	1 257 15 prologue_end           @ ../../Library_BSP/StdDriver/src/retarget.c:257:15
	str	r0, [sp, #280]
	.loc	1 269 15                        @ ../../Library_BSP/StdDriver/src/retarget.c:269:15
	ldr	r0, [sp, #292]
	movs	r1, #64
	.loc	1 269 18 is_stmt 0              @ ../../Library_BSP/StdDriver/src/retarget.c:269:18
	ands	r0, r1
	.loc	1 269 14                        @ ../../Library_BSP/StdDriver/src/retarget.c:269:14
	lsrs	r0, r0, #6
	.loc	1 269 12                        @ ../../Library_BSP/StdDriver/src/retarget.c:269:12
	str	r0, [sp, #252]
.Ltmp3:
	.loc	1 270 8 is_stmt 1               @ ../../Library_BSP/StdDriver/src/retarget.c:270:8
	ldr	r0, [sp, #252]
.Ltmp4:
	.loc	1 270 8 is_stmt 0               @ ../../Library_BSP/StdDriver/src/retarget.c:270:8
	cbz	r0, .LBB1_5
	b	.LBB1_1
.LBB1_1:
	.loc	1 0 8                           @ ../../Library_BSP/StdDriver/src/retarget.c:0:8
	add	r0, sp, #292
.Ltmp5:
	.loc	1 273 12 is_stmt 1              @ ../../Library_BSP/StdDriver/src/retarget.c:273:12
	ldrb	r0, [r0]
	lsls	r0, r0, #29
	cmp	r0, #0
	bpl	.LBB1_3
	b	.LBB1_2
.LBB1_2:
.Ltmp6:
	.loc	1 275 30                        @ ../../Library_BSP/StdDriver/src/retarget.c:275:30
	ldr	r0, [sp, #284]
	.loc	1 275 16 is_stmt 0              @ ../../Library_BSP/StdDriver/src/retarget.c:275:16
	str	r0, [sp, #280]
	.loc	1 276 9 is_stmt 1               @ ../../Library_BSP/StdDriver/src/retarget.c:276:9
	b	.LBB1_4
.Ltmp7:
.LBB1_3:
	.loc	1 279 30                        @ ../../Library_BSP/StdDriver/src/retarget.c:279:30
	ldr	r0, [sp, #288]
	.loc	1 279 16 is_stmt 0              @ ../../Library_BSP/StdDriver/src/retarget.c:279:16
	str	r0, [sp, #280]
	b	.LBB1_4
.Ltmp8:
.LBB1_4:
	.loc	1 282 5 is_stmt 1               @ ../../Library_BSP/StdDriver/src/retarget.c:282:5
	b	.LBB1_9
.Ltmp9:
.LBB1_5:
	.loc	1 0 5 is_stmt 0                 @ ../../Library_BSP/StdDriver/src/retarget.c:0:5
	add	r0, sp, #292
.Ltmp10:
	.loc	1 287 12 is_stmt 1              @ ../../Library_BSP/StdDriver/src/retarget.c:287:12
	ldrb	r0, [r0]
	lsls	r0, r0, #29
	cmp	r0, #0
	bpl	.LBB1_7
	b	.LBB1_6
.LBB1_6:
.Ltmp11:
	.file	7 "C:\\Users\\LogoslabMiniPC\\GitHub_Box_Windows\\logoslab\\M2354\\Old_M2354_BSP_300004\\SampleCode\\TrustZone\\Borhan-E-Voting-System\\Secure\\KEIL" "../../Library_BSP/CMSIS/Include\\cmsis_armclang.h"
	.loc	7 252 3                         @ ../../Library_BSP/CMSIS/Include\cmsis_armclang.h:252:3
	@APP
	mrs	r0, psp_ns
	@NO_APP
	str	r0, [sp, #296]
	.loc	7 253 10                        @ ../../Library_BSP/CMSIS/Include\cmsis_armclang.h:253:10
	ldr	r0, [sp, #296]
.Ltmp12:
	.loc	1 288 16                        @ ../../Library_BSP/StdDriver/src/retarget.c:288:16
	str	r0, [sp, #280]
	.loc	1 288 13 is_stmt 0              @ ../../Library_BSP/StdDriver/src/retarget.c:288:13
	b	.LBB1_8
.LBB1_7:
.Ltmp13:
	.loc	7 306 3 is_stmt 1               @ ../../Library_BSP/CMSIS/Include\cmsis_armclang.h:306:3
	@APP
	mrs	r0, msp_ns
	@NO_APP
	str	r0, [sp, #300]
	.loc	7 307 10                        @ ../../Library_BSP/CMSIS/Include\cmsis_armclang.h:307:10
	ldr	r0, [sp, #300]
.Ltmp14:
	.loc	1 290 16                        @ ../../Library_BSP/StdDriver/src/retarget.c:290:16
	str	r0, [sp, #280]
	b	.LBB1_8
.Ltmp15:
.LBB1_8:
	.loc	1 0 16 is_stmt 0                @ ../../Library_BSP/StdDriver/src/retarget.c:0:16
	b	.LBB1_9
.LBB1_9:
	.loc	1 307 36 is_stmt 1              @ ../../Library_BSP/StdDriver/src/retarget.c:307:36
	ldr	r0, [sp, #280]
	ldr	r1, [r0, #24]
	.loc	1 307 5 is_stmt 0               @ ../../Library_BSP/StdDriver/src/retarget.c:307:5
	ldr	r0, __arm_cp.1_0
	bl	printf
.Ltmp16:
	.loc	1 309 9 is_stmt 1               @ ../../Library_BSP/StdDriver/src/retarget.c:309:9
	ldr	r0, [sp, #280]
.Ltmp17:
	.loc	1 309 9 is_stmt 0               @ ../../Library_BSP/StdDriver/src/retarget.c:309:9
	cbz	r0, .LBB1_11
	b	.LBB1_10
.LBB1_10:
.Ltmp18:
	.loc	1 311 16 is_stmt 1              @ ../../Library_BSP/StdDriver/src/retarget.c:311:16
	ldr	r0, [sp, #280]
	ldr	r0, [r0, #24]
	.loc	1 311 14 is_stmt 0              @ ../../Library_BSP/StdDriver/src/retarget.c:311:14
	str	r0, [sp, #264]
	.loc	1 312 16 is_stmt 1              @ ../../Library_BSP/StdDriver/src/retarget.c:312:16
	ldr	r0, [sp, #264]
	ldrh	r0, [r0]
	.loc	1 312 14 is_stmt 0              @ ../../Library_BSP/StdDriver/src/retarget.c:312:14
	str	r0, [sp, #268]
	.loc	1 313 5 is_stmt 1               @ ../../Library_BSP/StdDriver/src/retarget.c:313:5
	b	.LBB1_11
.Ltmp19:
.LBB1_11:
	.loc	1 315 5                         @ ../../Library_BSP/StdDriver/src/retarget.c:315:5
	ldr	r0, __arm_cp.1_1
	bl	printf
	.loc	1 317 39                        @ ../../Library_BSP/StdDriver/src/retarget.c:317:39
	ldr	r1, [sp, #268]
	.loc	1 317 5 is_stmt 0               @ ../../Library_BSP/StdDriver/src/retarget.c:317:5
	ldr	r0, __arm_cp.1_2
	bl	printf
.Ltmp20:
	.loc	1 319 10 is_stmt 1              @ ../../Library_BSP/StdDriver/src/retarget.c:319:10
	ldr	r0, [sp, #252]
	.loc	1 319 18 is_stmt 0              @ ../../Library_BSP/StdDriver/src/retarget.c:319:18
	cbnz	r0, .LBB1_14
	b	.LBB1_12
.Ltmp21:
.LBB1_12:
	.loc	1 0 18                          @ ../../Library_BSP/StdDriver/src/retarget.c:0:18
	add	r0, sp, #264
	.loc	1 319 8                         @ ../../Library_BSP/StdDriver/src/retarget.c:319:8
	ldrb	r0, [r0, #3]
	lsls	r0, r0, #27
	cmp	r0, #0
	bmi	.LBB1_14
	b	.LBB1_13
.LBB1_13:
.Ltmp22:
	.loc	1 321 9 is_stmt 1               @ ../../Library_BSP/StdDriver/src/retarget.c:321:9
	ldr	r0, __arm_cp.1_3
	bl	printf
	.loc	1 322 5                         @ ../../Library_BSP/StdDriver/src/retarget.c:322:5
	b	.LBB1_38
.Ltmp23:
.LBB1_14:
	.loc	1 323 13                        @ ../../Library_BSP/StdDriver/src/retarget.c:323:13
	ldr	r0, [sp, #268]
	ldr	r1, __arm_cp.1_4
.Ltmp24:
	.loc	1 323 13 is_stmt 0              @ ../../Library_BSP/StdDriver/src/retarget.c:323:13
	cmp	r0, r1
	bne	.LBB1_16
	b	.LBB1_15
.LBB1_15:
.Ltmp25:
	.loc	1 325 9 is_stmt 1               @ ../../Library_BSP/StdDriver/src/retarget.c:325:9
	ldr	r0, __arm_cp.1_13
	bl	printf
	.loc	1 326 5                         @ ../../Library_BSP/StdDriver/src/retarget.c:326:5
	b	.LBB1_37
.Ltmp26:
.LBB1_16:
	.loc	1 327 14                        @ ../../Library_BSP/StdDriver/src/retarget.c:327:14
	ldr	r0, [sp, #268]
	.loc	1 327 19 is_stmt 0              @ ../../Library_BSP/StdDriver/src/retarget.c:327:19
	lsrs	r0, r0, #12
.Ltmp27:
	.loc	1 327 13                        @ ../../Library_BSP/StdDriver/src/retarget.c:327:13
	cmp	r0, #5
	bne	.LBB1_20
	b	.LBB1_17
.LBB1_17:
.Ltmp28:
	.loc	1 330 15 is_stmt 1              @ ../../Library_BSP/StdDriver/src/retarget.c:330:15
	ldr	r0, [sp, #268]
	.loc	1 330 26 is_stmt 0              @ ../../Library_BSP/StdDriver/src/retarget.c:330:26
	lsls	r0, r0, #23
	lsrs	r0, r0, #29
	.loc	1 330 12                        @ ../../Library_BSP/StdDriver/src/retarget.c:330:12
	str	r0, [sp, #248]
	.loc	1 331 15 is_stmt 1              @ ../../Library_BSP/StdDriver/src/retarget.c:331:15
	ldr	r0, [sp, #268]
	.loc	1 331 26 is_stmt 0              @ ../../Library_BSP/StdDriver/src/retarget.c:331:26
	lsls	r0, r0, #26
	lsrs	r0, r0, #29
	.loc	1 331 12                        @ ../../Library_BSP/StdDriver/src/retarget.c:331:12
	str	r0, [sp, #244]
	.loc	1 332 14 is_stmt 1              @ ../../Library_BSP/StdDriver/src/retarget.c:332:14
	ldr	r0, [sp, #268]
	movs	r1, #7
	.loc	1 332 19 is_stmt 0              @ ../../Library_BSP/StdDriver/src/retarget.c:332:19
	ands	r0, r1
	.loc	1 332 12                        @ ../../Library_BSP/StdDriver/src/retarget.c:332:12
	str	r0, [sp, #240]
	.loc	1 334 47 is_stmt 1              @ ../../Library_BSP/StdDriver/src/retarget.c:334:47
	ldr	r1, [sp, #240]
	.loc	1 334 51 is_stmt 0              @ ../../Library_BSP/StdDriver/src/retarget.c:334:51
	ldr	r2, [sp, #248]
	.loc	1 334 55                        @ ../../Library_BSP/StdDriver/src/retarget.c:334:55
	ldr	r3, [sp, #244]
	.loc	1 334 9                         @ ../../Library_BSP/StdDriver/src/retarget.c:334:9
	ldr	r0, __arm_cp.1_12
	bl	printf
	.loc	1 335 17 is_stmt 1              @ ../../Library_BSP/StdDriver/src/retarget.c:335:17
	ldr	r1, [sp, #280]
	.loc	1 335 20 is_stmt 0              @ ../../Library_BSP/StdDriver/src/retarget.c:335:20
	ldr	r0, [sp, #244]
	.loc	1 335 17                        @ ../../Library_BSP/StdDriver/src/retarget.c:335:17
	lsls	r0, r0, #2
	ldr	r0, [r1, r0]
	.loc	1 335 29                        @ ../../Library_BSP/StdDriver/src/retarget.c:335:29
	ldr	r2, [sp, #248]
	.loc	1 335 26                        @ ../../Library_BSP/StdDriver/src/retarget.c:335:26
	lsls	r2, r2, #2
	ldr	r1, [r1, r2]
	.loc	1 335 24                        @ ../../Library_BSP/StdDriver/src/retarget.c:335:24
	adds	r0, r0, r1
	.loc	1 335 15                        @ ../../Library_BSP/StdDriver/src/retarget.c:335:15
	str	r0, [sp, #260]
	.loc	1 336 17 is_stmt 1              @ ../../Library_BSP/StdDriver/src/retarget.c:336:17
	ldr	r0, [sp, #280]
	.loc	1 336 20 is_stmt 0              @ ../../Library_BSP/StdDriver/src/retarget.c:336:20
	ldr	r1, [sp, #240]
	.loc	1 336 17                        @ ../../Library_BSP/StdDriver/src/retarget.c:336:17
	lsls	r1, r1, #2
	ldr	r0, [r0, r1]
	.loc	1 336 15                        @ ../../Library_BSP/StdDriver/src/retarget.c:336:15
	str	r0, [sp, #256]
	.loc	1 337 52 is_stmt 1              @ ../../Library_BSP/StdDriver/src/retarget.c:337:52
	ldr	r0, [sp, #264]
	.loc	1 337 58 is_stmt 0              @ ../../Library_BSP/StdDriver/src/retarget.c:337:58
	str	r0, [sp, #60]                   @ 4-byte Spill
	ldr	r0, [sp, #268]
	.loc	1 338 16 is_stmt 1              @ ../../Library_BSP/StdDriver/src/retarget.c:338:16
	str	r0, [sp, #64]                   @ 4-byte Spill
	lsls	r1, r0, #20
	ldr	r0, __arm_cp.1_7
	ldr	r2, __arm_cp.1_8
	str	r2, [sp, #68]                   @ 4-byte Spill
	cmp	r1, #0
	str	r0, [sp, #72]                   @ 4-byte Spill
	bmi	.LBB1_19
@ %bb.18:
	.loc	1 0 16 is_stmt 0                @ ../../Library_BSP/StdDriver/src/retarget.c:0:16
	ldr	r0, [sp, #68]                   @ 4-byte Reload
	str	r0, [sp, #72]                   @ 4-byte Spill
.LBB1_19:
	.loc	1 338 16                        @ ../../Library_BSP/StdDriver/src/retarget.c:338:16
	ldr	r2, [sp, #64]                   @ 4-byte Reload
	ldr	r1, [sp, #60]                   @ 4-byte Reload
	ldr	r3, [sp, #72]                   @ 4-byte Reload
	.loc	1 338 48                        @ ../../Library_BSP/StdDriver/src/retarget.c:338:48
	ldr	r0, [sp, #256]
	.loc	1 338 55                        @ ../../Library_BSP/StdDriver/src/retarget.c:338:55
	ldr	r4, [sp, #260]
	.loc	1 337 9 is_stmt 1               @ ../../Library_BSP/StdDriver/src/retarget.c:337:9
	str	r4, [sp, #4]
	str	r0, [sp]
	ldr	r0, __arm_cp.1_9
	bl	printf
	.loc	1 340 5                         @ ../../Library_BSP/StdDriver/src/retarget.c:340:5
	b	.LBB1_36
.Ltmp29:
.LBB1_20:
	.loc	1 341 14                        @ ../../Library_BSP/StdDriver/src/retarget.c:341:14
	ldr	r0, [sp, #268]
	.loc	1 341 19 is_stmt 0              @ ../../Library_BSP/StdDriver/src/retarget.c:341:19
	lsrs	r0, r0, #13
.Ltmp30:
	.loc	1 341 13                        @ ../../Library_BSP/StdDriver/src/retarget.c:341:13
	cmp	r0, #3
	bne	.LBB1_24
	b	.LBB1_21
.LBB1_21:
.Ltmp31:
	.loc	1 344 17 is_stmt 1              @ ../../Library_BSP/StdDriver/src/retarget.c:344:17
	ldr	r0, [sp, #268]
	.loc	1 344 28 is_stmt 0              @ ../../Library_BSP/StdDriver/src/retarget.c:344:28
	lsls	r0, r0, #21
	lsrs	r0, r0, #27
	.loc	1 344 14                        @ ../../Library_BSP/StdDriver/src/retarget.c:344:14
	str	r0, [sp, #236]
	.loc	1 345 15 is_stmt 1              @ ../../Library_BSP/StdDriver/src/retarget.c:345:15
	ldr	r0, [sp, #268]
	.loc	1 345 26 is_stmt 0              @ ../../Library_BSP/StdDriver/src/retarget.c:345:26
	lsls	r0, r0, #26
	lsrs	r0, r0, #29
	.loc	1 345 12                        @ ../../Library_BSP/StdDriver/src/retarget.c:345:12
	str	r0, [sp, #244]
	.loc	1 346 14 is_stmt 1              @ ../../Library_BSP/StdDriver/src/retarget.c:346:14
	ldr	r0, [sp, #268]
	movs	r1, #7
	.loc	1 346 19 is_stmt 0              @ ../../Library_BSP/StdDriver/src/retarget.c:346:19
	ands	r0, r1
	.loc	1 346 12                        @ ../../Library_BSP/StdDriver/src/retarget.c:346:12
	str	r0, [sp, #240]
	.loc	1 348 49 is_stmt 1              @ ../../Library_BSP/StdDriver/src/retarget.c:348:49
	ldr	r1, [sp, #240]
	.loc	1 348 53 is_stmt 0              @ ../../Library_BSP/StdDriver/src/retarget.c:348:53
	ldr	r2, [sp, #244]
	.loc	1 348 57                        @ ../../Library_BSP/StdDriver/src/retarget.c:348:57
	ldr	r3, [sp, #236]
	.loc	1 348 9                         @ ../../Library_BSP/StdDriver/src/retarget.c:348:9
	ldr	r0, __arm_cp.1_11
	bl	printf
	.loc	1 349 17 is_stmt 1              @ ../../Library_BSP/StdDriver/src/retarget.c:349:17
	ldr	r0, [sp, #280]
	.loc	1 349 20 is_stmt 0              @ ../../Library_BSP/StdDriver/src/retarget.c:349:20
	ldr	r1, [sp, #244]
	.loc	1 349 17                        @ ../../Library_BSP/StdDriver/src/retarget.c:349:17
	lsls	r1, r1, #2
	ldr	r0, [r0, r1]
	.loc	1 349 26                        @ ../../Library_BSP/StdDriver/src/retarget.c:349:26
	ldr	r1, [sp, #236]
	.loc	1 349 24                        @ ../../Library_BSP/StdDriver/src/retarget.c:349:24
	adds	r0, r0, r1
	.loc	1 349 15                        @ ../../Library_BSP/StdDriver/src/retarget.c:349:15
	str	r0, [sp, #260]
	.loc	1 350 17 is_stmt 1              @ ../../Library_BSP/StdDriver/src/retarget.c:350:17
	ldr	r0, [sp, #280]
	.loc	1 350 20 is_stmt 0              @ ../../Library_BSP/StdDriver/src/retarget.c:350:20
	ldr	r1, [sp, #240]
	.loc	1 350 17                        @ ../../Library_BSP/StdDriver/src/retarget.c:350:17
	lsls	r1, r1, #2
	ldr	r0, [r0, r1]
	.loc	1 350 15                        @ ../../Library_BSP/StdDriver/src/retarget.c:350:15
	str	r0, [sp, #256]
	.loc	1 351 52 is_stmt 1              @ ../../Library_BSP/StdDriver/src/retarget.c:351:52
	ldr	r0, [sp, #264]
	.loc	1 351 58 is_stmt 0              @ ../../Library_BSP/StdDriver/src/retarget.c:351:58
	str	r0, [sp, #44]                   @ 4-byte Spill
	ldr	r0, [sp, #268]
	.loc	1 352 16 is_stmt 1              @ ../../Library_BSP/StdDriver/src/retarget.c:352:16
	str	r0, [sp, #48]                   @ 4-byte Spill
	lsls	r1, r0, #20
	ldr	r0, __arm_cp.1_7
	ldr	r2, __arm_cp.1_8
	str	r2, [sp, #52]                   @ 4-byte Spill
	cmp	r1, #0
	str	r0, [sp, #56]                   @ 4-byte Spill
	bmi	.LBB1_23
@ %bb.22:
	.loc	1 0 16 is_stmt 0                @ ../../Library_BSP/StdDriver/src/retarget.c:0:16
	ldr	r0, [sp, #52]                   @ 4-byte Reload
	str	r0, [sp, #56]                   @ 4-byte Spill
.LBB1_23:
	.loc	1 352 16                        @ ../../Library_BSP/StdDriver/src/retarget.c:352:16
	ldr	r2, [sp, #48]                   @ 4-byte Reload
	ldr	r1, [sp, #44]                   @ 4-byte Reload
	ldr	r3, [sp, #56]                   @ 4-byte Reload
	.loc	1 352 48                        @ ../../Library_BSP/StdDriver/src/retarget.c:352:48
	ldr	r0, [sp, #256]
	.loc	1 352 55                        @ ../../Library_BSP/StdDriver/src/retarget.c:352:55
	ldr	r4, [sp, #260]
	.loc	1 351 9 is_stmt 1               @ ../../Library_BSP/StdDriver/src/retarget.c:351:9
	str	r4, [sp, #4]
	str	r0, [sp]
	ldr	r0, __arm_cp.1_9
	bl	printf
	.loc	1 353 5                         @ ../../Library_BSP/StdDriver/src/retarget.c:353:5
	b	.LBB1_35
.Ltmp32:
.LBB1_24:
	.loc	1 354 14                        @ ../../Library_BSP/StdDriver/src/retarget.c:354:14
	ldr	r0, [sp, #268]
	.loc	1 354 19 is_stmt 0              @ ../../Library_BSP/StdDriver/src/retarget.c:354:19
	lsrs	r0, r0, #12
.Ltmp33:
	.loc	1 354 13                        @ ../../Library_BSP/StdDriver/src/retarget.c:354:13
	cmp	r0, #8
	bne	.LBB1_28
	b	.LBB1_25
.LBB1_25:
.Ltmp34:
	.loc	1 357 17 is_stmt 1              @ ../../Library_BSP/StdDriver/src/retarget.c:357:17
	ldr	r0, [sp, #268]
	.loc	1 357 28 is_stmt 0              @ ../../Library_BSP/StdDriver/src/retarget.c:357:28
	lsls	r0, r0, #21
	lsrs	r0, r0, #27
	.loc	1 357 14                        @ ../../Library_BSP/StdDriver/src/retarget.c:357:14
	str	r0, [sp, #236]
	.loc	1 358 15 is_stmt 1              @ ../../Library_BSP/StdDriver/src/retarget.c:358:15
	ldr	r0, [sp, #268]
	.loc	1 358 26 is_stmt 0              @ ../../Library_BSP/StdDriver/src/retarget.c:358:26
	lsls	r0, r0, #26
	lsrs	r0, r0, #29
	.loc	1 358 12                        @ ../../Library_BSP/StdDriver/src/retarget.c:358:12
	str	r0, [sp, #244]
	.loc	1 359 14 is_stmt 1              @ ../../Library_BSP/StdDriver/src/retarget.c:359:14
	ldr	r0, [sp, #268]
	movs	r1, #7
	.loc	1 359 19 is_stmt 0              @ ../../Library_BSP/StdDriver/src/retarget.c:359:19
	ands	r0, r1
	.loc	1 359 12                        @ ../../Library_BSP/StdDriver/src/retarget.c:359:12
	str	r0, [sp, #240]
	.loc	1 361 51 is_stmt 1              @ ../../Library_BSP/StdDriver/src/retarget.c:361:51
	ldr	r1, [sp, #240]
	.loc	1 361 55 is_stmt 0              @ ../../Library_BSP/StdDriver/src/retarget.c:361:55
	ldr	r2, [sp, #244]
	.loc	1 361 59                        @ ../../Library_BSP/StdDriver/src/retarget.c:361:59
	ldr	r3, [sp, #236]
	.loc	1 361 9                         @ ../../Library_BSP/StdDriver/src/retarget.c:361:9
	ldr	r0, __arm_cp.1_10
	bl	printf
	.loc	1 362 17 is_stmt 1              @ ../../Library_BSP/StdDriver/src/retarget.c:362:17
	ldr	r0, [sp, #280]
	.loc	1 362 20 is_stmt 0              @ ../../Library_BSP/StdDriver/src/retarget.c:362:20
	ldr	r1, [sp, #244]
	.loc	1 362 17                        @ ../../Library_BSP/StdDriver/src/retarget.c:362:17
	lsls	r1, r1, #2
	ldr	r0, [r0, r1]
	.loc	1 362 26                        @ ../../Library_BSP/StdDriver/src/retarget.c:362:26
	ldr	r1, [sp, #236]
	.loc	1 362 24                        @ ../../Library_BSP/StdDriver/src/retarget.c:362:24
	adds	r0, r0, r1
	.loc	1 362 15                        @ ../../Library_BSP/StdDriver/src/retarget.c:362:15
	str	r0, [sp, #260]
	.loc	1 363 17 is_stmt 1              @ ../../Library_BSP/StdDriver/src/retarget.c:363:17
	ldr	r0, [sp, #280]
	.loc	1 363 20 is_stmt 0              @ ../../Library_BSP/StdDriver/src/retarget.c:363:20
	ldr	r1, [sp, #240]
	.loc	1 363 17                        @ ../../Library_BSP/StdDriver/src/retarget.c:363:17
	lsls	r1, r1, #2
	ldr	r0, [r0, r1]
	.loc	1 363 15                        @ ../../Library_BSP/StdDriver/src/retarget.c:363:15
	str	r0, [sp, #256]
	.loc	1 364 52 is_stmt 1              @ ../../Library_BSP/StdDriver/src/retarget.c:364:52
	ldr	r0, [sp, #264]
	.loc	1 364 58 is_stmt 0              @ ../../Library_BSP/StdDriver/src/retarget.c:364:58
	str	r0, [sp, #28]                   @ 4-byte Spill
	ldr	r0, [sp, #268]
	.loc	1 365 16 is_stmt 1              @ ../../Library_BSP/StdDriver/src/retarget.c:365:16
	str	r0, [sp, #32]                   @ 4-byte Spill
	lsls	r1, r0, #20
	ldr	r0, __arm_cp.1_7
	ldr	r2, __arm_cp.1_8
	str	r2, [sp, #36]                   @ 4-byte Spill
	cmp	r1, #0
	str	r0, [sp, #40]                   @ 4-byte Spill
	bmi	.LBB1_27
@ %bb.26:
	.loc	1 0 16 is_stmt 0                @ ../../Library_BSP/StdDriver/src/retarget.c:0:16
	ldr	r0, [sp, #36]                   @ 4-byte Reload
	str	r0, [sp, #40]                   @ 4-byte Spill
.LBB1_27:
	.loc	1 365 16                        @ ../../Library_BSP/StdDriver/src/retarget.c:365:16
	ldr	r2, [sp, #32]                   @ 4-byte Reload
	ldr	r1, [sp, #28]                   @ 4-byte Reload
	ldr	r3, [sp, #40]                   @ 4-byte Reload
	.loc	1 365 48                        @ ../../Library_BSP/StdDriver/src/retarget.c:365:48
	ldr	r0, [sp, #256]
	.loc	1 365 55                        @ ../../Library_BSP/StdDriver/src/retarget.c:365:55
	ldr	r4, [sp, #260]
	.loc	1 364 9 is_stmt 1               @ ../../Library_BSP/StdDriver/src/retarget.c:364:9
	str	r4, [sp, #4]
	str	r0, [sp]
	ldr	r0, __arm_cp.1_9
	bl	printf
	.loc	1 367 5                         @ ../../Library_BSP/StdDriver/src/retarget.c:367:5
	b	.LBB1_34
.Ltmp35:
.LBB1_28:
	.loc	1 368 14                        @ ../../Library_BSP/StdDriver/src/retarget.c:368:14
	ldr	r0, [sp, #268]
	.loc	1 368 19 is_stmt 0              @ ../../Library_BSP/StdDriver/src/retarget.c:368:19
	lsrs	r0, r0, #12
.Ltmp36:
	.loc	1 368 13                        @ ../../Library_BSP/StdDriver/src/retarget.c:368:13
	cmp	r0, #9
	bne	.LBB1_32
	b	.LBB1_29
.LBB1_29:
	.loc	1 0 13                          @ ../../Library_BSP/StdDriver/src/retarget.c:0:13
	add	r0, sp, #268
.Ltmp37:
	.loc	1 371 16 is_stmt 1              @ ../../Library_BSP/StdDriver/src/retarget.c:371:16
	ldrb	r0, [r0]
	.loc	1 371 14 is_stmt 0              @ ../../Library_BSP/StdDriver/src/retarget.c:371:14
	str	r0, [sp, #232]
	.loc	1 372 15 is_stmt 1              @ ../../Library_BSP/StdDriver/src/retarget.c:372:15
	ldr	r0, [sp, #268]
	.loc	1 372 26 is_stmt 0              @ ../../Library_BSP/StdDriver/src/retarget.c:372:26
	lsls	r0, r0, #21
	lsrs	r0, r0, #29
	.loc	1 372 12                        @ ../../Library_BSP/StdDriver/src/retarget.c:372:12
	str	r0, [sp, #240]
	.loc	1 374 45 is_stmt 1              @ ../../Library_BSP/StdDriver/src/retarget.c:374:45
	ldr	r1, [sp, #240]
	.loc	1 374 49 is_stmt 0              @ ../../Library_BSP/StdDriver/src/retarget.c:374:49
	ldr	r2, [sp, #232]
	.loc	1 374 9                         @ ../../Library_BSP/StdDriver/src/retarget.c:374:9
	ldr	r0, __arm_cp.1_6
	bl	printf
	.loc	1 375 17 is_stmt 1              @ ../../Library_BSP/StdDriver/src/retarget.c:375:17
	ldr	r0, [sp, #280]
	ldr	r0, [r0, #24]
	.loc	1 375 25 is_stmt 0              @ ../../Library_BSP/StdDriver/src/retarget.c:375:25
	ldr	r1, [sp, #232]
	.loc	1 375 23                        @ ../../Library_BSP/StdDriver/src/retarget.c:375:23
	adds	r0, r0, r1
	.loc	1 375 15                        @ ../../Library_BSP/StdDriver/src/retarget.c:375:15
	str	r0, [sp, #260]
	.loc	1 376 17 is_stmt 1              @ ../../Library_BSP/StdDriver/src/retarget.c:376:17
	ldr	r0, [sp, #280]
	.loc	1 376 20 is_stmt 0              @ ../../Library_BSP/StdDriver/src/retarget.c:376:20
	ldr	r1, [sp, #240]
	.loc	1 376 17                        @ ../../Library_BSP/StdDriver/src/retarget.c:376:17
	lsls	r1, r1, #2
	ldr	r0, [r0, r1]
	.loc	1 376 15                        @ ../../Library_BSP/StdDriver/src/retarget.c:376:15
	str	r0, [sp, #256]
	.loc	1 377 52 is_stmt 1              @ ../../Library_BSP/StdDriver/src/retarget.c:377:52
	ldr	r0, [sp, #264]
	.loc	1 377 58 is_stmt 0              @ ../../Library_BSP/StdDriver/src/retarget.c:377:58
	str	r0, [sp, #12]                   @ 4-byte Spill
	ldr	r0, [sp, #268]
	.loc	1 378 16 is_stmt 1              @ ../../Library_BSP/StdDriver/src/retarget.c:378:16
	str	r0, [sp, #16]                   @ 4-byte Spill
	lsls	r1, r0, #20
	ldr	r0, __arm_cp.1_7
	ldr	r2, __arm_cp.1_8
	str	r2, [sp, #20]                   @ 4-byte Spill
	cmp	r1, #0
	str	r0, [sp, #24]                   @ 4-byte Spill
	bmi	.LBB1_31
@ %bb.30:
	.loc	1 0 16 is_stmt 0                @ ../../Library_BSP/StdDriver/src/retarget.c:0:16
	ldr	r0, [sp, #20]                   @ 4-byte Reload
	str	r0, [sp, #24]                   @ 4-byte Spill
.LBB1_31:
	.loc	1 378 16                        @ ../../Library_BSP/StdDriver/src/retarget.c:378:16
	ldr	r2, [sp, #16]                   @ 4-byte Reload
	ldr	r1, [sp, #12]                   @ 4-byte Reload
	ldr	r3, [sp, #24]                   @ 4-byte Reload
	.loc	1 378 48                        @ ../../Library_BSP/StdDriver/src/retarget.c:378:48
	ldr	r0, [sp, #256]
	.loc	1 378 55                        @ ../../Library_BSP/StdDriver/src/retarget.c:378:55
	ldr	r4, [sp, #260]
	.loc	1 377 9 is_stmt 1               @ ../../Library_BSP/StdDriver/src/retarget.c:377:9
	str	r4, [sp, #4]
	str	r0, [sp]
	ldr	r0, __arm_cp.1_9
	bl	printf
	.loc	1 379 5                         @ ../../Library_BSP/StdDriver/src/retarget.c:379:5
	b	.LBB1_33
.Ltmp38:
.LBB1_32:
	.loc	1 382 9                         @ ../../Library_BSP/StdDriver/src/retarget.c:382:9
	ldr	r0, __arm_cp.1_5
	bl	printf
	b	.LBB1_33
.Ltmp39:
.LBB1_33:
	.loc	1 0 9 is_stmt 0                 @ ../../Library_BSP/StdDriver/src/retarget.c:0:9
	b	.LBB1_34
.LBB1_34:
	b	.LBB1_35
.LBB1_35:
	b	.LBB1_36
.LBB1_36:
	b	.LBB1_37
.LBB1_37:
	b	.LBB1_38
.LBB1_38:
	ldr	r0, __arm_cp.1_14
	.loc	1 386 19 is_stmt 1              @ ../../Library_BSP/StdDriver/src/retarget.c:386:19
	ldr	r0, [r0]
	.loc	1 386 12 is_stmt 0              @ ../../Library_BSP/StdDriver/src/retarget.c:386:12
	str	r0, [sp, #272]
.Ltmp40:
	.loc	1 387 8 is_stmt 1               @ ../../Library_BSP/StdDriver/src/retarget.c:387:8
	ldr	r0, [sp, #272]
.Ltmp41:
	.loc	1 387 8 is_stmt 0               @ ../../Library_BSP/StdDriver/src/retarget.c:387:8
	cbz	r0, .LBB1_46
	b	.LBB1_39
.LBB1_39:
.Ltmp42:
	.loc	1 389 21 is_stmt 1              @ ../../Library_BSP/StdDriver/src/retarget.c:389:21
	ldr	r1, __arm_cp.1_15
	add	r0, sp, #184
	ldm	r1!, {r2, r3, r4, r5}
	stm	r0!, {r2, r3, r4, r5}
	ldm	r1!, {r2, r3, r4, r5}
	stm	r0!, {r2, r3, r4, r5}
	ldm	r1!, {r2, r3, r4, r5}
	stm	r0!, {r2, r3, r4, r5}
	.loc	1 390 21                        @ ../../Library_BSP/StdDriver/src/retarget.c:390:21
	ldr	r1, __arm_cp.1_16
	add	r0, sp, #100
	movs	r2, #84
	bl	__aeabi_memcpy4
	.loc	1 393 23                        @ ../../Library_BSP/StdDriver/src/retarget.c:393:23
	ldr	r1, __arm_cp.1_17
	add	r0, sp, #76
	movs	r2, #21
	bl	__aeabi_memcpy
	movs	r0, #0
.Ltmp43:
	.loc	1 396 15                        @ ../../Library_BSP/StdDriver/src/retarget.c:396:15
	str	r0, [sp, #276]
	.loc	1 396 13 is_stmt 0              @ ../../Library_BSP/StdDriver/src/retarget.c:396:13
	b	.LBB1_40
.LBB1_40:                               @ =>This Inner Loop Header: Depth=1
.Ltmp44:
	.loc	1 396 20                        @ ../../Library_BSP/StdDriver/src/retarget.c:396:20
	ldr	r0, [sp, #276]
.Ltmp45:
	.loc	1 396 9                         @ ../../Library_BSP/StdDriver/src/retarget.c:396:9
	cmp	r0, #83
	bhi	.LBB1_45
	b	.LBB1_41
.LBB1_41:                               @   in Loop: Header=BB1_40 Depth=1
.Ltmp46:
	.loc	1 398 16 is_stmt 1              @ ../../Library_BSP/StdDriver/src/retarget.c:398:16
	ldr	r0, [sp, #272]
	.loc	1 398 31 is_stmt 0              @ ../../Library_BSP/StdDriver/src/retarget.c:398:31
	ldr	r1, [sp, #276]
.Ltmp47:
	.loc	1 398 16                        @ ../../Library_BSP/StdDriver/src/retarget.c:398:16
	lsrs	r0, r1
	lsls	r0, r0, #31
	cbz	r0, .LBB1_43
	b	.LBB1_42
.LBB1_42:
.Ltmp48:
	.loc	1 400 57 is_stmt 1              @ ../../Library_BSP/StdDriver/src/retarget.c:400:57
	ldr	r2, [sp, #276]
	.loc	1 400 50 is_stmt 0              @ ../../Library_BSP/StdDriver/src/retarget.c:400:50
	lsls	r1, r2, #2
	add	r0, sp, #100
	ldr	r1, [r0, r1]
	add	r0, sp, #76
	.loc	1 400 61                        @ ../../Library_BSP/StdDriver/src/retarget.c:400:61
	str	r0, [sp, #8]                    @ 4-byte Spill
	ldrb	r0, [r0, r2]
	ldr	r2, __arm_cp.1_18
	ldr	r2, [r0, r2]
	.loc	1 400 17                        @ ../../Library_BSP/StdDriver/src/retarget.c:400:17
	ldr	r0, __arm_cp.1_19
	bl	printf
                                        @ kill: def $r1 killed $r0
	.loc	1 401 49 is_stmt 1              @ ../../Library_BSP/StdDriver/src/retarget.c:401:49
	ldr	r0, [sp, #8]                    @ 4-byte Reload
	ldr	r1, [sp, #276]
	ldrb	r0, [r0, r1]
	ldr	r1, __arm_cp.1_20
	ldr	r0, [r0, r1]
	.loc	1 401 42 is_stmt 0              @ ../../Library_BSP/StdDriver/src/retarget.c:401:42
	lsls	r1, r0, #2
	add	r0, sp, #184
	ldr	r1, [r0, r1]
	.loc	1 401 17                        @ ../../Library_BSP/StdDriver/src/retarget.c:401:17
	ldr	r0, __arm_cp.1_21
	bl	printf
	.loc	1 402 17 is_stmt 1              @ ../../Library_BSP/StdDriver/src/retarget.c:402:17
	b	.LBB1_45
.Ltmp49:
.LBB1_43:                               @   in Loop: Header=BB1_40 Depth=1
	.loc	1 404 9                         @ ../../Library_BSP/StdDriver/src/retarget.c:404:9
	b	.LBB1_44
.Ltmp50:
.LBB1_44:                               @   in Loop: Header=BB1_40 Depth=1
	.loc	1 396 41                        @ ../../Library_BSP/StdDriver/src/retarget.c:396:41
	ldr	r0, [sp, #276]
	adds	r0, r0, #1
	str	r0, [sp, #276]
	.loc	1 396 9 is_stmt 0               @ ../../Library_BSP/StdDriver/src/retarget.c:396:9
	b	.LBB1_40
.Ltmp51:
.LBB1_45:
	.loc	1 405 5 is_stmt 1               @ ../../Library_BSP/StdDriver/src/retarget.c:405:5
	b	.LBB1_46
.Ltmp52:
.LBB1_46:
	.loc	1 409 5                         @ ../../Library_BSP/StdDriver/src/retarget.c:409:5
	b	.LBB1_47
.LBB1_47:                               @ =>This Inner Loop Header: Depth=1
	.loc	1 409 17 is_stmt 0              @ ../../Library_BSP/StdDriver/src/retarget.c:409:17
	ldr	r0, [sp, #280]
	.loc	1 409 16                        @ ../../Library_BSP/StdDriver/src/retarget.c:409:16
	ldr	r0, [r0]
	movs	r1, #1
	.loc	1 409 14                        @ ../../Library_BSP/StdDriver/src/retarget.c:409:14
	orrs	r0, r1
	.loc	1 409 5                         @ ../../Library_BSP/StdDriver/src/retarget.c:409:5
	cbz	r0, .LBB1_49
	b	.LBB1_48
.LBB1_48:                               @   in Loop: Header=BB1_47 Depth=1
	b	.LBB1_47
.LBB1_49:
	.loc	1 411 12 is_stmt 1              @ ../../Library_BSP/StdDriver/src/retarget.c:411:12
	ldr	r0, [sp, #292]
	.loc	1 411 5 epilogue_begin is_stmt 0 @ ../../Library_BSP/StdDriver/src/retarget.c:411:5
	add	sp, #304
	pop	{r4, r5, r7, pc}
.Ltmp53:
	.p2align	2
@ %bb.50:
	.loc	1 0 5                           @ ../../Library_BSP/StdDriver/src/retarget.c:0:5
__arm_cp.1_0:
	.long	.L.str
.Lcpi_end0:
	.size	__arm_cp.1_0, .Lcpi_end0-__arm_cp.1_0
__arm_cp.1_1:
	.long	.L.str.1
.Lcpi_end1:
	.size	__arm_cp.1_1, .Lcpi_end1-__arm_cp.1_1
__arm_cp.1_2:
	.long	.L.str.2
.Lcpi_end2:
	.size	__arm_cp.1_2, .Lcpi_end2-__arm_cp.1_2
__arm_cp.1_3:
	.long	.L.str.3
.Lcpi_end3:
	.size	__arm_cp.1_3, .Lcpi_end3-__arm_cp.1_3
__arm_cp.1_4:
	.long	48811                           @ 0xbeab
.Lcpi_end4:
	.size	__arm_cp.1_4, .Lcpi_end4-__arm_cp.1_4
__arm_cp.1_5:
	.long	.L.str.12
.Lcpi_end5:
	.size	__arm_cp.1_5, .Lcpi_end5-__arm_cp.1_5
__arm_cp.1_6:
	.long	.L.str.11
.Lcpi_end6:
	.size	__arm_cp.1_6, .Lcpi_end6-__arm_cp.1_6
__arm_cp.1_7:
	.long	.L.str.7
.Lcpi_end7:
	.size	__arm_cp.1_7, .Lcpi_end7-__arm_cp.1_7
__arm_cp.1_8:
	.long	.L.str.8
.Lcpi_end8:
	.size	__arm_cp.1_8, .Lcpi_end8-__arm_cp.1_8
__arm_cp.1_9:
	.long	.L.str.6
.Lcpi_end9:
	.size	__arm_cp.1_9, .Lcpi_end9-__arm_cp.1_9
__arm_cp.1_10:
	.long	.L.str.10
.Lcpi_end10:
	.size	__arm_cp.1_10, .Lcpi_end10-__arm_cp.1_10
__arm_cp.1_11:
	.long	.L.str.9
.Lcpi_end11:
	.size	__arm_cp.1_11, .Lcpi_end11-__arm_cp.1_11
__arm_cp.1_12:
	.long	.L.str.5
.Lcpi_end12:
	.size	__arm_cp.1_12, .Lcpi_end12-__arm_cp.1_12
__arm_cp.1_13:
	.long	.L.str.4
.Lcpi_end13:
	.size	__arm_cp.1_13, .Lcpi_end13-__arm_cp.1_13
__arm_cp.1_14:
	.long	1073934640                      @ 0x4002f130
.Lcpi_end14:
	.size	__arm_cp.1_14, .Lcpi_end14-__arm_cp.1_14
__arm_cp.1_15:
	.long	.L__const.ProcessHardFault.master
.Lcpi_end15:
	.size	__arm_cp.1_15, .Lcpi_end15-__arm_cp.1_15
__arm_cp.1_16:
	.long	.L__const.ProcessHardFault.ipname
.Lcpi_end16:
	.size	__arm_cp.1_16, .Lcpi_end16-__arm_cp.1_16
__arm_cp.1_17:
	.long	.L__const.ProcessHardFault.info
.Lcpi_end17:
	.size	__arm_cp.1_17, .Lcpi_end17-__arm_cp.1_17
__arm_cp.1_18:
	.long	1073934340                      @ 0x4002f004
.Lcpi_end18:
	.size	__arm_cp.1_18, .Lcpi_end18-__arm_cp.1_18
__arm_cp.1_19:
	.long	.L.str.32
.Lcpi_end19:
	.size	__arm_cp.1_19, .Lcpi_end19-__arm_cp.1_19
__arm_cp.1_20:
	.long	1073934336                      @ 0x4002f000
.Lcpi_end20:
	.size	__arm_cp.1_20, .Lcpi_end20-__arm_cp.1_20
__arm_cp.1_21:
	.long	.L.str.33
.Lcpi_end21:
	.size	__arm_cp.1_21, .Lcpi_end21-__arm_cp.1_21
.Lfunc_end1:
	.size	ProcessHardFault, .Lfunc_end1-ProcessHardFault
	.cfi_endproc
	.fnend
                                        @ -- End function
	.section	.text.SH_Return,"ax",%progbits
	.hidden	SH_Return                       @ -- Begin function SH_Return
	.globl	SH_Return
	.p2align	1
	.type	SH_Return,%function
	.code	16                              @ @SH_Return
	.thumb_func
SH_Return:
.Lfunc_begin2:
	.loc	1 416 0 is_stmt 1               @ ../../Library_BSP/StdDriver/src/retarget.c:416:0
	.fnstart
	.cfi_startproc
@ %bb.0:
	.pad	#12
	sub	sp, #12
	.cfi_def_cfa_offset 12
	str	r0, [sp, #8]
	str	r1, [sp, #4]
	str	r2, [sp]
	movs	r0, #0
.Ltmp54:
	.loc	1 420 5 prologue_end epilogue_begin @ ../../Library_BSP/StdDriver/src/retarget.c:420:5
	add	sp, #12
	bx	lr
.Ltmp55:
.Lfunc_end2:
	.size	SH_Return, .Lfunc_end2-SH_Return
	.cfi_endproc
	.cantunwind
	.fnend
                                        @ -- End function
	.section	.text.SendChar_ToUART,"ax",%progbits
	.hidden	SendChar_ToUART                 @ -- Begin function SendChar_ToUART
	.globl	SendChar_ToUART
	.p2align	2
	.type	SendChar_ToUART,%function
	.code	16                              @ @SendChar_ToUART
	.thumb_func
SendChar_ToUART:
.Lfunc_begin3:
	.loc	1 437 0                         @ ../../Library_BSP/StdDriver/src/retarget.c:437:0
	.fnstart
	.cfi_startproc
@ %bb.0:
	.pad	#4
	sub	sp, #4
	.cfi_def_cfa_offset 4
	str	r0, [sp]
	mov	r0, sp
.Ltmp56:
	.loc	1 438 14 prologue_end           @ ../../Library_BSP/StdDriver/src/retarget.c:438:14
	ldrb	r0, [r0]
.Ltmp57:
	.loc	1 438 8 is_stmt 0               @ ../../Library_BSP/StdDriver/src/retarget.c:438:8
	cmp	r0, #10
	bne	.LBB3_5
	b	.LBB3_1
.LBB3_1:
.Ltmp58:
	.loc	1 440 9 is_stmt 1               @ ../../Library_BSP/StdDriver/src/retarget.c:440:9
	b	.LBB3_2
.LBB3_2:                                @ =>This Inner Loop Header: Depth=1
	.loc	1 0 9 is_stmt 0                 @ ../../Library_BSP/StdDriver/src/retarget.c:0:9
	ldr	r0, __arm_cp.3_0
	.loc	1 440 27                        @ ../../Library_BSP/StdDriver/src/retarget.c:440:27
	ldr	r0, [r0]
	.loc	1 440 9                         @ ../../Library_BSP/StdDriver/src/retarget.c:440:9
	lsls	r0, r0, #8
	cmp	r0, #0
	bpl	.LBB3_4
	b	.LBB3_3
.LBB3_3:                                @   in Loop: Header=BB3_2 Depth=1
	b	.LBB3_2
.LBB3_4:
	.loc	1 0 9                           @ ../../Library_BSP/StdDriver/src/retarget.c:0:9
	ldr	r1, __arm_cp.3_1
	movs	r0, #13
	.loc	1 441 25 is_stmt 1              @ ../../Library_BSP/StdDriver/src/retarget.c:441:25
	str	r0, [r1]
	.loc	1 442 5                         @ ../../Library_BSP/StdDriver/src/retarget.c:442:5
	b	.LBB3_5
.Ltmp59:
.LBB3_5:
	.loc	1 444 5                         @ ../../Library_BSP/StdDriver/src/retarget.c:444:5
	b	.LBB3_6
.LBB3_6:                                @ =>This Inner Loop Header: Depth=1
	.loc	1 0 5 is_stmt 0                 @ ../../Library_BSP/StdDriver/src/retarget.c:0:5
	ldr	r0, __arm_cp.3_0
	.loc	1 444 23                        @ ../../Library_BSP/StdDriver/src/retarget.c:444:23
	ldr	r0, [r0]
	.loc	1 444 5                         @ ../../Library_BSP/StdDriver/src/retarget.c:444:5
	lsls	r0, r0, #8
	cmp	r0, #0
	bpl	.LBB3_8
	b	.LBB3_7
.LBB3_7:                                @   in Loop: Header=BB3_6 Depth=1
	b	.LBB3_6
.LBB3_8:
	.loc	1 445 33 is_stmt 1              @ ../../Library_BSP/StdDriver/src/retarget.c:445:33
	ldr	r0, [sp]
	ldr	r1, __arm_cp.3_1
	.loc	1 445 21 is_stmt 0              @ ../../Library_BSP/StdDriver/src/retarget.c:445:21
	str	r0, [r1]
	.loc	1 446 1 epilogue_begin is_stmt 1 @ ../../Library_BSP/StdDriver/src/retarget.c:446:1
	add	sp, #4
	bx	lr
.Ltmp60:
	.p2align	2
@ %bb.9:
	.loc	1 0 1 is_stmt 0                 @ ../../Library_BSP/StdDriver/src/retarget.c:0:1
__arm_cp.3_0:
	.long	1342636056                      @ 0x50070018
.Lcpi_end22:
	.size	__arm_cp.3_0, .Lcpi_end22-__arm_cp.3_0
__arm_cp.3_1:
	.long	1342636032                      @ 0x50070000
.Lcpi_end23:
	.size	__arm_cp.3_1, .Lcpi_end23-__arm_cp.3_1
.Lfunc_end3:
	.size	SendChar_ToUART, .Lfunc_end3-SendChar_ToUART
	.cfi_endproc
	.cantunwind
	.fnend
                                        @ -- End function
	.section	.text.SendChar,"ax",%progbits
	.hidden	SendChar                        @ -- Begin function SendChar
	.globl	SendChar
	.p2align	1
	.type	SendChar,%function
	.code	16                              @ @SendChar
	.thumb_func
SendChar:
.Lfunc_begin4:
	.loc	1 516 0 is_stmt 1               @ ../../Library_BSP/StdDriver/src/retarget.c:516:0
	.fnstart
	.cfi_startproc
@ %bb.0:
	.save	{r7, lr}
	push	{r7, lr}
	.cfi_def_cfa_offset 8
	.cfi_offset lr, -4
	.cfi_offset r7, -8
	.pad	#8
	sub	sp, #8
	.cfi_def_cfa_offset 16
	str	r0, [sp, #4]
.Ltmp61:
	.loc	1 546 21 prologue_end           @ ../../Library_BSP/StdDriver/src/retarget.c:546:21
	ldr	r0, [sp, #4]
	.loc	1 546 5 is_stmt 0               @ ../../Library_BSP/StdDriver/src/retarget.c:546:5
	bl	SendChar_ToUART
	.loc	1 548 1 epilogue_begin is_stmt 1 @ ../../Library_BSP/StdDriver/src/retarget.c:548:1
	add	sp, #8
	pop	{r7, pc}
.Ltmp62:
.Lfunc_end4:
	.size	SendChar, .Lfunc_end4-SendChar
	.cfi_endproc
	.cantunwind
	.fnend
                                        @ -- End function
	.section	.text.GetChar,"ax",%progbits
	.hidden	GetChar                         @ -- Begin function GetChar
	.globl	GetChar
	.p2align	2
	.type	GetChar,%function
	.code	16                              @ @GetChar
	.thumb_func
GetChar:
.Lfunc_begin5:
	.fnstart
	.cfi_startproc
@ %bb.0:
	.loc	1 597 5 prologue_end            @ ../../Library_BSP/StdDriver/src/retarget.c:597:5
	b	.LBB5_1
.LBB5_1:                                @ =>This Inner Loop Header: Depth=1
	.loc	1 0 5 is_stmt 0                 @ ../../Library_BSP/StdDriver/src/retarget.c:0:5
	ldr	r0, __arm_cp.5_0
.Ltmp63:
	.loc	1 599 25 is_stmt 1              @ ../../Library_BSP/StdDriver/src/retarget.c:599:25
	ldr	r0, [r0]
.Ltmp64:
	.loc	1 599 12 is_stmt 0              @ ../../Library_BSP/StdDriver/src/retarget.c:599:12
	lsls	r0, r0, #17
	cmp	r0, #0
	bmi	.LBB5_3
	b	.LBB5_2
.LBB5_2:
	.loc	1 0 12                          @ ../../Library_BSP/StdDriver/src/retarget.c:0:12
	ldr	r0, __arm_cp.5_1
.Ltmp65:
	.loc	1 601 39 is_stmt 1              @ ../../Library_BSP/StdDriver/src/retarget.c:601:39
	ldr	r0, [r0]
	.loc	1 601 13 is_stmt 0              @ ../../Library_BSP/StdDriver/src/retarget.c:601:13
	uxtb	r0, r0
	bx	lr
.Ltmp66:
.LBB5_3:                                @   in Loop: Header=BB5_1 Depth=1
	.loc	1 597 5 is_stmt 1               @ ../../Library_BSP/StdDriver/src/retarget.c:597:5
	b	.LBB5_1
.Ltmp67:
	.p2align	2
@ %bb.4:
	.loc	1 0 5 is_stmt 0                 @ ../../Library_BSP/StdDriver/src/retarget.c:0:5
__arm_cp.5_0:
	.long	1342636056                      @ 0x50070018
.Lcpi_end24:
	.size	__arm_cp.5_0, .Lcpi_end24-__arm_cp.5_0
__arm_cp.5_1:
	.long	1342636032                      @ 0x50070000
.Lcpi_end25:
	.size	__arm_cp.5_1, .Lcpi_end25-__arm_cp.5_1
.Lfunc_end5:
	.size	GetChar, .Lfunc_end5-GetChar
	.cfi_endproc
	.cantunwind
	.fnend
                                        @ -- End function
	.section	.text.kbhit,"ax",%progbits
	.hidden	kbhit                           @ -- Begin function kbhit
	.globl	kbhit
	.p2align	2
	.type	kbhit,%function
	.code	16                              @ @kbhit
	.thumb_func
kbhit:
.Lfunc_begin6:
	.loc	1 620 0 is_stmt 1               @ ../../Library_BSP/StdDriver/src/retarget.c:620:0
	.fnstart
	.cfi_startproc
@ %bb.0:
	ldr	r0, __arm_cp.6_0
.Ltmp68:
	.loc	1 621 27 prologue_end           @ ../../Library_BSP/StdDriver/src/retarget.c:621:27
	ldr	r0, [r0]
	movw	r1, #16384
	.loc	1 621 35 is_stmt 0              @ ../../Library_BSP/StdDriver/src/retarget.c:621:35
	ands	r0, r1
	.loc	1 621 63                        @ ../../Library_BSP/StdDriver/src/retarget.c:621:63
	lsrs	r0, r0, #14
	.loc	1 621 5                         @ ../../Library_BSP/StdDriver/src/retarget.c:621:5
	bx	lr
.Ltmp69:
	.p2align	2
@ %bb.1:
	.loc	1 0 5                           @ ../../Library_BSP/StdDriver/src/retarget.c:0:5
__arm_cp.6_0:
	.long	1342636056                      @ 0x50070018
.Lcpi_end26:
	.size	__arm_cp.6_0, .Lcpi_end26-__arm_cp.6_0
.Lfunc_end6:
	.size	kbhit, .Lfunc_end6-kbhit
	.cfi_endproc
	.cantunwind
	.fnend
                                        @ -- End function
	.section	.text.IsDebugFifoEmpty,"ax",%progbits
	.hidden	IsDebugFifoEmpty                @ -- Begin function IsDebugFifoEmpty
	.globl	IsDebugFifoEmpty
	.p2align	2
	.type	IsDebugFifoEmpty,%function
	.code	16                              @ @IsDebugFifoEmpty
	.thumb_func
IsDebugFifoEmpty:
.Lfunc_begin7:
	.loc	1 635 0 is_stmt 1               @ ../../Library_BSP/StdDriver/src/retarget.c:635:0
	.fnstart
	.cfi_startproc
@ %bb.0:
	ldr	r0, __arm_cp.7_0
.Ltmp70:
	.loc	1 636 26 prologue_end           @ ../../Library_BSP/StdDriver/src/retarget.c:636:26
	ldr	r0, [r0]
	movs	r1, #1
	lsls	r1, r1, #28
	.loc	1 636 34 is_stmt 0              @ ../../Library_BSP/StdDriver/src/retarget.c:636:34
	ands	r0, r1
	.loc	1 636 63                        @ ../../Library_BSP/StdDriver/src/retarget.c:636:63
	lsrs	r0, r0, #28
	.loc	1 636 5                         @ ../../Library_BSP/StdDriver/src/retarget.c:636:5
	bx	lr
.Ltmp71:
	.p2align	2
@ %bb.1:
	.loc	1 0 5                           @ ../../Library_BSP/StdDriver/src/retarget.c:0:5
__arm_cp.7_0:
	.long	1342636056                      @ 0x50070018
.Lcpi_end27:
	.size	__arm_cp.7_0, .Lcpi_end27-__arm_cp.7_0
.Lfunc_end7:
	.size	IsDebugFifoEmpty, .Lfunc_end7-IsDebugFifoEmpty
	.cfi_endproc
	.cantunwind
	.fnend
                                        @ -- End function
	.section	.text._ttywrch,"ax",%progbits
	.hidden	_ttywrch                        @ -- Begin function _ttywrch
	.globl	_ttywrch
	.p2align	1
	.type	_ttywrch,%function
	.code	16                              @ @_ttywrch
	.thumb_func
_ttywrch:
.Lfunc_begin8:
	.loc	1 650 0 is_stmt 1               @ ../../Library_BSP/StdDriver/src/retarget.c:650:0
	.fnstart
	.cfi_startproc
@ %bb.0:
	.save	{r7, lr}
	push	{r7, lr}
	.cfi_def_cfa_offset 8
	.cfi_offset lr, -4
	.cfi_offset r7, -8
	.pad	#8
	sub	sp, #8
	.cfi_def_cfa_offset 16
	str	r0, [sp, #4]
.Ltmp72:
	.loc	1 651 14 prologue_end           @ ../../Library_BSP/StdDriver/src/retarget.c:651:14
	ldr	r0, [sp, #4]
	.loc	1 651 5 is_stmt 0               @ ../../Library_BSP/StdDriver/src/retarget.c:651:5
	bl	SendChar
	.loc	1 652 5 epilogue_begin is_stmt 1 @ ../../Library_BSP/StdDriver/src/retarget.c:652:5
	add	sp, #8
	pop	{r7, pc}
.Ltmp73:
.Lfunc_end8:
	.size	_ttywrch, .Lfunc_end8-_ttywrch
	.cfi_endproc
	.cantunwind
	.fnend
                                        @ -- End function
	.section	.text.fputc,"ax",%progbits
	.hidden	fputc                           @ -- Begin function fputc
	.globl	fputc
	.p2align	1
	.type	fputc,%function
	.code	16                              @ @fputc
	.thumb_func
fputc:
.Lfunc_begin9:
	.loc	1 675 0                         @ ../../Library_BSP/StdDriver/src/retarget.c:675:0
	.fnstart
	.cfi_startproc
@ %bb.0:
	.save	{r7, lr}
	push	{r7, lr}
	.cfi_def_cfa_offset 8
	.cfi_offset lr, -4
	.cfi_offset r7, -8
	.pad	#8
	sub	sp, #8
	.cfi_def_cfa_offset 16
	str	r0, [sp, #4]
	str	r1, [sp]
.Ltmp74:
	.loc	1 677 14 prologue_end           @ ../../Library_BSP/StdDriver/src/retarget.c:677:14
	ldr	r0, [sp, #4]
	.loc	1 677 5 is_stmt 0               @ ../../Library_BSP/StdDriver/src/retarget.c:677:5
	bl	SendChar
	.loc	1 678 12 is_stmt 1              @ ../../Library_BSP/StdDriver/src/retarget.c:678:12
	ldr	r0, [sp, #4]
	.loc	1 678 5 epilogue_begin is_stmt 0 @ ../../Library_BSP/StdDriver/src/retarget.c:678:5
	add	sp, #8
	pop	{r7, pc}
.Ltmp75:
.Lfunc_end9:
	.size	fputc, .Lfunc_end9-fputc
	.cfi_endproc
	.cantunwind
	.fnend
                                        @ -- End function
	.section	.text.fgetc,"ax",%progbits
	.hidden	fgetc                           @ -- Begin function fgetc
	.globl	fgetc
	.p2align	1
	.type	fgetc,%function
	.code	16                              @ @fgetc
	.thumb_func
fgetc:
.Lfunc_begin10:
	.loc	1 728 0 is_stmt 1               @ ../../Library_BSP/StdDriver/src/retarget.c:728:0
	.fnstart
	.cfi_startproc
@ %bb.0:
	.save	{r7, lr}
	push	{r7, lr}
	.cfi_def_cfa_offset 8
	.cfi_offset lr, -4
	.cfi_offset r7, -8
	.pad	#8
	sub	sp, #8
	.cfi_def_cfa_offset 16
	str	r0, [sp, #4]
.Ltmp76:
	.loc	1 730 18 prologue_end           @ ../../Library_BSP/StdDriver/src/retarget.c:730:18
	bl	GetChar
	.loc	1 730 5 epilogue_begin is_stmt 0 @ ../../Library_BSP/StdDriver/src/retarget.c:730:5
	add	sp, #8
	pop	{r7, pc}
.Ltmp77:
.Lfunc_end10:
	.size	fgetc, .Lfunc_end10-fgetc
	.cfi_endproc
	.cantunwind
	.fnend
                                        @ -- End function
	.section	.text.ferror,"ax",%progbits
	.hidden	ferror                          @ -- Begin function ferror
	.globl	ferror
	.p2align	1
	.type	ferror,%function
	.code	16                              @ @ferror
	.thumb_func
ferror:
.Lfunc_begin11:
	.loc	1 749 0 is_stmt 1               @ ../../Library_BSP/StdDriver/src/retarget.c:749:0
	.fnstart
	.cfi_startproc
@ %bb.0:
	.pad	#4
	sub	sp, #4
	.cfi_def_cfa_offset 4
	str	r0, [sp]
	movs	r0, #0
	mvns	r0, r0
.Ltmp78:
	.loc	1 751 5 prologue_end epilogue_begin @ ../../Library_BSP/StdDriver/src/retarget.c:751:5
	add	sp, #4
	bx	lr
.Ltmp79:
.Lfunc_end11:
	.size	ferror, .Lfunc_end11-ferror
	.cfi_endproc
	.cantunwind
	.fnend
                                        @ -- End function
	.type	.L.str,%object                  @ @.str
	.section	.rodata.str1.1,"aMS",%progbits,1
.L.str:
	.asciz	"HardFault @ 0x%08x\n"
	.size	.L.str, 20

	.type	.L.str.1,%object                @ @.str.1
.L.str.1:
	.asciz	"HardFault Analysis:\n"
	.size	.L.str.1, 21

	.type	.L.str.2,%object                @ @.str.2
.L.str.2:
	.asciz	"Instruction code = %x\n"
	.size	.L.str.2, 23

	.type	.L.str.3,%object                @ @.str.3
.L.str.3:
	.asciz	"Non-secure CPU try to fetch secure code\n"
	.size	.L.str.3, 41

	.type	.L.str.4,%object                @ @.str.4
.L.str.4:
	.asciz	"Execute BKPT without ICE connected\n"
	.size	.L.str.4, 36

	.type	.L.str.5,%object                @ @.str.5
.L.str.5:
	.asciz	"LDR/STR rt=%x rm=%x rn=%x\n"
	.size	.L.str.5, 27

	.type	.L.str.6,%object                @ @.str.6
.L.str.6:
	.asciz	"[0x%08x] 0x%04x %s 0x%x [0x%x]\n"
	.size	.L.str.6, 32

	.type	.L.str.7,%object                @ @.str.7
.L.str.7:
	.asciz	"LDR"
	.size	.L.str.7, 4

	.type	.L.str.8,%object                @ @.str.8
.L.str.8:
	.asciz	"STR"
	.size	.L.str.8, 4

	.type	.L.str.9,%object                @ @.str.9
.L.str.9:
	.asciz	"LDR/STR rt=%x rn=%x imm5=%x\n"
	.size	.L.str.9, 29

	.type	.L.str.10,%object               @ @.str.10
.L.str.10:
	.asciz	"LDRH/STRH rt=%x rn=%x imm5=%x\n"
	.size	.L.str.10, 31

	.type	.L.str.11,%object               @ @.str.11
.L.str.11:
	.asciz	"LDRH/STRH rt=%x imm8=%x\n"
	.size	.L.str.11, 25

	.type	.L.str.12,%object               @ @.str.12
.L.str.12:
	.asciz	"Unexpected instruction\n"
	.size	.L.str.12, 24

	.type	.L.str.13,%object               @ @.str.13
.L.str.13:
	.asciz	"CPU"
	.size	.L.str.13, 4

	.type	.L.str.14,%object               @ @.str.14
.L.str.14:
	.asciz	"PDMA0"
	.size	.L.str.14, 6

	.type	.L.str.15,%object               @ @.str.15
.L.str.15:
	.asciz	"SDH0"
	.size	.L.str.15, 5

	.type	.L.str.16,%object               @ @.str.16
.L.str.16:
	.asciz	"CRPT"
	.size	.L.str.16, 5

	.type	.L.str.17,%object               @ @.str.17
.L.str.17:
	.asciz	"USBH"
	.size	.L.str.17, 5

	.type	.L.str.18,%object               @ @.str.18
.L.str.18:
	.asciz	"PDMA1"
	.size	.L.str.18, 6

	.type	.L__const.ProcessHardFault.master,%object @ @__const.ProcessHardFault.master
	.section	.rodata..L__const.ProcessHardFault.master,"a",%progbits
	.p2align	2, 0x0
.L__const.ProcessHardFault.master:
	.long	.L.str.13
	.long	0
	.long	0
	.long	.L.str.14
	.long	.L.str.15
	.long	.L.str.16
	.long	.L.str.17
	.long	0
	.long	0
	.long	0
	.long	0
	.long	.L.str.18
	.size	.L__const.ProcessHardFault.master, 48

	.type	.L.str.19,%object               @ @.str.19
	.section	.rodata.str1.1,"aMS",%progbits,1
.L.str.19:
	.asciz	"APB0"
	.size	.L.str.19, 5

	.type	.L.str.20,%object               @ @.str.20
.L.str.20:
	.asciz	"APB1"
	.size	.L.str.20, 5

	.type	.L.str.21,%object               @ @.str.21
.L.str.21:
	.asciz	"GPIO"
	.size	.L.str.21, 5

	.type	.L.str.22,%object               @ @.str.22
.L.str.22:
	.asciz	"EBI"
	.size	.L.str.22, 4

	.type	.L.str.23,%object               @ @.str.23
.L.str.23:
	.asciz	"CRC"
	.size	.L.str.23, 4

	.type	.L.str.24,%object               @ @.str.24
.L.str.24:
	.asciz	"SRAM0"
	.size	.L.str.24, 6

	.type	.L.str.25,%object               @ @.str.25
.L.str.25:
	.asciz	"SRAM1"
	.size	.L.str.25, 6

	.type	.L.str.26,%object               @ @.str.26
.L.str.26:
	.asciz	"FMC"
	.size	.L.str.26, 4

	.type	.L.str.27,%object               @ @.str.27
.L.str.27:
	.asciz	"FLASH"
	.size	.L.str.27, 6

	.type	.L.str.28,%object               @ @.str.28
.L.str.28:
	.asciz	"SCU"
	.size	.L.str.28, 4

	.type	.L.str.29,%object               @ @.str.29
.L.str.29:
	.asciz	"SYS"
	.size	.L.str.29, 4

	.type	.L.str.30,%object               @ @.str.30
.L.str.30:
	.asciz	"KS"
	.size	.L.str.30, 3

	.type	.L.str.31,%object               @ @.str.31
.L.str.31:
	.asciz	"SIORAM"
	.size	.L.str.31, 7

	.type	.L__const.ProcessHardFault.ipname,%object @ @__const.ProcessHardFault.ipname
	.section	.rodata..L__const.ProcessHardFault.ipname,"a",%progbits
	.p2align	2, 0x0
.L__const.ProcessHardFault.ipname:
	.long	.L.str.19
	.long	.L.str.20
	.long	0
	.long	0
	.long	.L.str.21
	.long	.L.str.22
	.long	.L.str.17
	.long	.L.str.23
	.long	.L.str.15
	.long	0
	.long	.L.str.14
	.long	.L.str.18
	.long	.L.str.24
	.long	.L.str.25
	.long	.L.str.26
	.long	.L.str.27
	.long	.L.str.28
	.long	.L.str.29
	.long	.L.str.16
	.long	.L.str.30
	.long	.L.str.31
	.size	.L__const.ProcessHardFault.ipname, 84

	.type	.L__const.ProcessHardFault.info,%object @ @__const.ProcessHardFault.info
	.section	.rodata..L__const.ProcessHardFault.info,"a",%progbits
.L__const.ProcessHardFault.info:
	.ascii	"4<\000\000DLT\\d\000t|\204\214\224\234\244\254\264\274\304"
	.size	.L__const.ProcessHardFault.info, 21

	.type	.L.str.32,%object               @ @.str.32
	.section	.rodata.str1.1,"aMS",%progbits,1
.L.str.32:
	.asciz	"%s(0x%08x) Violation! "
	.size	.L.str.32, 23

	.type	.L.str.33,%object               @ @.str.33
.L.str.33:
	.asciz	"Caused by %s\n"
	.size	.L.str.33, 14

	.hidden	__stdout                        @ @__stdout
	.type	__stdout,%object
	.section	.bss.__stdout,"aw",%nobits
	.globl	__stdout
	.p2align	2, 0x0
__stdout:
	.zero	84
	.size	__stdout, 84

	.hidden	__stdin                         @ @__stdin
	.type	__stdin,%object
	.section	.bss.__stdin,"aw",%nobits
	.globl	__stdin
	.p2align	2, 0x0
__stdin:
	.zero	84
	.size	__stdin, 84

	.hidden	__stderr                        @ @__stderr
	.type	__stderr,%object
	.section	.bss.__stderr,"aw",%nobits
	.globl	__stderr
	.p2align	2, 0x0
__stderr:
	.zero	84
	.size	__stderr, 84

	.section	.debug_abbrev,"",%progbits
	.byte	1                               @ Abbreviation Code
	.byte	17                              @ DW_TAG_compile_unit
	.byte	1                               @ DW_CHILDREN_yes
	.byte	37                              @ DW_AT_producer
	.byte	14                              @ DW_FORM_strp
	.byte	19                              @ DW_AT_language
	.byte	5                               @ DW_FORM_data2
	.byte	3                               @ DW_AT_name
	.byte	14                              @ DW_FORM_strp
	.byte	16                              @ DW_AT_stmt_list
	.byte	23                              @ DW_FORM_sec_offset
	.byte	27                              @ DW_AT_comp_dir
	.byte	14                              @ DW_FORM_strp
	.byte	17                              @ DW_AT_low_pc
	.byte	1                               @ DW_FORM_addr
	.byte	85                              @ DW_AT_ranges
	.byte	23                              @ DW_FORM_sec_offset
	.byte	0                               @ EOM(1)
	.byte	0                               @ EOM(2)
	.byte	2                               @ Abbreviation Code
	.byte	52                              @ DW_TAG_variable
	.byte	0                               @ DW_CHILDREN_no
	.byte	73                              @ DW_AT_type
	.byte	19                              @ DW_FORM_ref4
	.byte	58                              @ DW_AT_decl_file
	.byte	11                              @ DW_FORM_data1
	.byte	59                              @ DW_AT_decl_line
	.byte	5                               @ DW_FORM_data2
	.byte	2                               @ DW_AT_location
	.byte	24                              @ DW_FORM_exprloc
	.byte	0                               @ EOM(1)
	.byte	0                               @ EOM(2)
	.byte	3                               @ Abbreviation Code
	.byte	1                               @ DW_TAG_array_type
	.byte	1                               @ DW_CHILDREN_yes
	.byte	73                              @ DW_AT_type
	.byte	19                              @ DW_FORM_ref4
	.byte	0                               @ EOM(1)
	.byte	0                               @ EOM(2)
	.byte	4                               @ Abbreviation Code
	.byte	33                              @ DW_TAG_subrange_type
	.byte	0                               @ DW_CHILDREN_no
	.byte	73                              @ DW_AT_type
	.byte	19                              @ DW_FORM_ref4
	.byte	55                              @ DW_AT_count
	.byte	11                              @ DW_FORM_data1
	.byte	0                               @ EOM(1)
	.byte	0                               @ EOM(2)
	.byte	5                               @ Abbreviation Code
	.byte	36                              @ DW_TAG_base_type
	.byte	0                               @ DW_CHILDREN_no
	.byte	3                               @ DW_AT_name
	.byte	14                              @ DW_FORM_strp
	.byte	62                              @ DW_AT_encoding
	.byte	11                              @ DW_FORM_data1
	.byte	11                              @ DW_AT_byte_size
	.byte	11                              @ DW_FORM_data1
	.byte	0                               @ EOM(1)
	.byte	0                               @ EOM(2)
	.byte	6                               @ Abbreviation Code
	.byte	36                              @ DW_TAG_base_type
	.byte	0                               @ DW_CHILDREN_no
	.byte	3                               @ DW_AT_name
	.byte	14                              @ DW_FORM_strp
	.byte	11                              @ DW_AT_byte_size
	.byte	11                              @ DW_FORM_data1
	.byte	62                              @ DW_AT_encoding
	.byte	11                              @ DW_FORM_data1
	.byte	0                               @ EOM(1)
	.byte	0                               @ EOM(2)
	.byte	7                               @ Abbreviation Code
	.byte	52                              @ DW_TAG_variable
	.byte	0                               @ DW_CHILDREN_no
	.byte	3                               @ DW_AT_name
	.byte	14                              @ DW_FORM_strp
	.byte	73                              @ DW_AT_type
	.byte	19                              @ DW_FORM_ref4
	.byte	63                              @ DW_AT_external
	.byte	25                              @ DW_FORM_flag_present
	.byte	58                              @ DW_AT_decl_file
	.byte	11                              @ DW_FORM_data1
	.byte	59                              @ DW_AT_decl_line
	.byte	11                              @ DW_FORM_data1
	.byte	2                               @ DW_AT_location
	.byte	24                              @ DW_FORM_exprloc
	.byte	0                               @ EOM(1)
	.byte	0                               @ EOM(2)
	.byte	8                               @ Abbreviation Code
	.byte	22                              @ DW_TAG_typedef
	.byte	0                               @ DW_CHILDREN_no
	.byte	73                              @ DW_AT_type
	.byte	19                              @ DW_FORM_ref4
	.byte	3                               @ DW_AT_name
	.byte	14                              @ DW_FORM_strp
	.byte	58                              @ DW_AT_decl_file
	.byte	11                              @ DW_FORM_data1
	.byte	59                              @ DW_AT_decl_line
	.byte	11                              @ DW_FORM_data1
	.byte	0                               @ EOM(1)
	.byte	0                               @ EOM(2)
	.byte	9                               @ Abbreviation Code
	.byte	19                              @ DW_TAG_structure_type
	.byte	1                               @ DW_CHILDREN_yes
	.byte	3                               @ DW_AT_name
	.byte	14                              @ DW_FORM_strp
	.byte	11                              @ DW_AT_byte_size
	.byte	11                              @ DW_FORM_data1
	.byte	58                              @ DW_AT_decl_file
	.byte	11                              @ DW_FORM_data1
	.byte	59                              @ DW_AT_decl_line
	.byte	11                              @ DW_FORM_data1
	.byte	0                               @ EOM(1)
	.byte	0                               @ EOM(2)
	.byte	10                              @ Abbreviation Code
	.byte	13                              @ DW_TAG_member
	.byte	0                               @ DW_CHILDREN_no
	.byte	3                               @ DW_AT_name
	.byte	14                              @ DW_FORM_strp
	.byte	73                              @ DW_AT_type
	.byte	19                              @ DW_FORM_ref4
	.byte	58                              @ DW_AT_decl_file
	.byte	11                              @ DW_FORM_data1
	.byte	59                              @ DW_AT_decl_line
	.byte	11                              @ DW_FORM_data1
	.byte	56                              @ DW_AT_data_member_location
	.byte	11                              @ DW_FORM_data1
	.byte	0                               @ EOM(1)
	.byte	0                               @ EOM(2)
	.byte	11                              @ Abbreviation Code
	.byte	23                              @ DW_TAG_union_type
	.byte	1                               @ DW_CHILDREN_yes
	.byte	11                              @ DW_AT_byte_size
	.byte	11                              @ DW_FORM_data1
	.byte	58                              @ DW_AT_decl_file
	.byte	11                              @ DW_FORM_data1
	.byte	59                              @ DW_AT_decl_line
	.byte	11                              @ DW_FORM_data1
	.byte	0                               @ EOM(1)
	.byte	0                               @ EOM(2)
	.byte	12                              @ Abbreviation Code
	.byte	15                              @ DW_TAG_pointer_type
	.byte	0                               @ DW_CHILDREN_no
	.byte	73                              @ DW_AT_type
	.byte	19                              @ DW_FORM_ref4
	.byte	0                               @ EOM(1)
	.byte	0                               @ EOM(2)
	.byte	13                              @ Abbreviation Code
	.byte	53                              @ DW_TAG_volatile_type
	.byte	0                               @ DW_CHILDREN_no
	.byte	73                              @ DW_AT_type
	.byte	19                              @ DW_FORM_ref4
	.byte	0                               @ EOM(1)
	.byte	0                               @ EOM(2)
	.byte	14                              @ Abbreviation Code
	.byte	22                              @ DW_TAG_typedef
	.byte	0                               @ DW_CHILDREN_no
	.byte	73                              @ DW_AT_type
	.byte	19                              @ DW_FORM_ref4
	.byte	3                               @ DW_AT_name
	.byte	14                              @ DW_FORM_strp
	.byte	58                              @ DW_AT_decl_file
	.byte	11                              @ DW_FORM_data1
	.byte	59                              @ DW_AT_decl_line
	.byte	5                               @ DW_FORM_data2
	.byte	0                               @ EOM(1)
	.byte	0                               @ EOM(2)
	.byte	15                              @ Abbreviation Code
	.byte	19                              @ DW_TAG_structure_type
	.byte	1                               @ DW_CHILDREN_yes
	.byte	11                              @ DW_AT_byte_size
	.byte	5                               @ DW_FORM_data2
	.byte	58                              @ DW_AT_decl_file
	.byte	11                              @ DW_FORM_data1
	.byte	59                              @ DW_AT_decl_line
	.byte	5                               @ DW_FORM_data2
	.byte	0                               @ EOM(1)
	.byte	0                               @ EOM(2)
	.byte	16                              @ Abbreviation Code
	.byte	13                              @ DW_TAG_member
	.byte	0                               @ DW_CHILDREN_no
	.byte	3                               @ DW_AT_name
	.byte	14                              @ DW_FORM_strp
	.byte	73                              @ DW_AT_type
	.byte	19                              @ DW_FORM_ref4
	.byte	58                              @ DW_AT_decl_file
	.byte	11                              @ DW_FORM_data1
	.byte	59                              @ DW_AT_decl_line
	.byte	5                               @ DW_FORM_data2
	.byte	56                              @ DW_AT_data_member_location
	.byte	11                              @ DW_FORM_data1
	.byte	0                               @ EOM(1)
	.byte	0                               @ EOM(2)
	.byte	17                              @ Abbreviation Code
	.byte	13                              @ DW_TAG_member
	.byte	0                               @ DW_CHILDREN_no
	.byte	3                               @ DW_AT_name
	.byte	14                              @ DW_FORM_strp
	.byte	73                              @ DW_AT_type
	.byte	19                              @ DW_FORM_ref4
	.byte	58                              @ DW_AT_decl_file
	.byte	11                              @ DW_FORM_data1
	.byte	59                              @ DW_AT_decl_line
	.byte	5                               @ DW_FORM_data2
	.byte	56                              @ DW_AT_data_member_location
	.byte	5                               @ DW_FORM_data2
	.byte	0                               @ EOM(1)
	.byte	0                               @ EOM(2)
	.byte	18                              @ Abbreviation Code
	.byte	38                              @ DW_TAG_const_type
	.byte	0                               @ DW_CHILDREN_no
	.byte	73                              @ DW_AT_type
	.byte	19                              @ DW_FORM_ref4
	.byte	0                               @ EOM(1)
	.byte	0                               @ EOM(2)
	.byte	19                              @ Abbreviation Code
	.byte	33                              @ DW_TAG_subrange_type
	.byte	0                               @ DW_CHILDREN_no
	.byte	73                              @ DW_AT_type
	.byte	19                              @ DW_FORM_ref4
	.byte	55                              @ DW_AT_count
	.byte	5                               @ DW_FORM_data2
	.byte	0                               @ EOM(1)
	.byte	0                               @ EOM(2)
	.byte	20                              @ Abbreviation Code
	.byte	19                              @ DW_TAG_structure_type
	.byte	1                               @ DW_CHILDREN_yes
	.byte	11                              @ DW_AT_byte_size
	.byte	11                              @ DW_FORM_data1
	.byte	58                              @ DW_AT_decl_file
	.byte	11                              @ DW_FORM_data1
	.byte	59                              @ DW_AT_decl_line
	.byte	11                              @ DW_FORM_data1
	.byte	0                               @ EOM(1)
	.byte	0                               @ EOM(2)
	.byte	21                              @ Abbreviation Code
	.byte	46                              @ DW_TAG_subprogram
	.byte	1                               @ DW_CHILDREN_yes
	.byte	17                              @ DW_AT_low_pc
	.byte	1                               @ DW_FORM_addr
	.byte	18                              @ DW_AT_high_pc
	.byte	6                               @ DW_FORM_data4
	.byte	64                              @ DW_AT_frame_base
	.byte	24                              @ DW_FORM_exprloc
	.byte	3                               @ DW_AT_name
	.byte	14                              @ DW_FORM_strp
	.byte	58                              @ DW_AT_decl_file
	.byte	11                              @ DW_FORM_data1
	.byte	59                              @ DW_AT_decl_line
	.byte	11                              @ DW_FORM_data1
	.byte	39                              @ DW_AT_prototyped
	.byte	25                              @ DW_FORM_flag_present
	.byte	63                              @ DW_AT_external
	.byte	25                              @ DW_FORM_flag_present
	.ascii	"\207\001"                      @ DW_AT_noreturn
	.byte	25                              @ DW_FORM_flag_present
	.byte	0                               @ EOM(1)
	.byte	0                               @ EOM(2)
	.byte	22                              @ Abbreviation Code
	.byte	5                               @ DW_TAG_formal_parameter
	.byte	0                               @ DW_CHILDREN_no
	.byte	2                               @ DW_AT_location
	.byte	24                              @ DW_FORM_exprloc
	.byte	3                               @ DW_AT_name
	.byte	14                              @ DW_FORM_strp
	.byte	58                              @ DW_AT_decl_file
	.byte	11                              @ DW_FORM_data1
	.byte	59                              @ DW_AT_decl_line
	.byte	11                              @ DW_FORM_data1
	.byte	73                              @ DW_AT_type
	.byte	19                              @ DW_FORM_ref4
	.byte	0                               @ EOM(1)
	.byte	0                               @ EOM(2)
	.byte	23                              @ Abbreviation Code
	.byte	46                              @ DW_TAG_subprogram
	.byte	1                               @ DW_CHILDREN_yes
	.byte	3                               @ DW_AT_name
	.byte	14                              @ DW_FORM_strp
	.byte	58                              @ DW_AT_decl_file
	.byte	11                              @ DW_FORM_data1
	.byte	59                              @ DW_AT_decl_line
	.byte	11                              @ DW_FORM_data1
	.byte	39                              @ DW_AT_prototyped
	.byte	25                              @ DW_FORM_flag_present
	.byte	73                              @ DW_AT_type
	.byte	19                              @ DW_FORM_ref4
	.byte	32                              @ DW_AT_inline
	.byte	11                              @ DW_FORM_data1
	.byte	0                               @ EOM(1)
	.byte	0                               @ EOM(2)
	.byte	24                              @ Abbreviation Code
	.byte	52                              @ DW_TAG_variable
	.byte	0                               @ DW_CHILDREN_no
	.byte	3                               @ DW_AT_name
	.byte	14                              @ DW_FORM_strp
	.byte	58                              @ DW_AT_decl_file
	.byte	11                              @ DW_FORM_data1
	.byte	59                              @ DW_AT_decl_line
	.byte	11                              @ DW_FORM_data1
	.byte	73                              @ DW_AT_type
	.byte	19                              @ DW_FORM_ref4
	.byte	0                               @ EOM(1)
	.byte	0                               @ EOM(2)
	.byte	25                              @ Abbreviation Code
	.byte	46                              @ DW_TAG_subprogram
	.byte	1                               @ DW_CHILDREN_yes
	.byte	3                               @ DW_AT_name
	.byte	14                              @ DW_FORM_strp
	.byte	58                              @ DW_AT_decl_file
	.byte	11                              @ DW_FORM_data1
	.byte	59                              @ DW_AT_decl_line
	.byte	5                               @ DW_FORM_data2
	.byte	39                              @ DW_AT_prototyped
	.byte	25                              @ DW_FORM_flag_present
	.byte	73                              @ DW_AT_type
	.byte	19                              @ DW_FORM_ref4
	.byte	32                              @ DW_AT_inline
	.byte	11                              @ DW_FORM_data1
	.byte	0                               @ EOM(1)
	.byte	0                               @ EOM(2)
	.byte	26                              @ Abbreviation Code
	.byte	52                              @ DW_TAG_variable
	.byte	0                               @ DW_CHILDREN_no
	.byte	3                               @ DW_AT_name
	.byte	14                              @ DW_FORM_strp
	.byte	58                              @ DW_AT_decl_file
	.byte	11                              @ DW_FORM_data1
	.byte	59                              @ DW_AT_decl_line
	.byte	5                               @ DW_FORM_data2
	.byte	73                              @ DW_AT_type
	.byte	19                              @ DW_FORM_ref4
	.byte	0                               @ EOM(1)
	.byte	0                               @ EOM(2)
	.byte	27                              @ Abbreviation Code
	.byte	46                              @ DW_TAG_subprogram
	.byte	1                               @ DW_CHILDREN_yes
	.byte	17                              @ DW_AT_low_pc
	.byte	1                               @ DW_FORM_addr
	.byte	18                              @ DW_AT_high_pc
	.byte	6                               @ DW_FORM_data4
	.byte	64                              @ DW_AT_frame_base
	.byte	24                              @ DW_FORM_exprloc
	.byte	3                               @ DW_AT_name
	.byte	14                              @ DW_FORM_strp
	.byte	58                              @ DW_AT_decl_file
	.byte	11                              @ DW_FORM_data1
	.byte	59                              @ DW_AT_decl_line
	.byte	11                              @ DW_FORM_data1
	.byte	39                              @ DW_AT_prototyped
	.byte	25                              @ DW_FORM_flag_present
	.byte	73                              @ DW_AT_type
	.byte	19                              @ DW_FORM_ref4
	.byte	63                              @ DW_AT_external
	.byte	25                              @ DW_FORM_flag_present
	.byte	0                               @ EOM(1)
	.byte	0                               @ EOM(2)
	.byte	28                              @ Abbreviation Code
	.byte	52                              @ DW_TAG_variable
	.byte	0                               @ DW_CHILDREN_no
	.byte	2                               @ DW_AT_location
	.byte	24                              @ DW_FORM_exprloc
	.byte	3                               @ DW_AT_name
	.byte	14                              @ DW_FORM_strp
	.byte	58                              @ DW_AT_decl_file
	.byte	11                              @ DW_FORM_data1
	.byte	59                              @ DW_AT_decl_line
	.byte	5                               @ DW_FORM_data2
	.byte	73                              @ DW_AT_type
	.byte	19                              @ DW_FORM_ref4
	.byte	0                               @ EOM(1)
	.byte	0                               @ EOM(2)
	.byte	29                              @ Abbreviation Code
	.byte	29                              @ DW_TAG_inlined_subroutine
	.byte	1                               @ DW_CHILDREN_yes
	.byte	49                              @ DW_AT_abstract_origin
	.byte	19                              @ DW_FORM_ref4
	.byte	17                              @ DW_AT_low_pc
	.byte	1                               @ DW_FORM_addr
	.byte	18                              @ DW_AT_high_pc
	.byte	6                               @ DW_FORM_data4
	.byte	88                              @ DW_AT_call_file
	.byte	11                              @ DW_FORM_data1
	.byte	89                              @ DW_AT_call_line
	.byte	5                               @ DW_FORM_data2
	.byte	87                              @ DW_AT_call_column
	.byte	11                              @ DW_FORM_data1
	.byte	0                               @ EOM(1)
	.byte	0                               @ EOM(2)
	.byte	30                              @ Abbreviation Code
	.byte	52                              @ DW_TAG_variable
	.byte	0                               @ DW_CHILDREN_no
	.byte	2                               @ DW_AT_location
	.byte	24                              @ DW_FORM_exprloc
	.byte	49                              @ DW_AT_abstract_origin
	.byte	19                              @ DW_FORM_ref4
	.byte	0                               @ EOM(1)
	.byte	0                               @ EOM(2)
	.byte	31                              @ Abbreviation Code
	.byte	11                              @ DW_TAG_lexical_block
	.byte	1                               @ DW_CHILDREN_yes
	.byte	17                              @ DW_AT_low_pc
	.byte	1                               @ DW_FORM_addr
	.byte	18                              @ DW_AT_high_pc
	.byte	6                               @ DW_FORM_data4
	.byte	0                               @ EOM(1)
	.byte	0                               @ EOM(2)
	.byte	32                              @ Abbreviation Code
	.byte	46                              @ DW_TAG_subprogram
	.byte	1                               @ DW_CHILDREN_yes
	.byte	17                              @ DW_AT_low_pc
	.byte	1                               @ DW_FORM_addr
	.byte	18                              @ DW_AT_high_pc
	.byte	6                               @ DW_FORM_data4
	.byte	64                              @ DW_AT_frame_base
	.byte	24                              @ DW_FORM_exprloc
	.byte	3                               @ DW_AT_name
	.byte	14                              @ DW_FORM_strp
	.byte	58                              @ DW_AT_decl_file
	.byte	11                              @ DW_FORM_data1
	.byte	59                              @ DW_AT_decl_line
	.byte	5                               @ DW_FORM_data2
	.byte	39                              @ DW_AT_prototyped
	.byte	25                              @ DW_FORM_flag_present
	.byte	73                              @ DW_AT_type
	.byte	19                              @ DW_FORM_ref4
	.byte	63                              @ DW_AT_external
	.byte	25                              @ DW_FORM_flag_present
	.byte	0                               @ EOM(1)
	.byte	0                               @ EOM(2)
	.byte	33                              @ Abbreviation Code
	.byte	5                               @ DW_TAG_formal_parameter
	.byte	0                               @ DW_CHILDREN_no
	.byte	2                               @ DW_AT_location
	.byte	24                              @ DW_FORM_exprloc
	.byte	3                               @ DW_AT_name
	.byte	14                              @ DW_FORM_strp
	.byte	58                              @ DW_AT_decl_file
	.byte	11                              @ DW_FORM_data1
	.byte	59                              @ DW_AT_decl_line
	.byte	5                               @ DW_FORM_data2
	.byte	73                              @ DW_AT_type
	.byte	19                              @ DW_FORM_ref4
	.byte	0                               @ EOM(1)
	.byte	0                               @ EOM(2)
	.byte	34                              @ Abbreviation Code
	.byte	46                              @ DW_TAG_subprogram
	.byte	1                               @ DW_CHILDREN_yes
	.byte	17                              @ DW_AT_low_pc
	.byte	1                               @ DW_FORM_addr
	.byte	18                              @ DW_AT_high_pc
	.byte	6                               @ DW_FORM_data4
	.byte	64                              @ DW_AT_frame_base
	.byte	24                              @ DW_FORM_exprloc
	.byte	3                               @ DW_AT_name
	.byte	14                              @ DW_FORM_strp
	.byte	58                              @ DW_AT_decl_file
	.byte	11                              @ DW_FORM_data1
	.byte	59                              @ DW_AT_decl_line
	.byte	5                               @ DW_FORM_data2
	.byte	39                              @ DW_AT_prototyped
	.byte	25                              @ DW_FORM_flag_present
	.byte	63                              @ DW_AT_external
	.byte	25                              @ DW_FORM_flag_present
	.byte	0                               @ EOM(1)
	.byte	0                               @ EOM(2)
	.byte	35                              @ Abbreviation Code
	.byte	46                              @ DW_TAG_subprogram
	.byte	0                               @ DW_CHILDREN_no
	.byte	17                              @ DW_AT_low_pc
	.byte	1                               @ DW_FORM_addr
	.byte	18                              @ DW_AT_high_pc
	.byte	6                               @ DW_FORM_data4
	.byte	64                              @ DW_AT_frame_base
	.byte	24                              @ DW_FORM_exprloc
	.byte	3                               @ DW_AT_name
	.byte	14                              @ DW_FORM_strp
	.byte	58                              @ DW_AT_decl_file
	.byte	11                              @ DW_FORM_data1
	.byte	59                              @ DW_AT_decl_line
	.byte	5                               @ DW_FORM_data2
	.byte	39                              @ DW_AT_prototyped
	.byte	25                              @ DW_FORM_flag_present
	.byte	73                              @ DW_AT_type
	.byte	19                              @ DW_FORM_ref4
	.byte	63                              @ DW_AT_external
	.byte	25                              @ DW_FORM_flag_present
	.byte	0                               @ EOM(1)
	.byte	0                               @ EOM(2)
	.byte	0                               @ EOM(3)
	.section	.debug_info,"",%progbits
.Lcu_begin0:
	.long	.Ldebug_info_end0-.Ldebug_info_start0 @ Length of Unit
.Ldebug_info_start0:
	.short	4                               @ DWARF version number
	.long	.debug_abbrev                   @ Offset Into Abbrev. Section
	.byte	4                               @ Address Size (in bytes)
	.byte	1                               @ Abbrev [1] 0xb:0xc3c DW_TAG_compile_unit
	.long	.Linfo_string0                  @ DW_AT_producer
	.short	29                              @ DW_AT_language
	.long	.Linfo_string1                  @ DW_AT_name
	.long	.Lline_table_start0             @ DW_AT_stmt_list
	.long	.Linfo_string2                  @ DW_AT_comp_dir
	.long	0                               @ DW_AT_low_pc
	.long	.Ldebug_ranges0                 @ DW_AT_ranges
	.byte	2                               @ Abbrev [2] 0x26:0xe DW_TAG_variable
	.long	52                              @ DW_AT_type
	.byte	1                               @ DW_AT_decl_file
	.short	307                             @ DW_AT_decl_line
	.byte	5                               @ DW_AT_location
	.byte	3
	.long	.L.str
	.byte	3                               @ Abbrev [3] 0x34:0xc DW_TAG_array_type
	.long	64                              @ DW_AT_type
	.byte	4                               @ Abbrev [4] 0x39:0x6 DW_TAG_subrange_type
	.long	71                              @ DW_AT_type
	.byte	20                              @ DW_AT_count
	.byte	0                               @ End Of Children Mark
	.byte	5                               @ Abbrev [5] 0x40:0x7 DW_TAG_base_type
	.long	.Linfo_string3                  @ DW_AT_name
	.byte	8                               @ DW_AT_encoding
	.byte	1                               @ DW_AT_byte_size
	.byte	6                               @ Abbrev [6] 0x47:0x7 DW_TAG_base_type
	.long	.Linfo_string4                  @ DW_AT_name
	.byte	8                               @ DW_AT_byte_size
	.byte	7                               @ DW_AT_encoding
	.byte	2                               @ Abbrev [2] 0x4e:0xe DW_TAG_variable
	.long	92                              @ DW_AT_type
	.byte	1                               @ DW_AT_decl_file
	.short	315                             @ DW_AT_decl_line
	.byte	5                               @ DW_AT_location
	.byte	3
	.long	.L.str.1
	.byte	3                               @ Abbrev [3] 0x5c:0xc DW_TAG_array_type
	.long	64                              @ DW_AT_type
	.byte	4                               @ Abbrev [4] 0x61:0x6 DW_TAG_subrange_type
	.long	71                              @ DW_AT_type
	.byte	21                              @ DW_AT_count
	.byte	0                               @ End Of Children Mark
	.byte	2                               @ Abbrev [2] 0x68:0xe DW_TAG_variable
	.long	118                             @ DW_AT_type
	.byte	1                               @ DW_AT_decl_file
	.short	317                             @ DW_AT_decl_line
	.byte	5                               @ DW_AT_location
	.byte	3
	.long	.L.str.2
	.byte	3                               @ Abbrev [3] 0x76:0xc DW_TAG_array_type
	.long	64                              @ DW_AT_type
	.byte	4                               @ Abbrev [4] 0x7b:0x6 DW_TAG_subrange_type
	.long	71                              @ DW_AT_type
	.byte	23                              @ DW_AT_count
	.byte	0                               @ End Of Children Mark
	.byte	2                               @ Abbrev [2] 0x82:0xe DW_TAG_variable
	.long	144                             @ DW_AT_type
	.byte	1                               @ DW_AT_decl_file
	.short	321                             @ DW_AT_decl_line
	.byte	5                               @ DW_AT_location
	.byte	3
	.long	.L.str.3
	.byte	3                               @ Abbrev [3] 0x90:0xc DW_TAG_array_type
	.long	64                              @ DW_AT_type
	.byte	4                               @ Abbrev [4] 0x95:0x6 DW_TAG_subrange_type
	.long	71                              @ DW_AT_type
	.byte	41                              @ DW_AT_count
	.byte	0                               @ End Of Children Mark
	.byte	2                               @ Abbrev [2] 0x9c:0xe DW_TAG_variable
	.long	170                             @ DW_AT_type
	.byte	1                               @ DW_AT_decl_file
	.short	325                             @ DW_AT_decl_line
	.byte	5                               @ DW_AT_location
	.byte	3
	.long	.L.str.4
	.byte	3                               @ Abbrev [3] 0xaa:0xc DW_TAG_array_type
	.long	64                              @ DW_AT_type
	.byte	4                               @ Abbrev [4] 0xaf:0x6 DW_TAG_subrange_type
	.long	71                              @ DW_AT_type
	.byte	36                              @ DW_AT_count
	.byte	0                               @ End Of Children Mark
	.byte	2                               @ Abbrev [2] 0xb6:0xe DW_TAG_variable
	.long	196                             @ DW_AT_type
	.byte	1                               @ DW_AT_decl_file
	.short	334                             @ DW_AT_decl_line
	.byte	5                               @ DW_AT_location
	.byte	3
	.long	.L.str.5
	.byte	3                               @ Abbrev [3] 0xc4:0xc DW_TAG_array_type
	.long	64                              @ DW_AT_type
	.byte	4                               @ Abbrev [4] 0xc9:0x6 DW_TAG_subrange_type
	.long	71                              @ DW_AT_type
	.byte	27                              @ DW_AT_count
	.byte	0                               @ End Of Children Mark
	.byte	2                               @ Abbrev [2] 0xd0:0xe DW_TAG_variable
	.long	222                             @ DW_AT_type
	.byte	1                               @ DW_AT_decl_file
	.short	337                             @ DW_AT_decl_line
	.byte	5                               @ DW_AT_location
	.byte	3
	.long	.L.str.6
	.byte	3                               @ Abbrev [3] 0xde:0xc DW_TAG_array_type
	.long	64                              @ DW_AT_type
	.byte	4                               @ Abbrev [4] 0xe3:0x6 DW_TAG_subrange_type
	.long	71                              @ DW_AT_type
	.byte	32                              @ DW_AT_count
	.byte	0                               @ End Of Children Mark
	.byte	2                               @ Abbrev [2] 0xea:0xe DW_TAG_variable
	.long	248                             @ DW_AT_type
	.byte	1                               @ DW_AT_decl_file
	.short	338                             @ DW_AT_decl_line
	.byte	5                               @ DW_AT_location
	.byte	3
	.long	.L.str.7
	.byte	3                               @ Abbrev [3] 0xf8:0xc DW_TAG_array_type
	.long	64                              @ DW_AT_type
	.byte	4                               @ Abbrev [4] 0xfd:0x6 DW_TAG_subrange_type
	.long	71                              @ DW_AT_type
	.byte	4                               @ DW_AT_count
	.byte	0                               @ End Of Children Mark
	.byte	2                               @ Abbrev [2] 0x104:0xe DW_TAG_variable
	.long	248                             @ DW_AT_type
	.byte	1                               @ DW_AT_decl_file
	.short	338                             @ DW_AT_decl_line
	.byte	5                               @ DW_AT_location
	.byte	3
	.long	.L.str.8
	.byte	2                               @ Abbrev [2] 0x112:0xe DW_TAG_variable
	.long	288                             @ DW_AT_type
	.byte	1                               @ DW_AT_decl_file
	.short	348                             @ DW_AT_decl_line
	.byte	5                               @ DW_AT_location
	.byte	3
	.long	.L.str.9
	.byte	3                               @ Abbrev [3] 0x120:0xc DW_TAG_array_type
	.long	64                              @ DW_AT_type
	.byte	4                               @ Abbrev [4] 0x125:0x6 DW_TAG_subrange_type
	.long	71                              @ DW_AT_type
	.byte	29                              @ DW_AT_count
	.byte	0                               @ End Of Children Mark
	.byte	2                               @ Abbrev [2] 0x12c:0xe DW_TAG_variable
	.long	314                             @ DW_AT_type
	.byte	1                               @ DW_AT_decl_file
	.short	361                             @ DW_AT_decl_line
	.byte	5                               @ DW_AT_location
	.byte	3
	.long	.L.str.10
	.byte	3                               @ Abbrev [3] 0x13a:0xc DW_TAG_array_type
	.long	64                              @ DW_AT_type
	.byte	4                               @ Abbrev [4] 0x13f:0x6 DW_TAG_subrange_type
	.long	71                              @ DW_AT_type
	.byte	31                              @ DW_AT_count
	.byte	0                               @ End Of Children Mark
	.byte	2                               @ Abbrev [2] 0x146:0xe DW_TAG_variable
	.long	340                             @ DW_AT_type
	.byte	1                               @ DW_AT_decl_file
	.short	374                             @ DW_AT_decl_line
	.byte	5                               @ DW_AT_location
	.byte	3
	.long	.L.str.11
	.byte	3                               @ Abbrev [3] 0x154:0xc DW_TAG_array_type
	.long	64                              @ DW_AT_type
	.byte	4                               @ Abbrev [4] 0x159:0x6 DW_TAG_subrange_type
	.long	71                              @ DW_AT_type
	.byte	25                              @ DW_AT_count
	.byte	0                               @ End Of Children Mark
	.byte	2                               @ Abbrev [2] 0x160:0xe DW_TAG_variable
	.long	366                             @ DW_AT_type
	.byte	1                               @ DW_AT_decl_file
	.short	382                             @ DW_AT_decl_line
	.byte	5                               @ DW_AT_location
	.byte	3
	.long	.L.str.12
	.byte	3                               @ Abbrev [3] 0x16e:0xc DW_TAG_array_type
	.long	64                              @ DW_AT_type
	.byte	4                               @ Abbrev [4] 0x173:0x6 DW_TAG_subrange_type
	.long	71                              @ DW_AT_type
	.byte	24                              @ DW_AT_count
	.byte	0                               @ End Of Children Mark
	.byte	2                               @ Abbrev [2] 0x17a:0xe DW_TAG_variable
	.long	248                             @ DW_AT_type
	.byte	1                               @ DW_AT_decl_file
	.short	389                             @ DW_AT_decl_line
	.byte	5                               @ DW_AT_location
	.byte	3
	.long	.L.str.13
	.byte	2                               @ Abbrev [2] 0x188:0xe DW_TAG_variable
	.long	406                             @ DW_AT_type
	.byte	1                               @ DW_AT_decl_file
	.short	389                             @ DW_AT_decl_line
	.byte	5                               @ DW_AT_location
	.byte	3
	.long	.L.str.14
	.byte	3                               @ Abbrev [3] 0x196:0xc DW_TAG_array_type
	.long	64                              @ DW_AT_type
	.byte	4                               @ Abbrev [4] 0x19b:0x6 DW_TAG_subrange_type
	.long	71                              @ DW_AT_type
	.byte	6                               @ DW_AT_count
	.byte	0                               @ End Of Children Mark
	.byte	2                               @ Abbrev [2] 0x1a2:0xe DW_TAG_variable
	.long	432                             @ DW_AT_type
	.byte	1                               @ DW_AT_decl_file
	.short	389                             @ DW_AT_decl_line
	.byte	5                               @ DW_AT_location
	.byte	3
	.long	.L.str.15
	.byte	3                               @ Abbrev [3] 0x1b0:0xc DW_TAG_array_type
	.long	64                              @ DW_AT_type
	.byte	4                               @ Abbrev [4] 0x1b5:0x6 DW_TAG_subrange_type
	.long	71                              @ DW_AT_type
	.byte	5                               @ DW_AT_count
	.byte	0                               @ End Of Children Mark
	.byte	2                               @ Abbrev [2] 0x1bc:0xe DW_TAG_variable
	.long	432                             @ DW_AT_type
	.byte	1                               @ DW_AT_decl_file
	.short	389                             @ DW_AT_decl_line
	.byte	5                               @ DW_AT_location
	.byte	3
	.long	.L.str.16
	.byte	2                               @ Abbrev [2] 0x1ca:0xe DW_TAG_variable
	.long	432                             @ DW_AT_type
	.byte	1                               @ DW_AT_decl_file
	.short	389                             @ DW_AT_decl_line
	.byte	5                               @ DW_AT_location
	.byte	3
	.long	.L.str.17
	.byte	2                               @ Abbrev [2] 0x1d8:0xe DW_TAG_variable
	.long	406                             @ DW_AT_type
	.byte	1                               @ DW_AT_decl_file
	.short	389                             @ DW_AT_decl_line
	.byte	5                               @ DW_AT_location
	.byte	3
	.long	.L.str.18
	.byte	2                               @ Abbrev [2] 0x1e6:0xe DW_TAG_variable
	.long	432                             @ DW_AT_type
	.byte	1                               @ DW_AT_decl_file
	.short	390                             @ DW_AT_decl_line
	.byte	5                               @ DW_AT_location
	.byte	3
	.long	.L.str.19
	.byte	2                               @ Abbrev [2] 0x1f4:0xe DW_TAG_variable
	.long	432                             @ DW_AT_type
	.byte	1                               @ DW_AT_decl_file
	.short	390                             @ DW_AT_decl_line
	.byte	5                               @ DW_AT_location
	.byte	3
	.long	.L.str.20
	.byte	2                               @ Abbrev [2] 0x202:0xe DW_TAG_variable
	.long	432                             @ DW_AT_type
	.byte	1                               @ DW_AT_decl_file
	.short	390                             @ DW_AT_decl_line
	.byte	5                               @ DW_AT_location
	.byte	3
	.long	.L.str.21
	.byte	2                               @ Abbrev [2] 0x210:0xe DW_TAG_variable
	.long	248                             @ DW_AT_type
	.byte	1                               @ DW_AT_decl_file
	.short	390                             @ DW_AT_decl_line
	.byte	5                               @ DW_AT_location
	.byte	3
	.long	.L.str.22
	.byte	2                               @ Abbrev [2] 0x21e:0xe DW_TAG_variable
	.long	248                             @ DW_AT_type
	.byte	1                               @ DW_AT_decl_file
	.short	390                             @ DW_AT_decl_line
	.byte	5                               @ DW_AT_location
	.byte	3
	.long	.L.str.23
	.byte	2                               @ Abbrev [2] 0x22c:0xe DW_TAG_variable
	.long	406                             @ DW_AT_type
	.byte	1                               @ DW_AT_decl_file
	.short	391                             @ DW_AT_decl_line
	.byte	5                               @ DW_AT_location
	.byte	3
	.long	.L.str.24
	.byte	2                               @ Abbrev [2] 0x23a:0xe DW_TAG_variable
	.long	406                             @ DW_AT_type
	.byte	1                               @ DW_AT_decl_file
	.short	391                             @ DW_AT_decl_line
	.byte	5                               @ DW_AT_location
	.byte	3
	.long	.L.str.25
	.byte	2                               @ Abbrev [2] 0x248:0xe DW_TAG_variable
	.long	248                             @ DW_AT_type
	.byte	1                               @ DW_AT_decl_file
	.short	391                             @ DW_AT_decl_line
	.byte	5                               @ DW_AT_location
	.byte	3
	.long	.L.str.26
	.byte	2                               @ Abbrev [2] 0x256:0xe DW_TAG_variable
	.long	406                             @ DW_AT_type
	.byte	1                               @ DW_AT_decl_file
	.short	391                             @ DW_AT_decl_line
	.byte	5                               @ DW_AT_location
	.byte	3
	.long	.L.str.27
	.byte	2                               @ Abbrev [2] 0x264:0xe DW_TAG_variable
	.long	248                             @ DW_AT_type
	.byte	1                               @ DW_AT_decl_file
	.short	391                             @ DW_AT_decl_line
	.byte	5                               @ DW_AT_location
	.byte	3
	.long	.L.str.28
	.byte	2                               @ Abbrev [2] 0x272:0xe DW_TAG_variable
	.long	248                             @ DW_AT_type
	.byte	1                               @ DW_AT_decl_file
	.short	391                             @ DW_AT_decl_line
	.byte	5                               @ DW_AT_location
	.byte	3
	.long	.L.str.29
	.byte	2                               @ Abbrev [2] 0x280:0xe DW_TAG_variable
	.long	654                             @ DW_AT_type
	.byte	1                               @ DW_AT_decl_file
	.short	391                             @ DW_AT_decl_line
	.byte	5                               @ DW_AT_location
	.byte	3
	.long	.L.str.30
	.byte	3                               @ Abbrev [3] 0x28e:0xc DW_TAG_array_type
	.long	64                              @ DW_AT_type
	.byte	4                               @ Abbrev [4] 0x293:0x6 DW_TAG_subrange_type
	.long	71                              @ DW_AT_type
	.byte	3                               @ DW_AT_count
	.byte	0                               @ End Of Children Mark
	.byte	2                               @ Abbrev [2] 0x29a:0xe DW_TAG_variable
	.long	680                             @ DW_AT_type
	.byte	1                               @ DW_AT_decl_file
	.short	391                             @ DW_AT_decl_line
	.byte	5                               @ DW_AT_location
	.byte	3
	.long	.L.str.31
	.byte	3                               @ Abbrev [3] 0x2a8:0xc DW_TAG_array_type
	.long	64                              @ DW_AT_type
	.byte	4                               @ Abbrev [4] 0x2ad:0x6 DW_TAG_subrange_type
	.long	71                              @ DW_AT_type
	.byte	7                               @ DW_AT_count
	.byte	0                               @ End Of Children Mark
	.byte	2                               @ Abbrev [2] 0x2b4:0xe DW_TAG_variable
	.long	118                             @ DW_AT_type
	.byte	1                               @ DW_AT_decl_file
	.short	400                             @ DW_AT_decl_line
	.byte	5                               @ DW_AT_location
	.byte	3
	.long	.L.str.32
	.byte	2                               @ Abbrev [2] 0x2c2:0xe DW_TAG_variable
	.long	720                             @ DW_AT_type
	.byte	1                               @ DW_AT_decl_file
	.short	401                             @ DW_AT_decl_line
	.byte	5                               @ DW_AT_location
	.byte	3
	.long	.L.str.33
	.byte	3                               @ Abbrev [3] 0x2d0:0xc DW_TAG_array_type
	.long	64                              @ DW_AT_type
	.byte	4                               @ Abbrev [4] 0x2d5:0x6 DW_TAG_subrange_type
	.long	71                              @ DW_AT_type
	.byte	14                              @ DW_AT_count
	.byte	0                               @ End Of Children Mark
	.byte	7                               @ Abbrev [7] 0x2dc:0x11 DW_TAG_variable
	.long	.Linfo_string5                  @ DW_AT_name
	.long	749                             @ DW_AT_type
                                        @ DW_AT_external
	.byte	1                               @ DW_AT_decl_file
	.byte	91                              @ DW_AT_decl_line
	.byte	5                               @ DW_AT_location
	.byte	3
	.long	__stdout
	.byte	8                               @ Abbrev [8] 0x2ed:0xb DW_TAG_typedef
	.long	760                             @ DW_AT_type
	.long	.Linfo_string11                 @ DW_AT_name
	.byte	2                               @ DW_AT_decl_file
	.byte	108                             @ DW_AT_decl_line
	.byte	9                               @ Abbrev [9] 0x2f8:0x32 DW_TAG_structure_type
	.long	.Linfo_string10                 @ DW_AT_name
	.byte	84                              @ DW_AT_byte_size
	.byte	2                               @ DW_AT_decl_file
	.byte	119                             @ DW_AT_decl_line
	.byte	10                              @ Abbrev [10] 0x300:0xc DW_TAG_member
	.long	.Linfo_string6                  @ DW_AT_name
	.long	780                             @ DW_AT_type
	.byte	2                               @ DW_AT_decl_file
	.byte	127                             @ DW_AT_decl_line
	.byte	0                               @ DW_AT_data_member_location
	.byte	11                              @ Abbrev [11] 0x30c:0x1d DW_TAG_union_type
	.byte	84                              @ DW_AT_byte_size
	.byte	2                               @ DW_AT_decl_file
	.byte	120                             @ DW_AT_decl_line
	.byte	10                              @ Abbrev [10] 0x310:0xc DW_TAG_member
	.long	.Linfo_string7                  @ DW_AT_name
	.long	810                             @ DW_AT_type
	.byte	2                               @ DW_AT_decl_file
	.byte	121                             @ DW_AT_decl_line
	.byte	0                               @ DW_AT_data_member_location
	.byte	10                              @ Abbrev [10] 0x31c:0xc DW_TAG_member
	.long	.Linfo_string9                  @ DW_AT_name
	.long	817                             @ DW_AT_type
	.byte	2                               @ DW_AT_decl_file
	.byte	125                             @ DW_AT_decl_line
	.byte	0                               @ DW_AT_data_member_location
	.byte	0                               @ End Of Children Mark
	.byte	0                               @ End Of Children Mark
	.byte	5                               @ Abbrev [5] 0x32a:0x7 DW_TAG_base_type
	.long	.Linfo_string8                  @ DW_AT_name
	.byte	5                               @ DW_AT_encoding
	.byte	4                               @ DW_AT_byte_size
	.byte	3                               @ Abbrev [3] 0x331:0xc DW_TAG_array_type
	.long	64                              @ DW_AT_type
	.byte	4                               @ Abbrev [4] 0x336:0x6 DW_TAG_subrange_type
	.long	71                              @ DW_AT_type
	.byte	84                              @ DW_AT_count
	.byte	0                               @ End Of Children Mark
	.byte	7                               @ Abbrev [7] 0x33d:0x11 DW_TAG_variable
	.long	.Linfo_string12                 @ DW_AT_name
	.long	749                             @ DW_AT_type
                                        @ DW_AT_external
	.byte	1                               @ DW_AT_decl_file
	.byte	92                              @ DW_AT_decl_line
	.byte	5                               @ DW_AT_location
	.byte	3
	.long	__stdin
	.byte	7                               @ Abbrev [7] 0x34e:0x11 DW_TAG_variable
	.long	.Linfo_string13                 @ DW_AT_name
	.long	749                             @ DW_AT_type
                                        @ DW_AT_external
	.byte	1                               @ DW_AT_decl_file
	.byte	93                              @ DW_AT_decl_line
	.byte	5                               @ DW_AT_location
	.byte	3
	.long	__stderr
	.byte	12                              @ Abbrev [12] 0x35f:0x5 DW_TAG_pointer_type
	.long	868                             @ DW_AT_type
	.byte	8                               @ Abbrev [8] 0x364:0xb DW_TAG_typedef
	.long	879                             @ DW_AT_type
	.long	.Linfo_string15                 @ DW_AT_name
	.byte	3                               @ DW_AT_decl_file
	.byte	64                              @ DW_AT_decl_line
	.byte	5                               @ Abbrev [5] 0x36f:0x7 DW_TAG_base_type
	.long	.Linfo_string14                 @ DW_AT_name
	.byte	7                               @ DW_AT_encoding
	.byte	4                               @ DW_AT_byte_size
	.byte	12                              @ Abbrev [12] 0x376:0x5 DW_TAG_pointer_type
	.long	891                             @ DW_AT_type
	.byte	8                               @ Abbrev [8] 0x37b:0xb DW_TAG_typedef
	.long	902                             @ DW_AT_type
	.long	.Linfo_string17                 @ DW_AT_name
	.byte	4                               @ DW_AT_decl_file
	.byte	33                              @ DW_AT_decl_line
	.byte	13                              @ Abbrev [13] 0x386:0x5 DW_TAG_volatile_type
	.long	907                             @ DW_AT_type
	.byte	5                               @ Abbrev [5] 0x38b:0x7 DW_TAG_base_type
	.long	.Linfo_string16                 @ DW_AT_name
	.byte	7                               @ DW_AT_encoding
	.byte	2                               @ DW_AT_byte_size
	.byte	12                              @ Abbrev [12] 0x392:0x5 DW_TAG_pointer_type
	.long	919                             @ DW_AT_type
	.byte	14                              @ Abbrev [14] 0x397:0xc DW_TAG_typedef
	.long	931                             @ DW_AT_type
	.long	.Linfo_string83                 @ DW_AT_name
	.byte	5                               @ DW_AT_decl_file
	.short	1960                            @ DW_AT_decl_line
	.byte	15                              @ Abbrev [15] 0x3a3:0x367 DW_TAG_structure_type
	.short	4096                            @ DW_AT_byte_size
	.byte	5                               @ DW_AT_decl_file
	.short	644                             @ DW_AT_decl_line
	.byte	16                              @ Abbrev [16] 0x3a9:0xd DW_TAG_member
	.long	.Linfo_string18                 @ DW_AT_name
	.long	1802                            @ DW_AT_type
	.byte	5                               @ DW_AT_decl_file
	.short	1894                            @ DW_AT_decl_line
	.byte	0                               @ DW_AT_data_member_location
	.byte	16                              @ Abbrev [16] 0x3b6:0xd DW_TAG_member
	.long	.Linfo_string19                 @ DW_AT_name
	.long	1819                            @ DW_AT_type
	.byte	5                               @ DW_AT_decl_file
	.short	1895                            @ DW_AT_decl_line
	.byte	28                              @ DW_AT_data_member_location
	.byte	16                              @ Abbrev [16] 0x3c3:0xd DW_TAG_member
	.long	.Linfo_string20                 @ DW_AT_name
	.long	1814                            @ DW_AT_type
	.byte	5                               @ DW_AT_decl_file
	.short	1896                            @ DW_AT_decl_line
	.byte	36                              @ DW_AT_data_member_location
	.byte	16                              @ Abbrev [16] 0x3d0:0xd DW_TAG_member
	.long	.Linfo_string21                 @ DW_AT_name
	.long	1831                            @ DW_AT_type
	.byte	5                               @ DW_AT_decl_file
	.short	1897                            @ DW_AT_decl_line
	.byte	40                              @ DW_AT_data_member_location
	.byte	16                              @ Abbrev [16] 0x3dd:0xd DW_TAG_member
	.long	.Linfo_string22                 @ DW_AT_name
	.long	1814                            @ DW_AT_type
	.byte	5                               @ DW_AT_decl_file
	.short	1898                            @ DW_AT_decl_line
	.byte	44                              @ DW_AT_data_member_location
	.byte	16                              @ Abbrev [16] 0x3ea:0xd DW_TAG_member
	.long	.Linfo_string23                 @ DW_AT_name
	.long	1814                            @ DW_AT_type
	.byte	5                               @ DW_AT_decl_file
	.short	1899                            @ DW_AT_decl_line
	.byte	48                              @ DW_AT_data_member_location
	.byte	16                              @ Abbrev [16] 0x3f7:0xd DW_TAG_member
	.long	.Linfo_string24                 @ DW_AT_name
	.long	1831                            @ DW_AT_type
	.byte	5                               @ DW_AT_decl_file
	.short	1900                            @ DW_AT_decl_line
	.byte	52                              @ DW_AT_data_member_location
	.byte	16                              @ Abbrev [16] 0x404:0xd DW_TAG_member
	.long	.Linfo_string25                 @ DW_AT_name
	.long	1831                            @ DW_AT_type
	.byte	5                               @ DW_AT_decl_file
	.short	1901                            @ DW_AT_decl_line
	.byte	56                              @ DW_AT_data_member_location
	.byte	16                              @ Abbrev [16] 0x411:0xd DW_TAG_member
	.long	.Linfo_string26                 @ DW_AT_name
	.long	1831                            @ DW_AT_type
	.byte	5                               @ DW_AT_decl_file
	.short	1902                            @ DW_AT_decl_line
	.byte	60                              @ DW_AT_data_member_location
	.byte	16                              @ Abbrev [16] 0x41e:0xd DW_TAG_member
	.long	.Linfo_string27                 @ DW_AT_name
	.long	1831                            @ DW_AT_type
	.byte	5                               @ DW_AT_decl_file
	.short	1903                            @ DW_AT_decl_line
	.byte	64                              @ DW_AT_data_member_location
	.byte	16                              @ Abbrev [16] 0x42b:0xd DW_TAG_member
	.long	.Linfo_string28                 @ DW_AT_name
	.long	1831                            @ DW_AT_type
	.byte	5                               @ DW_AT_decl_file
	.short	1904                            @ DW_AT_decl_line
	.byte	68                              @ DW_AT_data_member_location
	.byte	16                              @ Abbrev [16] 0x438:0xd DW_TAG_member
	.long	.Linfo_string29                 @ DW_AT_name
	.long	1831                            @ DW_AT_type
	.byte	5                               @ DW_AT_decl_file
	.short	1905                            @ DW_AT_decl_line
	.byte	72                              @ DW_AT_data_member_location
	.byte	16                              @ Abbrev [16] 0x445:0xd DW_TAG_member
	.long	.Linfo_string30                 @ DW_AT_name
	.long	1831                            @ DW_AT_type
	.byte	5                               @ DW_AT_decl_file
	.short	1906                            @ DW_AT_decl_line
	.byte	76                              @ DW_AT_data_member_location
	.byte	16                              @ Abbrev [16] 0x452:0xd DW_TAG_member
	.long	.Linfo_string31                 @ DW_AT_name
	.long	1831                            @ DW_AT_type
	.byte	5                               @ DW_AT_decl_file
	.short	1907                            @ DW_AT_decl_line
	.byte	80                              @ DW_AT_data_member_location
	.byte	16                              @ Abbrev [16] 0x45f:0xd DW_TAG_member
	.long	.Linfo_string32                 @ DW_AT_name
	.long	1831                            @ DW_AT_type
	.byte	5                               @ DW_AT_decl_file
	.short	1908                            @ DW_AT_decl_line
	.byte	84                              @ DW_AT_data_member_location
	.byte	16                              @ Abbrev [16] 0x46c:0xd DW_TAG_member
	.long	.Linfo_string33                 @ DW_AT_name
	.long	1831                            @ DW_AT_type
	.byte	5                               @ DW_AT_decl_file
	.short	1909                            @ DW_AT_decl_line
	.byte	88                              @ DW_AT_data_member_location
	.byte	16                              @ Abbrev [16] 0x479:0xd DW_TAG_member
	.long	.Linfo_string34                 @ DW_AT_name
	.long	1831                            @ DW_AT_type
	.byte	5                               @ DW_AT_decl_file
	.short	1910                            @ DW_AT_decl_line
	.byte	92                              @ DW_AT_data_member_location
	.byte	16                              @ Abbrev [16] 0x486:0xd DW_TAG_member
	.long	.Linfo_string35                 @ DW_AT_name
	.long	1831                            @ DW_AT_type
	.byte	5                               @ DW_AT_decl_file
	.short	1911                            @ DW_AT_decl_line
	.byte	96                              @ DW_AT_data_member_location
	.byte	16                              @ Abbrev [16] 0x493:0xd DW_TAG_member
	.long	.Linfo_string36                 @ DW_AT_name
	.long	1831                            @ DW_AT_type
	.byte	5                               @ DW_AT_decl_file
	.short	1912                            @ DW_AT_decl_line
	.byte	100                             @ DW_AT_data_member_location
	.byte	16                              @ Abbrev [16] 0x4a0:0xd DW_TAG_member
	.long	.Linfo_string37                 @ DW_AT_name
	.long	1831                            @ DW_AT_type
	.byte	5                               @ DW_AT_decl_file
	.short	1913                            @ DW_AT_decl_line
	.byte	104                             @ DW_AT_data_member_location
	.byte	16                              @ Abbrev [16] 0x4ad:0xd DW_TAG_member
	.long	.Linfo_string38                 @ DW_AT_name
	.long	1819                            @ DW_AT_type
	.byte	5                               @ DW_AT_decl_file
	.short	1914                            @ DW_AT_decl_line
	.byte	108                             @ DW_AT_data_member_location
	.byte	16                              @ Abbrev [16] 0x4ba:0xd DW_TAG_member
	.long	.Linfo_string39                 @ DW_AT_name
	.long	1831                            @ DW_AT_type
	.byte	5                               @ DW_AT_decl_file
	.short	1915                            @ DW_AT_decl_line
	.byte	116                             @ DW_AT_data_member_location
	.byte	16                              @ Abbrev [16] 0x4c7:0xd DW_TAG_member
	.long	.Linfo_string40                 @ DW_AT_name
	.long	1831                            @ DW_AT_type
	.byte	5                               @ DW_AT_decl_file
	.short	1916                            @ DW_AT_decl_line
	.byte	120                             @ DW_AT_data_member_location
	.byte	16                              @ Abbrev [16] 0x4d4:0xd DW_TAG_member
	.long	.Linfo_string41                 @ DW_AT_name
	.long	1831                            @ DW_AT_type
	.byte	5                               @ DW_AT_decl_file
	.short	1917                            @ DW_AT_decl_line
	.byte	124                             @ DW_AT_data_member_location
	.byte	16                              @ Abbrev [16] 0x4e1:0xd DW_TAG_member
	.long	.Linfo_string42                 @ DW_AT_name
	.long	1831                            @ DW_AT_type
	.byte	5                               @ DW_AT_decl_file
	.short	1918                            @ DW_AT_decl_line
	.byte	128                             @ DW_AT_data_member_location
	.byte	16                              @ Abbrev [16] 0x4ee:0xd DW_TAG_member
	.long	.Linfo_string43                 @ DW_AT_name
	.long	1831                            @ DW_AT_type
	.byte	5                               @ DW_AT_decl_file
	.short	1919                            @ DW_AT_decl_line
	.byte	132                             @ DW_AT_data_member_location
	.byte	16                              @ Abbrev [16] 0x4fb:0xd DW_TAG_member
	.long	.Linfo_string44                 @ DW_AT_name
	.long	1831                            @ DW_AT_type
	.byte	5                               @ DW_AT_decl_file
	.short	1920                            @ DW_AT_decl_line
	.byte	136                             @ DW_AT_data_member_location
	.byte	16                              @ Abbrev [16] 0x508:0xd DW_TAG_member
	.long	.Linfo_string45                 @ DW_AT_name
	.long	1831                            @ DW_AT_type
	.byte	5                               @ DW_AT_decl_file
	.short	1921                            @ DW_AT_decl_line
	.byte	140                             @ DW_AT_data_member_location
	.byte	16                              @ Abbrev [16] 0x515:0xd DW_TAG_member
	.long	.Linfo_string46                 @ DW_AT_name
	.long	1831                            @ DW_AT_type
	.byte	5                               @ DW_AT_decl_file
	.short	1922                            @ DW_AT_decl_line
	.byte	144                             @ DW_AT_data_member_location
	.byte	16                              @ Abbrev [16] 0x522:0xd DW_TAG_member
	.long	.Linfo_string47                 @ DW_AT_name
	.long	1831                            @ DW_AT_type
	.byte	5                               @ DW_AT_decl_file
	.short	1923                            @ DW_AT_decl_line
	.byte	148                             @ DW_AT_data_member_location
	.byte	16                              @ Abbrev [16] 0x52f:0xd DW_TAG_member
	.long	.Linfo_string48                 @ DW_AT_name
	.long	1831                            @ DW_AT_type
	.byte	5                               @ DW_AT_decl_file
	.short	1924                            @ DW_AT_decl_line
	.byte	152                             @ DW_AT_data_member_location
	.byte	16                              @ Abbrev [16] 0x53c:0xd DW_TAG_member
	.long	.Linfo_string49                 @ DW_AT_name
	.long	1831                            @ DW_AT_type
	.byte	5                               @ DW_AT_decl_file
	.short	1925                            @ DW_AT_decl_line
	.byte	156                             @ DW_AT_data_member_location
	.byte	16                              @ Abbrev [16] 0x549:0xd DW_TAG_member
	.long	.Linfo_string50                 @ DW_AT_name
	.long	1831                            @ DW_AT_type
	.byte	5                               @ DW_AT_decl_file
	.short	1926                            @ DW_AT_decl_line
	.byte	160                             @ DW_AT_data_member_location
	.byte	16                              @ Abbrev [16] 0x556:0xd DW_TAG_member
	.long	.Linfo_string51                 @ DW_AT_name
	.long	1831                            @ DW_AT_type
	.byte	5                               @ DW_AT_decl_file
	.short	1927                            @ DW_AT_decl_line
	.byte	164                             @ DW_AT_data_member_location
	.byte	16                              @ Abbrev [16] 0x563:0xd DW_TAG_member
	.long	.Linfo_string52                 @ DW_AT_name
	.long	1831                            @ DW_AT_type
	.byte	5                               @ DW_AT_decl_file
	.short	1928                            @ DW_AT_decl_line
	.byte	168                             @ DW_AT_data_member_location
	.byte	16                              @ Abbrev [16] 0x570:0xd DW_TAG_member
	.long	.Linfo_string53                 @ DW_AT_name
	.long	1831                            @ DW_AT_type
	.byte	5                               @ DW_AT_decl_file
	.short	1929                            @ DW_AT_decl_line
	.byte	172                             @ DW_AT_data_member_location
	.byte	16                              @ Abbrev [16] 0x57d:0xd DW_TAG_member
	.long	.Linfo_string54                 @ DW_AT_name
	.long	1831                            @ DW_AT_type
	.byte	5                               @ DW_AT_decl_file
	.short	1930                            @ DW_AT_decl_line
	.byte	176                             @ DW_AT_data_member_location
	.byte	16                              @ Abbrev [16] 0x58a:0xd DW_TAG_member
	.long	.Linfo_string55                 @ DW_AT_name
	.long	1831                            @ DW_AT_type
	.byte	5                               @ DW_AT_decl_file
	.short	1931                            @ DW_AT_decl_line
	.byte	180                             @ DW_AT_data_member_location
	.byte	16                              @ Abbrev [16] 0x597:0xd DW_TAG_member
	.long	.Linfo_string56                 @ DW_AT_name
	.long	1831                            @ DW_AT_type
	.byte	5                               @ DW_AT_decl_file
	.short	1932                            @ DW_AT_decl_line
	.byte	184                             @ DW_AT_data_member_location
	.byte	16                              @ Abbrev [16] 0x5a4:0xd DW_TAG_member
	.long	.Linfo_string57                 @ DW_AT_name
	.long	1831                            @ DW_AT_type
	.byte	5                               @ DW_AT_decl_file
	.short	1933                            @ DW_AT_decl_line
	.byte	188                             @ DW_AT_data_member_location
	.byte	16                              @ Abbrev [16] 0x5b1:0xd DW_TAG_member
	.long	.Linfo_string58                 @ DW_AT_name
	.long	1831                            @ DW_AT_type
	.byte	5                               @ DW_AT_decl_file
	.short	1934                            @ DW_AT_decl_line
	.byte	192                             @ DW_AT_data_member_location
	.byte	16                              @ Abbrev [16] 0x5be:0xd DW_TAG_member
	.long	.Linfo_string59                 @ DW_AT_name
	.long	1831                            @ DW_AT_type
	.byte	5                               @ DW_AT_decl_file
	.short	1935                            @ DW_AT_decl_line
	.byte	196                             @ DW_AT_data_member_location
	.byte	16                              @ Abbrev [16] 0x5cb:0xd DW_TAG_member
	.long	.Linfo_string60                 @ DW_AT_name
	.long	1831                            @ DW_AT_type
	.byte	5                               @ DW_AT_decl_file
	.short	1936                            @ DW_AT_decl_line
	.byte	200                             @ DW_AT_data_member_location
	.byte	16                              @ Abbrev [16] 0x5d8:0xd DW_TAG_member
	.long	.Linfo_string61                 @ DW_AT_name
	.long	1836                            @ DW_AT_type
	.byte	5                               @ DW_AT_decl_file
	.short	1937                            @ DW_AT_decl_line
	.byte	204                             @ DW_AT_data_member_location
	.byte	16                              @ Abbrev [16] 0x5e5:0xd DW_TAG_member
	.long	.Linfo_string62                 @ DW_AT_name
	.long	1814                            @ DW_AT_type
	.byte	5                               @ DW_AT_decl_file
	.short	1938                            @ DW_AT_decl_line
	.byte	240                             @ DW_AT_data_member_location
	.byte	16                              @ Abbrev [16] 0x5f2:0xd DW_TAG_member
	.long	.Linfo_string63                 @ DW_AT_name
	.long	1848                            @ DW_AT_type
	.byte	5                               @ DW_AT_decl_file
	.short	1939                            @ DW_AT_decl_line
	.byte	244                             @ DW_AT_data_member_location
	.byte	17                              @ Abbrev [17] 0x5ff:0xe DW_TAG_member
	.long	.Linfo_string64                 @ DW_AT_name
	.long	1802                            @ DW_AT_type
	.byte	5                               @ DW_AT_decl_file
	.short	1940                            @ DW_AT_decl_line
	.short	256                             @ DW_AT_data_member_location
	.byte	17                              @ Abbrev [17] 0x60d:0xe DW_TAG_member
	.long	.Linfo_string65                 @ DW_AT_name
	.long	1860                            @ DW_AT_type
	.byte	5                               @ DW_AT_decl_file
	.short	1941                            @ DW_AT_decl_line
	.short	284                             @ DW_AT_data_member_location
	.byte	17                              @ Abbrev [17] 0x61b:0xe DW_TAG_member
	.long	.Linfo_string66                 @ DW_AT_name
	.long	1814                            @ DW_AT_type
	.byte	5                               @ DW_AT_decl_file
	.short	1942                            @ DW_AT_decl_line
	.short	288                             @ DW_AT_data_member_location
	.byte	17                              @ Abbrev [17] 0x629:0xe DW_TAG_member
	.long	.Linfo_string67                 @ DW_AT_name
	.long	1814                            @ DW_AT_type
	.byte	5                               @ DW_AT_decl_file
	.short	1943                            @ DW_AT_decl_line
	.short	292                             @ DW_AT_data_member_location
	.byte	17                              @ Abbrev [17] 0x637:0xe DW_TAG_member
	.long	.Linfo_string68                 @ DW_AT_name
	.long	1814                            @ DW_AT_type
	.byte	5                               @ DW_AT_decl_file
	.short	1944                            @ DW_AT_decl_line
	.short	296                             @ DW_AT_data_member_location
	.byte	17                              @ Abbrev [17] 0x645:0xe DW_TAG_member
	.long	.Linfo_string69                 @ DW_AT_name
	.long	1814                            @ DW_AT_type
	.byte	5                               @ DW_AT_decl_file
	.short	1945                            @ DW_AT_decl_line
	.short	300                             @ DW_AT_data_member_location
	.byte	17                              @ Abbrev [17] 0x653:0xe DW_TAG_member
	.long	.Linfo_string70                 @ DW_AT_name
	.long	1814                            @ DW_AT_type
	.byte	5                               @ DW_AT_decl_file
	.short	1946                            @ DW_AT_decl_line
	.short	304                             @ DW_AT_data_member_location
	.byte	17                              @ Abbrev [17] 0x661:0xe DW_TAG_member
	.long	.Linfo_string71                 @ DW_AT_name
	.long	1848                            @ DW_AT_type
	.byte	5                               @ DW_AT_decl_file
	.short	1947                            @ DW_AT_decl_line
	.short	308                             @ DW_AT_data_member_location
	.byte	17                              @ Abbrev [17] 0x66f:0xe DW_TAG_member
	.long	.Linfo_string72                 @ DW_AT_name
	.long	1872                            @ DW_AT_type
	.byte	5                               @ DW_AT_decl_file
	.short	1948                            @ DW_AT_decl_line
	.short	320                             @ DW_AT_data_member_location
	.byte	17                              @ Abbrev [17] 0x67d:0xe DW_TAG_member
	.long	.Linfo_string73                 @ DW_AT_name
	.long	1884                            @ DW_AT_type
	.byte	5                               @ DW_AT_decl_file
	.short	1949                            @ DW_AT_decl_line
	.short	352                             @ DW_AT_data_member_location
	.byte	17                              @ Abbrev [17] 0x68b:0xe DW_TAG_member
	.long	.Linfo_string74                 @ DW_AT_name
	.long	1814                            @ DW_AT_type
	.byte	5                               @ DW_AT_decl_file
	.short	1950                            @ DW_AT_decl_line
	.short	512                             @ DW_AT_data_member_location
	.byte	17                              @ Abbrev [17] 0x699:0xe DW_TAG_member
	.long	.Linfo_string75                 @ DW_AT_name
	.long	1814                            @ DW_AT_type
	.byte	5                               @ DW_AT_decl_file
	.short	1951                            @ DW_AT_decl_line
	.short	516                             @ DW_AT_data_member_location
	.byte	17                              @ Abbrev [17] 0x6a7:0xe DW_TAG_member
	.long	.Linfo_string76                 @ DW_AT_name
	.long	1814                            @ DW_AT_type
	.byte	5                               @ DW_AT_decl_file
	.short	1952                            @ DW_AT_decl_line
	.short	520                             @ DW_AT_data_member_location
	.byte	17                              @ Abbrev [17] 0x6b5:0xe DW_TAG_member
	.long	.Linfo_string77                 @ DW_AT_name
	.long	1814                            @ DW_AT_type
	.byte	5                               @ DW_AT_decl_file
	.short	1953                            @ DW_AT_decl_line
	.short	524                             @ DW_AT_data_member_location
	.byte	17                              @ Abbrev [17] 0x6c3:0xe DW_TAG_member
	.long	.Linfo_string78                 @ DW_AT_name
	.long	1896                            @ DW_AT_type
	.byte	5                               @ DW_AT_decl_file
	.short	1954                            @ DW_AT_decl_line
	.short	528                             @ DW_AT_data_member_location
	.byte	17                              @ Abbrev [17] 0x6d1:0xe DW_TAG_member
	.long	.Linfo_string79                 @ DW_AT_name
	.long	1814                            @ DW_AT_type
	.byte	5                               @ DW_AT_decl_file
	.short	1955                            @ DW_AT_decl_line
	.short	768                             @ DW_AT_data_member_location
	.byte	17                              @ Abbrev [17] 0x6df:0xe DW_TAG_member
	.long	.Linfo_string80                 @ DW_AT_name
	.long	1814                            @ DW_AT_type
	.byte	5                               @ DW_AT_decl_file
	.short	1956                            @ DW_AT_decl_line
	.short	772                             @ DW_AT_data_member_location
	.byte	17                              @ Abbrev [17] 0x6ed:0xe DW_TAG_member
	.long	.Linfo_string81                 @ DW_AT_name
	.long	1908                            @ DW_AT_type
	.byte	5                               @ DW_AT_decl_file
	.short	1957                            @ DW_AT_decl_line
	.short	776                             @ DW_AT_data_member_location
	.byte	17                              @ Abbrev [17] 0x6fb:0xe DW_TAG_member
	.long	.Linfo_string82                 @ DW_AT_name
	.long	1831                            @ DW_AT_type
	.byte	5                               @ DW_AT_decl_file
	.short	1958                            @ DW_AT_decl_line
	.short	4092                            @ DW_AT_data_member_location
	.byte	0                               @ End Of Children Mark
	.byte	3                               @ Abbrev [3] 0x70a:0xc DW_TAG_array_type
	.long	1814                            @ DW_AT_type
	.byte	4                               @ Abbrev [4] 0x70f:0x6 DW_TAG_subrange_type
	.long	71                              @ DW_AT_type
	.byte	7                               @ DW_AT_count
	.byte	0                               @ End Of Children Mark
	.byte	13                              @ Abbrev [13] 0x716:0x5 DW_TAG_volatile_type
	.long	868                             @ DW_AT_type
	.byte	3                               @ Abbrev [3] 0x71b:0xc DW_TAG_array_type
	.long	1831                            @ DW_AT_type
	.byte	4                               @ Abbrev [4] 0x720:0x6 DW_TAG_subrange_type
	.long	71                              @ DW_AT_type
	.byte	2                               @ DW_AT_count
	.byte	0                               @ End Of Children Mark
	.byte	18                              @ Abbrev [18] 0x727:0x5 DW_TAG_const_type
	.long	1814                            @ DW_AT_type
	.byte	3                               @ Abbrev [3] 0x72c:0xc DW_TAG_array_type
	.long	1831                            @ DW_AT_type
	.byte	4                               @ Abbrev [4] 0x731:0x6 DW_TAG_subrange_type
	.long	71                              @ DW_AT_type
	.byte	9                               @ DW_AT_count
	.byte	0                               @ End Of Children Mark
	.byte	3                               @ Abbrev [3] 0x738:0xc DW_TAG_array_type
	.long	1831                            @ DW_AT_type
	.byte	4                               @ Abbrev [4] 0x73d:0x6 DW_TAG_subrange_type
	.long	71                              @ DW_AT_type
	.byte	3                               @ DW_AT_count
	.byte	0                               @ End Of Children Mark
	.byte	3                               @ Abbrev [3] 0x744:0xc DW_TAG_array_type
	.long	1831                            @ DW_AT_type
	.byte	4                               @ Abbrev [4] 0x749:0x6 DW_TAG_subrange_type
	.long	71                              @ DW_AT_type
	.byte	1                               @ DW_AT_count
	.byte	0                               @ End Of Children Mark
	.byte	3                               @ Abbrev [3] 0x750:0xc DW_TAG_array_type
	.long	1814                            @ DW_AT_type
	.byte	4                               @ Abbrev [4] 0x755:0x6 DW_TAG_subrange_type
	.long	71                              @ DW_AT_type
	.byte	8                               @ DW_AT_count
	.byte	0                               @ End Of Children Mark
	.byte	3                               @ Abbrev [3] 0x75c:0xc DW_TAG_array_type
	.long	1831                            @ DW_AT_type
	.byte	4                               @ Abbrev [4] 0x761:0x6 DW_TAG_subrange_type
	.long	71                              @ DW_AT_type
	.byte	40                              @ DW_AT_count
	.byte	0                               @ End Of Children Mark
	.byte	3                               @ Abbrev [3] 0x768:0xc DW_TAG_array_type
	.long	1831                            @ DW_AT_type
	.byte	4                               @ Abbrev [4] 0x76d:0x6 DW_TAG_subrange_type
	.long	71                              @ DW_AT_type
	.byte	60                              @ DW_AT_count
	.byte	0                               @ End Of Children Mark
	.byte	3                               @ Abbrev [3] 0x774:0xd DW_TAG_array_type
	.long	1831                            @ DW_AT_type
	.byte	19                              @ Abbrev [19] 0x779:0x7 DW_TAG_subrange_type
	.long	71                              @ DW_AT_type
	.short	829                             @ DW_AT_count
	.byte	0                               @ End Of Children Mark
	.byte	12                              @ Abbrev [12] 0x781:0x5 DW_TAG_pointer_type
	.long	1926                            @ DW_AT_type
	.byte	8                               @ Abbrev [8] 0x786:0xb DW_TAG_typedef
	.long	1937                            @ DW_AT_type
	.long	.Linfo_string84                 @ DW_AT_name
	.byte	4                               @ DW_AT_decl_file
	.byte	32                              @ DW_AT_decl_line
	.byte	13                              @ Abbrev [13] 0x791:0x5 DW_TAG_volatile_type
	.long	879                             @ DW_AT_type
	.byte	12                              @ Abbrev [12] 0x796:0x5 DW_TAG_pointer_type
	.long	1947                            @ DW_AT_type
	.byte	14                              @ Abbrev [14] 0x79b:0xc DW_TAG_typedef
	.long	1959                            @ DW_AT_type
	.long	.Linfo_string104                @ DW_AT_name
	.byte	6                               @ DW_AT_decl_file
	.short	852                             @ DW_AT_decl_line
	.byte	20                              @ Abbrev [20] 0x7a7:0xfc DW_TAG_structure_type
	.byte	76                              @ DW_AT_byte_size
	.byte	6                               @ DW_AT_decl_file
	.byte	26                              @ DW_AT_decl_line
	.byte	16                              @ Abbrev [16] 0x7ab:0xd DW_TAG_member
	.long	.Linfo_string85                 @ DW_AT_name
	.long	1814                            @ DW_AT_type
	.byte	6                               @ DW_AT_decl_file
	.short	831                             @ DW_AT_decl_line
	.byte	0                               @ DW_AT_data_member_location
	.byte	16                              @ Abbrev [16] 0x7b8:0xd DW_TAG_member
	.long	.Linfo_string86                 @ DW_AT_name
	.long	1814                            @ DW_AT_type
	.byte	6                               @ DW_AT_decl_file
	.short	832                             @ DW_AT_decl_line
	.byte	4                               @ DW_AT_data_member_location
	.byte	16                              @ Abbrev [16] 0x7c5:0xd DW_TAG_member
	.long	.Linfo_string87                 @ DW_AT_name
	.long	1814                            @ DW_AT_type
	.byte	6                               @ DW_AT_decl_file
	.short	833                             @ DW_AT_decl_line
	.byte	8                               @ DW_AT_data_member_location
	.byte	16                              @ Abbrev [16] 0x7d2:0xd DW_TAG_member
	.long	.Linfo_string88                 @ DW_AT_name
	.long	1814                            @ DW_AT_type
	.byte	6                               @ DW_AT_decl_file
	.short	834                             @ DW_AT_decl_line
	.byte	12                              @ DW_AT_data_member_location
	.byte	16                              @ Abbrev [16] 0x7df:0xd DW_TAG_member
	.long	.Linfo_string89                 @ DW_AT_name
	.long	1814                            @ DW_AT_type
	.byte	6                               @ DW_AT_decl_file
	.short	835                             @ DW_AT_decl_line
	.byte	16                              @ DW_AT_data_member_location
	.byte	16                              @ Abbrev [16] 0x7ec:0xd DW_TAG_member
	.long	.Linfo_string90                 @ DW_AT_name
	.long	1814                            @ DW_AT_type
	.byte	6                               @ DW_AT_decl_file
	.short	836                             @ DW_AT_decl_line
	.byte	20                              @ DW_AT_data_member_location
	.byte	16                              @ Abbrev [16] 0x7f9:0xd DW_TAG_member
	.long	.Linfo_string91                 @ DW_AT_name
	.long	1814                            @ DW_AT_type
	.byte	6                               @ DW_AT_decl_file
	.short	837                             @ DW_AT_decl_line
	.byte	24                              @ DW_AT_data_member_location
	.byte	16                              @ Abbrev [16] 0x806:0xd DW_TAG_member
	.long	.Linfo_string92                 @ DW_AT_name
	.long	1814                            @ DW_AT_type
	.byte	6                               @ DW_AT_decl_file
	.short	838                             @ DW_AT_decl_line
	.byte	28                              @ DW_AT_data_member_location
	.byte	16                              @ Abbrev [16] 0x813:0xd DW_TAG_member
	.long	.Linfo_string93                 @ DW_AT_name
	.long	1814                            @ DW_AT_type
	.byte	6                               @ DW_AT_decl_file
	.short	839                             @ DW_AT_decl_line
	.byte	32                              @ DW_AT_data_member_location
	.byte	16                              @ Abbrev [16] 0x820:0xd DW_TAG_member
	.long	.Linfo_string94                 @ DW_AT_name
	.long	1814                            @ DW_AT_type
	.byte	6                               @ DW_AT_decl_file
	.short	840                             @ DW_AT_decl_line
	.byte	36                              @ DW_AT_data_member_location
	.byte	16                              @ Abbrev [16] 0x82d:0xd DW_TAG_member
	.long	.Linfo_string95                 @ DW_AT_name
	.long	1814                            @ DW_AT_type
	.byte	6                               @ DW_AT_decl_file
	.short	841                             @ DW_AT_decl_line
	.byte	40                              @ DW_AT_data_member_location
	.byte	16                              @ Abbrev [16] 0x83a:0xd DW_TAG_member
	.long	.Linfo_string96                 @ DW_AT_name
	.long	1814                            @ DW_AT_type
	.byte	6                               @ DW_AT_decl_file
	.short	842                             @ DW_AT_decl_line
	.byte	44                              @ DW_AT_data_member_location
	.byte	16                              @ Abbrev [16] 0x847:0xd DW_TAG_member
	.long	.Linfo_string97                 @ DW_AT_name
	.long	1814                            @ DW_AT_type
	.byte	6                               @ DW_AT_decl_file
	.short	843                             @ DW_AT_decl_line
	.byte	48                              @ DW_AT_data_member_location
	.byte	16                              @ Abbrev [16] 0x854:0xd DW_TAG_member
	.long	.Linfo_string98                 @ DW_AT_name
	.long	1814                            @ DW_AT_type
	.byte	6                               @ DW_AT_decl_file
	.short	844                             @ DW_AT_decl_line
	.byte	52                              @ DW_AT_data_member_location
	.byte	16                              @ Abbrev [16] 0x861:0xd DW_TAG_member
	.long	.Linfo_string99                 @ DW_AT_name
	.long	1814                            @ DW_AT_type
	.byte	6                               @ DW_AT_decl_file
	.short	845                             @ DW_AT_decl_line
	.byte	56                              @ DW_AT_data_member_location
	.byte	16                              @ Abbrev [16] 0x86e:0xd DW_TAG_member
	.long	.Linfo_string100                @ DW_AT_name
	.long	1814                            @ DW_AT_type
	.byte	6                               @ DW_AT_decl_file
	.short	846                             @ DW_AT_decl_line
	.byte	60                              @ DW_AT_data_member_location
	.byte	16                              @ Abbrev [16] 0x87b:0xd DW_TAG_member
	.long	.Linfo_string101                @ DW_AT_name
	.long	1814                            @ DW_AT_type
	.byte	6                               @ DW_AT_decl_file
	.short	847                             @ DW_AT_decl_line
	.byte	64                              @ DW_AT_data_member_location
	.byte	16                              @ Abbrev [16] 0x888:0xd DW_TAG_member
	.long	.Linfo_string102                @ DW_AT_name
	.long	1814                            @ DW_AT_type
	.byte	6                               @ DW_AT_decl_file
	.short	848                             @ DW_AT_decl_line
	.byte	68                              @ DW_AT_data_member_location
	.byte	16                              @ Abbrev [16] 0x895:0xd DW_TAG_member
	.long	.Linfo_string103                @ DW_AT_name
	.long	1814                            @ DW_AT_type
	.byte	6                               @ DW_AT_decl_file
	.short	849                             @ DW_AT_decl_line
	.byte	72                              @ DW_AT_data_member_location
	.byte	0                               @ End Of Children Mark
	.byte	5                               @ Abbrev [5] 0x8a3:0x7 DW_TAG_base_type
	.long	.Linfo_string105                @ DW_AT_name
	.byte	5                               @ DW_AT_encoding
	.byte	4                               @ DW_AT_byte_size
	.byte	21                              @ Abbrev [21] 0x8aa:0x20 DW_TAG_subprogram
	.long	.Lfunc_begin0                   @ DW_AT_low_pc
	.long	.Lfunc_end0-.Lfunc_begin0       @ DW_AT_high_pc
	.byte	1                               @ DW_AT_frame_base
	.byte	93
	.long	.Linfo_string109                @ DW_AT_name
	.byte	1                               @ DW_AT_decl_file
	.byte	96                              @ DW_AT_decl_line
                                        @ DW_AT_prototyped
                                        @ DW_AT_external
                                        @ DW_AT_noreturn
	.byte	22                              @ Abbrev [22] 0x8bb:0xe DW_TAG_formal_parameter
	.byte	2                               @ DW_AT_location
	.byte	145
	.byte	0
	.long	.Linfo_string122                @ DW_AT_name
	.byte	1                               @ DW_AT_decl_file
	.byte	96                              @ DW_AT_decl_line
	.long	2211                            @ DW_AT_type
	.byte	0                               @ End Of Children Mark
	.byte	23                              @ Abbrev [23] 0x8ca:0x18 DW_TAG_subprogram
	.long	.Linfo_string106                @ DW_AT_name
	.byte	7                               @ DW_AT_decl_file
	.byte	248                             @ DW_AT_decl_line
                                        @ DW_AT_prototyped
	.long	868                             @ DW_AT_type
	.byte	1                               @ DW_AT_inline
	.byte	24                              @ Abbrev [24] 0x8d6:0xb DW_TAG_variable
	.long	.Linfo_string107                @ DW_AT_name
	.byte	7                               @ DW_AT_decl_file
	.byte	250                             @ DW_AT_decl_line
	.long	868                             @ DW_AT_type
	.byte	0                               @ End Of Children Mark
	.byte	25                              @ Abbrev [25] 0x8e2:0x1a DW_TAG_subprogram
	.long	.Linfo_string108                @ DW_AT_name
	.byte	7                               @ DW_AT_decl_file
	.short	302                             @ DW_AT_decl_line
                                        @ DW_AT_prototyped
	.long	868                             @ DW_AT_type
	.byte	1                               @ DW_AT_inline
	.byte	26                              @ Abbrev [26] 0x8ef:0xc DW_TAG_variable
	.long	.Linfo_string107                @ DW_AT_name
	.byte	7                               @ DW_AT_decl_file
	.short	304                             @ DW_AT_decl_line
	.long	868                             @ DW_AT_type
	.byte	0                               @ End Of Children Mark
	.byte	27                              @ Abbrev [27] 0x8fc:0x183 DW_TAG_subprogram
	.long	.Lfunc_begin1                   @ DW_AT_low_pc
	.long	.Lfunc_end1-.Lfunc_begin1       @ DW_AT_high_pc
	.byte	1                               @ DW_AT_frame_base
	.byte	93
	.long	.Linfo_string110                @ DW_AT_name
	.byte	1                               @ DW_AT_decl_file
	.byte	255                             @ DW_AT_decl_line
                                        @ DW_AT_prototyped
	.long	868                             @ DW_AT_type
                                        @ DW_AT_external
	.byte	22                              @ Abbrev [22] 0x911:0xf DW_TAG_formal_parameter
	.byte	3                               @ DW_AT_location
	.byte	145
	.ascii	"\244\002"
	.long	.Linfo_string123                @ DW_AT_name
	.byte	1                               @ DW_AT_decl_file
	.byte	255                             @ DW_AT_decl_line
	.long	868                             @ DW_AT_type
	.byte	22                              @ Abbrev [22] 0x920:0xf DW_TAG_formal_parameter
	.byte	3                               @ DW_AT_location
	.byte	145
	.ascii	"\240\002"
	.long	.Linfo_string124                @ DW_AT_name
	.byte	1                               @ DW_AT_decl_file
	.byte	255                             @ DW_AT_decl_line
	.long	868                             @ DW_AT_type
	.byte	22                              @ Abbrev [22] 0x92f:0xf DW_TAG_formal_parameter
	.byte	3                               @ DW_AT_location
	.byte	145
	.ascii	"\234\002"
	.long	.Linfo_string125                @ DW_AT_name
	.byte	1                               @ DW_AT_decl_file
	.byte	255                             @ DW_AT_decl_line
	.long	868                             @ DW_AT_type
	.byte	28                              @ Abbrev [28] 0x93e:0x10 DW_TAG_variable
	.byte	3                               @ DW_AT_location
	.byte	145
	.ascii	"\230\002"
	.long	.Linfo_string126                @ DW_AT_name
	.byte	1                               @ DW_AT_decl_file
	.short	257                             @ DW_AT_decl_line
	.long	863                             @ DW_AT_type
	.byte	28                              @ Abbrev [28] 0x94e:0x10 DW_TAG_variable
	.byte	3                               @ DW_AT_location
	.byte	145
	.ascii	"\224\002"
	.long	.Linfo_string127                @ DW_AT_name
	.byte	1                               @ DW_AT_decl_file
	.short	258                             @ DW_AT_decl_line
	.long	868                             @ DW_AT_type
	.byte	28                              @ Abbrev [28] 0x95e:0x10 DW_TAG_variable
	.byte	3                               @ DW_AT_location
	.byte	145
	.ascii	"\220\002"
	.long	.Linfo_string128                @ DW_AT_name
	.byte	1                               @ DW_AT_decl_file
	.short	259                             @ DW_AT_decl_line
	.long	868                             @ DW_AT_type
	.byte	28                              @ Abbrev [28] 0x96e:0x10 DW_TAG_variable
	.byte	3                               @ DW_AT_location
	.byte	145
	.ascii	"\214\002"
	.long	.Linfo_string129                @ DW_AT_name
	.byte	1                               @ DW_AT_decl_file
	.short	260                             @ DW_AT_decl_line
	.long	868                             @ DW_AT_type
	.byte	28                              @ Abbrev [28] 0x97e:0x10 DW_TAG_variable
	.byte	3                               @ DW_AT_location
	.byte	145
	.ascii	"\210\002"
	.long	.Linfo_string130                @ DW_AT_name
	.byte	1                               @ DW_AT_decl_file
	.short	260                             @ DW_AT_decl_line
	.long	868                             @ DW_AT_type
	.byte	28                              @ Abbrev [28] 0x98e:0x10 DW_TAG_variable
	.byte	3                               @ DW_AT_location
	.byte	145
	.ascii	"\204\002"
	.long	.Linfo_string131                @ DW_AT_name
	.byte	1                               @ DW_AT_decl_file
	.short	260                             @ DW_AT_decl_line
	.long	868                             @ DW_AT_type
	.byte	28                              @ Abbrev [28] 0x99e:0x10 DW_TAG_variable
	.byte	3                               @ DW_AT_location
	.byte	145
	.ascii	"\200\002"
	.long	.Linfo_string132                @ DW_AT_name
	.byte	1                               @ DW_AT_decl_file
	.short	260                             @ DW_AT_decl_line
	.long	868                             @ DW_AT_type
	.byte	28                              @ Abbrev [28] 0x9ae:0x10 DW_TAG_variable
	.byte	3                               @ DW_AT_location
	.byte	145
	.ascii	"\374\001"
	.long	.Linfo_string133                @ DW_AT_name
	.byte	1                               @ DW_AT_decl_file
	.short	261                             @ DW_AT_decl_line
	.long	3052                            @ DW_AT_type
	.byte	28                              @ Abbrev [28] 0x9be:0x10 DW_TAG_variable
	.byte	3                               @ DW_AT_location
	.byte	145
	.ascii	"\370\001"
	.long	.Linfo_string134                @ DW_AT_name
	.byte	1                               @ DW_AT_decl_file
	.short	262                             @ DW_AT_decl_line
	.long	868                             @ DW_AT_type
	.byte	28                              @ Abbrev [28] 0x9ce:0x10 DW_TAG_variable
	.byte	3                               @ DW_AT_location
	.byte	145
	.ascii	"\364\001"
	.long	.Linfo_string135                @ DW_AT_name
	.byte	1                               @ DW_AT_decl_file
	.short	262                             @ DW_AT_decl_line
	.long	868                             @ DW_AT_type
	.byte	28                              @ Abbrev [28] 0x9de:0x10 DW_TAG_variable
	.byte	3                               @ DW_AT_location
	.byte	145
	.ascii	"\360\001"
	.long	.Linfo_string136                @ DW_AT_name
	.byte	1                               @ DW_AT_decl_file
	.short	262                             @ DW_AT_decl_line
	.long	868                             @ DW_AT_type
	.byte	28                              @ Abbrev [28] 0x9ee:0x10 DW_TAG_variable
	.byte	3                               @ DW_AT_location
	.byte	145
	.ascii	"\354\001"
	.long	.Linfo_string137                @ DW_AT_name
	.byte	1                               @ DW_AT_decl_file
	.short	262                             @ DW_AT_decl_line
	.long	868                             @ DW_AT_type
	.byte	28                              @ Abbrev [28] 0x9fe:0x10 DW_TAG_variable
	.byte	3                               @ DW_AT_location
	.byte	145
	.ascii	"\350\001"
	.long	.Linfo_string138                @ DW_AT_name
	.byte	1                               @ DW_AT_decl_file
	.short	262                             @ DW_AT_decl_line
	.long	868                             @ DW_AT_type
	.byte	29                              @ Abbrev [29] 0xa0e:0x1b DW_TAG_inlined_subroutine
	.long	2250                            @ DW_AT_abstract_origin
	.long	.Ltmp11                         @ DW_AT_low_pc
	.long	.Ltmp12-.Ltmp11                 @ DW_AT_high_pc
	.byte	1                               @ DW_AT_call_file
	.short	288                             @ DW_AT_call_line
	.byte	31                              @ DW_AT_call_column
	.byte	30                              @ Abbrev [30] 0xa1f:0x9 DW_TAG_variable
	.byte	3                               @ DW_AT_location
	.byte	145
	.ascii	"\250\002"
	.long	2262                            @ DW_AT_abstract_origin
	.byte	0                               @ End Of Children Mark
	.byte	29                              @ Abbrev [29] 0xa29:0x1b DW_TAG_inlined_subroutine
	.long	2274                            @ DW_AT_abstract_origin
	.long	.Ltmp13                         @ DW_AT_low_pc
	.long	.Ltmp14-.Ltmp13                 @ DW_AT_high_pc
	.byte	1                               @ DW_AT_call_file
	.short	290                             @ DW_AT_call_line
	.byte	31                              @ DW_AT_call_column
	.byte	30                              @ Abbrev [30] 0xa3a:0x9 DW_TAG_variable
	.byte	3                               @ DW_AT_location
	.byte	145
	.ascii	"\254\002"
	.long	2287                            @ DW_AT_abstract_origin
	.byte	0                               @ End Of Children Mark
	.byte	31                              @ Abbrev [31] 0xa44:0x3a DW_TAG_lexical_block
	.long	.Ltmp42                         @ DW_AT_low_pc
	.long	.Ltmp52-.Ltmp42                 @ DW_AT_high_pc
	.byte	28                              @ Abbrev [28] 0xa4d:0x10 DW_TAG_variable
	.byte	3                               @ DW_AT_location
	.byte	145
	.ascii	"\270\001"
	.long	.Linfo_string139                @ DW_AT_name
	.byte	1                               @ DW_AT_decl_file
	.short	389                             @ DW_AT_decl_line
	.long	3063                            @ DW_AT_type
	.byte	28                              @ Abbrev [28] 0xa5d:0x10 DW_TAG_variable
	.byte	3                               @ DW_AT_location
	.byte	145
	.asciz	"\344"
	.long	.Linfo_string140                @ DW_AT_name
	.byte	1                               @ DW_AT_decl_file
	.short	390                             @ DW_AT_decl_line
	.long	3085                            @ DW_AT_type
	.byte	28                              @ Abbrev [28] 0xa6d:0x10 DW_TAG_variable
	.byte	3                               @ DW_AT_location
	.byte	145
	.asciz	"\314"
	.long	.Linfo_string141                @ DW_AT_name
	.byte	1                               @ DW_AT_decl_file
	.short	393                             @ DW_AT_decl_line
	.long	3097                            @ DW_AT_type
	.byte	0                               @ End Of Children Mark
	.byte	0                               @ End Of Children Mark
	.byte	32                              @ Abbrev [32] 0xa7f:0x44 DW_TAG_subprogram
	.long	.Lfunc_begin2                   @ DW_AT_low_pc
	.long	.Lfunc_end2-.Lfunc_begin2       @ DW_AT_high_pc
	.byte	1                               @ DW_AT_frame_base
	.byte	93
	.long	.Linfo_string111                @ DW_AT_name
	.byte	1                               @ DW_AT_decl_file
	.short	415                             @ DW_AT_decl_line
                                        @ DW_AT_prototyped
	.long	3052                            @ DW_AT_type
                                        @ DW_AT_external
	.byte	33                              @ Abbrev [33] 0xa95:0xf DW_TAG_formal_parameter
	.byte	2                               @ DW_AT_location
	.byte	145
	.byte	8
	.long	.Linfo_string144                @ DW_AT_name
	.byte	1                               @ DW_AT_decl_file
	.short	415                             @ DW_AT_decl_line
	.long	3052                            @ DW_AT_type
	.byte	33                              @ Abbrev [33] 0xaa4:0xf DW_TAG_formal_parameter
	.byte	2                               @ DW_AT_location
	.byte	145
	.byte	4
	.long	.Linfo_string145                @ DW_AT_name
	.byte	1                               @ DW_AT_decl_file
	.short	415                             @ DW_AT_decl_line
	.long	3052                            @ DW_AT_type
	.byte	33                              @ Abbrev [33] 0xab3:0xf DW_TAG_formal_parameter
	.byte	2                               @ DW_AT_location
	.byte	145
	.byte	0
	.long	.Linfo_string146                @ DW_AT_name
	.byte	1                               @ DW_AT_decl_file
	.short	415                             @ DW_AT_decl_line
	.long	3132                            @ DW_AT_type
	.byte	0                               @ End Of Children Mark
	.byte	34                              @ Abbrev [34] 0xac3:0x22 DW_TAG_subprogram
	.long	.Lfunc_begin3                   @ DW_AT_low_pc
	.long	.Lfunc_end3-.Lfunc_begin3       @ DW_AT_high_pc
	.byte	1                               @ DW_AT_frame_base
	.byte	93
	.long	.Linfo_string113                @ DW_AT_name
	.byte	1                               @ DW_AT_decl_file
	.short	436                             @ DW_AT_decl_line
                                        @ DW_AT_prototyped
                                        @ DW_AT_external
	.byte	33                              @ Abbrev [33] 0xad5:0xf DW_TAG_formal_parameter
	.byte	2                               @ DW_AT_location
	.byte	145
	.byte	0
	.long	.Linfo_string147                @ DW_AT_name
	.byte	1                               @ DW_AT_decl_file
	.short	436                             @ DW_AT_decl_line
	.long	2211                            @ DW_AT_type
	.byte	0                               @ End Of Children Mark
	.byte	34                              @ Abbrev [34] 0xae5:0x22 DW_TAG_subprogram
	.long	.Lfunc_begin4                   @ DW_AT_low_pc
	.long	.Lfunc_end4-.Lfunc_begin4       @ DW_AT_high_pc
	.byte	1                               @ DW_AT_frame_base
	.byte	93
	.long	.Linfo_string114                @ DW_AT_name
	.byte	1                               @ DW_AT_decl_file
	.short	515                             @ DW_AT_decl_line
                                        @ DW_AT_prototyped
                                        @ DW_AT_external
	.byte	33                              @ Abbrev [33] 0xaf7:0xf DW_TAG_formal_parameter
	.byte	2                               @ DW_AT_location
	.byte	145
	.byte	4
	.long	.Linfo_string147                @ DW_AT_name
	.byte	1                               @ DW_AT_decl_file
	.short	515                             @ DW_AT_decl_line
	.long	2211                            @ DW_AT_type
	.byte	0                               @ End Of Children Mark
	.byte	35                              @ Abbrev [35] 0xb07:0x16 DW_TAG_subprogram
	.long	.Lfunc_begin5                   @ DW_AT_low_pc
	.long	.Lfunc_end5-.Lfunc_begin5       @ DW_AT_high_pc
	.byte	1                               @ DW_AT_frame_base
	.byte	93
	.long	.Linfo_string115                @ DW_AT_name
	.byte	1                               @ DW_AT_decl_file
	.short	559                             @ DW_AT_decl_line
                                        @ DW_AT_prototyped
	.long	64                              @ DW_AT_type
                                        @ DW_AT_external
	.byte	35                              @ Abbrev [35] 0xb1d:0x16 DW_TAG_subprogram
	.long	.Lfunc_begin6                   @ DW_AT_low_pc
	.long	.Lfunc_end6-.Lfunc_begin6       @ DW_AT_high_pc
	.byte	1                               @ DW_AT_frame_base
	.byte	93
	.long	.Linfo_string116                @ DW_AT_name
	.byte	1                               @ DW_AT_decl_file
	.short	619                             @ DW_AT_decl_line
                                        @ DW_AT_prototyped
	.long	2211                            @ DW_AT_type
                                        @ DW_AT_external
	.byte	35                              @ Abbrev [35] 0xb33:0x16 DW_TAG_subprogram
	.long	.Lfunc_begin7                   @ DW_AT_low_pc
	.long	.Lfunc_end7-.Lfunc_begin7       @ DW_AT_high_pc
	.byte	1                               @ DW_AT_frame_base
	.byte	93
	.long	.Linfo_string117                @ DW_AT_name
	.byte	1                               @ DW_AT_decl_file
	.short	634                             @ DW_AT_decl_line
                                        @ DW_AT_prototyped
	.long	2211                            @ DW_AT_type
                                        @ DW_AT_external
	.byte	34                              @ Abbrev [34] 0xb49:0x22 DW_TAG_subprogram
	.long	.Lfunc_begin8                   @ DW_AT_low_pc
	.long	.Lfunc_end8-.Lfunc_begin8       @ DW_AT_high_pc
	.byte	1                               @ DW_AT_frame_base
	.byte	93
	.long	.Linfo_string118                @ DW_AT_name
	.byte	1                               @ DW_AT_decl_file
	.short	649                             @ DW_AT_decl_line
                                        @ DW_AT_prototyped
                                        @ DW_AT_external
	.byte	33                              @ Abbrev [33] 0xb5b:0xf DW_TAG_formal_parameter
	.byte	2                               @ DW_AT_location
	.byte	145
	.byte	4
	.long	.Linfo_string147                @ DW_AT_name
	.byte	1                               @ DW_AT_decl_file
	.short	649                             @ DW_AT_decl_line
	.long	2211                            @ DW_AT_type
	.byte	0                               @ End Of Children Mark
	.byte	32                              @ Abbrev [32] 0xb6b:0x35 DW_TAG_subprogram
	.long	.Lfunc_begin9                   @ DW_AT_low_pc
	.long	.Lfunc_end9-.Lfunc_begin9       @ DW_AT_high_pc
	.byte	1                               @ DW_AT_frame_base
	.byte	93
	.long	.Linfo_string119                @ DW_AT_name
	.byte	1                               @ DW_AT_decl_file
	.short	674                             @ DW_AT_decl_line
                                        @ DW_AT_prototyped
	.long	2211                            @ DW_AT_type
                                        @ DW_AT_external
	.byte	33                              @ Abbrev [33] 0xb81:0xf DW_TAG_formal_parameter
	.byte	2                               @ DW_AT_location
	.byte	145
	.byte	4
	.long	.Linfo_string147                @ DW_AT_name
	.byte	1                               @ DW_AT_decl_file
	.short	674                             @ DW_AT_decl_line
	.long	2211                            @ DW_AT_type
	.byte	33                              @ Abbrev [33] 0xb90:0xf DW_TAG_formal_parameter
	.byte	2                               @ DW_AT_location
	.byte	145
	.byte	0
	.long	.Linfo_string148                @ DW_AT_name
	.byte	1                               @ DW_AT_decl_file
	.short	674                             @ DW_AT_decl_line
	.long	3137                            @ DW_AT_type
	.byte	0                               @ End Of Children Mark
	.byte	32                              @ Abbrev [32] 0xba0:0x26 DW_TAG_subprogram
	.long	.Lfunc_begin10                  @ DW_AT_low_pc
	.long	.Lfunc_end10-.Lfunc_begin10     @ DW_AT_high_pc
	.byte	1                               @ DW_AT_frame_base
	.byte	93
	.long	.Linfo_string120                @ DW_AT_name
	.byte	1                               @ DW_AT_decl_file
	.short	727                             @ DW_AT_decl_line
                                        @ DW_AT_prototyped
	.long	2211                            @ DW_AT_type
                                        @ DW_AT_external
	.byte	33                              @ Abbrev [33] 0xbb6:0xf DW_TAG_formal_parameter
	.byte	2                               @ DW_AT_location
	.byte	145
	.byte	4
	.long	.Linfo_string148                @ DW_AT_name
	.byte	1                               @ DW_AT_decl_file
	.short	727                             @ DW_AT_decl_line
	.long	3137                            @ DW_AT_type
	.byte	0                               @ End Of Children Mark
	.byte	32                              @ Abbrev [32] 0xbc6:0x26 DW_TAG_subprogram
	.long	.Lfunc_begin11                  @ DW_AT_low_pc
	.long	.Lfunc_end11-.Lfunc_begin11     @ DW_AT_high_pc
	.byte	1                               @ DW_AT_frame_base
	.byte	93
	.long	.Linfo_string121                @ DW_AT_name
	.byte	1                               @ DW_AT_decl_file
	.short	748                             @ DW_AT_decl_line
                                        @ DW_AT_prototyped
	.long	2211                            @ DW_AT_type
                                        @ DW_AT_external
	.byte	33                              @ Abbrev [33] 0xbdc:0xf DW_TAG_formal_parameter
	.byte	2                               @ DW_AT_location
	.byte	145
	.byte	0
	.long	.Linfo_string148                @ DW_AT_name
	.byte	1                               @ DW_AT_decl_file
	.short	748                             @ DW_AT_decl_line
	.long	3137                            @ DW_AT_type
	.byte	0                               @ End Of Children Mark
	.byte	8                               @ Abbrev [8] 0xbec:0xb DW_TAG_typedef
	.long	2211                            @ DW_AT_type
	.long	.Linfo_string112                @ DW_AT_name
	.byte	3                               @ DW_AT_decl_file
	.byte	58                              @ DW_AT_decl_line
	.byte	3                               @ Abbrev [3] 0xbf7:0xc DW_TAG_array_type
	.long	3075                            @ DW_AT_type
	.byte	4                               @ Abbrev [4] 0xbfc:0x6 DW_TAG_subrange_type
	.long	71                              @ DW_AT_type
	.byte	12                              @ DW_AT_count
	.byte	0                               @ End Of Children Mark
	.byte	12                              @ Abbrev [12] 0xc03:0x5 DW_TAG_pointer_type
	.long	3080                            @ DW_AT_type
	.byte	18                              @ Abbrev [18] 0xc08:0x5 DW_TAG_const_type
	.long	64                              @ DW_AT_type
	.byte	3                               @ Abbrev [3] 0xc0d:0xc DW_TAG_array_type
	.long	3075                            @ DW_AT_type
	.byte	4                               @ Abbrev [4] 0xc12:0x6 DW_TAG_subrange_type
	.long	71                              @ DW_AT_type
	.byte	21                              @ DW_AT_count
	.byte	0                               @ End Of Children Mark
	.byte	3                               @ Abbrev [3] 0xc19:0xc DW_TAG_array_type
	.long	3109                            @ DW_AT_type
	.byte	4                               @ Abbrev [4] 0xc1e:0x6 DW_TAG_subrange_type
	.long	71                              @ DW_AT_type
	.byte	21                              @ DW_AT_count
	.byte	0                               @ End Of Children Mark
	.byte	18                              @ Abbrev [18] 0xc25:0x5 DW_TAG_const_type
	.long	3114                            @ DW_AT_type
	.byte	8                               @ Abbrev [8] 0xc2a:0xb DW_TAG_typedef
	.long	3125                            @ DW_AT_type
	.long	.Linfo_string143                @ DW_AT_name
	.byte	3                               @ DW_AT_decl_file
	.byte	62                              @ DW_AT_decl_line
	.byte	5                               @ Abbrev [5] 0xc35:0x7 DW_TAG_base_type
	.long	.Linfo_string142                @ DW_AT_name
	.byte	8                               @ DW_AT_encoding
	.byte	1                               @ DW_AT_byte_size
	.byte	12                              @ Abbrev [12] 0xc3c:0x5 DW_TAG_pointer_type
	.long	3052                            @ DW_AT_type
	.byte	12                              @ Abbrev [12] 0xc41:0x5 DW_TAG_pointer_type
	.long	749                             @ DW_AT_type
	.byte	0                               @ End Of Children Mark
.Ldebug_info_end0:
	.section	.debug_ranges,"",%progbits
.Ldebug_ranges0:
	.long	.Lfunc_begin0
	.long	.Lfunc_end0
	.long	.Lfunc_begin1
	.long	.Lfunc_end1
	.long	.Lfunc_begin2
	.long	.Lfunc_end2
	.long	.Lfunc_begin3
	.long	.Lfunc_end3
	.long	.Lfunc_begin4
	.long	.Lfunc_end4
	.long	.Lfunc_begin5
	.long	.Lfunc_end5
	.long	.Lfunc_begin6
	.long	.Lfunc_end6
	.long	.Lfunc_begin7
	.long	.Lfunc_end7
	.long	.Lfunc_begin8
	.long	.Lfunc_end8
	.long	.Lfunc_begin9
	.long	.Lfunc_end9
	.long	.Lfunc_begin10
	.long	.Lfunc_end10
	.long	.Lfunc_begin11
	.long	.Lfunc_end11
	.long	0
	.long	0
	.section	.debug_str,"MS",%progbits,1
.Linfo_string0:
	.asciz	"Component: Arm Compiler for Embedded 6.22 Tool: armclang [5ee92100]" @ string offset=0
.Linfo_string1:
	.asciz	"../../Library_BSP/StdDriver/src\\retarget.c" @ string offset=68
.Linfo_string2:
	.asciz	"C:\\Users\\LogoslabMiniPC\\GitHub_Box_Windows\\logoslab\\M2354\\Old_M2354_BSP_300004\\SampleCode\\TrustZone\\Borhan-E-Voting-System\\Secure\\KEIL" @ string offset=111
.Linfo_string3:
	.asciz	"char"                          @ string offset=246
.Linfo_string4:
	.asciz	"__ARRAY_SIZE_TYPE__"           @ string offset=251
.Linfo_string5:
	.asciz	"__stdout"                      @ string offset=271
.Linfo_string6:
	.asciz	"__FILE_opaque"                 @ string offset=280
.Linfo_string7:
	.asciz	"__FILE_alignment"              @ string offset=294
.Linfo_string8:
	.asciz	"long"                          @ string offset=311
.Linfo_string9:
	.asciz	"__FILE_size"                   @ string offset=316
.Linfo_string10:
	.asciz	"__FILE"                        @ string offset=328
.Linfo_string11:
	.asciz	"FILE"                          @ string offset=335
.Linfo_string12:
	.asciz	"__stdin"                       @ string offset=340
.Linfo_string13:
	.asciz	"__stderr"                      @ string offset=348
.Linfo_string14:
	.asciz	"unsigned int"                  @ string offset=357
.Linfo_string15:
	.asciz	"uint32_t"                      @ string offset=370
.Linfo_string16:
	.asciz	"unsigned short"                @ string offset=379
.Linfo_string17:
	.asciz	"vu16"                          @ string offset=394
.Linfo_string18:
	.asciz	"PNSSET"                        @ string offset=399
.Linfo_string19:
	.asciz	"RESERVE0"                      @ string offset=406
.Linfo_string20:
	.asciz	"SRAMNSSET"                     @ string offset=415
.Linfo_string21:
	.asciz	"FNSADDR"                       @ string offset=425
.Linfo_string22:
	.asciz	"SVIOIEN"                       @ string offset=433
.Linfo_string23:
	.asciz	"SVINTSTS"                      @ string offset=441
.Linfo_string24:
	.asciz	"APB0VSRC"                      @ string offset=450
.Linfo_string25:
	.asciz	"APB0VA"                        @ string offset=459
.Linfo_string26:
	.asciz	"APB1VSRC"                      @ string offset=466
.Linfo_string27:
	.asciz	"APB1VA"                        @ string offset=475
.Linfo_string28:
	.asciz	"GPIOVSRC"                      @ string offset=482
.Linfo_string29:
	.asciz	"GPIOVA"                        @ string offset=491
.Linfo_string30:
	.asciz	"EBIVSRC"                       @ string offset=498
.Linfo_string31:
	.asciz	"EBIVA"                         @ string offset=506
.Linfo_string32:
	.asciz	"USBHVSRC"                      @ string offset=512
.Linfo_string33:
	.asciz	"USBHVA"                        @ string offset=521
.Linfo_string34:
	.asciz	"CRCVSRC"                       @ string offset=528
.Linfo_string35:
	.asciz	"CRCVA"                         @ string offset=536
.Linfo_string36:
	.asciz	"SD0VSRC"                       @ string offset=542
.Linfo_string37:
	.asciz	"SD0VA"                         @ string offset=550
.Linfo_string38:
	.asciz	"RESERVE1"                      @ string offset=556
.Linfo_string39:
	.asciz	"PDMA0VSRC"                     @ string offset=565
.Linfo_string40:
	.asciz	"PDMA0VA"                       @ string offset=575
.Linfo_string41:
	.asciz	"PDMA1VSRC"                     @ string offset=583
.Linfo_string42:
	.asciz	"PDMA1VA"                       @ string offset=593
.Linfo_string43:
	.asciz	"SRAM0VSRC"                     @ string offset=601
.Linfo_string44:
	.asciz	"SRAM0VA"                       @ string offset=611
.Linfo_string45:
	.asciz	"SRAM1VSRC"                     @ string offset=619
.Linfo_string46:
	.asciz	"SRAM1VA"                       @ string offset=629
.Linfo_string47:
	.asciz	"FMCVSRC"                       @ string offset=637
.Linfo_string48:
	.asciz	"FMCVA"                         @ string offset=645
.Linfo_string49:
	.asciz	"FLASHVSRC"                     @ string offset=651
.Linfo_string50:
	.asciz	"FLASHVA"                       @ string offset=661
.Linfo_string51:
	.asciz	"SCUVSRC"                       @ string offset=669
.Linfo_string52:
	.asciz	"SCUVA"                         @ string offset=677
.Linfo_string53:
	.asciz	"SYSVSRC"                       @ string offset=683
.Linfo_string54:
	.asciz	"SYSVA"                         @ string offset=691
.Linfo_string55:
	.asciz	"CRPTVSRC"                      @ string offset=697
.Linfo_string56:
	.asciz	"CRPTVA"                        @ string offset=706
.Linfo_string57:
	.asciz	"KSVSRC"                        @ string offset=713
.Linfo_string58:
	.asciz	"KSVA"                          @ string offset=720
.Linfo_string59:
	.asciz	"SRAM2VSRC"                     @ string offset=725
.Linfo_string60:
	.asciz	"SRAM2VA"                       @ string offset=735
.Linfo_string61:
	.asciz	"RESERVE2"                      @ string offset=743
.Linfo_string62:
	.asciz	"SINFAEN"                       @ string offset=752
.Linfo_string63:
	.asciz	"RESERVE3"                      @ string offset=760
.Linfo_string64:
	.asciz	"PNPSET"                        @ string offset=769
.Linfo_string65:
	.asciz	"RESERVE4"                      @ string offset=776
.Linfo_string66:
	.asciz	"IONPSET"                       @ string offset=785
.Linfo_string67:
	.asciz	"SRAMNPSET"                     @ string offset=793
.Linfo_string68:
	.asciz	"MEMNPSET"                      @ string offset=803
.Linfo_string69:
	.asciz	"PVIOIEN"                       @ string offset=812
.Linfo_string70:
	.asciz	"PVINTSTS"                      @ string offset=820
.Linfo_string71:
	.asciz	"RESERVE5"                      @ string offset=829
.Linfo_string72:
	.asciz	"IONSSET"                       @ string offset=838
.Linfo_string73:
	.asciz	"RESERVE6"                      @ string offset=846
.Linfo_string74:
	.asciz	"NSMCTL"                        @ string offset=855
.Linfo_string75:
	.asciz	"NSMLOAD"                       @ string offset=862
.Linfo_string76:
	.asciz	"NSMVAL"                        @ string offset=870
.Linfo_string77:
	.asciz	"NSMSTS"                        @ string offset=877
.Linfo_string78:
	.asciz	"RESERVE7"                      @ string offset=884
.Linfo_string79:
	.asciz	"BBE"                           @ string offset=893
.Linfo_string80:
	.asciz	"IDAUANS"                       @ string offset=897
.Linfo_string81:
	.asciz	"RESERVE8"                      @ string offset=905
.Linfo_string82:
	.asciz	"VERSION"                       @ string offset=914
.Linfo_string83:
	.asciz	"SCU_T"                         @ string offset=922
.Linfo_string84:
	.asciz	"vu32"                          @ string offset=928
.Linfo_string85:
	.asciz	"DAT"                           @ string offset=933
.Linfo_string86:
	.asciz	"INTEN"                         @ string offset=937
.Linfo_string87:
	.asciz	"FIFO"                          @ string offset=943
.Linfo_string88:
	.asciz	"LINE"                          @ string offset=948
.Linfo_string89:
	.asciz	"MODEM"                         @ string offset=953
.Linfo_string90:
	.asciz	"MODEMSTS"                      @ string offset=959
.Linfo_string91:
	.asciz	"FIFOSTS"                       @ string offset=968
.Linfo_string92:
	.asciz	"INTSTS"                        @ string offset=976
.Linfo_string93:
	.asciz	"TOUT"                          @ string offset=983
.Linfo_string94:
	.asciz	"BAUD"                          @ string offset=988
.Linfo_string95:
	.asciz	"IRDA"                          @ string offset=993
.Linfo_string96:
	.asciz	"ALTCTL"                        @ string offset=998
.Linfo_string97:
	.asciz	"FUNCSEL"                       @ string offset=1005
.Linfo_string98:
	.asciz	"LINCTL"                        @ string offset=1013
.Linfo_string99:
	.asciz	"LINSTS"                        @ string offset=1020
.Linfo_string100:
	.asciz	"BRCOMP"                        @ string offset=1027
.Linfo_string101:
	.asciz	"WKCTL"                         @ string offset=1034
.Linfo_string102:
	.asciz	"WKSTS"                         @ string offset=1040
.Linfo_string103:
	.asciz	"DWKCOMP"                       @ string offset=1046
.Linfo_string104:
	.asciz	"UART_T"                        @ string offset=1054
.Linfo_string105:
	.asciz	"int"                           @ string offset=1061
.Linfo_string106:
	.asciz	"__TZ_get_PSP_NS"               @ string offset=1065
.Linfo_string107:
	.asciz	"result"                        @ string offset=1081
.Linfo_string108:
	.asciz	"__TZ_get_MSP_NS"               @ string offset=1088
.Linfo_string109:
	.asciz	"_sys_exit"                     @ string offset=1104
.Linfo_string110:
	.asciz	"ProcessHardFault"              @ string offset=1114
.Linfo_string111:
	.asciz	"SH_Return"                     @ string offset=1131
.Linfo_string112:
	.asciz	"int32_t"                       @ string offset=1141
.Linfo_string113:
	.asciz	"SendChar_ToUART"               @ string offset=1149
.Linfo_string114:
	.asciz	"SendChar"                      @ string offset=1165
.Linfo_string115:
	.asciz	"GetChar"                       @ string offset=1174
.Linfo_string116:
	.asciz	"kbhit"                         @ string offset=1182
.Linfo_string117:
	.asciz	"IsDebugFifoEmpty"              @ string offset=1188
.Linfo_string118:
	.asciz	"_ttywrch"                      @ string offset=1205
.Linfo_string119:
	.asciz	"fputc"                         @ string offset=1214
.Linfo_string120:
	.asciz	"fgetc"                         @ string offset=1220
.Linfo_string121:
	.asciz	"ferror"                        @ string offset=1226
.Linfo_string122:
	.asciz	"return_code"                   @ string offset=1233
.Linfo_string123:
	.asciz	"lr"                            @ string offset=1245
.Linfo_string124:
	.asciz	"msp"                           @ string offset=1248
.Linfo_string125:
	.asciz	"psp"                           @ string offset=1252
.Linfo_string126:
	.asciz	"sp"                            @ string offset=1256
.Linfo_string127:
	.asciz	"i"                             @ string offset=1259
.Linfo_string128:
	.asciz	"u32Reg"                        @ string offset=1261
.Linfo_string129:
	.asciz	"inst"                          @ string offset=1268
.Linfo_string130:
	.asciz	"addr"                          @ string offset=1273
.Linfo_string131:
	.asciz	"taddr"                         @ string offset=1278
.Linfo_string132:
	.asciz	"tdata"                         @ string offset=1284
.Linfo_string133:
	.asciz	"secure"                        @ string offset=1290
.Linfo_string134:
	.asciz	"rm"                            @ string offset=1297
.Linfo_string135:
	.asciz	"rn"                            @ string offset=1300
.Linfo_string136:
	.asciz	"rt"                            @ string offset=1303
.Linfo_string137:
	.asciz	"imm5"                          @ string offset=1306
.Linfo_string138:
	.asciz	"imm8"                          @ string offset=1311
.Linfo_string139:
	.asciz	"master"                        @ string offset=1316
.Linfo_string140:
	.asciz	"ipname"                        @ string offset=1323
.Linfo_string141:
	.asciz	"info"                          @ string offset=1330
.Linfo_string142:
	.asciz	"unsigned char"                 @ string offset=1335
.Linfo_string143:
	.asciz	"uint8_t"                       @ string offset=1349
.Linfo_string144:
	.asciz	"n32In_R0"                      @ string offset=1357
.Linfo_string145:
	.asciz	"n32In_R1"                      @ string offset=1366
.Linfo_string146:
	.asciz	"pn32Out_R0"                    @ string offset=1375
.Linfo_string147:
	.asciz	"ch"                            @ string offset=1386
.Linfo_string148:
	.asciz	"stream"                        @ string offset=1389
	.ident	"Component: Arm Compiler for Embedded 6.22 Tool: armclang [5ee92100]"
	.section	".note.GNU-stack","",%progbits
	.eabi_attribute	30, 6	@ Tag_ABI_optimization_goals
	.ARM_attribute	6, 1	@ Tag_AV_cpp_exceptions
	.ARM_attribute	16, 1	@ Tag_AV_eba
	.section	.debug_line,"",%progbits
.Lline_table_start0:
