	.text
	.syntax unified
	.eabi_attribute	67, "2.09"	@ Tag_conformance
	.cpu	cortex-m23
	.eabi_attribute	6, 16	@ Tag_CPU_arch
	.eabi_attribute	7, 77	@ Tag_CPU_arch_profile
	.eabi_attribute	8, 0	@ Tag_ARM_ISA_use
	.eabi_attribute	9, 3	@ Tag_THUMB_ISA_use
	.eabi_attribute	34, 0	@ Tag_CPU_unaligned_access
	.eabi_attribute	17, 1	@ Tag_ABI_PCS_GOT_use
	.eabi_attribute	20, 2	@ Tag_ABI_FP_denormal
	.eabi_attribute	21, 0	@ Tag_ABI_FP_exceptions
	.eabi_attribute	23, 1	@ Tag_ABI_FP_number_model
	.eabi_attribute	24, 1	@ Tag_ABI_align_needed
	.eabi_attribute	25, 1	@ Tag_ABI_align_preserved
	.eabi_attribute	38, 1	@ Tag_ABI_FP_16bit_format
	.eabi_attribute	18, 4	@ Tag_ABI_PCS_wchar_t
	.eabi_attribute	26, 2	@ Tag_ABI_enum_size
	.eabi_attribute	14, 0	@ Tag_ABI_PCS_R9_use
	.file	"rng.c"
	.file	1 "C:\\Users\\Borhan\\Desktop\\M2354_Series_BSP_CMSIS_V3.00.005_duplicate\\SampleCode\\TrustZone\\E-Voting-System\\Secure\\KEIL" "../../../../../Library/StdDriver/inc\\keystore.h"
	.file	2 "C:\\Keil_v5\\ARM\\ARMCLANG\\Bin\\..\\include" "stdint.h"
	.file	3 "C:\\Users\\Borhan\\Desktop\\M2354_Series_BSP_CMSIS_V3.00.005_duplicate\\SampleCode\\TrustZone\\E-Voting-System\\Secure\\KEIL" "../../../../../Library/Device/Nuvoton/M2354/Include/clk_reg.h"
	.file	4 "C:\\Users\\Borhan\\Desktop\\M2354_Series_BSP_CMSIS_V3.00.005_duplicate\\SampleCode\\TrustZone\\E-Voting-System\\Secure\\KEIL" "../../../../../Library/Device/Nuvoton/M2354/Include/rtc_reg.h"
	.file	5 "C:\\Users\\Borhan\\Desktop\\M2354_Series_BSP_CMSIS_V3.00.005_duplicate\\SampleCode\\TrustZone\\E-Voting-System\\Secure\\KEIL" "../../../../../Library/Device/Nuvoton/M2354/Include/trng_reg.h"
	.file	6 "C:\\Users\\Borhan\\Desktop\\M2354_Series_BSP_CMSIS_V3.00.005_duplicate\\SampleCode\\TrustZone\\E-Voting-System\\Secure\\KEIL" "../../../../../Library/Device/Nuvoton/M2354/Include/crpt_reg.h"
	.section	.text.RNG_Open,"ax",%progbits
	.hidden	RNG_Open                        @ -- Begin function RNG_Open
	.globl	RNG_Open
	.p2align	2
	.type	RNG_Open,%function
	.code	16                              @ @RNG_Open
	.thumb_func
RNG_Open:
.Lfunc_begin0:
	.file	7 "C:\\Users\\Borhan\\Desktop\\M2354_Series_BSP_CMSIS_V3.00.005_duplicate\\SampleCode\\TrustZone\\E-Voting-System\\Secure\\KEIL" "../../../../../Library/StdDriver/src/rng.c"
	.loc	7 53 0                          @ ../../../../../Library/StdDriver/src/rng.c:53:0
	.fnstart
	.cfi_sections .debug_frame
	.cfi_startproc
@ %bb.0:
	.pad	#12
	sub	sp, #12
	.cfi_def_cfa_offset 12
	movs	r2, #1
	lsls	r0, r2, #24
.Ltmp0:
	.loc	7 55 13 prologue_end            @ ../../../../../Library/StdDriver/src/rng.c:55:13
	str	r0, [sp]
	ldr	r1, __arm_cp.0_0
	.loc	7 58 18                         @ ../../../../../Library/StdDriver/src/rng.c:58:18
	ldr	r0, [r1]
	movw	r3, #4096
	orrs	r0, r3
	str	r0, [r1]
	ldr	r1, __arm_cp.0_1
	.loc	7 59 18                         @ ../../../../../Library/StdDriver/src/rng.c:59:18
	ldr	r0, [r1]
	lsls	r2, r2, #25
	orrs	r0, r2
	str	r0, [r1]
	ldr	r1, __arm_cp.0_2
	.loc	7 60 18                         @ ../../../../../Library/StdDriver/src/rng.c:60:18
	ldr	r0, [r1]
	movs	r2, #2
	orrs	r0, r2
	str	r0, [r1]
	ldr	r1, __arm_cp.0_3
	.loc	7 62 17                         @ ../../../../../Library/StdDriver/src/rng.c:62:17
	ldr	r0, [r1]
	movs	r2, #65
	orrs	r0, r2
	str	r0, [r1]
	ldr	r1, __arm_cp.0_4
	.loc	7 64 15                         @ ../../../../../Library/StdDriver/src/rng.c:64:15
	ldr	r0, [r1]
	movs	r2, #128
	orrs	r0, r2
	str	r0, [r1]
	movs	r0, #0
	.loc	7 66 7                          @ ../../../../../Library/StdDriver/src/rng.c:66:7
	str	r0, [sp, #4]
	.loc	7 67 5                          @ ../../../../../Library/StdDriver/src/rng.c:67:5
	b	.LBB0_1
.LBB0_1:                                @ =>This Inner Loop Header: Depth=1
	.loc	7 0 5 is_stmt 0                 @ ../../../../../Library/StdDriver/src/rng.c:0:5
	ldr	r0, __arm_cp.0_5
	.loc	7 67 18                         @ ../../../../../Library/StdDriver/src/rng.c:67:18
	ldr	r0, [r0]
	.loc	7 67 5                          @ ../../../../../Library/StdDriver/src/rng.c:67:5
	lsls	r0, r0, #24
	cmp	r0, #0
	bmi	.LBB0_5
	b	.LBB0_2
.LBB0_2:                                @   in Loop: Header=BB0_1 Depth=1
.Ltmp1:
	.loc	7 69 13 is_stmt 1               @ ../../../../../Library/StdDriver/src/rng.c:69:13
	ldr	r0, [sp, #4]
	adds	r1, r0, #1
	str	r1, [sp, #4]
	.loc	7 69 18 is_stmt 0               @ ../../../../../Library/StdDriver/src/rng.c:69:18
	ldr	r1, [sp]
.Ltmp2:
	.loc	7 69 12                         @ ../../../../../Library/StdDriver/src/rng.c:69:12
	cmp	r0, r1
	ble	.LBB0_4
	b	.LBB0_3
.LBB0_3:
	.loc	7 0 12                          @ ../../../../../Library/StdDriver/src/rng.c:0:12
	movs	r0, #0
	mvns	r0, r0
.Ltmp3:
	.loc	7 72 13 is_stmt 1               @ ../../../../../Library/StdDriver/src/rng.c:72:13
	str	r0, [sp, #8]
	b	.LBB0_26
.Ltmp4:
.LBB0_4:                                @   in Loop: Header=BB0_1 Depth=1
	.loc	7 67 5                          @ ../../../../../Library/StdDriver/src/rng.c:67:5
	b	.LBB0_1
.LBB0_5:
	.loc	7 0 5 is_stmt 0                 @ ../../../../../Library/StdDriver/src/rng.c:0:5
	ldr	r2, __arm_cp.0_5
	movs	r0, #0
	.loc	7 76 15 is_stmt 1               @ ../../../../../Library/StdDriver/src/rng.c:76:15
	str	r0, [r2]
	.loc	7 80 15                         @ ../../../../../Library/StdDriver/src/rng.c:80:15
	ldr	r1, [r2]
	movw	r3, #256
	orrs	r1, r3
	str	r1, [r2]
	.loc	7 83 7                          @ ../../../../../Library/StdDriver/src/rng.c:83:7
	str	r0, [sp, #4]
	.loc	7 84 5                          @ ../../../../../Library/StdDriver/src/rng.c:84:5
	b	.LBB0_6
.LBB0_6:                                @ =>This Inner Loop Header: Depth=1
	.loc	7 0 5 is_stmt 0                 @ ../../../../../Library/StdDriver/src/rng.c:0:5
	ldr	r0, __arm_cp.0_5
	.loc	7 84 18                         @ ../../../../../Library/StdDriver/src/rng.c:84:18
	ldr	r0, [r0]
	.loc	7 84 5                          @ ../../../../../Library/StdDriver/src/rng.c:84:5
	lsls	r0, r0, #22
	cmp	r0, #0
	bmi	.LBB0_10
	b	.LBB0_7
.LBB0_7:                                @   in Loop: Header=BB0_6 Depth=1
.Ltmp5:
	.loc	7 86 13 is_stmt 1               @ ../../../../../Library/StdDriver/src/rng.c:86:13
	ldr	r0, [sp, #4]
	adds	r1, r0, #1
	str	r1, [sp, #4]
	.loc	7 86 18 is_stmt 0               @ ../../../../../Library/StdDriver/src/rng.c:86:18
	ldr	r1, [sp]
.Ltmp6:
	.loc	7 86 12                         @ ../../../../../Library/StdDriver/src/rng.c:86:12
	cmp	r0, r1
	ble	.LBB0_9
	b	.LBB0_8
.LBB0_8:
	.loc	7 0 12                          @ ../../../../../Library/StdDriver/src/rng.c:0:12
	movs	r0, #0
	mvns	r0, r0
.Ltmp7:
	.loc	7 89 13 is_stmt 1               @ ../../../../../Library/StdDriver/src/rng.c:89:13
	str	r0, [sp, #8]
	b	.LBB0_26
.Ltmp8:
.LBB0_9:                                @   in Loop: Header=BB0_6 Depth=1
	.loc	7 84 5                          @ ../../../../../Library/StdDriver/src/rng.c:84:5
	b	.LBB0_6
.LBB0_10:
	.loc	7 0 5 is_stmt 0                 @ ../../../../../Library/StdDriver/src/rng.c:0:5
	movs	r0, #0
	.loc	7 94 7 is_stmt 1                @ ../../../../../Library/StdDriver/src/rng.c:94:7
	str	r0, [sp, #4]
	.loc	7 95 5                          @ ../../../../../Library/StdDriver/src/rng.c:95:5
	b	.LBB0_11
.LBB0_11:                               @ =>This Inner Loop Header: Depth=1
	.loc	7 0 5 is_stmt 0                 @ ../../../../../Library/StdDriver/src/rng.c:0:5
	ldr	r0, __arm_cp.0_6
	.loc	7 95 17                         @ ../../../../../Library/StdDriver/src/rng.c:95:17
	ldr	r0, [r0]
	.loc	7 95 5                          @ ../../../../../Library/StdDriver/src/rng.c:95:5
	lsls	r0, r0, #23
	cmp	r0, #0
	bpl	.LBB0_15
	b	.LBB0_12
.LBB0_12:                               @   in Loop: Header=BB0_11 Depth=1
.Ltmp9:
	.loc	7 97 13 is_stmt 1               @ ../../../../../Library/StdDriver/src/rng.c:97:13
	ldr	r0, [sp, #4]
	adds	r1, r0, #1
	str	r1, [sp, #4]
	.loc	7 97 18 is_stmt 0               @ ../../../../../Library/StdDriver/src/rng.c:97:18
	ldr	r1, [sp]
.Ltmp10:
	.loc	7 97 12                         @ ../../../../../Library/StdDriver/src/rng.c:97:12
	cmp	r0, r1
	ble	.LBB0_14
	b	.LBB0_13
.LBB0_13:
	.loc	7 0 12                          @ ../../../../../Library/StdDriver/src/rng.c:0:12
	movs	r0, #0
	mvns	r0, r0
.Ltmp11:
	.loc	7 100 13 is_stmt 1              @ ../../../../../Library/StdDriver/src/rng.c:100:13
	str	r0, [sp, #8]
	b	.LBB0_26
.Ltmp12:
.LBB0_14:                               @   in Loop: Header=BB0_11 Depth=1
	.loc	7 95 5                          @ ../../../../../Library/StdDriver/src/rng.c:95:5
	b	.LBB0_11
.LBB0_15:
	.loc	7 0 5 is_stmt 0                 @ ../../../../../Library/StdDriver/src/rng.c:0:5
	ldr	r1, __arm_cp.0_6
	movs	r0, #64
	.loc	7 105 20 is_stmt 1              @ ../../../../../Library/StdDriver/src/rng.c:105:20
	str	r0, [r1]
	movs	r0, #0
	.loc	7 108 7                         @ ../../../../../Library/StdDriver/src/rng.c:108:7
	str	r0, [sp, #4]
	.loc	7 109 5                         @ ../../../../../Library/StdDriver/src/rng.c:109:5
	b	.LBB0_16
.LBB0_16:                               @ =>This Inner Loop Header: Depth=1
	.loc	7 0 5 is_stmt 0                 @ ../../../../../Library/StdDriver/src/rng.c:0:5
	ldr	r0, __arm_cp.0_6
	.loc	7 109 18                        @ ../../../../../Library/StdDriver/src/rng.c:109:18
	ldr	r0, [r0]
	.loc	7 109 5                         @ ../../../../../Library/StdDriver/src/rng.c:109:5
	lsls	r0, r0, #24
	cmp	r0, #0
	bmi	.LBB0_20
	b	.LBB0_17
.LBB0_17:                               @   in Loop: Header=BB0_16 Depth=1
.Ltmp13:
	.loc	7 111 13 is_stmt 1              @ ../../../../../Library/StdDriver/src/rng.c:111:13
	ldr	r0, [sp, #4]
	adds	r1, r0, #1
	str	r1, [sp, #4]
	.loc	7 111 18 is_stmt 0              @ ../../../../../Library/StdDriver/src/rng.c:111:18
	ldr	r1, [sp]
.Ltmp14:
	.loc	7 111 12                        @ ../../../../../Library/StdDriver/src/rng.c:111:12
	cmp	r0, r1
	ble	.LBB0_19
	b	.LBB0_18
.LBB0_18:
	.loc	7 0 12                          @ ../../../../../Library/StdDriver/src/rng.c:0:12
	movs	r0, #0
	mvns	r0, r0
.Ltmp15:
	.loc	7 114 13 is_stmt 1              @ ../../../../../Library/StdDriver/src/rng.c:114:13
	str	r0, [sp, #8]
	b	.LBB0_26
.Ltmp16:
.LBB0_19:                               @   in Loop: Header=BB0_16 Depth=1
	.loc	7 109 5                         @ ../../../../../Library/StdDriver/src/rng.c:109:5
	b	.LBB0_16
.LBB0_20:
	.loc	7 0 5 is_stmt 0                 @ ../../../../../Library/StdDriver/src/rng.c:0:5
	ldr	r1, __arm_cp.0_6
	.loc	7 119 20 is_stmt 1              @ ../../../../../Library/StdDriver/src/rng.c:119:20
	ldr	r0, [r1]
	movs	r2, #27
	orrs	r0, r2
	str	r0, [r1]
	movs	r0, #0
	.loc	7 121 7                         @ ../../../../../Library/StdDriver/src/rng.c:121:7
	str	r0, [sp, #4]
	.loc	7 122 5                         @ ../../../../../Library/StdDriver/src/rng.c:122:5
	b	.LBB0_21
.LBB0_21:                               @ =>This Inner Loop Header: Depth=1
	.loc	7 0 5 is_stmt 0                 @ ../../../../../Library/StdDriver/src/rng.c:0:5
	ldr	r0, __arm_cp.0_6
	.loc	7 122 17                        @ ../../../../../Library/StdDriver/src/rng.c:122:17
	ldr	r0, [r0]
	.loc	7 122 5                         @ ../../../../../Library/StdDriver/src/rng.c:122:5
	lsls	r0, r0, #23
	cmp	r0, #0
	bpl	.LBB0_25
	b	.LBB0_22
.LBB0_22:                               @   in Loop: Header=BB0_21 Depth=1
.Ltmp17:
	.loc	7 124 13 is_stmt 1              @ ../../../../../Library/StdDriver/src/rng.c:124:13
	ldr	r0, [sp, #4]
	adds	r1, r0, #1
	str	r1, [sp, #4]
	.loc	7 124 18 is_stmt 0              @ ../../../../../Library/StdDriver/src/rng.c:124:18
	ldr	r1, [sp]
.Ltmp18:
	.loc	7 124 12                        @ ../../../../../Library/StdDriver/src/rng.c:124:12
	cmp	r0, r1
	ble	.LBB0_24
	b	.LBB0_23
.LBB0_23:
	.loc	7 0 12                          @ ../../../../../Library/StdDriver/src/rng.c:0:12
	movs	r0, #0
	mvns	r0, r0
.Ltmp19:
	.loc	7 127 13 is_stmt 1              @ ../../../../../Library/StdDriver/src/rng.c:127:13
	str	r0, [sp, #8]
	b	.LBB0_26
.Ltmp20:
.LBB0_24:                               @   in Loop: Header=BB0_21 Depth=1
	.loc	7 122 5                         @ ../../../../../Library/StdDriver/src/rng.c:122:5
	b	.LBB0_21
.LBB0_25:
	.loc	7 0 5 is_stmt 0                 @ ../../../../../Library/StdDriver/src/rng.c:0:5
	movs	r0, #0
	.loc	7 131 5 is_stmt 1               @ ../../../../../Library/StdDriver/src/rng.c:131:5
	str	r0, [sp, #8]
	b	.LBB0_26
.LBB0_26:
	.loc	7 132 1                         @ ../../../../../Library/StdDriver/src/rng.c:132:1
	ldr	r0, [sp, #8]
	add	sp, #12
	bx	lr
.Ltmp21:
	.p2align	2
@ %bb.27:
	.loc	7 0 1 is_stmt 0                 @ ../../../../../Library/StdDriver/src/rng.c:0:1
__arm_cp.0_0:
	.long	1073742340                      @ 0x40000204
.Lcpi_end0:
	.size	__arm_cp.0_0, .Lcpi_end0-__arm_cp.0_0
__arm_cp.0_1:
	.long	1073742348                      @ 0x4000020c
.Lcpi_end1:
	.size	__arm_cp.0_1, .Lcpi_end1-__arm_cp.0_1
__arm_cp.0_2:
	.long	1073742344                      @ 0x40000208
.Lcpi_end2:
	.size	__arm_cp.0_2, .Lcpi_end2-__arm_cp.0_2
__arm_cp.0_3:
	.long	1074008320                      @ 0x40041100
.Lcpi_end3:
	.size	__arm_cp.0_3, .Lcpi_end3-__arm_cp.0_3
__arm_cp.0_4:
	.long	1074499596                      @ 0x400b900c
.Lcpi_end4:
	.size	__arm_cp.0_4, .Lcpi_end4-__arm_cp.0_4
__arm_cp.0_5:
	.long	1074499584                      @ 0x400b9000
.Lcpi_end5:
	.size	__arm_cp.0_5, .Lcpi_end5-__arm_cp.0_5
__arm_cp.0_6:
	.long	1073946632                      @ 0x40032008
.Lcpi_end6:
	.size	__arm_cp.0_6, .Lcpi_end6-__arm_cp.0_6
.Lfunc_end0:
	.size	RNG_Open, .Lfunc_end0-RNG_Open
	.cfi_endproc
	.cantunwind
	.fnend
                                        @ -- End function
	.section	.text.RNG_Random,"ax",%progbits
	.hidden	RNG_Random                      @ -- Begin function RNG_Random
	.globl	RNG_Random
	.p2align	2
	.type	RNG_Random,%function
	.code	16                              @ @RNG_Random
	.thumb_func
RNG_Random:
.Lfunc_begin1:
	.loc	7 147 0 is_stmt 1               @ ../../../../../Library/StdDriver/src/rng.c:147:0
	.fnstart
	.cfi_startproc
@ %bb.0:
	.pad	#20
	sub	sp, #20
	.cfi_def_cfa_offset 20
	str	r0, [sp, #12]
	str	r1, [sp, #8]
	movs	r0, #1
	lsls	r0, r0, #16
.Ltmp22:
	.loc	7 149 13 prologue_end           @ ../../../../../Library/StdDriver/src/rng.c:149:13
	str	r0, [sp]
	.loc	7 152 5                         @ ../../../../../Library/StdDriver/src/rng.c:152:5
	b	.LBB1_1
.LBB1_1:                                @ =>This Inner Loop Header: Depth=1
	.loc	7 0 5 is_stmt 0                 @ ../../../../../Library/StdDriver/src/rng.c:0:5
	ldr	r0, __arm_cp.1_0
	.loc	7 152 17                        @ ../../../../../Library/StdDriver/src/rng.c:152:17
	ldr	r0, [r0]
	.loc	7 152 5                         @ ../../../../../Library/StdDriver/src/rng.c:152:5
	lsls	r0, r0, #23
	cmp	r0, #0
	bpl	.LBB1_5
	b	.LBB1_2
.LBB1_2:                                @   in Loop: Header=BB1_1 Depth=1
.Ltmp23:
	.loc	7 154 19 is_stmt 1              @ ../../../../../Library/StdDriver/src/rng.c:154:19
	ldr	r0, [sp]
	subs	r1, r0, #1
	str	r1, [sp]
.Ltmp24:
	.loc	7 154 12 is_stmt 0              @ ../../../../../Library/StdDriver/src/rng.c:154:12
	cmp	r0, #0
	bpl	.LBB1_4
	b	.LBB1_3
.LBB1_3:
	.loc	7 0 12                          @ ../../../../../Library/StdDriver/src/rng.c:0:12
	movs	r0, #0
.Ltmp25:
	.loc	7 155 13 is_stmt 1              @ ../../../../../Library/StdDriver/src/rng.c:155:13
	str	r0, [sp, #16]
	b	.LBB1_17
.Ltmp26:
.LBB1_4:                                @   in Loop: Header=BB1_1 Depth=1
	.loc	7 152 5                         @ ../../../../../Library/StdDriver/src/rng.c:152:5
	b	.LBB1_1
.LBB1_5:
.Ltmp27:
	.loc	7 158 8                         @ ../../../../../Library/StdDriver/src/rng.c:158:8
	ldr	r0, [sp, #8]
.Ltmp28:
	.loc	7 158 8 is_stmt 0               @ ../../../../../Library/StdDriver/src/rng.c:158:8
	cmp	r0, #9
	blt	.LBB1_7
	b	.LBB1_6
.LBB1_6:
	.loc	7 0 8                           @ ../../../../../Library/StdDriver/src/rng.c:0:8
	movs	r0, #8
.Ltmp29:
	.loc	7 159 16 is_stmt 1              @ ../../../../../Library/StdDriver/src/rng.c:159:16
	str	r0, [sp, #8]
	.loc	7 159 9 is_stmt 0               @ ../../../../../Library/StdDriver/src/rng.c:159:9
	b	.LBB1_7
.Ltmp30:
.LBB1_7:
	.loc	7 0 9                           @ ../../../../../Library/StdDriver/src/rng.c:0:9
	ldr	r1, __arm_cp.1_0
	movs	r0, #25
	.loc	7 162 20 is_stmt 1              @ ../../../../../Library/StdDriver/src/rng.c:162:20
	str	r0, [r1]
	movs	r0, #1
	lsls	r0, r0, #16
	.loc	7 164 13                        @ ../../../../../Library/StdDriver/src/rng.c:164:13
	str	r0, [sp]
	.loc	7 165 5                         @ ../../../../../Library/StdDriver/src/rng.c:165:5
	b	.LBB1_8
.LBB1_8:                                @ =>This Inner Loop Header: Depth=1
	.loc	7 0 5 is_stmt 0                 @ ../../../../../Library/StdDriver/src/rng.c:0:5
	ldr	r0, __arm_cp.1_0
	.loc	7 165 17                        @ ../../../../../Library/StdDriver/src/rng.c:165:17
	ldr	r0, [r0]
	.loc	7 165 5                         @ ../../../../../Library/StdDriver/src/rng.c:165:5
	lsls	r0, r0, #23
	cmp	r0, #0
	bpl	.LBB1_12
	b	.LBB1_9
.LBB1_9:                                @   in Loop: Header=BB1_8 Depth=1
.Ltmp31:
	.loc	7 167 19 is_stmt 1              @ ../../../../../Library/StdDriver/src/rng.c:167:19
	ldr	r0, [sp]
	subs	r1, r0, #1
	str	r1, [sp]
.Ltmp32:
	.loc	7 167 12 is_stmt 0              @ ../../../../../Library/StdDriver/src/rng.c:167:12
	cmp	r0, #0
	bpl	.LBB1_11
	b	.LBB1_10
.LBB1_10:
	.loc	7 0 12                          @ ../../../../../Library/StdDriver/src/rng.c:0:12
	movs	r0, #0
.Ltmp33:
	.loc	7 168 13 is_stmt 1              @ ../../../../../Library/StdDriver/src/rng.c:168:13
	str	r0, [sp, #16]
	b	.LBB1_17
.Ltmp34:
.LBB1_11:                               @   in Loop: Header=BB1_8 Depth=1
	.loc	7 165 5                         @ ../../../../../Library/StdDriver/src/rng.c:165:5
	b	.LBB1_8
.LBB1_12:
	.loc	7 0 5 is_stmt 0                 @ ../../../../../Library/StdDriver/src/rng.c:0:5
	movs	r0, #0
.Ltmp35:
	.loc	7 171 11 is_stmt 1              @ ../../../../../Library/StdDriver/src/rng.c:171:11
	str	r0, [sp, #4]
	.loc	7 171 9 is_stmt 0               @ ../../../../../Library/StdDriver/src/rng.c:171:9
	b	.LBB1_13
.LBB1_13:                               @ =>This Inner Loop Header: Depth=1
.Ltmp36:
	.loc	7 171 16                        @ ../../../../../Library/StdDriver/src/rng.c:171:16
	ldr	r0, [sp, #4]
	.loc	7 171 20                        @ ../../../../../Library/StdDriver/src/rng.c:171:20
	ldr	r1, [sp, #8]
.Ltmp37:
	.loc	7 171 5                         @ ../../../../../Library/StdDriver/src/rng.c:171:5
	cmp	r0, r1
	bge	.LBB1_16
	b	.LBB1_14
.LBB1_14:                               @   in Loop: Header=BB1_13 Depth=1
.Ltmp38:
	.loc	7 173 37 is_stmt 1              @ ../../../../../Library/StdDriver/src/rng.c:173:37
	ldr	r0, [sp, #4]
	.loc	7 173 22 is_stmt 0              @ ../../../../../Library/StdDriver/src/rng.c:173:22
	lsls	r0, r0, #2
	ldr	r1, __arm_cp.1_1
	ldr	r0, [r0, r1]
	.loc	7 173 9                         @ ../../../../../Library/StdDriver/src/rng.c:173:9
	ldr	r1, [sp, #12]
	.loc	7 173 17                        @ ../../../../../Library/StdDriver/src/rng.c:173:17
	ldr	r2, [sp, #4]
	.loc	7 173 9                         @ ../../../../../Library/StdDriver/src/rng.c:173:9
	lsls	r2, r2, #2
	.loc	7 173 20                        @ ../../../../../Library/StdDriver/src/rng.c:173:20
	str	r0, [r1, r2]
	.loc	7 174 5 is_stmt 1               @ ../../../../../Library/StdDriver/src/rng.c:174:5
	b	.LBB1_15
.Ltmp39:
.LBB1_15:                               @   in Loop: Header=BB1_13 Depth=1
	.loc	7 171 29                        @ ../../../../../Library/StdDriver/src/rng.c:171:29
	ldr	r0, [sp, #4]
	adds	r0, r0, #1
	str	r0, [sp, #4]
	.loc	7 171 5 is_stmt 0               @ ../../../../../Library/StdDriver/src/rng.c:171:5
	b	.LBB1_13
.Ltmp40:
.LBB1_16:
	.loc	7 176 12 is_stmt 1              @ ../../../../../Library/StdDriver/src/rng.c:176:12
	ldr	r0, [sp, #8]
	.loc	7 176 5 is_stmt 0               @ ../../../../../Library/StdDriver/src/rng.c:176:5
	str	r0, [sp, #16]
	b	.LBB1_17
.LBB1_17:
	.loc	7 177 1 is_stmt 1               @ ../../../../../Library/StdDriver/src/rng.c:177:1
	ldr	r0, [sp, #16]
	add	sp, #20
	bx	lr
.Ltmp41:
	.p2align	2
@ %bb.18:
	.loc	7 0 1 is_stmt 0                 @ ../../../../../Library/StdDriver/src/rng.c:0:1
__arm_cp.1_0:
	.long	1073946632                      @ 0x40032008
.Lcpi_end7:
	.size	__arm_cp.1_0, .Lcpi_end7-__arm_cp.1_0
__arm_cp.1_1:
	.long	1073946640                      @ 0x40032010
.Lcpi_end8:
	.size	__arm_cp.1_1, .Lcpi_end8-__arm_cp.1_1
.Lfunc_end1:
	.size	RNG_Random, .Lfunc_end1-RNG_Random
	.cfi_endproc
	.cantunwind
	.fnend
                                        @ -- End function
	.section	.text.RNG_ECDSA_Init,"ax",%progbits
	.hidden	RNG_ECDSA_Init                  @ -- Begin function RNG_ECDSA_Init
	.globl	RNG_ECDSA_Init
	.p2align	2
	.type	RNG_ECDSA_Init,%function
	.code	16                              @ @RNG_ECDSA_Init
	.thumb_func
RNG_ECDSA_Init:
.Lfunc_begin2:
	.loc	7 195 0 is_stmt 1               @ ../../../../../Library/StdDriver/src/rng.c:195:0
	.fnstart
	.cfi_startproc
@ %bb.0:
	.pad	#20
	sub	sp, #20
	.cfi_def_cfa_offset 20
	str	r0, [sp, #12]
	str	r1, [sp, #8]
	movs	r2, #1
	lsls	r0, r2, #24
.Ltmp42:
	.loc	7 197 13 prologue_end           @ ../../../../../Library/StdDriver/src/rng.c:197:13
	str	r0, [sp]
	ldr	r1, __arm_cp.2_0
	.loc	7 200 18                        @ ../../../../../Library/StdDriver/src/rng.c:200:18
	ldr	r0, [r1]
	movw	r3, #4096
	orrs	r0, r3
	str	r0, [r1]
	ldr	r1, __arm_cp.2_1
	.loc	7 201 18                        @ ../../../../../Library/StdDriver/src/rng.c:201:18
	ldr	r0, [r1]
	lsls	r2, r2, #25
	orrs	r0, r2
	str	r0, [r1]
	ldr	r1, __arm_cp.2_2
	.loc	7 202 18                        @ ../../../../../Library/StdDriver/src/rng.c:202:18
	ldr	r0, [r1]
	movs	r2, #2
	orrs	r0, r2
	str	r0, [r1]
	ldr	r1, __arm_cp.2_3
	.loc	7 204 17                        @ ../../../../../Library/StdDriver/src/rng.c:204:17
	ldr	r0, [r1]
	movs	r2, #65
	orrs	r0, r2
	str	r0, [r1]
	ldr	r1, __arm_cp.2_4
	.loc	7 206 15                        @ ../../../../../Library/StdDriver/src/rng.c:206:15
	ldr	r0, [r1]
	movs	r2, #128
	orrs	r0, r2
	str	r0, [r1]
	movs	r0, #0
	.loc	7 208 7                         @ ../../../../../Library/StdDriver/src/rng.c:208:7
	str	r0, [sp, #4]
	.loc	7 209 5                         @ ../../../../../Library/StdDriver/src/rng.c:209:5
	b	.LBB2_1
.LBB2_1:                                @ =>This Inner Loop Header: Depth=1
	.loc	7 0 5 is_stmt 0                 @ ../../../../../Library/StdDriver/src/rng.c:0:5
	ldr	r0, __arm_cp.2_5
	.loc	7 209 18                        @ ../../../../../Library/StdDriver/src/rng.c:209:18
	ldr	r0, [r0]
	.loc	7 209 5                         @ ../../../../../Library/StdDriver/src/rng.c:209:5
	lsls	r0, r0, #24
	cmp	r0, #0
	bmi	.LBB2_5
	b	.LBB2_2
.LBB2_2:                                @   in Loop: Header=BB2_1 Depth=1
.Ltmp43:
	.loc	7 211 13 is_stmt 1              @ ../../../../../Library/StdDriver/src/rng.c:211:13
	ldr	r0, [sp, #4]
	adds	r1, r0, #1
	str	r1, [sp, #4]
	.loc	7 211 18 is_stmt 0              @ ../../../../../Library/StdDriver/src/rng.c:211:18
	ldr	r1, [sp]
.Ltmp44:
	.loc	7 211 12                        @ ../../../../../Library/StdDriver/src/rng.c:211:12
	cmp	r0, r1
	ble	.LBB2_4
	b	.LBB2_3
.LBB2_3:
	.loc	7 0 12                          @ ../../../../../Library/StdDriver/src/rng.c:0:12
	movs	r0, #0
	mvns	r0, r0
.Ltmp45:
	.loc	7 213 13 is_stmt 1              @ ../../../../../Library/StdDriver/src/rng.c:213:13
	str	r0, [sp, #16]
	b	.LBB2_30
.Ltmp46:
.LBB2_4:                                @   in Loop: Header=BB2_1 Depth=1
	.loc	7 209 5                         @ ../../../../../Library/StdDriver/src/rng.c:209:5
	b	.LBB2_1
.LBB2_5:
	.loc	7 0 5 is_stmt 0                 @ ../../../../../Library/StdDriver/src/rng.c:0:5
	ldr	r2, __arm_cp.2_5
	movs	r0, #0
	.loc	7 217 15 is_stmt 1              @ ../../../../../Library/StdDriver/src/rng.c:217:15
	str	r0, [r2]
	ldr	r1, __arm_cp.2_6
	.loc	7 220 20                        @ ../../../../../Library/StdDriver/src/rng.c:220:20
	str	r0, [r1]
	.loc	7 224 15                        @ ../../../../../Library/StdDriver/src/rng.c:224:15
	ldr	r1, [r2]
	movw	r3, #256
	orrs	r1, r3
	str	r1, [r2]
	.loc	7 227 7                         @ ../../../../../Library/StdDriver/src/rng.c:227:7
	str	r0, [sp, #4]
	.loc	7 228 5                         @ ../../../../../Library/StdDriver/src/rng.c:228:5
	b	.LBB2_6
.LBB2_6:                                @ =>This Inner Loop Header: Depth=1
	.loc	7 0 5 is_stmt 0                 @ ../../../../../Library/StdDriver/src/rng.c:0:5
	ldr	r0, __arm_cp.2_5
	.loc	7 228 18                        @ ../../../../../Library/StdDriver/src/rng.c:228:18
	ldr	r0, [r0]
	.loc	7 228 5                         @ ../../../../../Library/StdDriver/src/rng.c:228:5
	lsls	r0, r0, #22
	cmp	r0, #0
	bmi	.LBB2_10
	b	.LBB2_7
.LBB2_7:                                @   in Loop: Header=BB2_6 Depth=1
.Ltmp47:
	.loc	7 230 13 is_stmt 1              @ ../../../../../Library/StdDriver/src/rng.c:230:13
	ldr	r0, [sp, #4]
	adds	r1, r0, #1
	str	r1, [sp, #4]
	.loc	7 230 18 is_stmt 0              @ ../../../../../Library/StdDriver/src/rng.c:230:18
	ldr	r1, [sp]
.Ltmp48:
	.loc	7 230 12                        @ ../../../../../Library/StdDriver/src/rng.c:230:12
	cmp	r0, r1
	ble	.LBB2_9
	b	.LBB2_8
.LBB2_8:
	.loc	7 0 12                          @ ../../../../../Library/StdDriver/src/rng.c:0:12
	movs	r0, #0
	mvns	r0, r0
.Ltmp49:
	.loc	7 232 13 is_stmt 1              @ ../../../../../Library/StdDriver/src/rng.c:232:13
	str	r0, [sp, #16]
	b	.LBB2_30
.Ltmp50:
.LBB2_9:                                @   in Loop: Header=BB2_6 Depth=1
	.loc	7 228 5                         @ ../../../../../Library/StdDriver/src/rng.c:228:5
	b	.LBB2_6
.LBB2_10:
	.loc	7 0 5 is_stmt 0                 @ ../../../../../Library/StdDriver/src/rng.c:0:5
	movs	r0, #0
	.loc	7 237 7 is_stmt 1               @ ../../../../../Library/StdDriver/src/rng.c:237:7
	str	r0, [sp, #4]
	.loc	7 238 5                         @ ../../../../../Library/StdDriver/src/rng.c:238:5
	b	.LBB2_11
.LBB2_11:                               @ =>This Inner Loop Header: Depth=1
	.loc	7 0 5 is_stmt 0                 @ ../../../../../Library/StdDriver/src/rng.c:0:5
	ldr	r0, __arm_cp.2_6
	.loc	7 238 17                        @ ../../../../../Library/StdDriver/src/rng.c:238:17
	ldr	r0, [r0]
	.loc	7 238 5                         @ ../../../../../Library/StdDriver/src/rng.c:238:5
	lsls	r0, r0, #23
	cmp	r0, #0
	bpl	.LBB2_15
	b	.LBB2_12
.LBB2_12:                               @   in Loop: Header=BB2_11 Depth=1
.Ltmp51:
	.loc	7 240 13 is_stmt 1              @ ../../../../../Library/StdDriver/src/rng.c:240:13
	ldr	r0, [sp, #4]
	adds	r1, r0, #1
	str	r1, [sp, #4]
	.loc	7 240 18 is_stmt 0              @ ../../../../../Library/StdDriver/src/rng.c:240:18
	ldr	r1, [sp]
.Ltmp52:
	.loc	7 240 12                        @ ../../../../../Library/StdDriver/src/rng.c:240:12
	cmp	r0, r1
	ble	.LBB2_14
	b	.LBB2_13
.LBB2_13:
	.loc	7 0 12                          @ ../../../../../Library/StdDriver/src/rng.c:0:12
	movs	r0, #0
	mvns	r0, r0
.Ltmp53:
	.loc	7 242 13 is_stmt 1              @ ../../../../../Library/StdDriver/src/rng.c:242:13
	str	r0, [sp, #16]
	b	.LBB2_30
.Ltmp54:
.LBB2_14:                               @   in Loop: Header=BB2_11 Depth=1
	.loc	7 238 5                         @ ../../../../../Library/StdDriver/src/rng.c:238:5
	b	.LBB2_11
.LBB2_15:
	.loc	7 0 5 is_stmt 0                 @ ../../../../../Library/StdDriver/src/rng.c:0:5
	ldr	r1, __arm_cp.2_6
	movs	r0, #64
	.loc	7 248 20 is_stmt 1              @ ../../../../../Library/StdDriver/src/rng.c:248:20
	str	r0, [r1]
	movs	r0, #0
	.loc	7 251 7                         @ ../../../../../Library/StdDriver/src/rng.c:251:7
	str	r0, [sp, #4]
	.loc	7 252 5                         @ ../../../../../Library/StdDriver/src/rng.c:252:5
	b	.LBB2_16
.LBB2_16:                               @ =>This Inner Loop Header: Depth=1
	.loc	7 0 5 is_stmt 0                 @ ../../../../../Library/StdDriver/src/rng.c:0:5
	ldr	r0, __arm_cp.2_6
	.loc	7 252 18                        @ ../../../../../Library/StdDriver/src/rng.c:252:18
	ldr	r0, [r0]
	.loc	7 252 5                         @ ../../../../../Library/StdDriver/src/rng.c:252:5
	lsls	r0, r0, #24
	cmp	r0, #0
	bmi	.LBB2_20
	b	.LBB2_17
.LBB2_17:                               @   in Loop: Header=BB2_16 Depth=1
.Ltmp55:
	.loc	7 254 13 is_stmt 1              @ ../../../../../Library/StdDriver/src/rng.c:254:13
	ldr	r0, [sp, #4]
	adds	r1, r0, #1
	str	r1, [sp, #4]
	.loc	7 254 18 is_stmt 0              @ ../../../../../Library/StdDriver/src/rng.c:254:18
	ldr	r1, [sp]
.Ltmp56:
	.loc	7 254 12                        @ ../../../../../Library/StdDriver/src/rng.c:254:12
	cmp	r0, r1
	ble	.LBB2_19
	b	.LBB2_18
.LBB2_18:
	.loc	7 0 12                          @ ../../../../../Library/StdDriver/src/rng.c:0:12
	movs	r0, #0
	mvns	r0, r0
.Ltmp57:
	.loc	7 256 13 is_stmt 1              @ ../../../../../Library/StdDriver/src/rng.c:256:13
	str	r0, [sp, #16]
	b	.LBB2_30
.Ltmp58:
.LBB2_19:                               @   in Loop: Header=BB2_16 Depth=1
	.loc	7 252 5                         @ ../../../../../Library/StdDriver/src/rng.c:252:5
	b	.LBB2_16
.LBB2_20:
	.loc	7 0 5 is_stmt 0                 @ ../../../../../Library/StdDriver/src/rng.c:0:5
	movs	r0, #0
.Ltmp59:
	.loc	7 261 11 is_stmt 1              @ ../../../../../Library/StdDriver/src/rng.c:261:11
	str	r0, [sp, #4]
	.loc	7 261 9 is_stmt 0               @ ../../../../../Library/StdDriver/src/rng.c:261:9
	b	.LBB2_21
.LBB2_21:                               @ =>This Inner Loop Header: Depth=1
.Ltmp60:
	.loc	7 261 16                        @ ../../../../../Library/StdDriver/src/rng.c:261:16
	ldr	r0, [sp, #4]
.Ltmp61:
	.loc	7 261 5                         @ ../../../../../Library/StdDriver/src/rng.c:261:5
	cmp	r0, #17
	bgt	.LBB2_24
	b	.LBB2_22
.LBB2_22:                               @   in Loop: Header=BB2_21 Depth=1
.Ltmp62:
	.loc	7 262 26 is_stmt 1              @ ../../../../../Library/StdDriver/src/rng.c:262:26
	ldr	r0, [sp, #8]
	.loc	7 262 36 is_stmt 0              @ ../../../../../Library/StdDriver/src/rng.c:262:36
	ldr	r1, [sp, #4]
	.loc	7 262 26                        @ ../../../../../Library/StdDriver/src/rng.c:262:26
	lsls	r1, r1, #2
	ldr	r0, [r0, r1]
	ldr	r2, __arm_cp.2_8
	.loc	7 262 24                        @ ../../../../../Library/StdDriver/src/rng.c:262:24
	str	r0, [r1, r2]
	.loc	7 262 9                         @ ../../../../../Library/StdDriver/src/rng.c:262:9
	b	.LBB2_23
.LBB2_23:                               @   in Loop: Header=BB2_21 Depth=1
	.loc	7 261 25 is_stmt 1              @ ../../../../../Library/StdDriver/src/rng.c:261:25
	ldr	r0, [sp, #4]
	adds	r0, r0, #1
	str	r0, [sp, #4]
	.loc	7 261 5 is_stmt 0               @ ../../../../../Library/StdDriver/src/rng.c:261:5
	b	.LBB2_21
.Ltmp63:
.LBB2_24:
	.loc	7 0 5                           @ ../../../../../Library/StdDriver/src/rng.c:0:5
	ldr	r1, __arm_cp.2_7
	movs	r0, #0
	.loc	7 264 22 is_stmt 1              @ ../../../../../Library/StdDriver/src/rng.c:264:22
	str	r0, [r1]
	.loc	7 267 24                        @ ../../../../../Library/StdDriver/src/rng.c:267:24
	ldr	r1, [sp, #12]
	.loc	7 267 35 is_stmt 0              @ ../../../../../Library/StdDriver/src/rng.c:267:35
	lsls	r1, r1, #2
	ldr	r2, __arm_cp.2_6
	.loc	7 267 20                        @ ../../../../../Library/StdDriver/src/rng.c:267:20
	ldr	r3, [r2]
	.loc	7 267 63                        @ ../../../../../Library/StdDriver/src/rng.c:267:63
	orrs	r1, r3
	movs	r3, #3
	.loc	7 267 20                        @ ../../../../../Library/StdDriver/src/rng.c:267:20
	orrs	r1, r3
	str	r1, [r2]
	.loc	7 271 7 is_stmt 1               @ ../../../../../Library/StdDriver/src/rng.c:271:7
	str	r0, [sp, #4]
	.loc	7 272 5                         @ ../../../../../Library/StdDriver/src/rng.c:272:5
	b	.LBB2_25
.LBB2_25:                               @ =>This Inner Loop Header: Depth=1
	.loc	7 0 5 is_stmt 0                 @ ../../../../../Library/StdDriver/src/rng.c:0:5
	ldr	r0, __arm_cp.2_6
	.loc	7 272 17                        @ ../../../../../Library/StdDriver/src/rng.c:272:17
	ldr	r0, [r0]
	.loc	7 272 5                         @ ../../../../../Library/StdDriver/src/rng.c:272:5
	lsls	r0, r0, #23
	cmp	r0, #0
	bpl	.LBB2_29
	b	.LBB2_26
.LBB2_26:                               @   in Loop: Header=BB2_25 Depth=1
.Ltmp64:
	.loc	7 274 13 is_stmt 1              @ ../../../../../Library/StdDriver/src/rng.c:274:13
	ldr	r0, [sp, #4]
	adds	r1, r0, #1
	str	r1, [sp, #4]
	.loc	7 274 18 is_stmt 0              @ ../../../../../Library/StdDriver/src/rng.c:274:18
	ldr	r1, [sp]
.Ltmp65:
	.loc	7 274 12                        @ ../../../../../Library/StdDriver/src/rng.c:274:12
	cmp	r0, r1
	ble	.LBB2_28
	b	.LBB2_27
.LBB2_27:
	.loc	7 0 12                          @ ../../../../../Library/StdDriver/src/rng.c:0:12
	movs	r0, #0
	mvns	r0, r0
.Ltmp66:
	.loc	7 276 13 is_stmt 1              @ ../../../../../Library/StdDriver/src/rng.c:276:13
	str	r0, [sp, #16]
	b	.LBB2_30
.Ltmp67:
.LBB2_28:                               @   in Loop: Header=BB2_25 Depth=1
	.loc	7 272 5                         @ ../../../../../Library/StdDriver/src/rng.c:272:5
	b	.LBB2_25
.LBB2_29:
	.loc	7 0 5 is_stmt 0                 @ ../../../../../Library/StdDriver/src/rng.c:0:5
	movs	r0, #67
	lsls	r0, r0, #20
	ldr	r1, __arm_cp.2_7
	.loc	7 281 22 is_stmt 1              @ ../../../../../Library/StdDriver/src/rng.c:281:22
	str	r0, [r1]
	movs	r0, #0
	.loc	7 286 5                         @ ../../../../../Library/StdDriver/src/rng.c:286:5
	str	r0, [sp, #16]
	b	.LBB2_30
.LBB2_30:
	.loc	7 287 1                         @ ../../../../../Library/StdDriver/src/rng.c:287:1
	ldr	r0, [sp, #16]
	add	sp, #20
	bx	lr
.Ltmp68:
	.p2align	2
@ %bb.31:
	.loc	7 0 1 is_stmt 0                 @ ../../../../../Library/StdDriver/src/rng.c:0:1
__arm_cp.2_0:
	.long	1073742340                      @ 0x40000204
.Lcpi_end9:
	.size	__arm_cp.2_0, .Lcpi_end9-__arm_cp.2_0
__arm_cp.2_1:
	.long	1073742348                      @ 0x4000020c
.Lcpi_end10:
	.size	__arm_cp.2_1, .Lcpi_end10-__arm_cp.2_1
__arm_cp.2_2:
	.long	1073742344                      @ 0x40000208
.Lcpi_end11:
	.size	__arm_cp.2_2, .Lcpi_end11-__arm_cp.2_2
__arm_cp.2_3:
	.long	1074008320                      @ 0x40041100
.Lcpi_end12:
	.size	__arm_cp.2_3, .Lcpi_end12-__arm_cp.2_3
__arm_cp.2_4:
	.long	1074499596                      @ 0x400b900c
.Lcpi_end13:
	.size	__arm_cp.2_4, .Lcpi_end13-__arm_cp.2_4
__arm_cp.2_5:
	.long	1074499584                      @ 0x400b9000
.Lcpi_end14:
	.size	__arm_cp.2_5, .Lcpi_end14-__arm_cp.2_5
__arm_cp.2_6:
	.long	1073946632                      @ 0x40032008
.Lcpi_end15:
	.size	__arm_cp.2_6, .Lcpi_end15-__arm_cp.2_6
__arm_cp.2_7:
	.long	1073950464                      @ 0x40032f00
.Lcpi_end16:
	.size	__arm_cp.2_7, .Lcpi_end16-__arm_cp.2_7
__arm_cp.2_8:
	.long	1073949112                      @ 0x400329b8
.Lcpi_end17:
	.size	__arm_cp.2_8, .Lcpi_end17-__arm_cp.2_8
.Lfunc_end2:
	.size	RNG_ECDSA_Init, .Lfunc_end2-RNG_ECDSA_Init
	.cfi_endproc
	.cantunwind
	.fnend
                                        @ -- End function
	.section	.text.RNG_ECDSA,"ax",%progbits
	.hidden	RNG_ECDSA                       @ -- Begin function RNG_ECDSA
	.globl	RNG_ECDSA
	.p2align	2
	.type	RNG_ECDSA,%function
	.code	16                              @ @RNG_ECDSA
	.thumb_func
RNG_ECDSA:
.Lfunc_begin3:
	.loc	7 300 0 is_stmt 1               @ ../../../../../Library/StdDriver/src/rng.c:300:0
	.fnstart
	.cfi_startproc
@ %bb.0:
	.pad	#16
	sub	sp, #16
	.cfi_def_cfa_offset 16
	str	r0, [sp, #8]
.Ltmp69:
	.loc	7 305 23 prologue_end           @ ../../../../../Library/StdDriver/src/rng.c:305:23
	ldr	r0, [sp, #8]
	.loc	7 305 34 is_stmt 0              @ ../../../../../Library/StdDriver/src/rng.c:305:34
	lsls	r0, r0, #2
	movs	r1, #193
	.loc	7 306 27 is_stmt 1              @ ../../../../../Library/StdDriver/src/rng.c:306:27
	orrs	r0, r1
	ldr	r1, __arm_cp.3_0
	.loc	7 305 20                        @ ../../../../../Library/StdDriver/src/rng.c:305:20
	str	r0, [r1]
	movs	r0, #1
	lsls	r0, r0, #16
	.loc	7 309 13                        @ ../../../../../Library/StdDriver/src/rng.c:309:13
	str	r0, [sp, #4]
	movs	r0, #0
	.loc	7 310 7                         @ ../../../../../Library/StdDriver/src/rng.c:310:7
	str	r0, [sp]
	.loc	7 311 5                         @ ../../../../../Library/StdDriver/src/rng.c:311:5
	b	.LBB3_1
.LBB3_1:                                @ =>This Inner Loop Header: Depth=1
	.loc	7 0 5 is_stmt 0                 @ ../../../../../Library/StdDriver/src/rng.c:0:5
	ldr	r0, __arm_cp.3_0
	.loc	7 311 17                        @ ../../../../../Library/StdDriver/src/rng.c:311:17
	ldr	r0, [r0]
	.loc	7 311 5                         @ ../../../../../Library/StdDriver/src/rng.c:311:5
	lsls	r0, r0, #23
	cmp	r0, #0
	bpl	.LBB3_5
	b	.LBB3_2
.LBB3_2:                                @   in Loop: Header=BB3_1 Depth=1
.Ltmp70:
	.loc	7 313 13 is_stmt 1              @ ../../../../../Library/StdDriver/src/rng.c:313:13
	ldr	r0, [sp]
	adds	r1, r0, #1
	str	r1, [sp]
	.loc	7 313 18 is_stmt 0              @ ../../../../../Library/StdDriver/src/rng.c:313:18
	ldr	r1, [sp, #4]
.Ltmp71:
	.loc	7 313 12                        @ ../../../../../Library/StdDriver/src/rng.c:313:12
	cmp	r0, r1
	ble	.LBB3_4
	b	.LBB3_3
.LBB3_3:
	.loc	7 0 12                          @ ../../../../../Library/StdDriver/src/rng.c:0:12
	movs	r0, #0
	mvns	r0, r0
.Ltmp72:
	.loc	7 316 13 is_stmt 1              @ ../../../../../Library/StdDriver/src/rng.c:316:13
	str	r0, [sp, #12]
	b	.LBB3_8
.Ltmp73:
.LBB3_4:                                @   in Loop: Header=BB3_1 Depth=1
	.loc	7 311 5                         @ ../../../../../Library/StdDriver/src/rng.c:311:5
	b	.LBB3_1
.LBB3_5:
	.loc	7 0 5 is_stmt 0                 @ ../../../../../Library/StdDriver/src/rng.c:0:5
	ldr	r0, __arm_cp.3_1
.Ltmp74:
	.loc	7 320 14 is_stmt 1              @ ../../../../../Library/StdDriver/src/rng.c:320:14
	ldr	r0, [r0]
.Ltmp75:
	.loc	7 320 8 is_stmt 0               @ ../../../../../Library/StdDriver/src/rng.c:320:8
	lsls	r0, r0, #15
	cmp	r0, #0
	bpl	.LBB3_7
	b	.LBB3_6
.LBB3_6:
	.loc	7 0 8                           @ ../../../../../Library/StdDriver/src/rng.c:0:8
	movs	r0, #0
	mvns	r0, r0
.Ltmp76:
	.loc	7 323 9 is_stmt 1               @ ../../../../../Library/StdDriver/src/rng.c:323:9
	str	r0, [sp, #12]
	b	.LBB3_8
.Ltmp77:
.LBB3_7:
	.loc	7 0 9 is_stmt 0                 @ ../../../../../Library/StdDriver/src/rng.c:0:9
	ldr	r0, __arm_cp.3_1
	.loc	7 326 19 is_stmt 1              @ ../../../../../Library/StdDriver/src/rng.c:326:19
	ldr	r0, [r0]
	movs	r1, #31
	.loc	7 326 30 is_stmt 0              @ ../../../../../Library/StdDriver/src/rng.c:326:30
	ands	r0, r1
	.loc	7 326 5                         @ ../../../../../Library/StdDriver/src/rng.c:326:5
	str	r0, [sp, #12]
	b	.LBB3_8
.LBB3_8:
	.loc	7 327 1 is_stmt 1               @ ../../../../../Library/StdDriver/src/rng.c:327:1
	ldr	r0, [sp, #12]
	add	sp, #16
	bx	lr
.Ltmp78:
	.p2align	2
@ %bb.9:
	.loc	7 0 1 is_stmt 0                 @ ../../../../../Library/StdDriver/src/rng.c:0:1
__arm_cp.3_0:
	.long	1073946632                      @ 0x40032008
.Lcpi_end18:
	.size	__arm_cp.3_0, .Lcpi_end18-__arm_cp.3_0
__arm_cp.3_1:
	.long	1073950468                      @ 0x40032f04
.Lcpi_end19:
	.size	__arm_cp.3_1, .Lcpi_end19-__arm_cp.3_1
.Lfunc_end3:
	.size	RNG_ECDSA, .Lfunc_end3-RNG_ECDSA
	.cfi_endproc
	.cantunwind
	.fnend
                                        @ -- End function
	.section	.text.RNG_ECDH_Init,"ax",%progbits
	.hidden	RNG_ECDH_Init                   @ -- Begin function RNG_ECDH_Init
	.globl	RNG_ECDH_Init
	.p2align	2
	.type	RNG_ECDH_Init,%function
	.code	16                              @ @RNG_ECDH_Init
	.thumb_func
RNG_ECDH_Init:
.Lfunc_begin4:
	.loc	7 345 0 is_stmt 1               @ ../../../../../Library/StdDriver/src/rng.c:345:0
	.fnstart
	.cfi_startproc
@ %bb.0:
	.pad	#20
	sub	sp, #20
	.cfi_def_cfa_offset 20
	str	r0, [sp, #12]
	str	r1, [sp, #8]
	movs	r2, #1
	lsls	r0, r2, #24
.Ltmp79:
	.loc	7 347 13 prologue_end           @ ../../../../../Library/StdDriver/src/rng.c:347:13
	str	r0, [sp]
	ldr	r1, __arm_cp.4_0
	.loc	7 350 18                        @ ../../../../../Library/StdDriver/src/rng.c:350:18
	ldr	r0, [r1]
	movw	r3, #4096
	orrs	r0, r3
	str	r0, [r1]
	ldr	r1, __arm_cp.4_1
	.loc	7 351 18                        @ ../../../../../Library/StdDriver/src/rng.c:351:18
	ldr	r0, [r1]
	lsls	r2, r2, #25
	orrs	r0, r2
	str	r0, [r1]
	ldr	r1, __arm_cp.4_2
	.loc	7 352 18                        @ ../../../../../Library/StdDriver/src/rng.c:352:18
	ldr	r0, [r1]
	movs	r2, #2
	orrs	r0, r2
	str	r0, [r1]
	ldr	r1, __arm_cp.4_3
	.loc	7 354 17                        @ ../../../../../Library/StdDriver/src/rng.c:354:17
	ldr	r0, [r1]
	movs	r2, #65
	orrs	r0, r2
	str	r0, [r1]
	ldr	r1, __arm_cp.4_4
	.loc	7 356 15                        @ ../../../../../Library/StdDriver/src/rng.c:356:15
	ldr	r0, [r1]
	movs	r2, #128
	orrs	r0, r2
	str	r0, [r1]
	movs	r0, #0
	.loc	7 358 7                         @ ../../../../../Library/StdDriver/src/rng.c:358:7
	str	r0, [sp, #4]
	.loc	7 359 5                         @ ../../../../../Library/StdDriver/src/rng.c:359:5
	b	.LBB4_1
.LBB4_1:                                @ =>This Inner Loop Header: Depth=1
	.loc	7 0 5 is_stmt 0                 @ ../../../../../Library/StdDriver/src/rng.c:0:5
	ldr	r0, __arm_cp.4_5
	.loc	7 359 18                        @ ../../../../../Library/StdDriver/src/rng.c:359:18
	ldr	r0, [r0]
	.loc	7 359 5                         @ ../../../../../Library/StdDriver/src/rng.c:359:5
	lsls	r0, r0, #24
	cmp	r0, #0
	bmi	.LBB4_5
	b	.LBB4_2
.LBB4_2:                                @   in Loop: Header=BB4_1 Depth=1
.Ltmp80:
	.loc	7 361 13 is_stmt 1              @ ../../../../../Library/StdDriver/src/rng.c:361:13
	ldr	r0, [sp, #4]
	adds	r1, r0, #1
	str	r1, [sp, #4]
	.loc	7 361 18 is_stmt 0              @ ../../../../../Library/StdDriver/src/rng.c:361:18
	ldr	r1, [sp]
.Ltmp81:
	.loc	7 361 12                        @ ../../../../../Library/StdDriver/src/rng.c:361:12
	cmp	r0, r1
	ble	.LBB4_4
	b	.LBB4_3
.LBB4_3:
	.loc	7 0 12                          @ ../../../../../Library/StdDriver/src/rng.c:0:12
	movs	r0, #0
	mvns	r0, r0
.Ltmp82:
	.loc	7 364 13 is_stmt 1              @ ../../../../../Library/StdDriver/src/rng.c:364:13
	str	r0, [sp, #16]
	b	.LBB4_30
.Ltmp83:
.LBB4_4:                                @   in Loop: Header=BB4_1 Depth=1
	.loc	7 359 5                         @ ../../../../../Library/StdDriver/src/rng.c:359:5
	b	.LBB4_1
.LBB4_5:
	.loc	7 0 5 is_stmt 0                 @ ../../../../../Library/StdDriver/src/rng.c:0:5
	ldr	r2, __arm_cp.4_5
	movs	r0, #0
	.loc	7 368 15 is_stmt 1              @ ../../../../../Library/StdDriver/src/rng.c:368:15
	str	r0, [r2]
	.loc	7 372 15                        @ ../../../../../Library/StdDriver/src/rng.c:372:15
	ldr	r1, [r2]
	movw	r3, #256
	orrs	r1, r3
	str	r1, [r2]
	.loc	7 375 7                         @ ../../../../../Library/StdDriver/src/rng.c:375:7
	str	r0, [sp, #4]
	.loc	7 376 5                         @ ../../../../../Library/StdDriver/src/rng.c:376:5
	b	.LBB4_6
.LBB4_6:                                @ =>This Inner Loop Header: Depth=1
	.loc	7 0 5 is_stmt 0                 @ ../../../../../Library/StdDriver/src/rng.c:0:5
	ldr	r0, __arm_cp.4_5
	.loc	7 376 18                        @ ../../../../../Library/StdDriver/src/rng.c:376:18
	ldr	r0, [r0]
	.loc	7 376 5                         @ ../../../../../Library/StdDriver/src/rng.c:376:5
	lsls	r0, r0, #22
	cmp	r0, #0
	bmi	.LBB4_10
	b	.LBB4_7
.LBB4_7:                                @   in Loop: Header=BB4_6 Depth=1
.Ltmp84:
	.loc	7 378 13 is_stmt 1              @ ../../../../../Library/StdDriver/src/rng.c:378:13
	ldr	r0, [sp, #4]
	adds	r1, r0, #1
	str	r1, [sp, #4]
	.loc	7 378 18 is_stmt 0              @ ../../../../../Library/StdDriver/src/rng.c:378:18
	ldr	r1, [sp]
.Ltmp85:
	.loc	7 378 12                        @ ../../../../../Library/StdDriver/src/rng.c:378:12
	cmp	r0, r1
	ble	.LBB4_9
	b	.LBB4_8
.LBB4_8:
	.loc	7 0 12                          @ ../../../../../Library/StdDriver/src/rng.c:0:12
	movs	r0, #0
	mvns	r0, r0
.Ltmp86:
	.loc	7 381 13 is_stmt 1              @ ../../../../../Library/StdDriver/src/rng.c:381:13
	str	r0, [sp, #16]
	b	.LBB4_30
.Ltmp87:
.LBB4_9:                                @   in Loop: Header=BB4_6 Depth=1
	.loc	7 376 5                         @ ../../../../../Library/StdDriver/src/rng.c:376:5
	b	.LBB4_6
.LBB4_10:
	.loc	7 0 5 is_stmt 0                 @ ../../../../../Library/StdDriver/src/rng.c:0:5
	movs	r0, #0
	.loc	7 386 7 is_stmt 1               @ ../../../../../Library/StdDriver/src/rng.c:386:7
	str	r0, [sp, #4]
	.loc	7 387 5                         @ ../../../../../Library/StdDriver/src/rng.c:387:5
	b	.LBB4_11
.LBB4_11:                               @ =>This Inner Loop Header: Depth=1
	.loc	7 0 5 is_stmt 0                 @ ../../../../../Library/StdDriver/src/rng.c:0:5
	ldr	r0, __arm_cp.4_6
	.loc	7 387 17                        @ ../../../../../Library/StdDriver/src/rng.c:387:17
	ldr	r0, [r0]
	.loc	7 387 5                         @ ../../../../../Library/StdDriver/src/rng.c:387:5
	lsls	r0, r0, #23
	cmp	r0, #0
	bpl	.LBB4_15
	b	.LBB4_12
.LBB4_12:                               @   in Loop: Header=BB4_11 Depth=1
.Ltmp88:
	.loc	7 389 13 is_stmt 1              @ ../../../../../Library/StdDriver/src/rng.c:389:13
	ldr	r0, [sp, #4]
	adds	r1, r0, #1
	str	r1, [sp, #4]
	.loc	7 389 18 is_stmt 0              @ ../../../../../Library/StdDriver/src/rng.c:389:18
	ldr	r1, [sp]
.Ltmp89:
	.loc	7 389 12                        @ ../../../../../Library/StdDriver/src/rng.c:389:12
	cmp	r0, r1
	ble	.LBB4_14
	b	.LBB4_13
.LBB4_13:
	.loc	7 0 12                          @ ../../../../../Library/StdDriver/src/rng.c:0:12
	movs	r0, #0
	mvns	r0, r0
.Ltmp90:
	.loc	7 392 13 is_stmt 1              @ ../../../../../Library/StdDriver/src/rng.c:392:13
	str	r0, [sp, #16]
	b	.LBB4_30
.Ltmp91:
.LBB4_14:                               @   in Loop: Header=BB4_11 Depth=1
	.loc	7 387 5                         @ ../../../../../Library/StdDriver/src/rng.c:387:5
	b	.LBB4_11
.LBB4_15:
	.loc	7 0 5 is_stmt 0                 @ ../../../../../Library/StdDriver/src/rng.c:0:5
	ldr	r1, __arm_cp.4_6
	movs	r0, #64
	.loc	7 399 20 is_stmt 1              @ ../../../../../Library/StdDriver/src/rng.c:399:20
	str	r0, [r1]
	movs	r0, #0
	.loc	7 402 7                         @ ../../../../../Library/StdDriver/src/rng.c:402:7
	str	r0, [sp, #4]
	.loc	7 403 5                         @ ../../../../../Library/StdDriver/src/rng.c:403:5
	b	.LBB4_16
.LBB4_16:                               @ =>This Inner Loop Header: Depth=1
	.loc	7 0 5 is_stmt 0                 @ ../../../../../Library/StdDriver/src/rng.c:0:5
	ldr	r0, __arm_cp.4_6
	.loc	7 403 18                        @ ../../../../../Library/StdDriver/src/rng.c:403:18
	ldr	r0, [r0]
	.loc	7 403 5                         @ ../../../../../Library/StdDriver/src/rng.c:403:5
	lsls	r0, r0, #24
	cmp	r0, #0
	bmi	.LBB4_20
	b	.LBB4_17
.LBB4_17:                               @   in Loop: Header=BB4_16 Depth=1
.Ltmp92:
	.loc	7 405 13 is_stmt 1              @ ../../../../../Library/StdDriver/src/rng.c:405:13
	ldr	r0, [sp, #4]
	adds	r1, r0, #1
	str	r1, [sp, #4]
	.loc	7 405 18 is_stmt 0              @ ../../../../../Library/StdDriver/src/rng.c:405:18
	ldr	r1, [sp]
.Ltmp93:
	.loc	7 405 12                        @ ../../../../../Library/StdDriver/src/rng.c:405:12
	cmp	r0, r1
	ble	.LBB4_19
	b	.LBB4_18
.LBB4_18:
	.loc	7 0 12                          @ ../../../../../Library/StdDriver/src/rng.c:0:12
	movs	r0, #0
	mvns	r0, r0
.Ltmp94:
	.loc	7 408 13 is_stmt 1              @ ../../../../../Library/StdDriver/src/rng.c:408:13
	str	r0, [sp, #16]
	b	.LBB4_30
.Ltmp95:
.LBB4_19:                               @   in Loop: Header=BB4_16 Depth=1
	.loc	7 403 5                         @ ../../../../../Library/StdDriver/src/rng.c:403:5
	b	.LBB4_16
.LBB4_20:
	.loc	7 0 5 is_stmt 0                 @ ../../../../../Library/StdDriver/src/rng.c:0:5
	movs	r0, #0
.Ltmp96:
	.loc	7 413 11 is_stmt 1              @ ../../../../../Library/StdDriver/src/rng.c:413:11
	str	r0, [sp, #4]
	.loc	7 413 9 is_stmt 0               @ ../../../../../Library/StdDriver/src/rng.c:413:9
	b	.LBB4_21
.LBB4_21:                               @ =>This Inner Loop Header: Depth=1
.Ltmp97:
	.loc	7 413 16                        @ ../../../../../Library/StdDriver/src/rng.c:413:16
	ldr	r0, [sp, #4]
.Ltmp98:
	.loc	7 413 5                         @ ../../../../../Library/StdDriver/src/rng.c:413:5
	cmp	r0, #17
	bgt	.LBB4_24
	b	.LBB4_22
.LBB4_22:                               @   in Loop: Header=BB4_21 Depth=1
.Ltmp99:
	.loc	7 414 26 is_stmt 1              @ ../../../../../Library/StdDriver/src/rng.c:414:26
	ldr	r0, [sp, #8]
	.loc	7 414 36 is_stmt 0              @ ../../../../../Library/StdDriver/src/rng.c:414:36
	ldr	r1, [sp, #4]
	.loc	7 414 26                        @ ../../../../../Library/StdDriver/src/rng.c:414:26
	lsls	r1, r1, #2
	ldr	r0, [r0, r1]
	ldr	r2, __arm_cp.4_8
	.loc	7 414 24                        @ ../../../../../Library/StdDriver/src/rng.c:414:24
	str	r0, [r1, r2]
	.loc	7 414 9                         @ ../../../../../Library/StdDriver/src/rng.c:414:9
	b	.LBB4_23
.LBB4_23:                               @   in Loop: Header=BB4_21 Depth=1
	.loc	7 413 25 is_stmt 1              @ ../../../../../Library/StdDriver/src/rng.c:413:25
	ldr	r0, [sp, #4]
	adds	r0, r0, #1
	str	r0, [sp, #4]
	.loc	7 413 5 is_stmt 0               @ ../../../../../Library/StdDriver/src/rng.c:413:5
	b	.LBB4_21
.Ltmp100:
.LBB4_24:
	.loc	7 0 5                           @ ../../../../../Library/StdDriver/src/rng.c:0:5
	ldr	r1, __arm_cp.4_7
	movs	r0, #0
	.loc	7 416 22 is_stmt 1              @ ../../../../../Library/StdDriver/src/rng.c:416:22
	str	r0, [r1]
	.loc	7 419 24                        @ ../../../../../Library/StdDriver/src/rng.c:419:24
	ldr	r1, [sp, #12]
	.loc	7 419 35 is_stmt 0              @ ../../../../../Library/StdDriver/src/rng.c:419:35
	lsls	r1, r1, #2
	ldr	r2, __arm_cp.4_6
	.loc	7 419 20                        @ ../../../../../Library/StdDriver/src/rng.c:419:20
	ldr	r3, [r2]
	.loc	7 419 63                        @ ../../../../../Library/StdDriver/src/rng.c:419:63
	orrs	r1, r3
	movs	r3, #3
	.loc	7 419 20                        @ ../../../../../Library/StdDriver/src/rng.c:419:20
	orrs	r1, r3
	str	r1, [r2]
	.loc	7 423 7 is_stmt 1               @ ../../../../../Library/StdDriver/src/rng.c:423:7
	str	r0, [sp, #4]
	.loc	7 424 5                         @ ../../../../../Library/StdDriver/src/rng.c:424:5
	b	.LBB4_25
.LBB4_25:                               @ =>This Inner Loop Header: Depth=1
	.loc	7 0 5 is_stmt 0                 @ ../../../../../Library/StdDriver/src/rng.c:0:5
	ldr	r0, __arm_cp.4_6
	.loc	7 424 17                        @ ../../../../../Library/StdDriver/src/rng.c:424:17
	ldr	r0, [r0]
	.loc	7 424 5                         @ ../../../../../Library/StdDriver/src/rng.c:424:5
	lsls	r0, r0, #23
	cmp	r0, #0
	bpl	.LBB4_29
	b	.LBB4_26
.LBB4_26:                               @   in Loop: Header=BB4_25 Depth=1
.Ltmp101:
	.loc	7 426 13 is_stmt 1              @ ../../../../../Library/StdDriver/src/rng.c:426:13
	ldr	r0, [sp, #4]
	adds	r1, r0, #1
	str	r1, [sp, #4]
	.loc	7 426 18 is_stmt 0              @ ../../../../../Library/StdDriver/src/rng.c:426:18
	ldr	r1, [sp]
.Ltmp102:
	.loc	7 426 12                        @ ../../../../../Library/StdDriver/src/rng.c:426:12
	cmp	r0, r1
	ble	.LBB4_28
	b	.LBB4_27
.LBB4_27:
	.loc	7 0 12                          @ ../../../../../Library/StdDriver/src/rng.c:0:12
	movs	r0, #0
	mvns	r0, r0
.Ltmp103:
	.loc	7 429 13 is_stmt 1              @ ../../../../../Library/StdDriver/src/rng.c:429:13
	str	r0, [sp, #16]
	b	.LBB4_30
.Ltmp104:
.LBB4_28:                               @   in Loop: Header=BB4_25 Depth=1
	.loc	7 424 5                         @ ../../../../../Library/StdDriver/src/rng.c:424:5
	b	.LBB4_25
.LBB4_29:
	.loc	7 0 5 is_stmt 0                 @ ../../../../../Library/StdDriver/src/rng.c:0:5
	movs	r0, #133
	lsls	r0, r0, #19
	ldr	r1, __arm_cp.4_7
	.loc	7 433 22 is_stmt 1              @ ../../../../../Library/StdDriver/src/rng.c:433:22
	str	r0, [r1]
	movs	r0, #0
	.loc	7 438 5                         @ ../../../../../Library/StdDriver/src/rng.c:438:5
	str	r0, [sp, #16]
	b	.LBB4_30
.LBB4_30:
	.loc	7 439 1                         @ ../../../../../Library/StdDriver/src/rng.c:439:1
	ldr	r0, [sp, #16]
	add	sp, #20
	bx	lr
.Ltmp105:
	.p2align	2
@ %bb.31:
	.loc	7 0 1 is_stmt 0                 @ ../../../../../Library/StdDriver/src/rng.c:0:1
__arm_cp.4_0:
	.long	1073742340                      @ 0x40000204
.Lcpi_end20:
	.size	__arm_cp.4_0, .Lcpi_end20-__arm_cp.4_0
__arm_cp.4_1:
	.long	1073742348                      @ 0x4000020c
.Lcpi_end21:
	.size	__arm_cp.4_1, .Lcpi_end21-__arm_cp.4_1
__arm_cp.4_2:
	.long	1073742344                      @ 0x40000208
.Lcpi_end22:
	.size	__arm_cp.4_2, .Lcpi_end22-__arm_cp.4_2
__arm_cp.4_3:
	.long	1074008320                      @ 0x40041100
.Lcpi_end23:
	.size	__arm_cp.4_3, .Lcpi_end23-__arm_cp.4_3
__arm_cp.4_4:
	.long	1074499596                      @ 0x400b900c
.Lcpi_end24:
	.size	__arm_cp.4_4, .Lcpi_end24-__arm_cp.4_4
__arm_cp.4_5:
	.long	1074499584                      @ 0x400b9000
.Lcpi_end25:
	.size	__arm_cp.4_5, .Lcpi_end25-__arm_cp.4_5
__arm_cp.4_6:
	.long	1073946632                      @ 0x40032008
.Lcpi_end26:
	.size	__arm_cp.4_6, .Lcpi_end26-__arm_cp.4_6
__arm_cp.4_7:
	.long	1073950464                      @ 0x40032f00
.Lcpi_end27:
	.size	__arm_cp.4_7, .Lcpi_end27-__arm_cp.4_7
__arm_cp.4_8:
	.long	1073949112                      @ 0x400329b8
.Lcpi_end28:
	.size	__arm_cp.4_8, .Lcpi_end28-__arm_cp.4_8
.Lfunc_end4:
	.size	RNG_ECDH_Init, .Lfunc_end4-RNG_ECDH_Init
	.cfi_endproc
	.cantunwind
	.fnend
                                        @ -- End function
	.section	.text.RNG_ECDH,"ax",%progbits
	.hidden	RNG_ECDH                        @ -- Begin function RNG_ECDH
	.globl	RNG_ECDH
	.p2align	2
	.type	RNG_ECDH,%function
	.code	16                              @ @RNG_ECDH
	.thumb_func
RNG_ECDH:
.Lfunc_begin5:
	.loc	7 452 0 is_stmt 1               @ ../../../../../Library/StdDriver/src/rng.c:452:0
	.fnstart
	.cfi_startproc
@ %bb.0:
	.pad	#16
	sub	sp, #16
	.cfi_def_cfa_offset 16
	str	r0, [sp, #8]
.Ltmp106:
	.loc	7 457 23 prologue_end           @ ../../../../../Library/StdDriver/src/rng.c:457:23
	ldr	r0, [sp, #8]
	.loc	7 457 34 is_stmt 0              @ ../../../../../Library/StdDriver/src/rng.c:457:34
	lsls	r0, r0, #2
	movs	r1, #193
	.loc	7 458 27 is_stmt 1              @ ../../../../../Library/StdDriver/src/rng.c:458:27
	orrs	r0, r1
	ldr	r1, __arm_cp.5_0
	.loc	7 457 20                        @ ../../../../../Library/StdDriver/src/rng.c:457:20
	str	r0, [r1]
	movs	r0, #1
	lsls	r0, r0, #16
	.loc	7 461 13                        @ ../../../../../Library/StdDriver/src/rng.c:461:13
	str	r0, [sp, #4]
	movs	r0, #0
	.loc	7 462 7                         @ ../../../../../Library/StdDriver/src/rng.c:462:7
	str	r0, [sp]
	.loc	7 463 5                         @ ../../../../../Library/StdDriver/src/rng.c:463:5
	b	.LBB5_1
.LBB5_1:                                @ =>This Inner Loop Header: Depth=1
	.loc	7 0 5 is_stmt 0                 @ ../../../../../Library/StdDriver/src/rng.c:0:5
	ldr	r0, __arm_cp.5_0
	.loc	7 463 17                        @ ../../../../../Library/StdDriver/src/rng.c:463:17
	ldr	r0, [r0]
	.loc	7 463 5                         @ ../../../../../Library/StdDriver/src/rng.c:463:5
	lsls	r0, r0, #23
	cmp	r0, #0
	bpl	.LBB5_5
	b	.LBB5_2
.LBB5_2:                                @   in Loop: Header=BB5_1 Depth=1
.Ltmp107:
	.loc	7 465 13 is_stmt 1              @ ../../../../../Library/StdDriver/src/rng.c:465:13
	ldr	r0, [sp]
	adds	r1, r0, #1
	str	r1, [sp]
	.loc	7 465 18 is_stmt 0              @ ../../../../../Library/StdDriver/src/rng.c:465:18
	ldr	r1, [sp, #4]
.Ltmp108:
	.loc	7 465 12                        @ ../../../../../Library/StdDriver/src/rng.c:465:12
	cmp	r0, r1
	ble	.LBB5_4
	b	.LBB5_3
.LBB5_3:
	.loc	7 0 12                          @ ../../../../../Library/StdDriver/src/rng.c:0:12
	movs	r0, #0
	mvns	r0, r0
.Ltmp109:
	.loc	7 466 13 is_stmt 1              @ ../../../../../Library/StdDriver/src/rng.c:466:13
	str	r0, [sp, #12]
	b	.LBB5_8
.Ltmp110:
.LBB5_4:                                @   in Loop: Header=BB5_1 Depth=1
	.loc	7 463 5                         @ ../../../../../Library/StdDriver/src/rng.c:463:5
	b	.LBB5_1
.LBB5_5:
	.loc	7 0 5 is_stmt 0                 @ ../../../../../Library/StdDriver/src/rng.c:0:5
	ldr	r0, __arm_cp.5_1
.Ltmp111:
	.loc	7 469 14 is_stmt 1              @ ../../../../../Library/StdDriver/src/rng.c:469:14
	ldr	r0, [r0]
.Ltmp112:
	.loc	7 469 8 is_stmt 0               @ ../../../../../Library/StdDriver/src/rng.c:469:8
	lsls	r0, r0, #15
	cmp	r0, #0
	bpl	.LBB5_7
	b	.LBB5_6
.LBB5_6:
	.loc	7 0 8                           @ ../../../../../Library/StdDriver/src/rng.c:0:8
	movs	r0, #0
	mvns	r0, r0
.Ltmp113:
	.loc	7 470 9 is_stmt 1               @ ../../../../../Library/StdDriver/src/rng.c:470:9
	str	r0, [sp, #12]
	b	.LBB5_8
.Ltmp114:
.LBB5_7:
	.loc	7 0 9 is_stmt 0                 @ ../../../../../Library/StdDriver/src/rng.c:0:9
	ldr	r0, __arm_cp.5_1
	.loc	7 472 19 is_stmt 1              @ ../../../../../Library/StdDriver/src/rng.c:472:19
	ldr	r0, [r0]
	movs	r1, #31
	.loc	7 472 30 is_stmt 0              @ ../../../../../Library/StdDriver/src/rng.c:472:30
	ands	r0, r1
	.loc	7 472 5                         @ ../../../../../Library/StdDriver/src/rng.c:472:5
	str	r0, [sp, #12]
	b	.LBB5_8
.LBB5_8:
	.loc	7 473 1 is_stmt 1               @ ../../../../../Library/StdDriver/src/rng.c:473:1
	ldr	r0, [sp, #12]
	add	sp, #16
	bx	lr
.Ltmp115:
	.p2align	2
@ %bb.9:
	.loc	7 0 1 is_stmt 0                 @ ../../../../../Library/StdDriver/src/rng.c:0:1
__arm_cp.5_0:
	.long	1073946632                      @ 0x40032008
.Lcpi_end29:
	.size	__arm_cp.5_0, .Lcpi_end29-__arm_cp.5_0
__arm_cp.5_1:
	.long	1073950468                      @ 0x40032f04
.Lcpi_end30:
	.size	__arm_cp.5_1, .Lcpi_end30-__arm_cp.5_1
.Lfunc_end5:
	.size	RNG_ECDH, .Lfunc_end5-RNG_ECDH
	.cfi_endproc
	.cantunwind
	.fnend
                                        @ -- End function
	.section	.debug_abbrev,"",%progbits
	.byte	1                               @ Abbreviation Code
	.byte	17                              @ DW_TAG_compile_unit
	.byte	1                               @ DW_CHILDREN_yes
	.byte	37                              @ DW_AT_producer
	.byte	14                              @ DW_FORM_strp
	.byte	19                              @ DW_AT_language
	.byte	5                               @ DW_FORM_data2
	.byte	3                               @ DW_AT_name
	.byte	14                              @ DW_FORM_strp
	.byte	16                              @ DW_AT_stmt_list
	.byte	23                              @ DW_FORM_sec_offset
	.byte	27                              @ DW_AT_comp_dir
	.byte	14                              @ DW_FORM_strp
	.byte	17                              @ DW_AT_low_pc
	.byte	1                               @ DW_FORM_addr
	.byte	85                              @ DW_AT_ranges
	.byte	23                              @ DW_FORM_sec_offset
	.byte	0                               @ EOM(1)
	.byte	0                               @ EOM(2)
	.byte	2                               @ Abbreviation Code
	.byte	4                               @ DW_TAG_enumeration_type
	.byte	1                               @ DW_CHILDREN_yes
	.byte	73                              @ DW_AT_type
	.byte	19                              @ DW_FORM_ref4
	.byte	3                               @ DW_AT_name
	.byte	14                              @ DW_FORM_strp
	.byte	11                              @ DW_AT_byte_size
	.byte	11                              @ DW_FORM_data1
	.byte	58                              @ DW_AT_decl_file
	.byte	11                              @ DW_FORM_data1
	.byte	59                              @ DW_AT_decl_line
	.byte	11                              @ DW_FORM_data1
	.byte	0                               @ EOM(1)
	.byte	0                               @ EOM(2)
	.byte	3                               @ Abbreviation Code
	.byte	40                              @ DW_TAG_enumerator
	.byte	0                               @ DW_CHILDREN_no
	.byte	3                               @ DW_AT_name
	.byte	14                              @ DW_FORM_strp
	.byte	28                              @ DW_AT_const_value
	.byte	15                              @ DW_FORM_udata
	.byte	0                               @ EOM(1)
	.byte	0                               @ EOM(2)
	.byte	4                               @ Abbreviation Code
	.byte	36                              @ DW_TAG_base_type
	.byte	0                               @ DW_CHILDREN_no
	.byte	3                               @ DW_AT_name
	.byte	14                              @ DW_FORM_strp
	.byte	62                              @ DW_AT_encoding
	.byte	11                              @ DW_FORM_data1
	.byte	11                              @ DW_AT_byte_size
	.byte	11                              @ DW_FORM_data1
	.byte	0                               @ EOM(1)
	.byte	0                               @ EOM(2)
	.byte	5                               @ Abbreviation Code
	.byte	15                              @ DW_TAG_pointer_type
	.byte	0                               @ DW_CHILDREN_no
	.byte	73                              @ DW_AT_type
	.byte	19                              @ DW_FORM_ref4
	.byte	0                               @ EOM(1)
	.byte	0                               @ EOM(2)
	.byte	6                               @ Abbreviation Code
	.byte	22                              @ DW_TAG_typedef
	.byte	0                               @ DW_CHILDREN_no
	.byte	73                              @ DW_AT_type
	.byte	19                              @ DW_FORM_ref4
	.byte	3                               @ DW_AT_name
	.byte	14                              @ DW_FORM_strp
	.byte	58                              @ DW_AT_decl_file
	.byte	11                              @ DW_FORM_data1
	.byte	59                              @ DW_AT_decl_line
	.byte	5                               @ DW_FORM_data2
	.byte	0                               @ EOM(1)
	.byte	0                               @ EOM(2)
	.byte	7                               @ Abbreviation Code
	.byte	19                              @ DW_TAG_structure_type
	.byte	1                               @ DW_CHILDREN_yes
	.byte	11                              @ DW_AT_byte_size
	.byte	11                              @ DW_FORM_data1
	.byte	58                              @ DW_AT_decl_file
	.byte	11                              @ DW_FORM_data1
	.byte	59                              @ DW_AT_decl_line
	.byte	11                              @ DW_FORM_data1
	.byte	0                               @ EOM(1)
	.byte	0                               @ EOM(2)
	.byte	8                               @ Abbreviation Code
	.byte	13                              @ DW_TAG_member
	.byte	0                               @ DW_CHILDREN_no
	.byte	3                               @ DW_AT_name
	.byte	14                              @ DW_FORM_strp
	.byte	73                              @ DW_AT_type
	.byte	19                              @ DW_FORM_ref4
	.byte	58                              @ DW_AT_decl_file
	.byte	11                              @ DW_FORM_data1
	.byte	59                              @ DW_AT_decl_line
	.byte	5                               @ DW_FORM_data2
	.byte	56                              @ DW_AT_data_member_location
	.byte	11                              @ DW_FORM_data1
	.byte	0                               @ EOM(1)
	.byte	0                               @ EOM(2)
	.byte	9                               @ Abbreviation Code
	.byte	53                              @ DW_TAG_volatile_type
	.byte	0                               @ DW_CHILDREN_no
	.byte	73                              @ DW_AT_type
	.byte	19                              @ DW_FORM_ref4
	.byte	0                               @ EOM(1)
	.byte	0                               @ EOM(2)
	.byte	10                              @ Abbreviation Code
	.byte	22                              @ DW_TAG_typedef
	.byte	0                               @ DW_CHILDREN_no
	.byte	73                              @ DW_AT_type
	.byte	19                              @ DW_FORM_ref4
	.byte	3                               @ DW_AT_name
	.byte	14                              @ DW_FORM_strp
	.byte	58                              @ DW_AT_decl_file
	.byte	11                              @ DW_FORM_data1
	.byte	59                              @ DW_AT_decl_line
	.byte	11                              @ DW_FORM_data1
	.byte	0                               @ EOM(1)
	.byte	0                               @ EOM(2)
	.byte	11                              @ Abbreviation Code
	.byte	1                               @ DW_TAG_array_type
	.byte	1                               @ DW_CHILDREN_yes
	.byte	73                              @ DW_AT_type
	.byte	19                              @ DW_FORM_ref4
	.byte	0                               @ EOM(1)
	.byte	0                               @ EOM(2)
	.byte	12                              @ Abbreviation Code
	.byte	33                              @ DW_TAG_subrange_type
	.byte	0                               @ DW_CHILDREN_no
	.byte	73                              @ DW_AT_type
	.byte	19                              @ DW_FORM_ref4
	.byte	55                              @ DW_AT_count
	.byte	11                              @ DW_FORM_data1
	.byte	0                               @ EOM(1)
	.byte	0                               @ EOM(2)
	.byte	13                              @ Abbreviation Code
	.byte	38                              @ DW_TAG_const_type
	.byte	0                               @ DW_CHILDREN_no
	.byte	73                              @ DW_AT_type
	.byte	19                              @ DW_FORM_ref4
	.byte	0                               @ EOM(1)
	.byte	0                               @ EOM(2)
	.byte	14                              @ Abbreviation Code
	.byte	36                              @ DW_TAG_base_type
	.byte	0                               @ DW_CHILDREN_no
	.byte	3                               @ DW_AT_name
	.byte	14                              @ DW_FORM_strp
	.byte	11                              @ DW_AT_byte_size
	.byte	11                              @ DW_FORM_data1
	.byte	62                              @ DW_AT_encoding
	.byte	11                              @ DW_FORM_data1
	.byte	0                               @ EOM(1)
	.byte	0                               @ EOM(2)
	.byte	15                              @ Abbreviation Code
	.byte	19                              @ DW_TAG_structure_type
	.byte	1                               @ DW_CHILDREN_yes
	.byte	11                              @ DW_AT_byte_size
	.byte	5                               @ DW_FORM_data2
	.byte	58                              @ DW_AT_decl_file
	.byte	11                              @ DW_FORM_data1
	.byte	59                              @ DW_AT_decl_line
	.byte	11                              @ DW_FORM_data1
	.byte	0                               @ EOM(1)
	.byte	0                               @ EOM(2)
	.byte	16                              @ Abbreviation Code
	.byte	13                              @ DW_TAG_member
	.byte	0                               @ DW_CHILDREN_no
	.byte	3                               @ DW_AT_name
	.byte	14                              @ DW_FORM_strp
	.byte	73                              @ DW_AT_type
	.byte	19                              @ DW_FORM_ref4
	.byte	58                              @ DW_AT_decl_file
	.byte	11                              @ DW_FORM_data1
	.byte	59                              @ DW_AT_decl_line
	.byte	5                               @ DW_FORM_data2
	.byte	56                              @ DW_AT_data_member_location
	.byte	5                               @ DW_FORM_data2
	.byte	0                               @ EOM(1)
	.byte	0                               @ EOM(2)
	.byte	17                              @ Abbreviation Code
	.byte	13                              @ DW_TAG_member
	.byte	0                               @ DW_CHILDREN_no
	.byte	3                               @ DW_AT_name
	.byte	14                              @ DW_FORM_strp
	.byte	73                              @ DW_AT_type
	.byte	19                              @ DW_FORM_ref4
	.byte	58                              @ DW_AT_decl_file
	.byte	11                              @ DW_FORM_data1
	.byte	59                              @ DW_AT_decl_line
	.byte	11                              @ DW_FORM_data1
	.byte	56                              @ DW_AT_data_member_location
	.byte	11                              @ DW_FORM_data1
	.byte	0                               @ EOM(1)
	.byte	0                               @ EOM(2)
	.byte	18                              @ Abbreviation Code
	.byte	46                              @ DW_TAG_subprogram
	.byte	1                               @ DW_CHILDREN_yes
	.byte	17                              @ DW_AT_low_pc
	.byte	1                               @ DW_FORM_addr
	.byte	18                              @ DW_AT_high_pc
	.byte	6                               @ DW_FORM_data4
	.byte	64                              @ DW_AT_frame_base
	.byte	24                              @ DW_FORM_exprloc
	.byte	3                               @ DW_AT_name
	.byte	14                              @ DW_FORM_strp
	.byte	58                              @ DW_AT_decl_file
	.byte	11                              @ DW_FORM_data1
	.byte	59                              @ DW_AT_decl_line
	.byte	11                              @ DW_FORM_data1
	.byte	39                              @ DW_AT_prototyped
	.byte	25                              @ DW_FORM_flag_present
	.byte	73                              @ DW_AT_type
	.byte	19                              @ DW_FORM_ref4
	.byte	63                              @ DW_AT_external
	.byte	25                              @ DW_FORM_flag_present
	.byte	0                               @ EOM(1)
	.byte	0                               @ EOM(2)
	.byte	19                              @ Abbreviation Code
	.byte	52                              @ DW_TAG_variable
	.byte	0                               @ DW_CHILDREN_no
	.byte	2                               @ DW_AT_location
	.byte	24                              @ DW_FORM_exprloc
	.byte	3                               @ DW_AT_name
	.byte	14                              @ DW_FORM_strp
	.byte	58                              @ DW_AT_decl_file
	.byte	11                              @ DW_FORM_data1
	.byte	59                              @ DW_AT_decl_line
	.byte	11                              @ DW_FORM_data1
	.byte	73                              @ DW_AT_type
	.byte	19                              @ DW_FORM_ref4
	.byte	0                               @ EOM(1)
	.byte	0                               @ EOM(2)
	.byte	20                              @ Abbreviation Code
	.byte	5                               @ DW_TAG_formal_parameter
	.byte	0                               @ DW_CHILDREN_no
	.byte	2                               @ DW_AT_location
	.byte	24                              @ DW_FORM_exprloc
	.byte	3                               @ DW_AT_name
	.byte	14                              @ DW_FORM_strp
	.byte	58                              @ DW_AT_decl_file
	.byte	11                              @ DW_FORM_data1
	.byte	59                              @ DW_AT_decl_line
	.byte	11                              @ DW_FORM_data1
	.byte	73                              @ DW_AT_type
	.byte	19                              @ DW_FORM_ref4
	.byte	0                               @ EOM(1)
	.byte	0                               @ EOM(2)
	.byte	21                              @ Abbreviation Code
	.byte	46                              @ DW_TAG_subprogram
	.byte	1                               @ DW_CHILDREN_yes
	.byte	17                              @ DW_AT_low_pc
	.byte	1                               @ DW_FORM_addr
	.byte	18                              @ DW_AT_high_pc
	.byte	6                               @ DW_FORM_data4
	.byte	64                              @ DW_AT_frame_base
	.byte	24                              @ DW_FORM_exprloc
	.byte	3                               @ DW_AT_name
	.byte	14                              @ DW_FORM_strp
	.byte	58                              @ DW_AT_decl_file
	.byte	11                              @ DW_FORM_data1
	.byte	59                              @ DW_AT_decl_line
	.byte	5                               @ DW_FORM_data2
	.byte	39                              @ DW_AT_prototyped
	.byte	25                              @ DW_FORM_flag_present
	.byte	73                              @ DW_AT_type
	.byte	19                              @ DW_FORM_ref4
	.byte	63                              @ DW_AT_external
	.byte	25                              @ DW_FORM_flag_present
	.byte	0                               @ EOM(1)
	.byte	0                               @ EOM(2)
	.byte	22                              @ Abbreviation Code
	.byte	5                               @ DW_TAG_formal_parameter
	.byte	0                               @ DW_CHILDREN_no
	.byte	2                               @ DW_AT_location
	.byte	24                              @ DW_FORM_exprloc
	.byte	3                               @ DW_AT_name
	.byte	14                              @ DW_FORM_strp
	.byte	58                              @ DW_AT_decl_file
	.byte	11                              @ DW_FORM_data1
	.byte	59                              @ DW_AT_decl_line
	.byte	5                               @ DW_FORM_data2
	.byte	73                              @ DW_AT_type
	.byte	19                              @ DW_FORM_ref4
	.byte	0                               @ EOM(1)
	.byte	0                               @ EOM(2)
	.byte	23                              @ Abbreviation Code
	.byte	52                              @ DW_TAG_variable
	.byte	0                               @ DW_CHILDREN_no
	.byte	2                               @ DW_AT_location
	.byte	24                              @ DW_FORM_exprloc
	.byte	3                               @ DW_AT_name
	.byte	14                              @ DW_FORM_strp
	.byte	58                              @ DW_AT_decl_file
	.byte	11                              @ DW_FORM_data1
	.byte	59                              @ DW_AT_decl_line
	.byte	5                               @ DW_FORM_data2
	.byte	73                              @ DW_AT_type
	.byte	19                              @ DW_FORM_ref4
	.byte	0                               @ EOM(1)
	.byte	0                               @ EOM(2)
	.byte	0                               @ EOM(3)
	.section	.debug_info,"",%progbits
.Lcu_begin0:
	.long	.Ldebug_info_end0-.Ldebug_info_start0 @ Length of Unit
.Ldebug_info_start0:
	.short	4                               @ DWARF version number
	.long	.debug_abbrev                   @ Offset Into Abbrev. Section
	.byte	4                               @ Address Size (in bytes)
	.byte	1                               @ Abbrev [1] 0xb:0xb2d DW_TAG_compile_unit
	.long	.Linfo_string0                  @ DW_AT_producer
	.short	12                              @ DW_AT_language
	.long	.Linfo_string1                  @ DW_AT_name
	.long	.Lline_table_start0             @ DW_AT_stmt_list
	.long	.Linfo_string2                  @ DW_AT_comp_dir
	.long	0                               @ DW_AT_low_pc
	.long	.Ldebug_ranges0                 @ DW_AT_ranges
	.byte	2                               @ Abbrev [2] 0x26:0x1f DW_TAG_enumeration_type
	.long	69                              @ DW_AT_type
	.long	.Linfo_string7                  @ DW_AT_name
	.byte	4                               @ DW_AT_byte_size
	.byte	1                               @ DW_AT_decl_file
	.byte	33                              @ DW_AT_decl_line
	.byte	3                               @ Abbrev [3] 0x32:0x6 DW_TAG_enumerator
	.long	.Linfo_string4                  @ DW_AT_name
	.byte	0                               @ DW_AT_const_value
	.byte	3                               @ Abbrev [3] 0x38:0x6 DW_TAG_enumerator
	.long	.Linfo_string5                  @ DW_AT_name
	.byte	1                               @ DW_AT_const_value
	.byte	3                               @ Abbrev [3] 0x3e:0x6 DW_TAG_enumerator
	.long	.Linfo_string6                  @ DW_AT_name
	.byte	2                               @ DW_AT_const_value
	.byte	0                               @ End Of Children Mark
	.byte	4                               @ Abbrev [4] 0x45:0x7 DW_TAG_base_type
	.long	.Linfo_string3                  @ DW_AT_name
	.byte	7                               @ DW_AT_encoding
	.byte	4                               @ DW_AT_byte_size
	.byte	5                               @ Abbrev [5] 0x4c:0x5 DW_TAG_pointer_type
	.long	81                              @ DW_AT_type
	.byte	6                               @ Abbrev [6] 0x51:0xc DW_TAG_typedef
	.long	93                              @ DW_AT_type
	.long	.Linfo_string45                 @ DW_AT_name
	.byte	3                               @ DW_AT_decl_file
	.short	1139                            @ DW_AT_decl_line
	.byte	7                               @ Abbrev [7] 0x5d:0x1cc DW_TAG_structure_type
	.byte	184                             @ DW_AT_byte_size
	.byte	3                               @ DW_AT_decl_file
	.byte	26                              @ DW_AT_decl_line
	.byte	8                               @ Abbrev [8] 0x61:0xd DW_TAG_member
	.long	.Linfo_string8                  @ DW_AT_name
	.long	553                             @ DW_AT_type
	.byte	3                               @ DW_AT_decl_file
	.short	1103                            @ DW_AT_decl_line
	.byte	0                               @ DW_AT_data_member_location
	.byte	8                               @ Abbrev [8] 0x6e:0xd DW_TAG_member
	.long	.Linfo_string10                 @ DW_AT_name
	.long	553                             @ DW_AT_type
	.byte	3                               @ DW_AT_decl_file
	.short	1104                            @ DW_AT_decl_line
	.byte	4                               @ DW_AT_data_member_location
	.byte	8                               @ Abbrev [8] 0x7b:0xd DW_TAG_member
	.long	.Linfo_string11                 @ DW_AT_name
	.long	553                             @ DW_AT_type
	.byte	3                               @ DW_AT_decl_file
	.short	1105                            @ DW_AT_decl_line
	.byte	8                               @ DW_AT_data_member_location
	.byte	8                               @ Abbrev [8] 0x88:0xd DW_TAG_member
	.long	.Linfo_string12                 @ DW_AT_name
	.long	553                             @ DW_AT_type
	.byte	3                               @ DW_AT_decl_file
	.short	1106                            @ DW_AT_decl_line
	.byte	12                              @ DW_AT_data_member_location
	.byte	8                               @ Abbrev [8] 0x95:0xd DW_TAG_member
	.long	.Linfo_string13                 @ DW_AT_name
	.long	553                             @ DW_AT_type
	.byte	3                               @ DW_AT_decl_file
	.short	1107                            @ DW_AT_decl_line
	.byte	16                              @ DW_AT_data_member_location
	.byte	8                               @ Abbrev [8] 0xa2:0xd DW_TAG_member
	.long	.Linfo_string14                 @ DW_AT_name
	.long	553                             @ DW_AT_type
	.byte	3                               @ DW_AT_decl_file
	.short	1108                            @ DW_AT_decl_line
	.byte	20                              @ DW_AT_data_member_location
	.byte	8                               @ Abbrev [8] 0xaf:0xd DW_TAG_member
	.long	.Linfo_string15                 @ DW_AT_name
	.long	553                             @ DW_AT_type
	.byte	3                               @ DW_AT_decl_file
	.short	1109                            @ DW_AT_decl_line
	.byte	24                              @ DW_AT_data_member_location
	.byte	8                               @ Abbrev [8] 0xbc:0xd DW_TAG_member
	.long	.Linfo_string16                 @ DW_AT_name
	.long	553                             @ DW_AT_type
	.byte	3                               @ DW_AT_decl_file
	.short	1110                            @ DW_AT_decl_line
	.byte	28                              @ DW_AT_data_member_location
	.byte	8                               @ Abbrev [8] 0xc9:0xd DW_TAG_member
	.long	.Linfo_string17                 @ DW_AT_name
	.long	553                             @ DW_AT_type
	.byte	3                               @ DW_AT_decl_file
	.short	1111                            @ DW_AT_decl_line
	.byte	32                              @ DW_AT_data_member_location
	.byte	8                               @ Abbrev [8] 0xd6:0xd DW_TAG_member
	.long	.Linfo_string18                 @ DW_AT_name
	.long	553                             @ DW_AT_type
	.byte	3                               @ DW_AT_decl_file
	.short	1112                            @ DW_AT_decl_line
	.byte	36                              @ DW_AT_data_member_location
	.byte	8                               @ Abbrev [8] 0xe3:0xd DW_TAG_member
	.long	.Linfo_string19                 @ DW_AT_name
	.long	569                             @ DW_AT_type
	.byte	3                               @ DW_AT_decl_file
	.short	1113                            @ DW_AT_decl_line
	.byte	40                              @ DW_AT_data_member_location
	.byte	8                               @ Abbrev [8] 0xf0:0xd DW_TAG_member
	.long	.Linfo_string21                 @ DW_AT_name
	.long	553                             @ DW_AT_type
	.byte	3                               @ DW_AT_decl_file
	.short	1114                            @ DW_AT_decl_line
	.byte	48                              @ DW_AT_data_member_location
	.byte	8                               @ Abbrev [8] 0xfd:0xd DW_TAG_member
	.long	.Linfo_string22                 @ DW_AT_name
	.long	593                             @ DW_AT_type
	.byte	3                               @ DW_AT_decl_file
	.short	1115                            @ DW_AT_decl_line
	.byte	52                              @ DW_AT_data_member_location
	.byte	8                               @ Abbrev [8] 0x10a:0xd DW_TAG_member
	.long	.Linfo_string23                 @ DW_AT_name
	.long	569                             @ DW_AT_type
	.byte	3                               @ DW_AT_decl_file
	.short	1116                            @ DW_AT_decl_line
	.byte	56                              @ DW_AT_data_member_location
	.byte	8                               @ Abbrev [8] 0x117:0xd DW_TAG_member
	.long	.Linfo_string24                 @ DW_AT_name
	.long	553                             @ DW_AT_type
	.byte	3                               @ DW_AT_decl_file
	.short	1117                            @ DW_AT_decl_line
	.byte	64                              @ DW_AT_data_member_location
	.byte	8                               @ Abbrev [8] 0x124:0xd DW_TAG_member
	.long	.Linfo_string25                 @ DW_AT_name
	.long	605                             @ DW_AT_type
	.byte	3                               @ DW_AT_decl_file
	.short	1118                            @ DW_AT_decl_line
	.byte	68                              @ DW_AT_data_member_location
	.byte	8                               @ Abbrev [8] 0x131:0xd DW_TAG_member
	.long	.Linfo_string26                 @ DW_AT_name
	.long	581                             @ DW_AT_type
	.byte	3                               @ DW_AT_decl_file
	.short	1119                            @ DW_AT_decl_line
	.byte	80                              @ DW_AT_data_member_location
	.byte	8                               @ Abbrev [8] 0x13e:0xd DW_TAG_member
	.long	.Linfo_string27                 @ DW_AT_name
	.long	605                             @ DW_AT_type
	.byte	3                               @ DW_AT_decl_file
	.short	1120                            @ DW_AT_decl_line
	.byte	84                              @ DW_AT_data_member_location
	.byte	8                               @ Abbrev [8] 0x14b:0xd DW_TAG_member
	.long	.Linfo_string28                 @ DW_AT_name
	.long	553                             @ DW_AT_type
	.byte	3                               @ DW_AT_decl_file
	.short	1121                            @ DW_AT_decl_line
	.byte	96                              @ DW_AT_data_member_location
	.byte	8                               @ Abbrev [8] 0x158:0xd DW_TAG_member
	.long	.Linfo_string29                 @ DW_AT_name
	.long	605                             @ DW_AT_type
	.byte	3                               @ DW_AT_decl_file
	.short	1122                            @ DW_AT_decl_line
	.byte	100                             @ DW_AT_data_member_location
	.byte	8                               @ Abbrev [8] 0x165:0xd DW_TAG_member
	.long	.Linfo_string30                 @ DW_AT_name
	.long	553                             @ DW_AT_type
	.byte	3                               @ DW_AT_decl_file
	.short	1123                            @ DW_AT_decl_line
	.byte	112                             @ DW_AT_data_member_location
	.byte	8                               @ Abbrev [8] 0x172:0xd DW_TAG_member
	.long	.Linfo_string31                 @ DW_AT_name
	.long	553                             @ DW_AT_type
	.byte	3                               @ DW_AT_decl_file
	.short	1124                            @ DW_AT_decl_line
	.byte	116                             @ DW_AT_data_member_location
	.byte	8                               @ Abbrev [8] 0x17f:0xd DW_TAG_member
	.long	.Linfo_string32                 @ DW_AT_name
	.long	553                             @ DW_AT_type
	.byte	3                               @ DW_AT_decl_file
	.short	1125                            @ DW_AT_decl_line
	.byte	120                             @ DW_AT_data_member_location
	.byte	8                               @ Abbrev [8] 0x18c:0xd DW_TAG_member
	.long	.Linfo_string33                 @ DW_AT_name
	.long	553                             @ DW_AT_type
	.byte	3                               @ DW_AT_decl_file
	.short	1126                            @ DW_AT_decl_line
	.byte	124                             @ DW_AT_data_member_location
	.byte	8                               @ Abbrev [8] 0x199:0xd DW_TAG_member
	.long	.Linfo_string34                 @ DW_AT_name
	.long	617                             @ DW_AT_type
	.byte	3                               @ DW_AT_decl_file
	.short	1127                            @ DW_AT_decl_line
	.byte	128                             @ DW_AT_data_member_location
	.byte	8                               @ Abbrev [8] 0x1a6:0xd DW_TAG_member
	.long	.Linfo_string35                 @ DW_AT_name
	.long	553                             @ DW_AT_type
	.byte	3                               @ DW_AT_decl_file
	.short	1128                            @ DW_AT_decl_line
	.byte	144                             @ DW_AT_data_member_location
	.byte	8                               @ Abbrev [8] 0x1b3:0xd DW_TAG_member
	.long	.Linfo_string36                 @ DW_AT_name
	.long	553                             @ DW_AT_type
	.byte	3                               @ DW_AT_decl_file
	.short	1129                            @ DW_AT_decl_line
	.byte	148                             @ DW_AT_data_member_location
	.byte	8                               @ Abbrev [8] 0x1c0:0xd DW_TAG_member
	.long	.Linfo_string37                 @ DW_AT_name
	.long	593                             @ DW_AT_type
	.byte	3                               @ DW_AT_decl_file
	.short	1130                            @ DW_AT_decl_line
	.byte	152                             @ DW_AT_data_member_location
	.byte	8                               @ Abbrev [8] 0x1cd:0xd DW_TAG_member
	.long	.Linfo_string38                 @ DW_AT_name
	.long	553                             @ DW_AT_type
	.byte	3                               @ DW_AT_decl_file
	.short	1131                            @ DW_AT_decl_line
	.byte	156                             @ DW_AT_data_member_location
	.byte	8                               @ Abbrev [8] 0x1da:0xd DW_TAG_member
	.long	.Linfo_string39                 @ DW_AT_name
	.long	553                             @ DW_AT_type
	.byte	3                               @ DW_AT_decl_file
	.short	1132                            @ DW_AT_decl_line
	.byte	160                             @ DW_AT_data_member_location
	.byte	8                               @ Abbrev [8] 0x1e7:0xd DW_TAG_member
	.long	.Linfo_string40                 @ DW_AT_name
	.long	553                             @ DW_AT_type
	.byte	3                               @ DW_AT_decl_file
	.short	1133                            @ DW_AT_decl_line
	.byte	164                             @ DW_AT_data_member_location
	.byte	8                               @ Abbrev [8] 0x1f4:0xd DW_TAG_member
	.long	.Linfo_string41                 @ DW_AT_name
	.long	553                             @ DW_AT_type
	.byte	3                               @ DW_AT_decl_file
	.short	1134                            @ DW_AT_decl_line
	.byte	168                             @ DW_AT_data_member_location
	.byte	8                               @ Abbrev [8] 0x201:0xd DW_TAG_member
	.long	.Linfo_string42                 @ DW_AT_name
	.long	553                             @ DW_AT_type
	.byte	3                               @ DW_AT_decl_file
	.short	1135                            @ DW_AT_decl_line
	.byte	172                             @ DW_AT_data_member_location
	.byte	8                               @ Abbrev [8] 0x20e:0xd DW_TAG_member
	.long	.Linfo_string43                 @ DW_AT_name
	.long	553                             @ DW_AT_type
	.byte	3                               @ DW_AT_decl_file
	.short	1136                            @ DW_AT_decl_line
	.byte	176                             @ DW_AT_data_member_location
	.byte	8                               @ Abbrev [8] 0x21b:0xd DW_TAG_member
	.long	.Linfo_string44                 @ DW_AT_name
	.long	553                             @ DW_AT_type
	.byte	3                               @ DW_AT_decl_file
	.short	1137                            @ DW_AT_decl_line
	.byte	180                             @ DW_AT_data_member_location
	.byte	0                               @ End Of Children Mark
	.byte	9                               @ Abbrev [9] 0x229:0x5 DW_TAG_volatile_type
	.long	558                             @ DW_AT_type
	.byte	10                              @ Abbrev [10] 0x22e:0xb DW_TAG_typedef
	.long	69                              @ DW_AT_type
	.long	.Linfo_string9                  @ DW_AT_name
	.byte	2                               @ DW_AT_decl_file
	.byte	64                              @ DW_AT_decl_line
	.byte	11                              @ Abbrev [11] 0x239:0xc DW_TAG_array_type
	.long	581                             @ DW_AT_type
	.byte	12                              @ Abbrev [12] 0x23e:0x6 DW_TAG_subrange_type
	.long	586                             @ DW_AT_type
	.byte	2                               @ DW_AT_count
	.byte	0                               @ End Of Children Mark
	.byte	13                              @ Abbrev [13] 0x245:0x5 DW_TAG_const_type
	.long	553                             @ DW_AT_type
	.byte	14                              @ Abbrev [14] 0x24a:0x7 DW_TAG_base_type
	.long	.Linfo_string20                 @ DW_AT_name
	.byte	8                               @ DW_AT_byte_size
	.byte	7                               @ DW_AT_encoding
	.byte	11                              @ Abbrev [11] 0x251:0xc DW_TAG_array_type
	.long	581                             @ DW_AT_type
	.byte	12                              @ Abbrev [12] 0x256:0x6 DW_TAG_subrange_type
	.long	586                             @ DW_AT_type
	.byte	1                               @ DW_AT_count
	.byte	0                               @ End Of Children Mark
	.byte	11                              @ Abbrev [11] 0x25d:0xc DW_TAG_array_type
	.long	581                             @ DW_AT_type
	.byte	12                              @ Abbrev [12] 0x262:0x6 DW_TAG_subrange_type
	.long	586                             @ DW_AT_type
	.byte	3                               @ DW_AT_count
	.byte	0                               @ End Of Children Mark
	.byte	11                              @ Abbrev [11] 0x269:0xc DW_TAG_array_type
	.long	581                             @ DW_AT_type
	.byte	12                              @ Abbrev [12] 0x26e:0x6 DW_TAG_subrange_type
	.long	586                             @ DW_AT_type
	.byte	4                               @ DW_AT_count
	.byte	0                               @ End Of Children Mark
	.byte	5                               @ Abbrev [5] 0x275:0x5 DW_TAG_pointer_type
	.long	634                             @ DW_AT_type
	.byte	6                               @ Abbrev [6] 0x27a:0xc DW_TAG_typedef
	.long	646                             @ DW_AT_type
	.long	.Linfo_string72                 @ DW_AT_name
	.byte	4                               @ DW_AT_decl_file
	.short	767                             @ DW_AT_decl_line
	.byte	15                              @ Abbrev [15] 0x286:0x1de DW_TAG_structure_type
	.short	500                             @ DW_AT_byte_size
	.byte	4                               @ DW_AT_decl_file
	.byte	25                              @ DW_AT_decl_line
	.byte	8                               @ Abbrev [8] 0x28b:0xd DW_TAG_member
	.long	.Linfo_string46                 @ DW_AT_name
	.long	553                             @ DW_AT_type
	.byte	4                               @ DW_AT_decl_file
	.short	731                             @ DW_AT_decl_line
	.byte	0                               @ DW_AT_data_member_location
	.byte	8                               @ Abbrev [8] 0x298:0xd DW_TAG_member
	.long	.Linfo_string19                 @ DW_AT_name
	.long	593                             @ DW_AT_type
	.byte	4                               @ DW_AT_decl_file
	.short	732                             @ DW_AT_decl_line
	.byte	4                               @ DW_AT_data_member_location
	.byte	8                               @ Abbrev [8] 0x2a5:0xd DW_TAG_member
	.long	.Linfo_string47                 @ DW_AT_name
	.long	553                             @ DW_AT_type
	.byte	4                               @ DW_AT_decl_file
	.short	733                             @ DW_AT_decl_line
	.byte	8                               @ DW_AT_data_member_location
	.byte	8                               @ Abbrev [8] 0x2b2:0xd DW_TAG_member
	.long	.Linfo_string48                 @ DW_AT_name
	.long	553                             @ DW_AT_type
	.byte	4                               @ DW_AT_decl_file
	.short	734                             @ DW_AT_decl_line
	.byte	12                              @ DW_AT_data_member_location
	.byte	8                               @ Abbrev [8] 0x2bf:0xd DW_TAG_member
	.long	.Linfo_string49                 @ DW_AT_name
	.long	553                             @ DW_AT_type
	.byte	4                               @ DW_AT_decl_file
	.short	735                             @ DW_AT_decl_line
	.byte	16                              @ DW_AT_data_member_location
	.byte	8                               @ Abbrev [8] 0x2cc:0xd DW_TAG_member
	.long	.Linfo_string50                 @ DW_AT_name
	.long	553                             @ DW_AT_type
	.byte	4                               @ DW_AT_decl_file
	.short	736                             @ DW_AT_decl_line
	.byte	20                              @ DW_AT_data_member_location
	.byte	8                               @ Abbrev [8] 0x2d9:0xd DW_TAG_member
	.long	.Linfo_string51                 @ DW_AT_name
	.long	553                             @ DW_AT_type
	.byte	4                               @ DW_AT_decl_file
	.short	737                             @ DW_AT_decl_line
	.byte	24                              @ DW_AT_data_member_location
	.byte	8                               @ Abbrev [8] 0x2e6:0xd DW_TAG_member
	.long	.Linfo_string52                 @ DW_AT_name
	.long	553                             @ DW_AT_type
	.byte	4                               @ DW_AT_decl_file
	.short	738                             @ DW_AT_decl_line
	.byte	28                              @ DW_AT_data_member_location
	.byte	8                               @ Abbrev [8] 0x2f3:0xd DW_TAG_member
	.long	.Linfo_string53                 @ DW_AT_name
	.long	553                             @ DW_AT_type
	.byte	4                               @ DW_AT_decl_file
	.short	739                             @ DW_AT_decl_line
	.byte	32                              @ DW_AT_data_member_location
	.byte	8                               @ Abbrev [8] 0x300:0xd DW_TAG_member
	.long	.Linfo_string54                 @ DW_AT_name
	.long	581                             @ DW_AT_type
	.byte	4                               @ DW_AT_decl_file
	.short	740                             @ DW_AT_decl_line
	.byte	36                              @ DW_AT_data_member_location
	.byte	8                               @ Abbrev [8] 0x30d:0xd DW_TAG_member
	.long	.Linfo_string55                 @ DW_AT_name
	.long	553                             @ DW_AT_type
	.byte	4                               @ DW_AT_decl_file
	.short	741                             @ DW_AT_decl_line
	.byte	40                              @ DW_AT_data_member_location
	.byte	8                               @ Abbrev [8] 0x31a:0xd DW_TAG_member
	.long	.Linfo_string56                 @ DW_AT_name
	.long	553                             @ DW_AT_type
	.byte	4                               @ DW_AT_decl_file
	.short	742                             @ DW_AT_decl_line
	.byte	44                              @ DW_AT_data_member_location
	.byte	8                               @ Abbrev [8] 0x327:0xd DW_TAG_member
	.long	.Linfo_string57                 @ DW_AT_name
	.long	553                             @ DW_AT_type
	.byte	4                               @ DW_AT_decl_file
	.short	743                             @ DW_AT_decl_line
	.byte	48                              @ DW_AT_data_member_location
	.byte	8                               @ Abbrev [8] 0x334:0xd DW_TAG_member
	.long	.Linfo_string58                 @ DW_AT_name
	.long	553                             @ DW_AT_type
	.byte	4                               @ DW_AT_decl_file
	.short	744                             @ DW_AT_decl_line
	.byte	52                              @ DW_AT_data_member_location
	.byte	8                               @ Abbrev [8] 0x341:0xd DW_TAG_member
	.long	.Linfo_string59                 @ DW_AT_name
	.long	553                             @ DW_AT_type
	.byte	4                               @ DW_AT_decl_file
	.short	745                             @ DW_AT_decl_line
	.byte	56                              @ DW_AT_data_member_location
	.byte	8                               @ Abbrev [8] 0x34e:0xd DW_TAG_member
	.long	.Linfo_string60                 @ DW_AT_name
	.long	553                             @ DW_AT_type
	.byte	4                               @ DW_AT_decl_file
	.short	746                             @ DW_AT_decl_line
	.byte	60                              @ DW_AT_data_member_location
	.byte	8                               @ Abbrev [8] 0x35b:0xd DW_TAG_member
	.long	.Linfo_string61                 @ DW_AT_name
	.long	1124                            @ DW_AT_type
	.byte	4                               @ DW_AT_decl_file
	.short	747                             @ DW_AT_decl_line
	.byte	64                              @ DW_AT_data_member_location
	.byte	8                               @ Abbrev [8] 0x368:0xd DW_TAG_member
	.long	.Linfo_string23                 @ DW_AT_name
	.long	1136                            @ DW_AT_type
	.byte	4                               @ DW_AT_decl_file
	.short	748                             @ DW_AT_decl_line
	.byte	144                             @ DW_AT_data_member_location
	.byte	16                              @ Abbrev [16] 0x375:0xe DW_TAG_member
	.long	.Linfo_string62                 @ DW_AT_name
	.long	553                             @ DW_AT_type
	.byte	4                               @ DW_AT_decl_file
	.short	749                             @ DW_AT_decl_line
	.short	256                             @ DW_AT_data_member_location
	.byte	16                              @ Abbrev [16] 0x383:0xe DW_TAG_member
	.long	.Linfo_string63                 @ DW_AT_name
	.long	553                             @ DW_AT_type
	.byte	4                               @ DW_AT_decl_file
	.short	750                             @ DW_AT_decl_line
	.short	260                             @ DW_AT_data_member_location
	.byte	16                              @ Abbrev [16] 0x391:0xe DW_TAG_member
	.long	.Linfo_string64                 @ DW_AT_name
	.long	553                             @ DW_AT_type
	.byte	4                               @ DW_AT_decl_file
	.short	751                             @ DW_AT_decl_line
	.short	264                             @ DW_AT_data_member_location
	.byte	16                              @ Abbrev [16] 0x39f:0xe DW_TAG_member
	.long	.Linfo_string25                 @ DW_AT_name
	.long	593                             @ DW_AT_type
	.byte	4                               @ DW_AT_decl_file
	.short	752                             @ DW_AT_decl_line
	.short	268                             @ DW_AT_data_member_location
	.byte	16                              @ Abbrev [16] 0x3ad:0xe DW_TAG_member
	.long	.Linfo_string65                 @ DW_AT_name
	.long	553                             @ DW_AT_type
	.byte	4                               @ DW_AT_decl_file
	.short	753                             @ DW_AT_decl_line
	.short	272                             @ DW_AT_data_member_location
	.byte	16                              @ Abbrev [16] 0x3bb:0xe DW_TAG_member
	.long	.Linfo_string27                 @ DW_AT_name
	.long	605                             @ DW_AT_type
	.byte	4                               @ DW_AT_decl_file
	.short	754                             @ DW_AT_decl_line
	.short	276                             @ DW_AT_data_member_location
	.byte	16                              @ Abbrev [16] 0x3c9:0xe DW_TAG_member
	.long	.Linfo_string66                 @ DW_AT_name
	.long	553                             @ DW_AT_type
	.byte	4                               @ DW_AT_decl_file
	.short	755                             @ DW_AT_decl_line
	.short	288                             @ DW_AT_data_member_location
	.byte	16                              @ Abbrev [16] 0x3d7:0xe DW_TAG_member
	.long	.Linfo_string29                 @ DW_AT_name
	.long	593                             @ DW_AT_type
	.byte	4                               @ DW_AT_decl_file
	.short	756                             @ DW_AT_decl_line
	.short	292                             @ DW_AT_data_member_location
	.byte	16                              @ Abbrev [16] 0x3e5:0xe DW_TAG_member
	.long	.Linfo_string67                 @ DW_AT_name
	.long	553                             @ DW_AT_type
	.byte	4                               @ DW_AT_decl_file
	.short	757                             @ DW_AT_decl_line
	.short	296                             @ DW_AT_data_member_location
	.byte	16                              @ Abbrev [16] 0x3f3:0xe DW_TAG_member
	.long	.Linfo_string34                 @ DW_AT_name
	.long	593                             @ DW_AT_type
	.byte	4                               @ DW_AT_decl_file
	.short	758                             @ DW_AT_decl_line
	.short	300                             @ DW_AT_data_member_location
	.byte	16                              @ Abbrev [16] 0x401:0xe DW_TAG_member
	.long	.Linfo_string68                 @ DW_AT_name
	.long	581                             @ DW_AT_type
	.byte	4                               @ DW_AT_decl_file
	.short	759                             @ DW_AT_decl_line
	.short	304                             @ DW_AT_data_member_location
	.byte	16                              @ Abbrev [16] 0x40f:0xe DW_TAG_member
	.long	.Linfo_string69                 @ DW_AT_name
	.long	581                             @ DW_AT_type
	.byte	4                               @ DW_AT_decl_file
	.short	760                             @ DW_AT_decl_line
	.short	308                             @ DW_AT_data_member_location
	.byte	16                              @ Abbrev [16] 0x41d:0xe DW_TAG_member
	.long	.Linfo_string37                 @ DW_AT_name
	.long	569                             @ DW_AT_type
	.byte	4                               @ DW_AT_decl_file
	.short	761                             @ DW_AT_decl_line
	.short	312                             @ DW_AT_data_member_location
	.byte	16                              @ Abbrev [16] 0x42b:0xe DW_TAG_member
	.long	.Linfo_string30                 @ DW_AT_name
	.long	553                             @ DW_AT_type
	.byte	4                               @ DW_AT_decl_file
	.short	762                             @ DW_AT_decl_line
	.short	320                             @ DW_AT_data_member_location
	.byte	16                              @ Abbrev [16] 0x439:0xe DW_TAG_member
	.long	.Linfo_string70                 @ DW_AT_name
	.long	553                             @ DW_AT_type
	.byte	4                               @ DW_AT_decl_file
	.short	763                             @ DW_AT_decl_line
	.short	324                             @ DW_AT_data_member_location
	.byte	16                              @ Abbrev [16] 0x447:0xe DW_TAG_member
	.long	.Linfo_string22                 @ DW_AT_name
	.long	1148                            @ DW_AT_type
	.byte	4                               @ DW_AT_decl_file
	.short	764                             @ DW_AT_decl_line
	.short	328                             @ DW_AT_data_member_location
	.byte	16                              @ Abbrev [16] 0x455:0xe DW_TAG_member
	.long	.Linfo_string71                 @ DW_AT_name
	.long	553                             @ DW_AT_type
	.byte	4                               @ DW_AT_decl_file
	.short	765                             @ DW_AT_decl_line
	.short	496                             @ DW_AT_data_member_location
	.byte	0                               @ End Of Children Mark
	.byte	11                              @ Abbrev [11] 0x464:0xc DW_TAG_array_type
	.long	553                             @ DW_AT_type
	.byte	12                              @ Abbrev [12] 0x469:0x6 DW_TAG_subrange_type
	.long	586                             @ DW_AT_type
	.byte	20                              @ DW_AT_count
	.byte	0                               @ End Of Children Mark
	.byte	11                              @ Abbrev [11] 0x470:0xc DW_TAG_array_type
	.long	581                             @ DW_AT_type
	.byte	12                              @ Abbrev [12] 0x475:0x6 DW_TAG_subrange_type
	.long	586                             @ DW_AT_type
	.byte	28                              @ DW_AT_count
	.byte	0                               @ End Of Children Mark
	.byte	11                              @ Abbrev [11] 0x47c:0xc DW_TAG_array_type
	.long	581                             @ DW_AT_type
	.byte	12                              @ Abbrev [12] 0x481:0x6 DW_TAG_subrange_type
	.long	586                             @ DW_AT_type
	.byte	42                              @ DW_AT_count
	.byte	0                               @ End Of Children Mark
	.byte	5                               @ Abbrev [5] 0x488:0x5 DW_TAG_pointer_type
	.long	1165                            @ DW_AT_type
	.byte	10                              @ Abbrev [10] 0x48d:0xb DW_TAG_typedef
	.long	1176                            @ DW_AT_type
	.long	.Linfo_string76                 @ DW_AT_name
	.byte	5                               @ DW_AT_decl_file
	.byte	109                             @ DW_AT_decl_line
	.byte	7                               @ Abbrev [7] 0x498:0x35 DW_TAG_structure_type
	.byte	16                              @ DW_AT_byte_size
	.byte	5                               @ DW_AT_decl_file
	.byte	25                              @ DW_AT_decl_line
	.byte	17                              @ Abbrev [17] 0x49c:0xc DW_TAG_member
	.long	.Linfo_string73                 @ DW_AT_name
	.long	553                             @ DW_AT_type
	.byte	5                               @ DW_AT_decl_file
	.byte	104                             @ DW_AT_decl_line
	.byte	0                               @ DW_AT_data_member_location
	.byte	17                              @ Abbrev [17] 0x4a8:0xc DW_TAG_member
	.long	.Linfo_string74                 @ DW_AT_name
	.long	581                             @ DW_AT_type
	.byte	5                               @ DW_AT_decl_file
	.byte	105                             @ DW_AT_decl_line
	.byte	4                               @ DW_AT_data_member_location
	.byte	17                              @ Abbrev [17] 0x4b4:0xc DW_TAG_member
	.long	.Linfo_string19                 @ DW_AT_name
	.long	593                             @ DW_AT_type
	.byte	5                               @ DW_AT_decl_file
	.byte	106                             @ DW_AT_decl_line
	.byte	8                               @ DW_AT_data_member_location
	.byte	17                              @ Abbrev [17] 0x4c0:0xc DW_TAG_member
	.long	.Linfo_string75                 @ DW_AT_name
	.long	553                             @ DW_AT_type
	.byte	5                               @ DW_AT_decl_file
	.byte	107                             @ DW_AT_decl_line
	.byte	12                              @ DW_AT_data_member_location
	.byte	0                               @ End Of Children Mark
	.byte	5                               @ Abbrev [5] 0x4cd:0x5 DW_TAG_pointer_type
	.long	1234                            @ DW_AT_type
	.byte	6                               @ Abbrev [6] 0x4d2:0xc DW_TAG_typedef
	.long	1246                            @ DW_AT_type
	.long	.Linfo_string138                @ DW_AT_name
	.byte	6                               @ DW_AT_decl_file
	.short	1230                            @ DW_AT_decl_line
	.byte	15                              @ Abbrev [15] 0x4de:0x3d9 DW_TAG_structure_type
	.short	4092                            @ DW_AT_byte_size
	.byte	6                               @ DW_AT_decl_file
	.byte	27                              @ DW_AT_decl_line
	.byte	8                               @ Abbrev [8] 0x4e3:0xd DW_TAG_member
	.long	.Linfo_string55                 @ DW_AT_name
	.long	553                             @ DW_AT_type
	.byte	6                               @ DW_AT_decl_file
	.short	1158                            @ DW_AT_decl_line
	.byte	0                               @ DW_AT_data_member_location
	.byte	8                               @ Abbrev [8] 0x4f0:0xd DW_TAG_member
	.long	.Linfo_string56                 @ DW_AT_name
	.long	553                             @ DW_AT_type
	.byte	6                               @ DW_AT_decl_file
	.short	1159                            @ DW_AT_decl_line
	.byte	4                               @ DW_AT_data_member_location
	.byte	8                               @ Abbrev [8] 0x4fd:0xd DW_TAG_member
	.long	.Linfo_string77                 @ DW_AT_name
	.long	553                             @ DW_AT_type
	.byte	6                               @ DW_AT_decl_file
	.short	1160                            @ DW_AT_decl_line
	.byte	8                               @ DW_AT_data_member_location
	.byte	8                               @ Abbrev [8] 0x50a:0xd DW_TAG_member
	.long	.Linfo_string78                 @ DW_AT_name
	.long	553                             @ DW_AT_type
	.byte	6                               @ DW_AT_decl_file
	.short	1161                            @ DW_AT_decl_line
	.byte	12                              @ DW_AT_data_member_location
	.byte	8                               @ Abbrev [8] 0x517:0xd DW_TAG_member
	.long	.Linfo_string79                 @ DW_AT_name
	.long	2231                            @ DW_AT_type
	.byte	6                               @ DW_AT_decl_file
	.short	1162                            @ DW_AT_decl_line
	.byte	16                              @ DW_AT_data_member_location
	.byte	8                               @ Abbrev [8] 0x524:0xd DW_TAG_member
	.long	.Linfo_string80                 @ DW_AT_name
	.long	581                             @ DW_AT_type
	.byte	6                               @ DW_AT_decl_file
	.short	1163                            @ DW_AT_decl_line
	.byte	48                              @ DW_AT_data_member_location
	.byte	8                               @ Abbrev [8] 0x531:0xd DW_TAG_member
	.long	.Linfo_string19                 @ DW_AT_name
	.long	2243                            @ DW_AT_type
	.byte	6                               @ DW_AT_decl_file
	.short	1164                            @ DW_AT_decl_line
	.byte	52                              @ DW_AT_data_member_location
	.byte	8                               @ Abbrev [8] 0x53e:0xd DW_TAG_member
	.long	.Linfo_string81                 @ DW_AT_name
	.long	617                             @ DW_AT_type
	.byte	6                               @ DW_AT_decl_file
	.short	1165                            @ DW_AT_decl_line
	.byte	80                              @ DW_AT_data_member_location
	.byte	8                               @ Abbrev [8] 0x54b:0xd DW_TAG_member
	.long	.Linfo_string23                 @ DW_AT_name
	.long	2231                            @ DW_AT_type
	.byte	6                               @ DW_AT_decl_file
	.short	1166                            @ DW_AT_decl_line
	.byte	96                              @ DW_AT_data_member_location
	.byte	8                               @ Abbrev [8] 0x558:0xd DW_TAG_member
	.long	.Linfo_string82                 @ DW_AT_name
	.long	2255                            @ DW_AT_type
	.byte	6                               @ DW_AT_decl_file
	.short	1167                            @ DW_AT_decl_line
	.byte	128                             @ DW_AT_data_member_location
	.byte	8                               @ Abbrev [8] 0x565:0xd DW_TAG_member
	.long	.Linfo_string83                 @ DW_AT_name
	.long	2255                            @ DW_AT_type
	.byte	6                               @ DW_AT_decl_file
	.short	1168                            @ DW_AT_decl_line
	.byte	136                             @ DW_AT_data_member_location
	.byte	8                               @ Abbrev [8] 0x572:0xd DW_TAG_member
	.long	.Linfo_string84                 @ DW_AT_name
	.long	2255                            @ DW_AT_type
	.byte	6                               @ DW_AT_decl_file
	.short	1169                            @ DW_AT_decl_line
	.byte	144                             @ DW_AT_data_member_location
	.byte	8                               @ Abbrev [8] 0x57f:0xd DW_TAG_member
	.long	.Linfo_string25                 @ DW_AT_name
	.long	569                             @ DW_AT_type
	.byte	6                               @ DW_AT_decl_file
	.short	1170                            @ DW_AT_decl_line
	.byte	152                             @ DW_AT_data_member_location
	.byte	8                               @ Abbrev [8] 0x58c:0xd DW_TAG_member
	.long	.Linfo_string85                 @ DW_AT_name
	.long	553                             @ DW_AT_type
	.byte	6                               @ DW_AT_decl_file
	.short	1171                            @ DW_AT_decl_line
	.byte	160                             @ DW_AT_data_member_location
	.byte	8                               @ Abbrev [8] 0x599:0xd DW_TAG_member
	.long	.Linfo_string27                 @ DW_AT_name
	.long	2267                            @ DW_AT_type
	.byte	6                               @ DW_AT_decl_file
	.short	1172                            @ DW_AT_decl_line
	.byte	164                             @ DW_AT_data_member_location
	.byte	16                              @ Abbrev [16] 0x5a6:0xe DW_TAG_member
	.long	.Linfo_string86                 @ DW_AT_name
	.long	553                             @ DW_AT_type
	.byte	6                               @ DW_AT_decl_file
	.short	1173                            @ DW_AT_decl_line
	.short	256                             @ DW_AT_data_member_location
	.byte	16                              @ Abbrev [16] 0x5b4:0xe DW_TAG_member
	.long	.Linfo_string87                 @ DW_AT_name
	.long	581                             @ DW_AT_type
	.byte	6                               @ DW_AT_decl_file
	.short	1174                            @ DW_AT_decl_line
	.short	260                             @ DW_AT_data_member_location
	.byte	16                              @ Abbrev [16] 0x5c2:0xe DW_TAG_member
	.long	.Linfo_string88                 @ DW_AT_name
	.long	553                             @ DW_AT_type
	.byte	6                               @ DW_AT_decl_file
	.short	1175                            @ DW_AT_decl_line
	.short	264                             @ DW_AT_data_member_location
	.byte	16                              @ Abbrev [16] 0x5d0:0xe DW_TAG_member
	.long	.Linfo_string89                 @ DW_AT_name
	.long	581                             @ DW_AT_type
	.byte	6                               @ DW_AT_decl_file
	.short	1176                            @ DW_AT_decl_line
	.short	268                             @ DW_AT_data_member_location
	.byte	16                              @ Abbrev [16] 0x5de:0xe DW_TAG_member
	.long	.Linfo_string90                 @ DW_AT_name
	.long	2279                            @ DW_AT_type
	.byte	6                               @ DW_AT_decl_file
	.short	1177                            @ DW_AT_decl_line
	.short	272                             @ DW_AT_data_member_location
	.byte	16                              @ Abbrev [16] 0x5ec:0xe DW_TAG_member
	.long	.Linfo_string91                 @ DW_AT_name
	.long	2291                            @ DW_AT_type
	.byte	6                               @ DW_AT_decl_file
	.short	1178                            @ DW_AT_decl_line
	.short	304                             @ DW_AT_data_member_location
	.byte	16                              @ Abbrev [16] 0x5fa:0xe DW_TAG_member
	.long	.Linfo_string92                 @ DW_AT_name
	.long	553                             @ DW_AT_type
	.byte	6                               @ DW_AT_decl_file
	.short	1179                            @ DW_AT_decl_line
	.short	320                             @ DW_AT_data_member_location
	.byte	16                              @ Abbrev [16] 0x608:0xe DW_TAG_member
	.long	.Linfo_string93                 @ DW_AT_name
	.long	553                             @ DW_AT_type
	.byte	6                               @ DW_AT_decl_file
	.short	1180                            @ DW_AT_decl_line
	.short	324                             @ DW_AT_data_member_location
	.byte	16                              @ Abbrev [16] 0x616:0xe DW_TAG_member
	.long	.Linfo_string94                 @ DW_AT_name
	.long	553                             @ DW_AT_type
	.byte	6                               @ DW_AT_decl_file
	.short	1181                            @ DW_AT_decl_line
	.short	328                             @ DW_AT_data_member_location
	.byte	16                              @ Abbrev [16] 0x624:0xe DW_TAG_member
	.long	.Linfo_string29                 @ DW_AT_name
	.long	2303                            @ DW_AT_type
	.byte	6                               @ DW_AT_decl_file
	.short	1182                            @ DW_AT_decl_line
	.short	332                             @ DW_AT_data_member_location
	.byte	16                              @ Abbrev [16] 0x632:0xe DW_TAG_member
	.long	.Linfo_string95                 @ DW_AT_name
	.long	553                             @ DW_AT_type
	.byte	6                               @ DW_AT_decl_file
	.short	1183                            @ DW_AT_decl_line
	.short	768                             @ DW_AT_data_member_location
	.byte	16                              @ Abbrev [16] 0x640:0xe DW_TAG_member
	.long	.Linfo_string96                 @ DW_AT_name
	.long	581                             @ DW_AT_type
	.byte	6                               @ DW_AT_decl_file
	.short	1184                            @ DW_AT_decl_line
	.short	772                             @ DW_AT_data_member_location
	.byte	16                              @ Abbrev [16] 0x64e:0xe DW_TAG_member
	.long	.Linfo_string97                 @ DW_AT_name
	.long	2315                            @ DW_AT_type
	.byte	6                               @ DW_AT_decl_file
	.short	1185                            @ DW_AT_decl_line
	.short	776                             @ DW_AT_data_member_location
	.byte	16                              @ Abbrev [16] 0x65c:0xe DW_TAG_member
	.long	.Linfo_string98                 @ DW_AT_name
	.long	553                             @ DW_AT_type
	.byte	6                               @ DW_AT_decl_file
	.short	1186                            @ DW_AT_decl_line
	.short	840                             @ DW_AT_data_member_location
	.byte	16                              @ Abbrev [16] 0x66a:0xe DW_TAG_member
	.long	.Linfo_string99                 @ DW_AT_name
	.long	553                             @ DW_AT_type
	.byte	6                               @ DW_AT_decl_file
	.short	1187                            @ DW_AT_decl_line
	.short	844                             @ DW_AT_data_member_location
	.byte	16                              @ Abbrev [16] 0x678:0xe DW_TAG_member
	.long	.Linfo_string100                @ DW_AT_name
	.long	553                             @ DW_AT_type
	.byte	6                               @ DW_AT_decl_file
	.short	1188                            @ DW_AT_decl_line
	.short	848                             @ DW_AT_data_member_location
	.byte	16                              @ Abbrev [16] 0x686:0xe DW_TAG_member
	.long	.Linfo_string101                @ DW_AT_name
	.long	553                             @ DW_AT_type
	.byte	6                               @ DW_AT_decl_file
	.short	1189                            @ DW_AT_decl_line
	.short	852                             @ DW_AT_data_member_location
	.byte	16                              @ Abbrev [16] 0x694:0xe DW_TAG_member
	.long	.Linfo_string102                @ DW_AT_name
	.long	2327                            @ DW_AT_type
	.byte	6                               @ DW_AT_decl_file
	.short	1190                            @ DW_AT_decl_line
	.short	856                             @ DW_AT_data_member_location
	.byte	16                              @ Abbrev [16] 0x6a2:0xe DW_TAG_member
	.long	.Linfo_string34                 @ DW_AT_name
	.long	2339                            @ DW_AT_type
	.byte	6                               @ DW_AT_decl_file
	.short	1191                            @ DW_AT_decl_line
	.short	1072                            @ DW_AT_data_member_location
	.byte	16                              @ Abbrev [16] 0x6b0:0xe DW_TAG_member
	.long	.Linfo_string103                @ DW_AT_name
	.long	553                             @ DW_AT_type
	.byte	6                               @ DW_AT_decl_file
	.short	1192                            @ DW_AT_decl_line
	.short	1276                            @ DW_AT_data_member_location
	.byte	16                              @ Abbrev [16] 0x6be:0xe DW_TAG_member
	.long	.Linfo_string37                 @ DW_AT_name
	.long	2351                            @ DW_AT_type
	.byte	6                               @ DW_AT_decl_file
	.short	1193                            @ DW_AT_decl_line
	.short	1280                            @ DW_AT_data_member_location
	.byte	16                              @ Abbrev [16] 0x6cc:0xe DW_TAG_member
	.long	.Linfo_string104                @ DW_AT_name
	.long	553                             @ DW_AT_type
	.byte	6                               @ DW_AT_decl_file
	.short	1194                            @ DW_AT_decl_line
	.short	2048                            @ DW_AT_data_member_location
	.byte	16                              @ Abbrev [16] 0x6da:0xe DW_TAG_member
	.long	.Linfo_string105                @ DW_AT_name
	.long	581                             @ DW_AT_type
	.byte	6                               @ DW_AT_decl_file
	.short	1195                            @ DW_AT_decl_line
	.short	2052                            @ DW_AT_data_member_location
	.byte	16                              @ Abbrev [16] 0x6e8:0xe DW_TAG_member
	.long	.Linfo_string106                @ DW_AT_name
	.long	2363                            @ DW_AT_type
	.byte	6                               @ DW_AT_decl_file
	.short	1196                            @ DW_AT_decl_line
	.short	2056                            @ DW_AT_data_member_location
	.byte	16                              @ Abbrev [16] 0x6f6:0xe DW_TAG_member
	.long	.Linfo_string107                @ DW_AT_name
	.long	2363                            @ DW_AT_type
	.byte	6                               @ DW_AT_decl_file
	.short	1197                            @ DW_AT_decl_line
	.short	2128                            @ DW_AT_data_member_location
	.byte	16                              @ Abbrev [16] 0x704:0xe DW_TAG_member
	.long	.Linfo_string108                @ DW_AT_name
	.long	2363                            @ DW_AT_type
	.byte	6                               @ DW_AT_decl_file
	.short	1198                            @ DW_AT_decl_line
	.short	2200                            @ DW_AT_data_member_location
	.byte	16                              @ Abbrev [16] 0x712:0xe DW_TAG_member
	.long	.Linfo_string109                @ DW_AT_name
	.long	2363                            @ DW_AT_type
	.byte	6                               @ DW_AT_decl_file
	.short	1199                            @ DW_AT_decl_line
	.short	2272                            @ DW_AT_data_member_location
	.byte	16                              @ Abbrev [16] 0x720:0xe DW_TAG_member
	.long	.Linfo_string110                @ DW_AT_name
	.long	2363                            @ DW_AT_type
	.byte	6                               @ DW_AT_decl_file
	.short	1200                            @ DW_AT_decl_line
	.short	2344                            @ DW_AT_data_member_location
	.byte	16                              @ Abbrev [16] 0x72e:0xe DW_TAG_member
	.long	.Linfo_string111                @ DW_AT_name
	.long	2363                            @ DW_AT_type
	.byte	6                               @ DW_AT_decl_file
	.short	1201                            @ DW_AT_decl_line
	.short	2416                            @ DW_AT_data_member_location
	.byte	16                              @ Abbrev [16] 0x73c:0xe DW_TAG_member
	.long	.Linfo_string112                @ DW_AT_name
	.long	2363                            @ DW_AT_type
	.byte	6                               @ DW_AT_decl_file
	.short	1202                            @ DW_AT_decl_line
	.short	2488                            @ DW_AT_data_member_location
	.byte	16                              @ Abbrev [16] 0x74a:0xe DW_TAG_member
	.long	.Linfo_string113                @ DW_AT_name
	.long	2363                            @ DW_AT_type
	.byte	6                               @ DW_AT_decl_file
	.short	1203                            @ DW_AT_decl_line
	.short	2560                            @ DW_AT_data_member_location
	.byte	16                              @ Abbrev [16] 0x758:0xe DW_TAG_member
	.long	.Linfo_string114                @ DW_AT_name
	.long	553                             @ DW_AT_type
	.byte	6                               @ DW_AT_decl_file
	.short	1204                            @ DW_AT_decl_line
	.short	2632                            @ DW_AT_data_member_location
	.byte	16                              @ Abbrev [16] 0x766:0xe DW_TAG_member
	.long	.Linfo_string115                @ DW_AT_name
	.long	553                             @ DW_AT_type
	.byte	6                               @ DW_AT_decl_file
	.short	1205                            @ DW_AT_decl_line
	.short	2636                            @ DW_AT_data_member_location
	.byte	16                              @ Abbrev [16] 0x774:0xe DW_TAG_member
	.long	.Linfo_string116                @ DW_AT_name
	.long	553                             @ DW_AT_type
	.byte	6                               @ DW_AT_decl_file
	.short	1206                            @ DW_AT_decl_line
	.short	2640                            @ DW_AT_data_member_location
	.byte	16                              @ Abbrev [16] 0x782:0xe DW_TAG_member
	.long	.Linfo_string117                @ DW_AT_name
	.long	553                             @ DW_AT_type
	.byte	6                               @ DW_AT_decl_file
	.short	1207                            @ DW_AT_decl_line
	.short	2644                            @ DW_AT_data_member_location
	.byte	16                              @ Abbrev [16] 0x790:0xe DW_TAG_member
	.long	.Linfo_string22                 @ DW_AT_name
	.long	1148                            @ DW_AT_type
	.byte	6                               @ DW_AT_decl_file
	.short	1208                            @ DW_AT_decl_line
	.short	2648                            @ DW_AT_data_member_location
	.byte	16                              @ Abbrev [16] 0x79e:0xe DW_TAG_member
	.long	.Linfo_string118                @ DW_AT_name
	.long	553                             @ DW_AT_type
	.byte	6                               @ DW_AT_decl_file
	.short	1209                            @ DW_AT_decl_line
	.short	2816                            @ DW_AT_data_member_location
	.byte	16                              @ Abbrev [16] 0x7ac:0xe DW_TAG_member
	.long	.Linfo_string119                @ DW_AT_name
	.long	581                             @ DW_AT_type
	.byte	6                               @ DW_AT_decl_file
	.short	1210                            @ DW_AT_decl_line
	.short	2820                            @ DW_AT_data_member_location
	.byte	16                              @ Abbrev [16] 0x7ba:0xe DW_TAG_member
	.long	.Linfo_string120                @ DW_AT_name
	.long	2375                            @ DW_AT_type
	.byte	6                               @ DW_AT_decl_file
	.short	1211                            @ DW_AT_decl_line
	.short	2824                            @ DW_AT_data_member_location
	.byte	16                              @ Abbrev [16] 0x7c8:0xe DW_TAG_member
	.long	.Linfo_string121                @ DW_AT_name
	.long	553                             @ DW_AT_type
	.byte	6                               @ DW_AT_decl_file
	.short	1212                            @ DW_AT_decl_line
	.short	2844                            @ DW_AT_data_member_location
	.byte	16                              @ Abbrev [16] 0x7d6:0xe DW_TAG_member
	.long	.Linfo_string122                @ DW_AT_name
	.long	2387                            @ DW_AT_type
	.byte	6                               @ DW_AT_decl_file
	.short	1213                            @ DW_AT_decl_line
	.short	2848                            @ DW_AT_data_member_location
	.byte	16                              @ Abbrev [16] 0x7e4:0xe DW_TAG_member
	.long	.Linfo_string123                @ DW_AT_name
	.long	2399                            @ DW_AT_type
	.byte	6                               @ DW_AT_decl_file
	.short	1214                            @ DW_AT_decl_line
	.short	2876                            @ DW_AT_data_member_location
	.byte	16                              @ Abbrev [16] 0x7f2:0xe DW_TAG_member
	.long	.Linfo_string124                @ DW_AT_name
	.long	553                             @ DW_AT_type
	.byte	6                               @ DW_AT_decl_file
	.short	1215                            @ DW_AT_decl_line
	.short	3840                            @ DW_AT_data_member_location
	.byte	16                              @ Abbrev [16] 0x800:0xe DW_TAG_member
	.long	.Linfo_string125                @ DW_AT_name
	.long	581                             @ DW_AT_type
	.byte	6                               @ DW_AT_decl_file
	.short	1216                            @ DW_AT_decl_line
	.short	3844                            @ DW_AT_data_member_location
	.byte	16                              @ Abbrev [16] 0x80e:0xe DW_TAG_member
	.long	.Linfo_string126                @ DW_AT_name
	.long	569                             @ DW_AT_type
	.byte	6                               @ DW_AT_decl_file
	.short	1217                            @ DW_AT_decl_line
	.short	3848                            @ DW_AT_data_member_location
	.byte	16                              @ Abbrev [16] 0x81c:0xe DW_TAG_member
	.long	.Linfo_string127                @ DW_AT_name
	.long	553                             @ DW_AT_type
	.byte	6                               @ DW_AT_decl_file
	.short	1218                            @ DW_AT_decl_line
	.short	3856                            @ DW_AT_data_member_location
	.byte	16                              @ Abbrev [16] 0x82a:0xe DW_TAG_member
	.long	.Linfo_string128                @ DW_AT_name
	.long	2243                            @ DW_AT_type
	.byte	6                               @ DW_AT_decl_file
	.short	1219                            @ DW_AT_decl_line
	.short	3860                            @ DW_AT_data_member_location
	.byte	16                              @ Abbrev [16] 0x838:0xe DW_TAG_member
	.long	.Linfo_string129                @ DW_AT_name
	.long	553                             @ DW_AT_type
	.byte	6                               @ DW_AT_decl_file
	.short	1220                            @ DW_AT_decl_line
	.short	3888                            @ DW_AT_data_member_location
	.byte	16                              @ Abbrev [16] 0x846:0xe DW_TAG_member
	.long	.Linfo_string130                @ DW_AT_name
	.long	605                             @ DW_AT_type
	.byte	6                               @ DW_AT_decl_file
	.short	1221                            @ DW_AT_decl_line
	.short	3892                            @ DW_AT_data_member_location
	.byte	16                              @ Abbrev [16] 0x854:0xe DW_TAG_member
	.long	.Linfo_string131                @ DW_AT_name
	.long	553                             @ DW_AT_type
	.byte	6                               @ DW_AT_decl_file
	.short	1222                            @ DW_AT_decl_line
	.short	3904                            @ DW_AT_data_member_location
	.byte	16                              @ Abbrev [16] 0x862:0xe DW_TAG_member
	.long	.Linfo_string132                @ DW_AT_name
	.long	581                             @ DW_AT_type
	.byte	6                               @ DW_AT_decl_file
	.short	1223                            @ DW_AT_decl_line
	.short	3908                            @ DW_AT_data_member_location
	.byte	16                              @ Abbrev [16] 0x870:0xe DW_TAG_member
	.long	.Linfo_string133                @ DW_AT_name
	.long	553                             @ DW_AT_type
	.byte	6                               @ DW_AT_decl_file
	.short	1224                            @ DW_AT_decl_line
	.short	3912                            @ DW_AT_data_member_location
	.byte	16                              @ Abbrev [16] 0x87e:0xe DW_TAG_member
	.long	.Linfo_string134                @ DW_AT_name
	.long	593                             @ DW_AT_type
	.byte	6                               @ DW_AT_decl_file
	.short	1225                            @ DW_AT_decl_line
	.short	3916                            @ DW_AT_data_member_location
	.byte	16                              @ Abbrev [16] 0x88c:0xe DW_TAG_member
	.long	.Linfo_string135                @ DW_AT_name
	.long	553                             @ DW_AT_type
	.byte	6                               @ DW_AT_decl_file
	.short	1226                            @ DW_AT_decl_line
	.short	3920                            @ DW_AT_data_member_location
	.byte	16                              @ Abbrev [16] 0x89a:0xe DW_TAG_member
	.long	.Linfo_string136                @ DW_AT_name
	.long	2255                            @ DW_AT_type
	.byte	6                               @ DW_AT_decl_file
	.short	1227                            @ DW_AT_decl_line
	.short	3924                            @ DW_AT_data_member_location
	.byte	16                              @ Abbrev [16] 0x8a8:0xe DW_TAG_member
	.long	.Linfo_string137                @ DW_AT_name
	.long	2411                            @ DW_AT_type
	.byte	6                               @ DW_AT_decl_file
	.short	1228                            @ DW_AT_decl_line
	.short	3932                            @ DW_AT_data_member_location
	.byte	0                               @ End Of Children Mark
	.byte	11                              @ Abbrev [11] 0x8b7:0xc DW_TAG_array_type
	.long	581                             @ DW_AT_type
	.byte	12                              @ Abbrev [12] 0x8bc:0x6 DW_TAG_subrange_type
	.long	586                             @ DW_AT_type
	.byte	8                               @ DW_AT_count
	.byte	0                               @ End Of Children Mark
	.byte	11                              @ Abbrev [11] 0x8c3:0xc DW_TAG_array_type
	.long	581                             @ DW_AT_type
	.byte	12                              @ Abbrev [12] 0x8c8:0x6 DW_TAG_subrange_type
	.long	586                             @ DW_AT_type
	.byte	7                               @ DW_AT_count
	.byte	0                               @ End Of Children Mark
	.byte	11                              @ Abbrev [11] 0x8cf:0xc DW_TAG_array_type
	.long	553                             @ DW_AT_type
	.byte	12                              @ Abbrev [12] 0x8d4:0x6 DW_TAG_subrange_type
	.long	586                             @ DW_AT_type
	.byte	2                               @ DW_AT_count
	.byte	0                               @ End Of Children Mark
	.byte	11                              @ Abbrev [11] 0x8db:0xc DW_TAG_array_type
	.long	581                             @ DW_AT_type
	.byte	12                              @ Abbrev [12] 0x8e0:0x6 DW_TAG_subrange_type
	.long	586                             @ DW_AT_type
	.byte	23                              @ DW_AT_count
	.byte	0                               @ End Of Children Mark
	.byte	11                              @ Abbrev [11] 0x8e7:0xc DW_TAG_array_type
	.long	553                             @ DW_AT_type
	.byte	12                              @ Abbrev [12] 0x8ec:0x6 DW_TAG_subrange_type
	.long	586                             @ DW_AT_type
	.byte	8                               @ DW_AT_count
	.byte	0                               @ End Of Children Mark
	.byte	11                              @ Abbrev [11] 0x8f3:0xc DW_TAG_array_type
	.long	553                             @ DW_AT_type
	.byte	12                              @ Abbrev [12] 0x8f8:0x6 DW_TAG_subrange_type
	.long	586                             @ DW_AT_type
	.byte	4                               @ DW_AT_count
	.byte	0                               @ End Of Children Mark
	.byte	11                              @ Abbrev [11] 0x8ff:0xc DW_TAG_array_type
	.long	581                             @ DW_AT_type
	.byte	12                              @ Abbrev [12] 0x904:0x6 DW_TAG_subrange_type
	.long	586                             @ DW_AT_type
	.byte	109                             @ DW_AT_count
	.byte	0                               @ End Of Children Mark
	.byte	11                              @ Abbrev [11] 0x90b:0xc DW_TAG_array_type
	.long	581                             @ DW_AT_type
	.byte	12                              @ Abbrev [12] 0x910:0x6 DW_TAG_subrange_type
	.long	586                             @ DW_AT_type
	.byte	16                              @ DW_AT_count
	.byte	0                               @ End Of Children Mark
	.byte	11                              @ Abbrev [11] 0x917:0xc DW_TAG_array_type
	.long	553                             @ DW_AT_type
	.byte	12                              @ Abbrev [12] 0x91c:0x6 DW_TAG_subrange_type
	.long	586                             @ DW_AT_type
	.byte	54                              @ DW_AT_count
	.byte	0                               @ End Of Children Mark
	.byte	11                              @ Abbrev [11] 0x923:0xc DW_TAG_array_type
	.long	581                             @ DW_AT_type
	.byte	12                              @ Abbrev [12] 0x928:0x6 DW_TAG_subrange_type
	.long	586                             @ DW_AT_type
	.byte	51                              @ DW_AT_count
	.byte	0                               @ End Of Children Mark
	.byte	11                              @ Abbrev [11] 0x92f:0xc DW_TAG_array_type
	.long	581                             @ DW_AT_type
	.byte	12                              @ Abbrev [12] 0x934:0x6 DW_TAG_subrange_type
	.long	586                             @ DW_AT_type
	.byte	192                             @ DW_AT_count
	.byte	0                               @ End Of Children Mark
	.byte	11                              @ Abbrev [11] 0x93b:0xc DW_TAG_array_type
	.long	553                             @ DW_AT_type
	.byte	12                              @ Abbrev [12] 0x940:0x6 DW_TAG_subrange_type
	.long	586                             @ DW_AT_type
	.byte	18                              @ DW_AT_count
	.byte	0                               @ End Of Children Mark
	.byte	11                              @ Abbrev [11] 0x947:0xc DW_TAG_array_type
	.long	553                             @ DW_AT_type
	.byte	12                              @ Abbrev [12] 0x94c:0x6 DW_TAG_subrange_type
	.long	586                             @ DW_AT_type
	.byte	5                               @ DW_AT_count
	.byte	0                               @ End Of Children Mark
	.byte	11                              @ Abbrev [11] 0x953:0xc DW_TAG_array_type
	.long	553                             @ DW_AT_type
	.byte	12                              @ Abbrev [12] 0x958:0x6 DW_TAG_subrange_type
	.long	586                             @ DW_AT_type
	.byte	7                               @ DW_AT_count
	.byte	0                               @ End Of Children Mark
	.byte	11                              @ Abbrev [11] 0x95f:0xc DW_TAG_array_type
	.long	581                             @ DW_AT_type
	.byte	12                              @ Abbrev [12] 0x964:0x6 DW_TAG_subrange_type
	.long	586                             @ DW_AT_type
	.byte	241                             @ DW_AT_count
	.byte	0                               @ End Of Children Mark
	.byte	11                              @ Abbrev [11] 0x96b:0xc DW_TAG_array_type
	.long	581                             @ DW_AT_type
	.byte	12                              @ Abbrev [12] 0x970:0x6 DW_TAG_subrange_type
	.long	586                             @ DW_AT_type
	.byte	40                              @ DW_AT_count
	.byte	0                               @ End Of Children Mark
	.byte	18                              @ Abbrev [18] 0x977:0x32 DW_TAG_subprogram
	.long	.Lfunc_begin0                   @ DW_AT_low_pc
	.long	.Lfunc_end0-.Lfunc_begin0       @ DW_AT_high_pc
	.byte	1                               @ DW_AT_frame_base
	.byte	93
	.long	.Linfo_string139                @ DW_AT_name
	.byte	7                               @ DW_AT_decl_file
	.byte	52                              @ DW_AT_decl_line
                                        @ DW_AT_prototyped
	.long	2848                            @ DW_AT_type
                                        @ DW_AT_external
	.byte	19                              @ Abbrev [19] 0x98c:0xe DW_TAG_variable
	.byte	2                               @ DW_AT_location
	.byte	145
	.byte	4
	.long	.Linfo_string147                @ DW_AT_name
	.byte	7                               @ DW_AT_decl_file
	.byte	54                              @ DW_AT_decl_line
	.long	2848                            @ DW_AT_type
	.byte	19                              @ Abbrev [19] 0x99a:0xe DW_TAG_variable
	.byte	2                               @ DW_AT_location
	.byte	145
	.byte	0
	.long	.Linfo_string148                @ DW_AT_name
	.byte	7                               @ DW_AT_decl_file
	.byte	55                              @ DW_AT_decl_line
	.long	2848                            @ DW_AT_type
	.byte	0                               @ End Of Children Mark
	.byte	18                              @ Abbrev [18] 0x9a9:0x4e DW_TAG_subprogram
	.long	.Lfunc_begin1                   @ DW_AT_low_pc
	.long	.Lfunc_end1-.Lfunc_begin1       @ DW_AT_high_pc
	.byte	1                               @ DW_AT_frame_base
	.byte	93
	.long	.Linfo_string142                @ DW_AT_name
	.byte	7                               @ DW_AT_decl_file
	.byte	146                             @ DW_AT_decl_line
                                        @ DW_AT_prototyped
	.long	2848                            @ DW_AT_type
                                        @ DW_AT_external
	.byte	20                              @ Abbrev [20] 0x9be:0xe DW_TAG_formal_parameter
	.byte	2                               @ DW_AT_location
	.byte	145
	.byte	12
	.long	.Linfo_string149                @ DW_AT_name
	.byte	7                               @ DW_AT_decl_file
	.byte	146                             @ DW_AT_decl_line
	.long	2866                            @ DW_AT_type
	.byte	20                              @ Abbrev [20] 0x9cc:0xe DW_TAG_formal_parameter
	.byte	2                               @ DW_AT_location
	.byte	145
	.byte	8
	.long	.Linfo_string150                @ DW_AT_name
	.byte	7                               @ DW_AT_decl_file
	.byte	146                             @ DW_AT_decl_line
	.long	2848                            @ DW_AT_type
	.byte	19                              @ Abbrev [19] 0x9da:0xe DW_TAG_variable
	.byte	2                               @ DW_AT_location
	.byte	145
	.byte	4
	.long	.Linfo_string147                @ DW_AT_name
	.byte	7                               @ DW_AT_decl_file
	.byte	148                             @ DW_AT_decl_line
	.long	2848                            @ DW_AT_type
	.byte	19                              @ Abbrev [19] 0x9e8:0xe DW_TAG_variable
	.byte	2                               @ DW_AT_location
	.byte	145
	.byte	0
	.long	.Linfo_string148                @ DW_AT_name
	.byte	7                               @ DW_AT_decl_file
	.byte	149                             @ DW_AT_decl_line
	.long	2848                            @ DW_AT_type
	.byte	0                               @ End Of Children Mark
	.byte	18                              @ Abbrev [18] 0x9f7:0x4e DW_TAG_subprogram
	.long	.Lfunc_begin2                   @ DW_AT_low_pc
	.long	.Lfunc_end2-.Lfunc_begin2       @ DW_AT_high_pc
	.byte	1                               @ DW_AT_frame_base
	.byte	93
	.long	.Linfo_string143                @ DW_AT_name
	.byte	7                               @ DW_AT_decl_file
	.byte	194                             @ DW_AT_decl_line
                                        @ DW_AT_prototyped
	.long	2848                            @ DW_AT_type
                                        @ DW_AT_external
	.byte	20                              @ Abbrev [20] 0xa0c:0xe DW_TAG_formal_parameter
	.byte	2                               @ DW_AT_location
	.byte	145
	.byte	12
	.long	.Linfo_string151                @ DW_AT_name
	.byte	7                               @ DW_AT_decl_file
	.byte	194                             @ DW_AT_decl_line
	.long	558                             @ DW_AT_type
	.byte	20                              @ Abbrev [20] 0xa1a:0xe DW_TAG_formal_parameter
	.byte	2                               @ DW_AT_location
	.byte	145
	.byte	8
	.long	.Linfo_string152                @ DW_AT_name
	.byte	7                               @ DW_AT_decl_file
	.byte	194                             @ DW_AT_decl_line
	.long	2866                            @ DW_AT_type
	.byte	19                              @ Abbrev [19] 0xa28:0xe DW_TAG_variable
	.byte	2                               @ DW_AT_location
	.byte	145
	.byte	4
	.long	.Linfo_string147                @ DW_AT_name
	.byte	7                               @ DW_AT_decl_file
	.byte	196                             @ DW_AT_decl_line
	.long	2848                            @ DW_AT_type
	.byte	19                              @ Abbrev [19] 0xa36:0xe DW_TAG_variable
	.byte	2                               @ DW_AT_location
	.byte	145
	.byte	0
	.long	.Linfo_string148                @ DW_AT_name
	.byte	7                               @ DW_AT_decl_file
	.byte	197                             @ DW_AT_decl_line
	.long	2848                            @ DW_AT_type
	.byte	0                               @ End Of Children Mark
	.byte	21                              @ Abbrev [21] 0xa45:0x44 DW_TAG_subprogram
	.long	.Lfunc_begin3                   @ DW_AT_low_pc
	.long	.Lfunc_end3-.Lfunc_begin3       @ DW_AT_high_pc
	.byte	1                               @ DW_AT_frame_base
	.byte	93
	.long	.Linfo_string144                @ DW_AT_name
	.byte	7                               @ DW_AT_decl_file
	.short	299                             @ DW_AT_decl_line
                                        @ DW_AT_prototyped
	.long	2848                            @ DW_AT_type
                                        @ DW_AT_external
	.byte	22                              @ Abbrev [22] 0xa5b:0xf DW_TAG_formal_parameter
	.byte	2                               @ DW_AT_location
	.byte	145
	.byte	8
	.long	.Linfo_string151                @ DW_AT_name
	.byte	7                               @ DW_AT_decl_file
	.short	299                             @ DW_AT_decl_line
	.long	558                             @ DW_AT_type
	.byte	23                              @ Abbrev [23] 0xa6a:0xf DW_TAG_variable
	.byte	2                               @ DW_AT_location
	.byte	145
	.byte	4
	.long	.Linfo_string148                @ DW_AT_name
	.byte	7                               @ DW_AT_decl_file
	.short	301                             @ DW_AT_decl_line
	.long	2848                            @ DW_AT_type
	.byte	23                              @ Abbrev [23] 0xa79:0xf DW_TAG_variable
	.byte	2                               @ DW_AT_location
	.byte	145
	.byte	0
	.long	.Linfo_string147                @ DW_AT_name
	.byte	7                               @ DW_AT_decl_file
	.short	302                             @ DW_AT_decl_line
	.long	2848                            @ DW_AT_type
	.byte	0                               @ End Of Children Mark
	.byte	21                              @ Abbrev [21] 0xa89:0x53 DW_TAG_subprogram
	.long	.Lfunc_begin4                   @ DW_AT_low_pc
	.long	.Lfunc_end4-.Lfunc_begin4       @ DW_AT_high_pc
	.byte	1                               @ DW_AT_frame_base
	.byte	93
	.long	.Linfo_string145                @ DW_AT_name
	.byte	7                               @ DW_AT_decl_file
	.short	344                             @ DW_AT_decl_line
                                        @ DW_AT_prototyped
	.long	2848                            @ DW_AT_type
                                        @ DW_AT_external
	.byte	22                              @ Abbrev [22] 0xa9f:0xf DW_TAG_formal_parameter
	.byte	2                               @ DW_AT_location
	.byte	145
	.byte	12
	.long	.Linfo_string151                @ DW_AT_name
	.byte	7                               @ DW_AT_decl_file
	.short	344                             @ DW_AT_decl_line
	.long	558                             @ DW_AT_type
	.byte	22                              @ Abbrev [22] 0xaae:0xf DW_TAG_formal_parameter
	.byte	2                               @ DW_AT_location
	.byte	145
	.byte	8
	.long	.Linfo_string152                @ DW_AT_name
	.byte	7                               @ DW_AT_decl_file
	.short	344                             @ DW_AT_decl_line
	.long	2866                            @ DW_AT_type
	.byte	23                              @ Abbrev [23] 0xabd:0xf DW_TAG_variable
	.byte	2                               @ DW_AT_location
	.byte	145
	.byte	4
	.long	.Linfo_string147                @ DW_AT_name
	.byte	7                               @ DW_AT_decl_file
	.short	346                             @ DW_AT_decl_line
	.long	2848                            @ DW_AT_type
	.byte	23                              @ Abbrev [23] 0xacc:0xf DW_TAG_variable
	.byte	2                               @ DW_AT_location
	.byte	145
	.byte	0
	.long	.Linfo_string148                @ DW_AT_name
	.byte	7                               @ DW_AT_decl_file
	.short	347                             @ DW_AT_decl_line
	.long	2848                            @ DW_AT_type
	.byte	0                               @ End Of Children Mark
	.byte	21                              @ Abbrev [21] 0xadc:0x44 DW_TAG_subprogram
	.long	.Lfunc_begin5                   @ DW_AT_low_pc
	.long	.Lfunc_end5-.Lfunc_begin5       @ DW_AT_high_pc
	.byte	1                               @ DW_AT_frame_base
	.byte	93
	.long	.Linfo_string146                @ DW_AT_name
	.byte	7                               @ DW_AT_decl_file
	.short	451                             @ DW_AT_decl_line
                                        @ DW_AT_prototyped
	.long	2848                            @ DW_AT_type
                                        @ DW_AT_external
	.byte	22                              @ Abbrev [22] 0xaf2:0xf DW_TAG_formal_parameter
	.byte	2                               @ DW_AT_location
	.byte	145
	.byte	8
	.long	.Linfo_string151                @ DW_AT_name
	.byte	7                               @ DW_AT_decl_file
	.short	451                             @ DW_AT_decl_line
	.long	558                             @ DW_AT_type
	.byte	23                              @ Abbrev [23] 0xb01:0xf DW_TAG_variable
	.byte	2                               @ DW_AT_location
	.byte	145
	.byte	4
	.long	.Linfo_string148                @ DW_AT_name
	.byte	7                               @ DW_AT_decl_file
	.short	453                             @ DW_AT_decl_line
	.long	2848                            @ DW_AT_type
	.byte	23                              @ Abbrev [23] 0xb10:0xf DW_TAG_variable
	.byte	2                               @ DW_AT_location
	.byte	145
	.byte	0
	.long	.Linfo_string147                @ DW_AT_name
	.byte	7                               @ DW_AT_decl_file
	.short	454                             @ DW_AT_decl_line
	.long	2848                            @ DW_AT_type
	.byte	0                               @ End Of Children Mark
	.byte	10                              @ Abbrev [10] 0xb20:0xb DW_TAG_typedef
	.long	2859                            @ DW_AT_type
	.long	.Linfo_string141                @ DW_AT_name
	.byte	2                               @ DW_AT_decl_file
	.byte	58                              @ DW_AT_decl_line
	.byte	4                               @ Abbrev [4] 0xb2b:0x7 DW_TAG_base_type
	.long	.Linfo_string140                @ DW_AT_name
	.byte	5                               @ DW_AT_encoding
	.byte	4                               @ DW_AT_byte_size
	.byte	5                               @ Abbrev [5] 0xb32:0x5 DW_TAG_pointer_type
	.long	558                             @ DW_AT_type
	.byte	0                               @ End Of Children Mark
.Ldebug_info_end0:
	.section	.debug_ranges,"",%progbits
.Ldebug_ranges0:
	.long	.Lfunc_begin0
	.long	.Lfunc_end0
	.long	.Lfunc_begin1
	.long	.Lfunc_end1
	.long	.Lfunc_begin2
	.long	.Lfunc_end2
	.long	.Lfunc_begin3
	.long	.Lfunc_end3
	.long	.Lfunc_begin4
	.long	.Lfunc_end4
	.long	.Lfunc_begin5
	.long	.Lfunc_end5
	.long	0
	.long	0
	.section	.debug_str,"MS",%progbits,1
.Linfo_string0:
	.asciz	"Component: Arm Compiler for Embedded 6.19 Tool: armclang [5e73cb00]" @ string offset=0
.Linfo_string1:
	.asciz	"../../../../../Library/StdDriver/src\\rng.c" @ string offset=68
.Linfo_string2:
	.asciz	"C:\\Users\\Borhan\\Desktop\\M2354_Series_BSP_CMSIS_V3.00.005_duplicate\\SampleCode\\TrustZone\\E-Voting-System\\Secure\\KEIL" @ string offset=111
.Linfo_string3:
	.asciz	"unsigned int"                  @ string offset=227
.Linfo_string4:
	.asciz	"KS_SRAM"                       @ string offset=240
.Linfo_string5:
	.asciz	"KS_FLASH"                      @ string offset=248
.Linfo_string6:
	.asciz	"KS_OTP"                        @ string offset=257
.Linfo_string7:
	.asciz	"KSMEM"                         @ string offset=264
.Linfo_string8:
	.asciz	"PWRCTL"                        @ string offset=270
.Linfo_string9:
	.asciz	"uint32_t"                      @ string offset=277
.Linfo_string10:
	.asciz	"AHBCLK"                        @ string offset=286
.Linfo_string11:
	.asciz	"APBCLK0"                       @ string offset=293
.Linfo_string12:
	.asciz	"APBCLK1"                       @ string offset=301
.Linfo_string13:
	.asciz	"CLKSEL0"                       @ string offset=309
.Linfo_string14:
	.asciz	"CLKSEL1"                       @ string offset=317
.Linfo_string15:
	.asciz	"CLKSEL2"                       @ string offset=325
.Linfo_string16:
	.asciz	"CLKSEL3"                       @ string offset=333
.Linfo_string17:
	.asciz	"CLKDIV0"                       @ string offset=341
.Linfo_string18:
	.asciz	"CLKDIV1"                       @ string offset=349
.Linfo_string19:
	.asciz	"RESERVE0"                      @ string offset=357
.Linfo_string20:
	.asciz	"__ARRAY_SIZE_TYPE__"           @ string offset=366
.Linfo_string21:
	.asciz	"CLKDIV4"                       @ string offset=386
.Linfo_string22:
	.asciz	"RESERVE7"                      @ string offset=394
.Linfo_string23:
	.asciz	"RESERVE1"                      @ string offset=403
.Linfo_string24:
	.asciz	"PLLCTL"                        @ string offset=412
.Linfo_string25:
	.asciz	"RESERVE2"                      @ string offset=419
.Linfo_string26:
	.asciz	"STATUS"                        @ string offset=428
.Linfo_string27:
	.asciz	"RESERVE3"                      @ string offset=435
.Linfo_string28:
	.asciz	"CLKOCTL"                       @ string offset=444
.Linfo_string29:
	.asciz	"RESERVE4"                      @ string offset=452
.Linfo_string30:
	.asciz	"CLKDCTL"                       @ string offset=461
.Linfo_string31:
	.asciz	"CLKDSTS"                       @ string offset=469
.Linfo_string32:
	.asciz	"CDUPB"                         @ string offset=477
.Linfo_string33:
	.asciz	"CDLOWB"                        @ string offset=483
.Linfo_string34:
	.asciz	"RESERVE5"                      @ string offset=490
.Linfo_string35:
	.asciz	"PMUCTL"                        @ string offset=499
.Linfo_string36:
	.asciz	"PMUSTS"                        @ string offset=506
.Linfo_string37:
	.asciz	"RESERVE6"                      @ string offset=513
.Linfo_string38:
	.asciz	"SWKDBCTL"                      @ string offset=522
.Linfo_string39:
	.asciz	"PASWKCTL"                      @ string offset=531
.Linfo_string40:
	.asciz	"PBSWKCTL"                      @ string offset=540
.Linfo_string41:
	.asciz	"PCSWKCTL"                      @ string offset=549
.Linfo_string42:
	.asciz	"PDSWKCTL"                      @ string offset=558
.Linfo_string43:
	.asciz	"IOPDCTL"                       @ string offset=567
.Linfo_string44:
	.asciz	"HXTFSEL"                       @ string offset=575
.Linfo_string45:
	.asciz	"CLK_T"                         @ string offset=583
.Linfo_string46:
	.asciz	"INIT"                          @ string offset=589
.Linfo_string47:
	.asciz	"FREQADJ"                       @ string offset=594
.Linfo_string48:
	.asciz	"TIME"                          @ string offset=602
.Linfo_string49:
	.asciz	"CAL"                           @ string offset=607
.Linfo_string50:
	.asciz	"CLKFMT"                        @ string offset=611
.Linfo_string51:
	.asciz	"WEEKDAY"                       @ string offset=618
.Linfo_string52:
	.asciz	"TALM"                          @ string offset=626
.Linfo_string53:
	.asciz	"CALM"                          @ string offset=631
.Linfo_string54:
	.asciz	"LEAPYEAR"                      @ string offset=636
.Linfo_string55:
	.asciz	"INTEN"                         @ string offset=645
.Linfo_string56:
	.asciz	"INTSTS"                        @ string offset=651
.Linfo_string57:
	.asciz	"TICK"                          @ string offset=658
.Linfo_string58:
	.asciz	"TAMSK"                         @ string offset=663
.Linfo_string59:
	.asciz	"CAMSK"                         @ string offset=669
.Linfo_string60:
	.asciz	"SPRCTL"                        @ string offset=675
.Linfo_string61:
	.asciz	"SPR"                           @ string offset=682
.Linfo_string62:
	.asciz	"LXTCTL"                        @ string offset=686
.Linfo_string63:
	.asciz	"GPIOCTL0"                      @ string offset=693
.Linfo_string64:
	.asciz	"GPIOCTL1"                      @ string offset=702
.Linfo_string65:
	.asciz	"DSTCTL"                        @ string offset=711
.Linfo_string66:
	.asciz	"TAMPCTL"                       @ string offset=718
.Linfo_string67:
	.asciz	"TAMPSEED"                      @ string offset=726
.Linfo_string68:
	.asciz	"TAMPTIME"                      @ string offset=735
.Linfo_string69:
	.asciz	"TAMPCAL"                       @ string offset=744
.Linfo_string70:
	.asciz	"CDBR"                          @ string offset=752
.Linfo_string71:
	.asciz	"TEST"                          @ string offset=757
.Linfo_string72:
	.asciz	"RTC_T"                         @ string offset=762
.Linfo_string73:
	.asciz	"CTL"                           @ string offset=768
.Linfo_string74:
	.asciz	"DATA"                          @ string offset=772
.Linfo_string75:
	.asciz	"ACT"                           @ string offset=777
.Linfo_string76:
	.asciz	"TRNG_T"                        @ string offset=781
.Linfo_string77:
	.asciz	"PRNG_CTL"                      @ string offset=788
.Linfo_string78:
	.asciz	"PRNG_SEED"                     @ string offset=797
.Linfo_string79:
	.asciz	"PRNG_KEY"                      @ string offset=807
.Linfo_string80:
	.asciz	"PRNG_STS"                      @ string offset=816
.Linfo_string81:
	.asciz	"AES_FDBCK"                     @ string offset=825
.Linfo_string82:
	.asciz	"AES_GCM_IVCNT"                 @ string offset=835
.Linfo_string83:
	.asciz	"AES_GCM_ACNT"                  @ string offset=849
.Linfo_string84:
	.asciz	"AES_GCM_PCNT"                  @ string offset=862
.Linfo_string85:
	.asciz	"AES_FBADDR"                    @ string offset=875
.Linfo_string86:
	.asciz	"AES_CTL"                       @ string offset=886
.Linfo_string87:
	.asciz	"AES_STS"                       @ string offset=894
.Linfo_string88:
	.asciz	"AES_DATIN"                     @ string offset=902
.Linfo_string89:
	.asciz	"AES_DATOUT"                    @ string offset=912
.Linfo_string90:
	.asciz	"AES_KEY"                       @ string offset=923
.Linfo_string91:
	.asciz	"AES_IV"                        @ string offset=931
.Linfo_string92:
	.asciz	"AES_SADDR"                     @ string offset=938
.Linfo_string93:
	.asciz	"AES_DADDR"                     @ string offset=948
.Linfo_string94:
	.asciz	"AES_CNT"                       @ string offset=958
.Linfo_string95:
	.asciz	"HMAC_CTL"                      @ string offset=966
.Linfo_string96:
	.asciz	"HMAC_STS"                      @ string offset=975
.Linfo_string97:
	.asciz	"HMAC_DGST"                     @ string offset=984
.Linfo_string98:
	.asciz	"HMAC_KEYCNT"                   @ string offset=994
.Linfo_string99:
	.asciz	"HMAC_SADDR"                    @ string offset=1006
.Linfo_string100:
	.asciz	"HMAC_DMACNT"                   @ string offset=1017
.Linfo_string101:
	.asciz	"HMAC_DATIN"                    @ string offset=1029
.Linfo_string102:
	.asciz	"HMAC_FDBCK"                    @ string offset=1040
.Linfo_string103:
	.asciz	"HMAC_FBADDR"                   @ string offset=1051
.Linfo_string104:
	.asciz	"ECC_CTL"                       @ string offset=1063
.Linfo_string105:
	.asciz	"ECC_STS"                       @ string offset=1071
.Linfo_string106:
	.asciz	"ECC_X1"                        @ string offset=1079
.Linfo_string107:
	.asciz	"ECC_Y1"                        @ string offset=1086
.Linfo_string108:
	.asciz	"ECC_X2"                        @ string offset=1093
.Linfo_string109:
	.asciz	"ECC_Y2"                        @ string offset=1100
.Linfo_string110:
	.asciz	"ECC_A"                         @ string offset=1107
.Linfo_string111:
	.asciz	"ECC_B"                         @ string offset=1113
.Linfo_string112:
	.asciz	"ECC_N"                         @ string offset=1119
.Linfo_string113:
	.asciz	"ECC_K"                         @ string offset=1125
.Linfo_string114:
	.asciz	"ECC_SADDR"                     @ string offset=1131
.Linfo_string115:
	.asciz	"ECC_DADDR"                     @ string offset=1141
.Linfo_string116:
	.asciz	"ECC_STARTREG"                  @ string offset=1151
.Linfo_string117:
	.asciz	"ECC_WORDCNT"                   @ string offset=1164
.Linfo_string118:
	.asciz	"RSA_CTL"                       @ string offset=1176
.Linfo_string119:
	.asciz	"RSA_STS"                       @ string offset=1184
.Linfo_string120:
	.asciz	"RSA_SADDR"                     @ string offset=1192
.Linfo_string121:
	.asciz	"RSA_DADDR"                     @ string offset=1202
.Linfo_string122:
	.asciz	"RSA_MADDR"                     @ string offset=1212
.Linfo_string123:
	.asciz	"RESERVE8"                      @ string offset=1222
.Linfo_string124:
	.asciz	"PRNG_KSCTL"                    @ string offset=1231
.Linfo_string125:
	.asciz	"PRNG_KSSTS"                    @ string offset=1242
.Linfo_string126:
	.asciz	"RESERVE9"                      @ string offset=1253
.Linfo_string127:
	.asciz	"AES_KSCTL"                     @ string offset=1262
.Linfo_string128:
	.asciz	"RESERVE10"                     @ string offset=1272
.Linfo_string129:
	.asciz	"HMAC_KSCTL"                    @ string offset=1282
.Linfo_string130:
	.asciz	"RESERVE11"                     @ string offset=1293
.Linfo_string131:
	.asciz	"ECC_KSCTL"                     @ string offset=1303
.Linfo_string132:
	.asciz	"ECC_KSSTS"                     @ string offset=1313
.Linfo_string133:
	.asciz	"ECC_KSXY"                      @ string offset=1323
.Linfo_string134:
	.asciz	"RESERVE12"                     @ string offset=1332
.Linfo_string135:
	.asciz	"RSA_KSCTL"                     @ string offset=1342
.Linfo_string136:
	.asciz	"RSA_KSSTS"                     @ string offset=1352
.Linfo_string137:
	.asciz	"RESERVE13"                     @ string offset=1362
.Linfo_string138:
	.asciz	"CRPT_T"                        @ string offset=1372
.Linfo_string139:
	.asciz	"RNG_Open"                      @ string offset=1379
.Linfo_string140:
	.asciz	"int"                           @ string offset=1388
.Linfo_string141:
	.asciz	"int32_t"                       @ string offset=1392
.Linfo_string142:
	.asciz	"RNG_Random"                    @ string offset=1400
.Linfo_string143:
	.asciz	"RNG_ECDSA_Init"                @ string offset=1411
.Linfo_string144:
	.asciz	"RNG_ECDSA"                     @ string offset=1426
.Linfo_string145:
	.asciz	"RNG_ECDH_Init"                 @ string offset=1436
.Linfo_string146:
	.asciz	"RNG_ECDH"                      @ string offset=1450
.Linfo_string147:
	.asciz	"i"                             @ string offset=1459
.Linfo_string148:
	.asciz	"timeout"                       @ string offset=1461
.Linfo_string149:
	.asciz	"pu32Buf"                       @ string offset=1469
.Linfo_string150:
	.asciz	"nWords"                        @ string offset=1477
.Linfo_string151:
	.asciz	"u32KeySize"                    @ string offset=1484
.Linfo_string152:
	.asciz	"au32ECC_N"                     @ string offset=1495
	.ident	"Component: Arm Compiler for Embedded 6.19 Tool: armclang [5e73cb00]"
	.section	".note.GNU-stack","",%progbits
	.eabi_attribute	30, 6	@ Tag_ABI_optimization_goals
	.ARM_attribute	6, 1	@ Tag_AV_cpp_exceptions
	.ARM_attribute	16, 1	@ Tag_AV_eba
	.section	.debug_line,"",%progbits
.Lline_table_start0:
