	.text
	.syntax unified
	.eabi_attribute	67, "2.09"	@ Tag_conformance
	.cpu	cortex-m23
	.eabi_attribute	6, 16	@ Tag_CPU_arch
	.eabi_attribute	7, 77	@ Tag_CPU_arch_profile
	.eabi_attribute	8, 0	@ Tag_ARM_ISA_use
	.eabi_attribute	9, 3	@ Tag_THUMB_ISA_use
	.eabi_attribute	34, 0	@ Tag_CPU_unaligned_access
	.eabi_attribute	17, 1	@ Tag_ABI_PCS_GOT_use
	.eabi_attribute	20, 2	@ Tag_ABI_FP_denormal
	.eabi_attribute	21, 0	@ Tag_ABI_FP_exceptions
	.eabi_attribute	23, 1	@ Tag_ABI_FP_number_model
	.eabi_attribute	24, 1	@ Tag_ABI_align_needed
	.eabi_attribute	25, 1	@ Tag_ABI_align_preserved
	.eabi_attribute	38, 1	@ Tag_ABI_FP_16bit_format
	.eabi_attribute	18, 4	@ Tag_ABI_PCS_wchar_t
	.eabi_attribute	26, 2	@ Tag_ABI_enum_size
	.eabi_attribute	14, 0	@ Tag_ABI_PCS_R9_use
	.file	"system_M2354.c"
	.file	1 "C:\\Users\\LogoslabMiniPC" "AppData\\Local\\Keil_v5\\ARM\\ARMCLANG\\bin\\..\\include\\stdint.h"
	.file	2 "C:\\Users\\LogoslabMiniPC\\GitHub_Box_Windows\\logoslab\\M2354\\Old_M2354_BSP_300004\\SampleCode\\TrustZone\\Borhan-E-Voting-System\\Secure\\KEIL" "../../../../../Library/Device/Nuvoton/M2354/Source/system_M2354.c"
	.file	3 "C:\\Users\\LogoslabMiniPC\\GitHub_Box_Windows\\logoslab\\M2354\\Old_M2354_BSP_300004\\SampleCode\\TrustZone\\Borhan-E-Voting-System\\Secure\\KEIL" "../../../../../Library/Device/Nuvoton/M2354/Include\\M2354.h"
	.file	4 "C:\\Users\\LogoslabMiniPC\\GitHub_Box_Windows\\logoslab\\M2354\\Old_M2354_BSP_300004\\SampleCode\\TrustZone\\Borhan-E-Voting-System\\Secure\\KEIL" "../../../../../Library/Device/Nuvoton/M2354/Include\\scu_reg.h"
	.file	5 "C:\\Users\\LogoslabMiniPC\\GitHub_Box_Windows\\logoslab\\M2354\\Old_M2354_BSP_300004\\SampleCode\\TrustZone\\Borhan-E-Voting-System\\Secure\\KEIL" "../../../../../Library/Device/Nuvoton/M2354/Include\\fmc_reg.h"
	.file	6 "C:\\Users\\LogoslabMiniPC\\GitHub_Box_Windows\\logoslab\\M2354\\Old_M2354_BSP_300004\\SampleCode\\TrustZone\\Borhan-E-Voting-System\\Secure\\KEIL" "../../../../../Library/Device/Nuvoton/M2354/Include\\sys_reg.h"
	.file	7 "C:\\Users\\LogoslabMiniPC\\GitHub_Box_Windows\\logoslab\\M2354\\Old_M2354_BSP_300004\\SampleCode\\TrustZone\\Borhan-E-Voting-System\\Secure\\KEIL" "../../../../../Library/CMSIS/Include\\core_armv8mbl.h"
	.file	8 "C:\\Users\\LogoslabMiniPC\\GitHub_Box_Windows\\logoslab\\M2354\\Old_M2354_BSP_300004\\SampleCode\\TrustZone\\Borhan-E-Voting-System\\Secure\\KEIL" "../../../../../Library/Device/Nuvoton/M2354/Include\\clk_reg.h"
	.section	.text.FMC_NSBA_Setup,"ax",%progbits
	.hidden	FMC_NSBA_Setup                  @ -- Begin function FMC_NSBA_Setup
	.globl	FMC_NSBA_Setup
	.p2align	2
	.type	FMC_NSBA_Setup,%function
	.code	16                              @ @FMC_NSBA_Setup
	.thumb_func
FMC_NSBA_Setup:
.Lfunc_begin0:
	.loc	2 52 0                          @ ../../../../../Library/Device/Nuvoton/M2354/Source/system_M2354.c:52:0
	.fnstart
	.cfi_sections .debug_frame
	.cfi_startproc
@ %bb.0:
	.save	{r7, lr}
	push	{r7, lr}
	.cfi_def_cfa_offset 8
	.cfi_offset lr, -4
	.cfi_offset r7, -8
	ldr	r0, __arm_cp.0_0
.Ltmp0:
	.loc	2 58 13 prologue_end            @ ../../../../../Library/Device/Nuvoton/M2354/Source/system_M2354.c:58:13
	ldr	r0, [r0]
	movs	r1, #1
	lsls	r1, r1, #18
.Ltmp1:
	.loc	2 58 8 is_stmt 0                @ ../../../../../Library/Device/Nuvoton/M2354/Source/system_M2354.c:58:8
	cmp	r0, r1
	beq	.LBB0_13
	b	.LBB0_1
.LBB0_1:
.Ltmp2:
	.loc	2 61 9 is_stmt 1                @ ../../../../../Library/Device/Nuvoton/M2354/Source/system_M2354.c:61:9
	bl	SYS_UnlockReg
	ldr	r1, __arm_cp.0_1
	movs	r0, #17
	.loc	2 64 21                         @ ../../../../../Library/Device/Nuvoton/M2354/Source/system_M2354.c:64:21
	str	r0, [r1]
	ldr	r1, __arm_cp.0_2
	ldr	r0, __arm_cp.0_3
	.loc	2 67 22                         @ ../../../../../Library/Device/Nuvoton/M2354/Source/system_M2354.c:67:22
	str	r0, [r1]
	ldr	r1, __arm_cp.0_4
	movs	r0, #0
	.loc	2 70 21                         @ ../../../../../Library/Device/Nuvoton/M2354/Source/system_M2354.c:70:21
	str	r0, [r1]
	ldr	r1, __arm_cp.0_5
	movs	r0, #1
	.loc	2 71 21                         @ ../../../../../Library/Device/Nuvoton/M2354/Source/system_M2354.c:71:21
	str	r0, [r1]
	.loc	2 72 9                          @ ../../../../../Library/Device/Nuvoton/M2354/Source/system_M2354.c:72:9
	b	.LBB0_2
.LBB0_2:                                @ =>This Inner Loop Header: Depth=1
	.loc	2 0 9 is_stmt 0                 @ ../../../../../Library/Device/Nuvoton/M2354/Source/system_M2354.c:0:9
	ldr	r0, __arm_cp.0_5
	.loc	2 72 20                         @ ../../../../../Library/Device/Nuvoton/M2354/Source/system_M2354.c:72:20
	ldr	r0, [r0]
	.loc	2 72 9                          @ ../../../../../Library/Device/Nuvoton/M2354/Source/system_M2354.c:72:9
	cbz	r0, .LBB0_4
	b	.LBB0_3
.LBB0_3:                                @   in Loop: Header=BB0_2 Depth=1
	b	.LBB0_2
.LBB0_4:
	.loc	2 0 9                           @ ../../../../../Library/Device/Nuvoton/M2354/Source/system_M2354.c:0:9
	ldr	r0, __arm_cp.0_6
.Ltmp3:
	.loc	2 77 17 is_stmt 1               @ ../../../../../Library/Device/Nuvoton/M2354/Source/system_M2354.c:77:17
	ldr	r0, [r0]
.Ltmp4:
	.loc	2 77 12 is_stmt 0               @ ../../../../../Library/Device/Nuvoton/M2354/Source/system_M2354.c:77:12
	adds	r0, r0, #1
	cbz	r0, .LBB0_9
	b	.LBB0_5
.LBB0_5:
	.loc	2 0 12                          @ ../../../../../Library/Device/Nuvoton/M2354/Source/system_M2354.c:0:12
	ldr	r1, __arm_cp.0_4
	movs	r0, #34
.Ltmp5:
	.loc	2 80 25 is_stmt 1               @ ../../../../../Library/Device/Nuvoton/M2354/Source/system_M2354.c:80:25
	str	r0, [r1]
	ldr	r1, __arm_cp.0_5
	movs	r0, #1
	.loc	2 81 25                         @ ../../../../../Library/Device/Nuvoton/M2354/Source/system_M2354.c:81:25
	str	r0, [r1]
	.loc	2 82 13                         @ ../../../../../Library/Device/Nuvoton/M2354/Source/system_M2354.c:82:13
	b	.LBB0_6
.LBB0_6:                                @ =>This Inner Loop Header: Depth=1
	.loc	2 0 13 is_stmt 0                @ ../../../../../Library/Device/Nuvoton/M2354/Source/system_M2354.c:0:13
	ldr	r0, __arm_cp.0_5
	.loc	2 82 24                         @ ../../../../../Library/Device/Nuvoton/M2354/Source/system_M2354.c:82:24
	ldr	r0, [r0]
	.loc	2 82 13                         @ ../../../../../Library/Device/Nuvoton/M2354/Source/system_M2354.c:82:13
	cbz	r0, .LBB0_8
	b	.LBB0_7
.LBB0_7:                                @   in Loop: Header=BB0_6 Depth=1
	b	.LBB0_6
.LBB0_8:
	.loc	2 83 9 is_stmt 1                @ ../../../../../Library/Device/Nuvoton/M2354/Source/system_M2354.c:83:9
	b	.LBB0_9
.Ltmp6:
.LBB0_9:
	.loc	2 0 9 is_stmt 0                 @ ../../../../../Library/Device/Nuvoton/M2354/Source/system_M2354.c:0:9
	movs	r0, #1
	lsls	r1, r0, #18
	ldr	r2, __arm_cp.0_6
	.loc	2 86 21 is_stmt 1               @ ../../../../../Library/Device/Nuvoton/M2354/Source/system_M2354.c:86:21
	str	r1, [r2]
	ldr	r2, __arm_cp.0_4
	movs	r1, #33
	.loc	2 87 21                         @ ../../../../../Library/Device/Nuvoton/M2354/Source/system_M2354.c:87:21
	str	r1, [r2]
	ldr	r1, __arm_cp.0_5
	.loc	2 88 21                         @ ../../../../../Library/Device/Nuvoton/M2354/Source/system_M2354.c:88:21
	str	r0, [r1]
	.loc	2 89 9                          @ ../../../../../Library/Device/Nuvoton/M2354/Source/system_M2354.c:89:9
	b	.LBB0_10
.LBB0_10:                               @ =>This Inner Loop Header: Depth=1
	.loc	2 0 9 is_stmt 0                 @ ../../../../../Library/Device/Nuvoton/M2354/Source/system_M2354.c:0:9
	ldr	r0, __arm_cp.0_5
	.loc	2 89 20                         @ ../../../../../Library/Device/Nuvoton/M2354/Source/system_M2354.c:89:20
	ldr	r0, [r0]
	.loc	2 89 9                          @ ../../../../../Library/Device/Nuvoton/M2354/Source/system_M2354.c:89:9
	cbz	r0, .LBB0_12
	b	.LBB0_11
.LBB0_11:                               @   in Loop: Header=BB0_10 Depth=1
	b	.LBB0_10
.LBB0_12:
	.loc	2 0 9                           @ ../../../../../Library/Device/Nuvoton/M2354/Source/system_M2354.c:0:9
	ldr	r1, __arm_cp.0_7
	movs	r0, #1
	.loc	2 92 21 is_stmt 1               @ ../../../../../Library/Device/Nuvoton/M2354/Source/system_M2354.c:92:21
	str	r0, [r1]
	.loc	2 95 5                          @ ../../../../../Library/Device/Nuvoton/M2354/Source/system_M2354.c:95:5
	b	.LBB0_13
.Ltmp7:
.LBB0_13:
	.loc	2 97 1 epilogue_begin           @ ../../../../../Library/Device/Nuvoton/M2354/Source/system_M2354.c:97:1
	pop	{r7, pc}
.Ltmp8:
	.p2align	2
@ %bb.14:
	.loc	2 0 1 is_stmt 0                 @ ../../../../../Library/Device/Nuvoton/M2354/Source/system_M2354.c:0:1
__arm_cp.0_0:
	.long	1073934376                      @ 0x4002f028
.Lcpi_end0:
	.size	__arm_cp.0_0, .Lcpi_end0-__arm_cp.0_0
__arm_cp.0_1:
	.long	1073790976                      @ 0x4000c000
.Lcpi_end1:
	.size	__arm_cp.0_1, .Lcpi_end1-__arm_cp.0_1
__arm_cp.0_2:
	.long	1073790980                      @ 0x4000c004
.Lcpi_end2:
	.size	__arm_cp.0_2, .Lcpi_end2-__arm_cp.0_2
__arm_cp.0_3:
	.long	2164736                         @ 0x210800
.Lcpi_end3:
	.size	__arm_cp.0_3, .Lcpi_end3-__arm_cp.0_3
__arm_cp.0_4:
	.long	1073790988                      @ 0x4000c00c
.Lcpi_end4:
	.size	__arm_cp.0_4, .Lcpi_end4-__arm_cp.0_4
__arm_cp.0_5:
	.long	1073790992                      @ 0x4000c010
.Lcpi_end5:
	.size	__arm_cp.0_5, .Lcpi_end5-__arm_cp.0_5
__arm_cp.0_6:
	.long	1073790984                      @ 0x4000c008
.Lcpi_end6:
	.size	__arm_cp.0_6, .Lcpi_end6-__arm_cp.0_6
__arm_cp.0_7:
	.long	1073741832                      @ 0x40000008
.Lcpi_end7:
	.size	__arm_cp.0_7, .Lcpi_end7-__arm_cp.0_7
.Lfunc_end0:
	.size	FMC_NSBA_Setup, .Lfunc_end0-FMC_NSBA_Setup
	.cfi_endproc
	.fnend
                                        @ -- End function
	.section	.text.SYS_UnlockReg,"ax",%progbits
	.p2align	2                               @ -- Begin function SYS_UnlockReg
	.type	SYS_UnlockReg,%function
	.code	16                              @ @SYS_UnlockReg
	.thumb_func
SYS_UnlockReg:
.Lfunc_begin1:
	.file	9 "C:\\Users\\LogoslabMiniPC\\GitHub_Box_Windows\\logoslab\\M2354\\Old_M2354_BSP_300004\\SampleCode\\TrustZone\\Borhan-E-Voting-System\\Secure\\KEIL" "../../../../../Library/StdDriver/inc\\sys.h"
	.loc	9 4292 0 is_stmt 1              @ ../../../../../Library/StdDriver/inc\sys.h:4292:0
	.fnstart
	.cfi_startproc
@ %bb.0:
	.pad	#4
	sub	sp, #4
	.cfi_def_cfa_offset 4
.Ltmp9:
	.loc	9 4293 32 prologue_end          @ ../../../../../Library/StdDriver/inc\sys.h:4293:32
	ldr	r0, __arm_cp.1_0
	ldr	r0, [r0]
	.loc	9 4293 14 is_stmt 0             @ ../../../../../Library/StdDriver/inc\sys.h:4293:14
	str	r0, [sp]
	.loc	9 4295 5 is_stmt 1              @ ../../../../../Library/StdDriver/inc\sys.h:4295:5
	b	.LBB1_1
.LBB1_1:                                @ =>This Inner Loop Header: Depth=1
	.loc	9 0 5 is_stmt 0                 @ ../../../../../Library/StdDriver/inc\sys.h:0:5
	ldr	r1, __arm_cp.1_1
	movs	r0, #89
.Ltmp10:
	.loc	9 4297 22 is_stmt 1             @ ../../../../../Library/StdDriver/inc\sys.h:4297:22
	str	r0, [r1]
	movs	r0, #22
	.loc	9 4298 22                       @ ../../../../../Library/StdDriver/inc\sys.h:4298:22
	str	r0, [r1]
	movs	r0, #136
	.loc	9 4299 22                       @ ../../../../../Library/StdDriver/inc\sys.h:4299:22
	str	r0, [r1]
.Ltmp11:
	.loc	9 4301 12                       @ ../../../../../Library/StdDriver/inc\sys.h:4301:12
	ldr	r0, [sp]
	subs	r0, r0, #1
	str	r0, [sp]
.Ltmp12:
	.loc	9 4301 12 is_stmt 0             @ ../../../../../Library/StdDriver/inc\sys.h:4301:12
	cbnz	r0, .LBB1_3
	b	.LBB1_2
.LBB1_2:
.Ltmp13:
	.loc	9 4301 36                       @ ../../../../../Library/StdDriver/inc\sys.h:4301:36
	b	.LBB1_5
.Ltmp14:
.LBB1_3:                                @   in Loop: Header=BB1_1 Depth=1
	.loc	9 4302 5 is_stmt 1              @ ../../../../../Library/StdDriver/inc\sys.h:4302:5
	b	.LBB1_4
.Ltmp15:
.LBB1_4:                                @   in Loop: Header=BB1_1 Depth=1
	.loc	9 0 5 is_stmt 0                 @ ../../../../../Library/StdDriver/inc\sys.h:0:5
	ldr	r0, __arm_cp.1_1
	.loc	9 4303 16 is_stmt 1             @ ../../../../../Library/StdDriver/inc\sys.h:4303:16
	ldr	r0, [r0]
.Ltmp16:
	.loc	9 4302 5                        @ ../../../../../Library/StdDriver/inc\sys.h:4302:5
	cmp	r0, #0
	beq	.LBB1_1
	b	.LBB1_5
.Ltmp17:
.LBB1_5:
	.loc	9 4304 1 epilogue_begin         @ ../../../../../Library/StdDriver/inc\sys.h:4304:1
	add	sp, #4
	bx	lr
.Ltmp18:
	.p2align	2
@ %bb.6:
	.loc	9 0 1 is_stmt 0                 @ ../../../../../Library/StdDriver/inc\sys.h:0:1
__arm_cp.1_0:
	.long	SystemCoreClock
.Lcpi_end8:
	.size	__arm_cp.1_0, .Lcpi_end8-__arm_cp.1_0
__arm_cp.1_1:
	.long	1073742080                      @ 0x40000100
.Lcpi_end9:
	.size	__arm_cp.1_1, .Lcpi_end9-__arm_cp.1_1
.Lfunc_end1:
	.size	SYS_UnlockReg, .Lfunc_end1-SYS_UnlockReg
	.cfi_endproc
	.cantunwind
	.fnend
                                        @ -- End function
	.section	.text.SCU_Setup,"ax",%progbits
	.hidden	SCU_Setup                       @ -- Begin function SCU_Setup
	.globl	SCU_Setup
	.p2align	2
	.type	SCU_Setup,%function
	.code	16                              @ @SCU_Setup
	.thumb_func
SCU_Setup:
.Lfunc_begin2:
	.loc	2 106 0 is_stmt 1               @ ../../../../../Library/Device/Nuvoton/M2354/Source/system_M2354.c:106:0
	.fnstart
	.cfi_startproc
@ %bb.0:
	.save	{r7, lr}
	push	{r7, lr}
	.cfi_def_cfa_offset 8
	.cfi_offset lr, -4
	.cfi_offset r7, -8
	.pad	#8
	sub	sp, #8
	.cfi_def_cfa_offset 16
	ldr	r1, __arm_cp.2_0
	movs	r0, #0
.Ltmp19:
	.loc	2 109 20 prologue_end           @ ../../../../../Library/Device/Nuvoton/M2354/Source/system_M2354.c:109:20
	str	r0, [sp]                        @ 4-byte Spill
	str	r0, [r1]
	ldr	r1, __arm_cp.2_1
	.loc	2 110 20                        @ ../../../../../Library/Device/Nuvoton/M2354/Source/system_M2354.c:110:20
	str	r0, [r1]
	movs	r1, #1
	lsls	r1, r1, #17
	ldr	r2, __arm_cp.2_2
	.loc	2 111 20                        @ ../../../../../Library/Device/Nuvoton/M2354/Source/system_M2354.c:111:20
	str	r1, [r2]
	movs	r1, #3
	lsls	r2, r1, #16
	ldr	r3, __arm_cp.2_3
	.loc	2 112 20                        @ ../../../../../Library/Device/Nuvoton/M2354/Source/system_M2354.c:112:20
	str	r2, [r3]
	ldr	r2, __arm_cp.2_4
	.loc	2 113 20                        @ ../../../../../Library/Device/Nuvoton/M2354/Source/system_M2354.c:113:20
	str	r0, [r2]
	ldr	r2, __arm_cp.2_5
	.loc	2 114 20                        @ ../../../../../Library/Device/Nuvoton/M2354/Source/system_M2354.c:114:20
	str	r0, [r2]
	ldr	r2, __arm_cp.2_6
	.loc	2 115 20                        @ ../../../../../Library/Device/Nuvoton/M2354/Source/system_M2354.c:115:20
	str	r0, [r2]
	ldr	r2, __arm_cp.2_7
	.loc	2 118 21                        @ ../../../../../Library/Device/Nuvoton/M2354/Source/system_M2354.c:118:21
	str	r0, [r2]
	ldr	r2, __arm_cp.2_8
	.loc	2 119 21                        @ ../../../../../Library/Device/Nuvoton/M2354/Source/system_M2354.c:119:21
	str	r0, [r2]
	ldr	r2, __arm_cp.2_9
	.loc	2 120 21                        @ ../../../../../Library/Device/Nuvoton/M2354/Source/system_M2354.c:120:21
	str	r1, [r2]
	ldr	r1, __arm_cp.2_10
	.loc	2 121 21                        @ ../../../../../Library/Device/Nuvoton/M2354/Source/system_M2354.c:121:21
	str	r0, [r1]
	ldr	r1, __arm_cp.2_11
	.loc	2 122 21                        @ ../../../../../Library/Device/Nuvoton/M2354/Source/system_M2354.c:122:21
	str	r0, [r1]
	ldr	r1, __arm_cp.2_12
	.loc	2 123 21                        @ ../../../../../Library/Device/Nuvoton/M2354/Source/system_M2354.c:123:21
	str	r0, [r1]
	ldr	r1, __arm_cp.2_13
	.loc	2 124 21                        @ ../../../../../Library/Device/Nuvoton/M2354/Source/system_M2354.c:124:21
	str	r0, [r1]
	ldr	r1, __arm_cp.2_14
	.loc	2 125 21                        @ ../../../../../Library/Device/Nuvoton/M2354/Source/system_M2354.c:125:21
	str	r0, [r1]
	movs	r0, #15
.Ltmp20:
	.loc	2 128 11                        @ ../../../../../Library/Device/Nuvoton/M2354/Source/system_M2354.c:128:11
	str	r0, [sp, #4]
	.loc	2 128 9 is_stmt 0               @ ../../../../../Library/Device/Nuvoton/M2354/Source/system_M2354.c:128:9
	b	.LBB2_1
.LBB2_1:                                @ =>This Inner Loop Header: Depth=1
.Ltmp21:
	.loc	2 128 17                        @ ../../../../../Library/Device/Nuvoton/M2354/Source/system_M2354.c:128:17
	ldr	r0, [sp, #4]
.Ltmp22:
	.loc	2 128 5                         @ ../../../../../Library/Device/Nuvoton/M2354/Source/system_M2354.c:128:5
	cmp	r0, #14
	blt	.LBB2_4
	b	.LBB2_2
.LBB2_2:                                @   in Loop: Header=BB2_1 Depth=1
.Ltmp23:
	.loc	2 130 34 is_stmt 1              @ ../../../../../Library/Device/Nuvoton/M2354/Source/system_M2354.c:130:34
	ldr	r0, [sp, #4]
	movs	r2, #1
	.loc	2 130 31 is_stmt 0              @ ../../../../../Library/Device/Nuvoton/M2354/Source/system_M2354.c:130:31
	lsls	r2, r0
	ldr	r1, __arm_cp.2_18
	.loc	2 130 24                        @ ../../../../../Library/Device/Nuvoton/M2354/Source/system_M2354.c:130:24
	ldr	r0, [r1]
	orrs	r0, r2
	str	r0, [r1]
	.loc	2 131 5 is_stmt 1               @ ../../../../../Library/Device/Nuvoton/M2354/Source/system_M2354.c:131:5
	b	.LBB2_3
.Ltmp24:
.LBB2_3:                                @   in Loop: Header=BB2_1 Depth=1
	.loc	2 128 53                        @ ../../../../../Library/Device/Nuvoton/M2354/Source/system_M2354.c:128:53
	ldr	r0, [sp, #4]
	subs	r0, r0, #1
	str	r0, [sp, #4]
	.loc	2 128 5 is_stmt 0               @ ../../../../../Library/Device/Nuvoton/M2354/Source/system_M2354.c:128:5
	b	.LBB2_1
.Ltmp25:
.LBB2_4:
	.loc	2 0 5                           @ ../../../../../Library/Device/Nuvoton/M2354/Source/system_M2354.c:0:5
	ldr	r1, __arm_cp.2_15
.Ltmp26:
	.loc	2 148 52 is_stmt 1              @ ../../../../../Library/Device/Nuvoton/M2354/Source/system_M2354.c:148:52
	ldr	r0, [r1]
	movs	r2, #4
	orrs	r0, r2
	str	r0, [r1]
.Ltmp27:
	.loc	2 149 52                        @ ../../../../../Library/Device/Nuvoton/M2354/Source/system_M2354.c:149:52
	ldr	r0, [r1]
	movs	r2, #8
	orrs	r0, r2
	str	r0, [r1]
.Ltmp28:
	.loc	2 165 52                        @ ../../../../../Library/Device/Nuvoton/M2354/Source/system_M2354.c:165:52
	ldr	r0, [r1]
	movs	r2, #16
	orrs	r0, r2
	str	r0, [r1]
.Ltmp29:
	.loc	2 166 52                        @ ../../../../../Library/Device/Nuvoton/M2354/Source/system_M2354.c:166:52
	ldr	r0, [r1]
	movs	r2, #32
	orrs	r0, r2
	str	r0, [r1]
	movs	r0, #0
	mvns	r0, r0
	ldr	r1, __arm_cp.2_16
.Ltmp30:
	.loc	2 205 18                        @ ../../../../../Library/Device/Nuvoton/M2354/Source/system_M2354.c:205:18
	str	r0, [r1]
	ldr	r1, __arm_cp.2_17
	.loc	2 206 18                        @ ../../../../../Library/Device/Nuvoton/M2354/Source/system_M2354.c:206:18
	str	r0, [r1]
	movs	r0, #99
	.loc	2 207 5                         @ ../../../../../Library/Device/Nuvoton/M2354/Source/system_M2354.c:207:5
	bl	__NVIC_EnableIRQ
	.loc	2 209 1 epilogue_begin          @ ../../../../../Library/Device/Nuvoton/M2354/Source/system_M2354.c:209:1
	add	sp, #8
	pop	{r7, pc}
.Ltmp31:
	.p2align	2
@ %bb.5:
	.loc	2 0 1 is_stmt 0                 @ ../../../../../Library/Device/Nuvoton/M2354/Source/system_M2354.c:0:1
__arm_cp.2_0:
	.long	1073934336                      @ 0x4002f000
.Lcpi_end10:
	.size	__arm_cp.2_0, .Lcpi_end10-__arm_cp.2_0
__arm_cp.2_1:
	.long	1073934340                      @ 0x4002f004
.Lcpi_end11:
	.size	__arm_cp.2_1, .Lcpi_end11-__arm_cp.2_1
__arm_cp.2_2:
	.long	1073934344                      @ 0x4002f008
.Lcpi_end12:
	.size	__arm_cp.2_2, .Lcpi_end12-__arm_cp.2_2
__arm_cp.2_3:
	.long	1073934348                      @ 0x4002f00c
.Lcpi_end13:
	.size	__arm_cp.2_3, .Lcpi_end13-__arm_cp.2_3
__arm_cp.2_4:
	.long	1073934352                      @ 0x4002f010
.Lcpi_end14:
	.size	__arm_cp.2_4, .Lcpi_end14-__arm_cp.2_4
__arm_cp.2_5:
	.long	1073934356                      @ 0x4002f014
.Lcpi_end15:
	.size	__arm_cp.2_5, .Lcpi_end15-__arm_cp.2_5
__arm_cp.2_6:
	.long	1073934360                      @ 0x4002f018
.Lcpi_end16:
	.size	__arm_cp.2_6, .Lcpi_end16-__arm_cp.2_6
__arm_cp.2_7:
	.long	1073934656                      @ 0x4002f140
.Lcpi_end17:
	.size	__arm_cp.2_7, .Lcpi_end17-__arm_cp.2_7
__arm_cp.2_8:
	.long	1073934660                      @ 0x4002f144
.Lcpi_end18:
	.size	__arm_cp.2_8, .Lcpi_end18-__arm_cp.2_8
__arm_cp.2_9:
	.long	1073934664                      @ 0x4002f148
.Lcpi_end19:
	.size	__arm_cp.2_9, .Lcpi_end19-__arm_cp.2_9
__arm_cp.2_10:
	.long	1073934668                      @ 0x4002f14c
.Lcpi_end20:
	.size	__arm_cp.2_10, .Lcpi_end20-__arm_cp.2_10
__arm_cp.2_11:
	.long	1073934672                      @ 0x4002f150
.Lcpi_end21:
	.size	__arm_cp.2_11, .Lcpi_end21-__arm_cp.2_11
__arm_cp.2_12:
	.long	1073934676                      @ 0x4002f154
.Lcpi_end22:
	.size	__arm_cp.2_12, .Lcpi_end22-__arm_cp.2_12
__arm_cp.2_13:
	.long	1073934680                      @ 0x4002f158
.Lcpi_end23:
	.size	__arm_cp.2_13, .Lcpi_end23-__arm_cp.2_13
__arm_cp.2_14:
	.long	1073934684                      @ 0x4002f15c
.Lcpi_end24:
	.size	__arm_cp.2_14, .Lcpi_end24-__arm_cp.2_14
__arm_cp.2_15:
	.long	3758154628                      @ 0xe000e384
.Lcpi_end25:
	.size	__arm_cp.2_15, .Lcpi_end25-__arm_cp.2_15
__arm_cp.2_16:
	.long	1073934380                      @ 0x4002f02c
.Lcpi_end26:
	.size	__arm_cp.2_16, .Lcpi_end26-__arm_cp.2_16
__arm_cp.2_17:
	.long	1073934636                      @ 0x4002f12c
.Lcpi_end27:
	.size	__arm_cp.2_17, .Lcpi_end27-__arm_cp.2_17
__arm_cp.2_18:
	.long	1073934372                      @ 0x4002f024
.Lcpi_end28:
	.size	__arm_cp.2_18, .Lcpi_end28-__arm_cp.2_18
.Lfunc_end2:
	.size	SCU_Setup, .Lfunc_end2-SCU_Setup
	.cfi_endproc
	.fnend
                                        @ -- End function
	.section	.text.__NVIC_EnableIRQ,"ax",%progbits
	.p2align	2                               @ -- Begin function __NVIC_EnableIRQ
	.type	__NVIC_EnableIRQ,%function
	.code	16                              @ @__NVIC_EnableIRQ
	.thumb_func
__NVIC_EnableIRQ:
.Lfunc_begin3:
	.loc	7 1276 0 is_stmt 1              @ ../../../../../Library/CMSIS/Include\core_armv8mbl.h:1276:0
	.fnstart
	.cfi_startproc
@ %bb.0:
	.pad	#4
	sub	sp, #4
	.cfi_def_cfa_offset 4
	str	r0, [sp]
.Ltmp32:
	.loc	7 1277 17 prologue_end          @ ../../../../../Library/CMSIS/Include\core_armv8mbl.h:1277:17
	ldr	r0, [sp]
.Ltmp33:
	.loc	7 1277 7 is_stmt 0              @ ../../../../../Library/CMSIS/Include\core_armv8mbl.h:1277:7
	cmp	r0, #0
	bmi	.LBB3_2
	b	.LBB3_1
.LBB3_1:
.Ltmp34:
	.loc	7 1279 93 is_stmt 1             @ ../../../../../Library/CMSIS/Include\core_armv8mbl.h:1279:93
	ldr	r1, [sp]
	movs	r0, #31
	.loc	7 1279 99 is_stmt 0             @ ../../../../../Library/CMSIS/Include\core_armv8mbl.h:1279:99
	mov	r2, r1
	ands	r2, r0
	movs	r0, #1
	.loc	7 1279 69                       @ ../../../../../Library/CMSIS/Include\core_armv8mbl.h:1279:69
	lsls	r0, r2
	.loc	7 1279 5                        @ ../../../../../Library/CMSIS/Include\core_armv8mbl.h:1279:5
	lsrs	r1, r1, #5
	lsls	r1, r1, #2
	ldr	r2, __arm_cp.3_0
	.loc	7 1279 52                       @ ../../../../../Library/CMSIS/Include\core_armv8mbl.h:1279:52
	str	r0, [r1, r2]
	.loc	7 1280 3 is_stmt 1              @ ../../../../../Library/CMSIS/Include\core_armv8mbl.h:1280:3
	b	.LBB3_2
.Ltmp35:
.LBB3_2:
	.loc	7 1281 1 epilogue_begin         @ ../../../../../Library/CMSIS/Include\core_armv8mbl.h:1281:1
	add	sp, #4
	bx	lr
.Ltmp36:
	.p2align	2
@ %bb.3:
	.loc	7 0 1 is_stmt 0                 @ ../../../../../Library/CMSIS/Include\core_armv8mbl.h:0:1
__arm_cp.3_0:
	.long	3758153984                      @ 0xe000e100
.Lcpi_end29:
	.size	__arm_cp.3_0, .Lcpi_end29-__arm_cp.3_0
.Lfunc_end3:
	.size	__NVIC_EnableIRQ, .Lfunc_end3-__NVIC_EnableIRQ
	.cfi_endproc
	.cantunwind
	.fnend
                                        @ -- End function
	.section	.text.SCU_IRQHandler,"ax",%progbits
	.hidden	SCU_IRQHandler                  @ -- Begin function SCU_IRQHandler
	.weak	SCU_IRQHandler
	.p2align	2
	.type	SCU_IRQHandler,%function
	.code	16                              @ @SCU_IRQHandler
	.thumb_func
SCU_IRQHandler:
.Lfunc_begin4:
	.loc	2 218 0 is_stmt 1               @ ../../../../../Library/Device/Nuvoton/M2354/Source/system_M2354.c:218:0
	.fnstart
	.cfi_startproc
@ %bb.0:
	.save	{r4, r5, r7, lr}
	push	{r4, r5, r7, lr}
	.cfi_def_cfa_offset 16
	.cfi_offset lr, -4
	.cfi_offset r7, -8
	.cfi_offset r5, -12
	.cfi_offset r4, -16
	.pad	#168
	sub	sp, #168
	.cfi_def_cfa_offset 184
.Ltmp37:
	.loc	2 219 17 prologue_end           @ ../../../../../Library/Device/Nuvoton/M2354/Source/system_M2354.c:219:17
	ldr	r1, __arm_cp.4_0
	add	r0, sp, #120
	ldm	r1!, {r2, r3, r4, r5}
	stm	r0!, {r2, r3, r4, r5}
	ldm	r1!, {r2, r3, r4, r5}
	stm	r0!, {r2, r3, r4, r5}
	ldm	r1!, {r2, r3, r4, r5}
	stm	r0!, {r2, r3, r4, r5}
	.loc	2 220 17                        @ ../../../../../Library/Device/Nuvoton/M2354/Source/system_M2354.c:220:17
	ldr	r1, __arm_cp.4_1
	add	r0, sp, #36
	movs	r2, #84
	bl	__aeabi_memcpy4
	.loc	2 223 19                        @ ../../../../../Library/Device/Nuvoton/M2354/Source/system_M2354.c:223:19
	ldr	r1, __arm_cp.4_2
	add	r0, sp, #12
	movs	r2, #21
	bl	__aeabi_memcpy
	ldr	r0, __arm_cp.4_3
	.loc	2 228 19                        @ ../../../../../Library/Device/Nuvoton/M2354/Source/system_M2354.c:228:19
	ldr	r0, [r0]
	.loc	2 228 12 is_stmt 0              @ ../../../../../Library/Device/Nuvoton/M2354/Source/system_M2354.c:228:12
	str	r0, [sp, #8]
.Ltmp38:
	.loc	2 229 8 is_stmt 1               @ ../../../../../Library/Device/Nuvoton/M2354/Source/system_M2354.c:229:8
	ldr	r0, [sp, #8]
.Ltmp39:
	.loc	2 229 8 is_stmt 0               @ ../../../../../Library/Device/Nuvoton/M2354/Source/system_M2354.c:229:8
	cbz	r0, .LBB4_8
	b	.LBB4_1
.LBB4_1:
	.loc	2 0 8                           @ ../../../../../Library/Device/Nuvoton/M2354/Source/system_M2354.c:0:8
	movs	r0, #0
.Ltmp40:
	.loc	2 233 15 is_stmt 1              @ ../../../../../Library/Device/Nuvoton/M2354/Source/system_M2354.c:233:15
	str	r0, [sp]
	.loc	2 233 13 is_stmt 0              @ ../../../../../Library/Device/Nuvoton/M2354/Source/system_M2354.c:233:13
	b	.LBB4_2
.LBB4_2:                                @ =>This Inner Loop Header: Depth=1
.Ltmp41:
	.loc	2 233 20                        @ ../../../../../Library/Device/Nuvoton/M2354/Source/system_M2354.c:233:20
	ldr	r0, [sp]
.Ltmp42:
	.loc	2 233 9                         @ ../../../../../Library/Device/Nuvoton/M2354/Source/system_M2354.c:233:9
	cmp	r0, #83
	bhi	.LBB4_7
	b	.LBB4_3
.LBB4_3:                                @   in Loop: Header=BB4_2 Depth=1
.Ltmp43:
	.loc	2 235 16 is_stmt 1              @ ../../../../../Library/Device/Nuvoton/M2354/Source/system_M2354.c:235:16
	ldr	r0, [sp, #8]
	.loc	2 235 31 is_stmt 0              @ ../../../../../Library/Device/Nuvoton/M2354/Source/system_M2354.c:235:31
	ldr	r1, [sp]
.Ltmp44:
	.loc	2 235 16                        @ ../../../../../Library/Device/Nuvoton/M2354/Source/system_M2354.c:235:16
	lsrs	r0, r1
	lsls	r0, r0, #31
	cbz	r0, .LBB4_5
	b	.LBB4_4
.LBB4_4:
.Ltmp45:
	.loc	2 237 27 is_stmt 1              @ ../../../../../Library/Device/Nuvoton/M2354/Source/system_M2354.c:237:27
	ldr	r1, [sp]
	add	r0, sp, #12
	ldrb	r1, [r0, r1]
	ldr	r2, __arm_cp.4_4
	ldr	r1, [r1, r2]
	.loc	2 237 25 is_stmt 0              @ ../../../../../Library/Device/Nuvoton/M2354/Source/system_M2354.c:237:25
	str	r1, [sp, #4]
	.loc	2 238 77 is_stmt 1              @ ../../../../../Library/Device/Nuvoton/M2354/Source/system_M2354.c:238:77
	ldr	r3, [sp]
	.loc	2 238 70 is_stmt 0              @ ../../../../../Library/Device/Nuvoton/M2354/Source/system_M2354.c:238:70
	lsls	r2, r3, #2
	add	r1, sp, #36
	ldr	r1, [r1, r2]
	.loc	2 238 81                        @ ../../../../../Library/Device/Nuvoton/M2354/Source/system_M2354.c:238:81
	ldr	r2, [sp, #4]
	.loc	2 238 97                        @ ../../../../../Library/Device/Nuvoton/M2354/Source/system_M2354.c:238:97
	ldrb	r0, [r0, r3]
	ldr	r3, __arm_cp.4_5
	ldr	r0, [r0, r3]
	.loc	2 238 90                        @ ../../../../../Library/Device/Nuvoton/M2354/Source/system_M2354.c:238:90
	lsls	r3, r0, #2
	add	r0, sp, #120
	ldr	r3, [r0, r3]
	.loc	2 238 17                        @ ../../../../../Library/Device/Nuvoton/M2354/Source/system_M2354.c:238:17
	ldr	r0, __arm_cp.4_6
	bl	printf
	.loc	2 239 39 is_stmt 1              @ ../../../../../Library/Device/Nuvoton/M2354/Source/system_M2354.c:239:39
	ldr	r1, [sp]
	movs	r0, #1
	.loc	2 239 36 is_stmt 0              @ ../../../../../Library/Device/Nuvoton/M2354/Source/system_M2354.c:239:36
	lsls	r0, r1
	ldr	r1, __arm_cp.4_3
	.loc	2 239 31                        @ ../../../../../Library/Device/Nuvoton/M2354/Source/system_M2354.c:239:31
	str	r0, [r1]
	.loc	2 240 17 is_stmt 1              @ ../../../../../Library/Device/Nuvoton/M2354/Source/system_M2354.c:240:17
	b	.LBB4_7
.Ltmp46:
.LBB4_5:                                @   in Loop: Header=BB4_2 Depth=1
	.loc	2 243 9                         @ ../../../../../Library/Device/Nuvoton/M2354/Source/system_M2354.c:243:9
	b	.LBB4_6
.Ltmp47:
.LBB4_6:                                @   in Loop: Header=BB4_2 Depth=1
	.loc	2 233 41                        @ ../../../../../Library/Device/Nuvoton/M2354/Source/system_M2354.c:233:41
	ldr	r0, [sp]
	adds	r0, r0, #1
	str	r0, [sp]
	.loc	2 233 9 is_stmt 0               @ ../../../../../Library/Device/Nuvoton/M2354/Source/system_M2354.c:233:9
	b	.LBB4_2
.Ltmp48:
.LBB4_7:
	.loc	2 244 5 is_stmt 1               @ ../../../../../Library/Device/Nuvoton/M2354/Source/system_M2354.c:244:5
	b	.LBB4_8
.Ltmp49:
.LBB4_8:
	.loc	2 0 5 is_stmt 0                 @ ../../../../../Library/Device/Nuvoton/M2354/Source/system_M2354.c:0:5
	ldr	r0, __arm_cp.4_7
	.loc	2 247 19 is_stmt 1              @ ../../../../../Library/Device/Nuvoton/M2354/Source/system_M2354.c:247:19
	ldr	r0, [r0]
	.loc	2 247 12 is_stmt 0              @ ../../../../../Library/Device/Nuvoton/M2354/Source/system_M2354.c:247:12
	str	r0, [sp, #8]
.Ltmp50:
	.loc	2 248 8 is_stmt 1               @ ../../../../../Library/Device/Nuvoton/M2354/Source/system_M2354.c:248:8
	ldr	r0, [sp, #8]
.Ltmp51:
	.loc	2 248 8 is_stmt 0               @ ../../../../../Library/Device/Nuvoton/M2354/Source/system_M2354.c:248:8
	cbz	r0, .LBB4_16
	b	.LBB4_9
.LBB4_9:
	.loc	2 0 8                           @ ../../../../../Library/Device/Nuvoton/M2354/Source/system_M2354.c:0:8
	movs	r0, #0
.Ltmp52:
	.loc	2 251 15 is_stmt 1              @ ../../../../../Library/Device/Nuvoton/M2354/Source/system_M2354.c:251:15
	str	r0, [sp]
	.loc	2 251 13 is_stmt 0              @ ../../../../../Library/Device/Nuvoton/M2354/Source/system_M2354.c:251:13
	b	.LBB4_10
.LBB4_10:                               @ =>This Inner Loop Header: Depth=1
.Ltmp53:
	.loc	2 251 20                        @ ../../../../../Library/Device/Nuvoton/M2354/Source/system_M2354.c:251:20
	ldr	r0, [sp]
.Ltmp54:
	.loc	2 251 9                         @ ../../../../../Library/Device/Nuvoton/M2354/Source/system_M2354.c:251:9
	cmp	r0, #83
	bhi	.LBB4_15
	b	.LBB4_11
.LBB4_11:                               @   in Loop: Header=BB4_10 Depth=1
.Ltmp55:
	.loc	2 253 16 is_stmt 1              @ ../../../../../Library/Device/Nuvoton/M2354/Source/system_M2354.c:253:16
	ldr	r0, [sp, #8]
	.loc	2 253 31 is_stmt 0              @ ../../../../../Library/Device/Nuvoton/M2354/Source/system_M2354.c:253:31
	ldr	r1, [sp]
.Ltmp56:
	.loc	2 253 16                        @ ../../../../../Library/Device/Nuvoton/M2354/Source/system_M2354.c:253:16
	lsrs	r0, r1
	lsls	r0, r0, #31
	cbz	r0, .LBB4_13
	b	.LBB4_12
.LBB4_12:
.Ltmp57:
	.loc	2 255 79 is_stmt 1              @ ../../../../../Library/Device/Nuvoton/M2354/Source/system_M2354.c:255:79
	ldr	r0, [sp]
	.loc	2 255 72 is_stmt 0              @ ../../../../../Library/Device/Nuvoton/M2354/Source/system_M2354.c:255:72
	lsls	r1, r0, #2
	add	r0, sp, #36
	ldr	r1, [r0, r1]
	.loc	2 255 17                        @ ../../../../../Library/Device/Nuvoton/M2354/Source/system_M2354.c:255:17
	ldr	r0, __arm_cp.4_8
	bl	printf
	.loc	2 256 39 is_stmt 1              @ ../../../../../Library/Device/Nuvoton/M2354/Source/system_M2354.c:256:39
	ldr	r1, [sp]
	movs	r0, #1
	.loc	2 256 36 is_stmt 0              @ ../../../../../Library/Device/Nuvoton/M2354/Source/system_M2354.c:256:36
	lsls	r0, r1
	ldr	r1, __arm_cp.4_7
	.loc	2 256 31                        @ ../../../../../Library/Device/Nuvoton/M2354/Source/system_M2354.c:256:31
	str	r0, [r1]
	.loc	2 257 17 is_stmt 1              @ ../../../../../Library/Device/Nuvoton/M2354/Source/system_M2354.c:257:17
	b	.LBB4_15
.Ltmp58:
.LBB4_13:                               @   in Loop: Header=BB4_10 Depth=1
	.loc	2 259 9                         @ ../../../../../Library/Device/Nuvoton/M2354/Source/system_M2354.c:259:9
	b	.LBB4_14
.Ltmp59:
.LBB4_14:                               @   in Loop: Header=BB4_10 Depth=1
	.loc	2 251 41                        @ ../../../../../Library/Device/Nuvoton/M2354/Source/system_M2354.c:251:41
	ldr	r0, [sp]
	adds	r0, r0, #1
	str	r0, [sp]
	.loc	2 251 9 is_stmt 0               @ ../../../../../Library/Device/Nuvoton/M2354/Source/system_M2354.c:251:9
	b	.LBB4_10
.Ltmp60:
.LBB4_15:
	.loc	2 260 5 is_stmt 1               @ ../../../../../Library/Device/Nuvoton/M2354/Source/system_M2354.c:260:5
	b	.LBB4_16
.Ltmp61:
.LBB4_16:
	.loc	2 262 1 epilogue_begin          @ ../../../../../Library/Device/Nuvoton/M2354/Source/system_M2354.c:262:1
	add	sp, #168
	pop	{r4, r5, r7, pc}
.Ltmp62:
	.p2align	2
@ %bb.17:
	.loc	2 0 1 is_stmt 0                 @ ../../../../../Library/Device/Nuvoton/M2354/Source/system_M2354.c:0:1
__arm_cp.4_0:
	.long	.L__const.SCU_IRQHandler.master
.Lcpi_end30:
	.size	__arm_cp.4_0, .Lcpi_end30-__arm_cp.4_0
__arm_cp.4_1:
	.long	.L__const.SCU_IRQHandler.ipname
.Lcpi_end31:
	.size	__arm_cp.4_1, .Lcpi_end31-__arm_cp.4_1
__arm_cp.4_2:
	.long	.L__const.SCU_IRQHandler.info
.Lcpi_end32:
	.size	__arm_cp.4_2, .Lcpi_end32-__arm_cp.4_2
__arm_cp.4_3:
	.long	1073934384                      @ 0x4002f030
.Lcpi_end33:
	.size	__arm_cp.4_3, .Lcpi_end33-__arm_cp.4_3
__arm_cp.4_4:
	.long	1073934340                      @ 0x4002f004
.Lcpi_end34:
	.size	__arm_cp.4_4, .Lcpi_end34-__arm_cp.4_4
__arm_cp.4_5:
	.long	1073934336                      @ 0x4002f000
.Lcpi_end35:
	.size	__arm_cp.4_5, .Lcpi_end35-__arm_cp.4_5
__arm_cp.4_6:
	.long	.L.str.19
.Lcpi_end36:
	.size	__arm_cp.4_6, .Lcpi_end36-__arm_cp.4_6
__arm_cp.4_7:
	.long	1073934640                      @ 0x4002f130
.Lcpi_end37:
	.size	__arm_cp.4_7, .Lcpi_end37-__arm_cp.4_7
__arm_cp.4_8:
	.long	.L.str.20
.Lcpi_end38:
	.size	__arm_cp.4_8, .Lcpi_end38-__arm_cp.4_8
.Lfunc_end4:
	.size	SCU_IRQHandler, .Lfunc_end4-SCU_IRQHandler
	.cfi_endproc
	.fnend
                                        @ -- End function
	.section	.text.NSC_Init,"ax",%progbits
	.hidden	NSC_Init                        @ -- Begin function NSC_Init
	.globl	NSC_Init
	.p2align	2
	.type	NSC_Init,%function
	.code	16                              @ @NSC_Init
	.thumb_func
NSC_Init:
.Lfunc_begin5:
	.loc	2 271 0 is_stmt 1               @ ../../../../../Library/Device/Nuvoton/M2354/Source/system_M2354.c:271:0
	.fnstart
	.cfi_startproc
@ %bb.0:
	.pad	#12
	sub	sp, #12
	.cfi_def_cfa_offset 12
.Ltmp63:
	.loc	2 284 13 prologue_end           @ ../../../../../Library/Device/Nuvoton/M2354/Source/system_M2354.c:284:13
	ldr	r0, __arm_cp.5_0
	str	r0, [sp, #4]
	.loc	2 285 14                        @ ../../../../../Library/Device/Nuvoton/M2354/Source/system_M2354.c:285:14
	ldr	r0, __arm_cp.5_1
	str	r0, [sp]
	movs	r1, #3
	.loc	2 295 15                        @ ../../../../../Library/Device/Nuvoton/M2354/Source/system_M2354.c:295:15
	str	r1, [sp, #8]
	add	r0, sp, #8
	.loc	2 296 18                        @ ../../../../../Library/Device/Nuvoton/M2354/Source/system_M2354.c:296:18
	ldrb	r0, [r0]
	ldr	r2, __arm_cp.5_2
	.loc	2 296 15 is_stmt 0              @ ../../../../../Library/Device/Nuvoton/M2354/Source/system_M2354.c:296:15
	str	r0, [r2]
	.loc	2 297 18 is_stmt 1              @ ../../../../../Library/Device/Nuvoton/M2354/Source/system_M2354.c:297:18
	ldr	r0, [sp, #4]
	movs	r2, #31
	.loc	2 297 26 is_stmt 0              @ ../../../../../Library/Device/Nuvoton/M2354/Source/system_M2354.c:297:26
	bics	r0, r2
	ldr	r2, __arm_cp.5_3
	.loc	2 297 15                        @ ../../../../../Library/Device/Nuvoton/M2354/Source/system_M2354.c:297:15
	str	r0, [r2]
	.loc	2 298 18 is_stmt 1              @ ../../../../../Library/Device/Nuvoton/M2354/Source/system_M2354.c:298:18
	ldr	r0, [sp]
	.loc	2 298 27 is_stmt 0              @ ../../../../../Library/Device/Nuvoton/M2354/Source/system_M2354.c:298:27
	orrs	r0, r1
	movs	r1, #28
	.loc	2 299 65 is_stmt 1              @ ../../../../../Library/Device/Nuvoton/M2354/Source/system_M2354.c:299:65
	bics	r0, r1
	ldr	r1, __arm_cp.5_4
	.loc	2 298 15                        @ ../../../../../Library/Device/Nuvoton/M2354/Source/system_M2354.c:298:15
	str	r0, [r1]
	.loc	2 301 1 epilogue_begin          @ ../../../../../Library/Device/Nuvoton/M2354/Source/system_M2354.c:301:1
	add	sp, #12
	bx	lr
.Ltmp64:
	.p2align	2
@ %bb.1:
	.loc	2 0 1 is_stmt 0                 @ ../../../../../Library/Device/Nuvoton/M2354/Source/system_M2354.c:0:1
__arm_cp.5_0:
	.long	Image$$NSC_ROM$$XO$$Base
.Lcpi_end39:
	.size	__arm_cp.5_0, .Lcpi_end39-__arm_cp.5_0
__arm_cp.5_1:
	.long	Image$$NSC_ROM$$XO$$Limit
.Lcpi_end40:
	.size	__arm_cp.5_1, .Lcpi_end40-__arm_cp.5_1
__arm_cp.5_2:
	.long	3758157272                      @ 0xe000edd8
.Lcpi_end41:
	.size	__arm_cp.5_2, .Lcpi_end41-__arm_cp.5_2
__arm_cp.5_3:
	.long	3758157276                      @ 0xe000eddc
.Lcpi_end42:
	.size	__arm_cp.5_3, .Lcpi_end42-__arm_cp.5_3
__arm_cp.5_4:
	.long	3758157280                      @ 0xe000ede0
.Lcpi_end43:
	.size	__arm_cp.5_4, .Lcpi_end43-__arm_cp.5_4
.Lfunc_end5:
	.size	NSC_Init, .Lfunc_end5-NSC_Init
	.cfi_endproc
	.cantunwind
	.fnend
                                        @ -- End function
	.section	.text.TZ_SAU_Setup,"ax",%progbits
	.hidden	TZ_SAU_Setup                    @ -- Begin function TZ_SAU_Setup
	.globl	TZ_SAU_Setup
	.p2align	2
	.type	TZ_SAU_Setup,%function
	.code	16                              @ @TZ_SAU_Setup
	.thumb_func
TZ_SAU_Setup:
.Lfunc_begin6:
	.loc	2 309 0 is_stmt 1               @ ../../../../../Library/Device/Nuvoton/M2354/Source/system_M2354.c:309:0
	.fnstart
	.cfi_startproc
@ %bb.0:
	.save	{r4, lr}
	push	{r4, lr}
	.cfi_def_cfa_offset 8
	.cfi_offset lr, -4
	.cfi_offset r4, -8
	ldr	r4, __arm_cp.6_0
	movs	r0, #3
.Ltmp65:
	.loc	2 326 5 prologue_end            @ ../../../../../Library/Device/Nuvoton/M2354/Source/system_M2354.c:326:5
	str	r0, [r4]
	movs	r0, #63
	lsls	r0, r0, #12
	ldr	r2, __arm_cp.6_1
	str	r0, [r2]
	ldr	r1, __arm_cp.6_2
	ldr	r0, __arm_cp.6_3
	str	r0, [r1]
	movs	r0, #4
	.loc	2 330 5                         @ ../../../../../Library/Device/Nuvoton/M2354/Source/system_M2354.c:330:5
	str	r0, [r4]
	ldr	r0, __arm_cp.6_4
	str	r0, [r2]
	ldr	r0, __arm_cp.6_5
	str	r0, [r1]
	movs	r0, #5
	.loc	2 334 5                         @ ../../../../../Library/Device/Nuvoton/M2354/Source/system_M2354.c:334:5
	str	r0, [r4]
	ldr	r3, __arm_cp.6_6
	str	r3, [r2]
	ldr	r3, __arm_cp.6_7
	str	r3, [r1]
	movs	r3, #6
	.loc	2 338 5                         @ ../../../../../Library/Device/Nuvoton/M2354/Source/system_M2354.c:338:5
	str	r3, [r4]
	ldr	r3, __arm_cp.6_8
	str	r3, [r2]
	ldr	r3, __arm_cp.6_9
	str	r3, [r1]
	movs	r3, #7
	.loc	2 342 5                         @ ../../../../../Library/Device/Nuvoton/M2354/Source/system_M2354.c:342:5
	str	r3, [r4]
	lsls	r0, r0, #28
	str	r0, [r2]
	ldr	r0, __arm_cp.6_10
	str	r0, [r1]
	ldr	r1, __arm_cp.6_11
	movs	r0, #1
	.loc	2 349 15                        @ ../../../../../Library/Device/Nuvoton/M2354/Source/system_M2354.c:349:15
	str	r0, [r1]
	ldr	r1, __arm_cp.6_12
	.loc	2 356 24                        @ ../../../../../Library/Device/Nuvoton/M2354/Source/system_M2354.c:356:24
	ldr	r0, [r1]
	movs	r2, #8
	.loc	2 356 30 is_stmt 0              @ ../../../../../Library/Device/Nuvoton/M2354/Source/system_M2354.c:356:30
	bics	r0, r2
	.loc	2 356 16                        @ ../../../../../Library/Device/Nuvoton/M2354/Source/system_M2354.c:356:16
	str	r0, [r1]
	ldr	r1, __arm_cp.6_13
	ldr	r0, __arm_cp.6_14
	.loc	2 359 16 is_stmt 1              @ ../../../../../Library/Device/Nuvoton/M2354/Source/system_M2354.c:359:16
	str	r0, [r1]
	.loc	2 376 5                         @ ../../../../../Library/Device/Nuvoton/M2354/Source/system_M2354.c:376:5
	bl	NSC_Init
	.loc	2 377 1 epilogue_begin          @ ../../../../../Library/Device/Nuvoton/M2354/Source/system_M2354.c:377:1
	pop	{r4, pc}
.Ltmp66:
	.p2align	2
@ %bb.1:
	.loc	2 0 1 is_stmt 0                 @ ../../../../../Library/Device/Nuvoton/M2354/Source/system_M2354.c:0:1
__arm_cp.6_0:
	.long	3758157272                      @ 0xe000edd8
.Lcpi_end44:
	.size	__arm_cp.6_0, .Lcpi_end44-__arm_cp.6_0
__arm_cp.6_1:
	.long	3758157276                      @ 0xe000eddc
.Lcpi_end45:
	.size	__arm_cp.6_1, .Lcpi_end45-__arm_cp.6_1
__arm_cp.6_2:
	.long	3758157280                      @ 0xe000ede0
.Lcpi_end46:
	.size	__arm_cp.6_2, .Lcpi_end46-__arm_cp.6_2
__arm_cp.6_3:
	.long	260067                          @ 0x3f7e3
.Lcpi_end47:
	.size	__arm_cp.6_3, .Lcpi_end47-__arm_cp.6_3
__arm_cp.6_4:
	.long	268697600                       @ 0x10040000
.Lcpi_end48:
	.size	__arm_cp.6_4, .Lcpi_end48-__arm_cp.6_4
__arm_cp.6_5:
	.long	269484001                       @ 0x100fffe1
.Lcpi_end49:
	.size	__arm_cp.6_5, .Lcpi_end49-__arm_cp.6_5
__arm_cp.6_6:
	.long	8420864                         @ 0x807e00
.Lcpi_end50:
	.size	__arm_cp.6_6, .Lcpi_end50-__arm_cp.6_6
__arm_cp.6_7:
	.long	8421347                         @ 0x807fe3
.Lcpi_end51:
	.size	__arm_cp.6_7, .Lcpi_end51-__arm_cp.6_7
__arm_cp.6_8:
	.long	805535744                       @ 0x30038000
.Lcpi_end52:
	.size	__arm_cp.6_8, .Lcpi_end52-__arm_cp.6_8
__arm_cp.6_9:
	.long	805634017                       @ 0x3004ffe1
.Lcpi_end53:
	.size	__arm_cp.6_9, .Lcpi_end53-__arm_cp.6_9
__arm_cp.6_10:
	.long	1610612705                      @ 0x5fffffe1
.Lcpi_end54:
	.size	__arm_cp.6_10, .Lcpi_end54-__arm_cp.6_10
__arm_cp.6_11:
	.long	3758157264                      @ 0xe000edd0
.Lcpi_end55:
	.size	__arm_cp.6_11, .Lcpi_end55-__arm_cp.6_11
__arm_cp.6_12:
	.long	3758157072                      @ 0xe000ed10
.Lcpi_end56:
	.size	__arm_cp.6_12, .Lcpi_end56-__arm_cp.6_12
__arm_cp.6_13:
	.long	3758157068                      @ 0xe000ed0c
.Lcpi_end57:
	.size	__arm_cp.6_13, .Lcpi_end57-__arm_cp.6_13
__arm_cp.6_14:
	.long	100270080                       @ 0x5fa0000
.Lcpi_end58:
	.size	__arm_cp.6_14, .Lcpi_end58-__arm_cp.6_14
.Lfunc_end6:
	.size	TZ_SAU_Setup, .Lfunc_end6-TZ_SAU_Setup
	.cfi_endproc
	.cantunwind
	.fnend
                                        @ -- End function
	.section	.text.SystemCoreClockUpdate,"ax",%progbits
	.hidden	SystemCoreClockUpdate           @ -- Begin function SystemCoreClockUpdate
	.globl	SystemCoreClockUpdate
	.p2align	2
	.type	SystemCoreClockUpdate,%function
	.code	16                              @ @SystemCoreClockUpdate
	.thumb_func
SystemCoreClockUpdate:
.Lfunc_begin7:
	.loc	2 398 0 is_stmt 1               @ ../../../../../Library/Device/Nuvoton/M2354/Source/system_M2354.c:398:0
	.fnstart
	.cfi_startproc
@ %bb.0:
	.save	{r7, lr}
	push	{r7, lr}
	.cfi_def_cfa_offset 8
	.cfi_offset lr, -4
	.cfi_offset r7, -8
.Ltmp67:
	.loc	2 400 16 prologue_end           @ ../../../../../Library/Device/Nuvoton/M2354/Source/system_M2354.c:400:16
	bl	CLK_GetPLLClockFreq
	.loc	2 400 14 is_stmt 0              @ ../../../../../Library/Device/Nuvoton/M2354/Source/system_M2354.c:400:14
	ldr	r1, __arm_cp.7_0
	str	r0, [r1]
	.loc	2 403 23 is_stmt 1              @ ../../../../../Library/Device/Nuvoton/M2354/Source/system_M2354.c:403:23
	bl	CLK_GetCPUFreq
	mov	r1, r0
	.loc	2 403 21 is_stmt 0              @ ../../../../../Library/Device/Nuvoton/M2354/Source/system_M2354.c:403:21
	ldr	r0, __arm_cp.7_1
	str	r1, [r0]
	.loc	2 406 20 is_stmt 1              @ ../../../../../Library/Device/Nuvoton/M2354/Source/system_M2354.c:406:20
	ldr	r0, [r0]
	ldr	r1, __arm_cp.7_2
	.loc	2 406 36 is_stmt 0              @ ../../../../../Library/Device/Nuvoton/M2354/Source/system_M2354.c:406:36
	adds	r0, r0, r1
	ldr	r1, __arm_cp.7_3
	.loc	2 406 48                        @ ../../../../../Library/Device/Nuvoton/M2354/Source/system_M2354.c:406:48
	udiv	r0, r0, r1
	.loc	2 406 17                        @ ../../../../../Library/Device/Nuvoton/M2354/Source/system_M2354.c:406:17
	ldr	r1, __arm_cp.7_4
	str	r0, [r1]
	.loc	2 407 1 epilogue_begin is_stmt 1 @ ../../../../../Library/Device/Nuvoton/M2354/Source/system_M2354.c:407:1
	pop	{r7, pc}
.Ltmp68:
	.p2align	2
@ %bb.1:
	.loc	2 0 1 is_stmt 0                 @ ../../../../../Library/Device/Nuvoton/M2354/Source/system_M2354.c:0:1
__arm_cp.7_0:
	.long	PllClock
.Lcpi_end59:
	.size	__arm_cp.7_0, .Lcpi_end59-__arm_cp.7_0
__arm_cp.7_1:
	.long	SystemCoreClock
.Lcpi_end60:
	.size	__arm_cp.7_1, .Lcpi_end60-__arm_cp.7_1
__arm_cp.7_2:
	.long	500000                          @ 0x7a120
.Lcpi_end61:
	.size	__arm_cp.7_2, .Lcpi_end61-__arm_cp.7_2
__arm_cp.7_3:
	.long	1000000                         @ 0xf4240
.Lcpi_end62:
	.size	__arm_cp.7_3, .Lcpi_end62-__arm_cp.7_3
__arm_cp.7_4:
	.long	CyclesPerUs
.Lcpi_end63:
	.size	__arm_cp.7_4, .Lcpi_end63-__arm_cp.7_4
.Lfunc_end7:
	.size	SystemCoreClockUpdate, .Lfunc_end7-SystemCoreClockUpdate
	.cfi_endproc
	.fnend
                                        @ -- End function
	.section	.text.SystemInit,"ax",%progbits
	.hidden	SystemInit                      @ -- Begin function SystemInit
	.globl	SystemInit
	.p2align	2
	.type	SystemInit,%function
	.code	16                              @ @SystemInit
	.thumb_func
SystemInit:
.Lfunc_begin8:
	.loc	2 417 0 is_stmt 1               @ ../../../../../Library/Device/Nuvoton/M2354/Source/system_M2354.c:417:0
	.fnstart
	.cfi_startproc
@ %bb.0:
	.save	{r7, lr}
	push	{r7, lr}
	.cfi_def_cfa_offset 8
	.cfi_offset lr, -4
	.cfi_offset r7, -8
.Ltmp69:
	.loc	2 419 9 prologue_end            @ ../../../../../Library/Device/Nuvoton/M2354/Source/system_M2354.c:419:9
	bl	__PC
.Ltmp70:
	.loc	2 419 8 is_stmt 0               @ ../../../../../Library/Device/Nuvoton/M2354/Source/system_M2354.c:419:8
	lsls	r0, r0, #3
	cmp	r0, #0
	bmi	.LBB8_5
	b	.LBB8_1
.LBB8_1:
.Ltmp71:
	.loc	2 422 9 is_stmt 1               @ ../../../../../Library/Device/Nuvoton/M2354/Source/system_M2354.c:422:9
	b	.LBB8_2
.LBB8_2:                                @ =>This Inner Loop Header: Depth=1
	.loc	2 0 9 is_stmt 0                 @ ../../../../../Library/Device/Nuvoton/M2354/Source/system_M2354.c:0:9
	ldr	r1, __arm_cp.8_0
	movs	r0, #89
.Ltmp72:
	.loc	2 424 26 is_stmt 1              @ ../../../../../Library/Device/Nuvoton/M2354/Source/system_M2354.c:424:26
	str	r0, [r1]
	movs	r0, #22
	.loc	2 425 26                        @ ../../../../../Library/Device/Nuvoton/M2354/Source/system_M2354.c:425:26
	str	r0, [r1]
	movs	r0, #136
	.loc	2 426 26                        @ ../../../../../Library/Device/Nuvoton/M2354/Source/system_M2354.c:426:26
	str	r0, [r1]
	.loc	2 427 9                         @ ../../../../../Library/Device/Nuvoton/M2354/Source/system_M2354.c:427:9
	b	.LBB8_3
.Ltmp73:
.LBB8_3:                                @   in Loop: Header=BB8_2 Depth=1
	.loc	2 0 9 is_stmt 0                 @ ../../../../../Library/Device/Nuvoton/M2354/Source/system_M2354.c:0:9
	ldr	r0, __arm_cp.8_0
	.loc	2 428 21 is_stmt 1              @ ../../../../../Library/Device/Nuvoton/M2354/Source/system_M2354.c:428:21
	ldr	r0, [r0]
.Ltmp74:
	.loc	2 427 9                         @ ../../../../../Library/Device/Nuvoton/M2354/Source/system_M2354.c:427:9
	cmp	r0, #0
	beq	.LBB8_2
	b	.LBB8_4
.Ltmp75:
.LBB8_4:
	.loc	2 0 9 is_stmt 0                 @ ../../../../../Library/Device/Nuvoton/M2354/Source/system_M2354.c:0:9
	ldr	r1, __arm_cp.8_1
	movw	r0, #4096
	.loc	2 431 21 is_stmt 1              @ ../../../../../Library/Device/Nuvoton/M2354/Source/system_M2354.c:431:21
	str	r0, [r1]
	ldr	r1, __arm_cp.8_2
	.loc	2 434 21                        @ ../../../../../Library/Device/Nuvoton/M2354/Source/system_M2354.c:434:21
	ldr	r0, [r1]
	ldr	r2, __arm_cp.8_3
	orrs	r0, r2
	str	r0, [r1]
	.loc	2 435 5                         @ ../../../../../Library/Device/Nuvoton/M2354/Source/system_M2354.c:435:5
	b	.LBB8_5
.Ltmp76:
.LBB8_5:
	.loc	2 438 15                        @ ../../../../../Library/Device/Nuvoton/M2354/Source/system_M2354.c:438:15
	ldr	r0, __arm_cp.8_4
	ldr	r1, __arm_cp.8_5
	str	r0, [r1]
	.loc	2 442 5                         @ ../../../../../Library/Device/Nuvoton/M2354/Source/system_M2354.c:442:5
	bl	TZ_SAU_Setup
	.loc	2 443 5                         @ ../../../../../Library/Device/Nuvoton/M2354/Source/system_M2354.c:443:5
	bl	SCU_Setup
	.loc	2 444 5                         @ ../../../../../Library/Device/Nuvoton/M2354/Source/system_M2354.c:444:5
	bl	FMC_NSBA_Setup
	.loc	2 451 1 epilogue_begin          @ ../../../../../Library/Device/Nuvoton/M2354/Source/system_M2354.c:451:1
	pop	{r7, pc}
.Ltmp77:
	.p2align	2
@ %bb.6:
	.loc	2 0 1 is_stmt 0                 @ ../../../../../Library/Device/Nuvoton/M2354/Source/system_M2354.c:0:1
__arm_cp.8_0:
	.long	1073742080                      @ 0x40000100
.Lcpi_end64:
	.size	__arm_cp.8_0, .Lcpi_end64-__arm_cp.8_0
__arm_cp.8_1:
	.long	1073742324                      @ 0x400001f4
.Lcpi_end65:
	.size	__arm_cp.8_1, .Lcpi_end65-__arm_cp.8_1
__arm_cp.8_2:
	.long	1073742340                      @ 0x40000204
.Lcpi_end66:
	.size	__arm_cp.8_2, .Lcpi_end66-__arm_cp.8_2
__arm_cp.8_3:
	.long	4293935104                      @ 0xfff04000
.Lcpi_end67:
	.size	__arm_cp.8_3, .Lcpi_end67-__arm_cp.8_3
__arm_cp.8_4:
	.long	__Vectors
.Lcpi_end68:
	.size	__arm_cp.8_4, .Lcpi_end68-__arm_cp.8_4
__arm_cp.8_5:
	.long	3758157064                      @ 0xe000ed08
.Lcpi_end69:
	.size	__arm_cp.8_5, .Lcpi_end69-__arm_cp.8_5
.Lfunc_end8:
	.size	SystemInit, .Lfunc_end8-SystemInit
	.cfi_endproc
	.fnend
                                        @ -- End function
	.hidden	SystemCoreClock                 @ @SystemCoreClock
	.type	SystemCoreClock,%object
	.section	.data.SystemCoreClock,"aw",%progbits
	.globl	SystemCoreClock
	.p2align	2, 0x0
SystemCoreClock:
	.long	48000000                        @ 0x2dc6c00
	.size	SystemCoreClock, 4

	.hidden	CyclesPerUs                     @ @CyclesPerUs
	.type	CyclesPerUs,%object
	.section	.data.CyclesPerUs,"aw",%progbits
	.globl	CyclesPerUs
	.p2align	2, 0x0
CyclesPerUs:
	.long	48                              @ 0x30
	.size	CyclesPerUs, 4

	.hidden	PllClock                        @ @PllClock
	.type	PllClock,%object
	.section	.data.PllClock,"aw",%progbits
	.globl	PllClock
	.p2align	2, 0x0
PllClock:
	.long	48000000                        @ 0x2dc6c00
	.size	PllClock, 4

	.type	.L.str,%object                  @ @.str
	.section	.rodata.str1.1,"aMS",%progbits,1
.L.str:
	.asciz	"CPU"
	.size	.L.str, 4

	.type	.L.str.1,%object                @ @.str.1
.L.str.1:
	.asciz	"PDMA0"
	.size	.L.str.1, 6

	.type	.L.str.2,%object                @ @.str.2
.L.str.2:
	.asciz	"SDH0"
	.size	.L.str.2, 5

	.type	.L.str.3,%object                @ @.str.3
.L.str.3:
	.asciz	"CRPT"
	.size	.L.str.3, 5

	.type	.L.str.4,%object                @ @.str.4
.L.str.4:
	.asciz	"USBH"
	.size	.L.str.4, 5

	.type	.L.str.5,%object                @ @.str.5
.L.str.5:
	.asciz	"PDMA1"
	.size	.L.str.5, 6

	.type	.L__const.SCU_IRQHandler.master,%object @ @__const.SCU_IRQHandler.master
	.section	.rodata..L__const.SCU_IRQHandler.master,"a",%progbits
	.p2align	2, 0x0
.L__const.SCU_IRQHandler.master:
	.long	.L.str
	.long	0
	.long	0
	.long	.L.str.1
	.long	.L.str.2
	.long	.L.str.3
	.long	.L.str.4
	.long	0
	.long	0
	.long	0
	.long	0
	.long	.L.str.5
	.size	.L__const.SCU_IRQHandler.master, 48

	.type	.L.str.6,%object                @ @.str.6
	.section	.rodata.str1.1,"aMS",%progbits,1
.L.str.6:
	.asciz	"APB0"
	.size	.L.str.6, 5

	.type	.L.str.7,%object                @ @.str.7
.L.str.7:
	.asciz	"APB1"
	.size	.L.str.7, 5

	.type	.L.str.8,%object                @ @.str.8
.L.str.8:
	.asciz	"GPIO"
	.size	.L.str.8, 5

	.type	.L.str.9,%object                @ @.str.9
.L.str.9:
	.asciz	"EBI"
	.size	.L.str.9, 4

	.type	.L.str.10,%object               @ @.str.10
.L.str.10:
	.asciz	"CRC"
	.size	.L.str.10, 4

	.type	.L.str.11,%object               @ @.str.11
.L.str.11:
	.asciz	"SRAM0"
	.size	.L.str.11, 6

	.type	.L.str.12,%object               @ @.str.12
.L.str.12:
	.asciz	"SRAM1"
	.size	.L.str.12, 6

	.type	.L.str.13,%object               @ @.str.13
.L.str.13:
	.asciz	"FMC"
	.size	.L.str.13, 4

	.type	.L.str.14,%object               @ @.str.14
.L.str.14:
	.asciz	"FLASH"
	.size	.L.str.14, 6

	.type	.L.str.15,%object               @ @.str.15
.L.str.15:
	.asciz	"SCU"
	.size	.L.str.15, 4

	.type	.L.str.16,%object               @ @.str.16
.L.str.16:
	.asciz	"SYS"
	.size	.L.str.16, 4

	.type	.L.str.17,%object               @ @.str.17
.L.str.17:
	.asciz	"KS"
	.size	.L.str.17, 3

	.type	.L.str.18,%object               @ @.str.18
.L.str.18:
	.asciz	"SIORAM"
	.size	.L.str.18, 7

	.type	.L__const.SCU_IRQHandler.ipname,%object @ @__const.SCU_IRQHandler.ipname
	.section	.rodata..L__const.SCU_IRQHandler.ipname,"a",%progbits
	.p2align	2, 0x0
.L__const.SCU_IRQHandler.ipname:
	.long	.L.str.6
	.long	.L.str.7
	.long	0
	.long	0
	.long	.L.str.8
	.long	.L.str.9
	.long	.L.str.4
	.long	.L.str.10
	.long	.L.str.2
	.long	0
	.long	.L.str.1
	.long	.L.str.5
	.long	.L.str.11
	.long	.L.str.12
	.long	.L.str.13
	.long	.L.str.14
	.long	.L.str.15
	.long	.L.str.16
	.long	.L.str.3
	.long	.L.str.17
	.long	.L.str.18
	.size	.L__const.SCU_IRQHandler.ipname, 84

	.type	.L__const.SCU_IRQHandler.info,%object @ @__const.SCU_IRQHandler.info
	.section	.rodata..L__const.SCU_IRQHandler.info,"a",%progbits
.L__const.SCU_IRQHandler.info:
	.ascii	"4<\000\000DLT\\d\000t|\204\214\224\234\244\254\264\274\304"
	.size	.L__const.SCU_IRQHandler.info, 21

	.type	.L.str.19,%object               @ @.str.19
	.section	.rodata.str1.1,"aMS",%progbits,1
.L.str.19:
	.asciz	"  %s(0x%08x) Alarm! illegal access by %s\n"
	.size	.L.str.19, 42

	.type	.L.str.20,%object               @ @.str.20
.L.str.20:
	.asciz	"\n%s Alarm! Caused by unprivilege access\n\n"
	.size	.L.str.20, 42

	.section	.debug_abbrev,"",%progbits
	.byte	1                               @ Abbreviation Code
	.byte	17                              @ DW_TAG_compile_unit
	.byte	1                               @ DW_CHILDREN_yes
	.byte	37                              @ DW_AT_producer
	.byte	14                              @ DW_FORM_strp
	.byte	19                              @ DW_AT_language
	.byte	5                               @ DW_FORM_data2
	.byte	3                               @ DW_AT_name
	.byte	14                              @ DW_FORM_strp
	.byte	16                              @ DW_AT_stmt_list
	.byte	23                              @ DW_FORM_sec_offset
	.byte	27                              @ DW_AT_comp_dir
	.byte	14                              @ DW_FORM_strp
	.byte	17                              @ DW_AT_low_pc
	.byte	1                               @ DW_FORM_addr
	.byte	85                              @ DW_AT_ranges
	.byte	23                              @ DW_FORM_sec_offset
	.byte	0                               @ EOM(1)
	.byte	0                               @ EOM(2)
	.byte	2                               @ Abbreviation Code
	.byte	52                              @ DW_TAG_variable
	.byte	0                               @ DW_CHILDREN_no
	.byte	3                               @ DW_AT_name
	.byte	14                              @ DW_FORM_strp
	.byte	73                              @ DW_AT_type
	.byte	19                              @ DW_FORM_ref4
	.byte	63                              @ DW_AT_external
	.byte	25                              @ DW_FORM_flag_present
	.byte	58                              @ DW_AT_decl_file
	.byte	11                              @ DW_FORM_data1
	.byte	59                              @ DW_AT_decl_line
	.byte	11                              @ DW_FORM_data1
	.byte	2                               @ DW_AT_location
	.byte	24                              @ DW_FORM_exprloc
	.byte	0                               @ EOM(1)
	.byte	0                               @ EOM(2)
	.byte	3                               @ Abbreviation Code
	.byte	22                              @ DW_TAG_typedef
	.byte	0                               @ DW_CHILDREN_no
	.byte	73                              @ DW_AT_type
	.byte	19                              @ DW_FORM_ref4
	.byte	3                               @ DW_AT_name
	.byte	14                              @ DW_FORM_strp
	.byte	58                              @ DW_AT_decl_file
	.byte	11                              @ DW_FORM_data1
	.byte	59                              @ DW_AT_decl_line
	.byte	11                              @ DW_FORM_data1
	.byte	0                               @ EOM(1)
	.byte	0                               @ EOM(2)
	.byte	4                               @ Abbreviation Code
	.byte	36                              @ DW_TAG_base_type
	.byte	0                               @ DW_CHILDREN_no
	.byte	3                               @ DW_AT_name
	.byte	14                              @ DW_FORM_strp
	.byte	62                              @ DW_AT_encoding
	.byte	11                              @ DW_FORM_data1
	.byte	11                              @ DW_AT_byte_size
	.byte	11                              @ DW_FORM_data1
	.byte	0                               @ EOM(1)
	.byte	0                               @ EOM(2)
	.byte	5                               @ Abbreviation Code
	.byte	52                              @ DW_TAG_variable
	.byte	0                               @ DW_CHILDREN_no
	.byte	73                              @ DW_AT_type
	.byte	19                              @ DW_FORM_ref4
	.byte	58                              @ DW_AT_decl_file
	.byte	11                              @ DW_FORM_data1
	.byte	59                              @ DW_AT_decl_line
	.byte	11                              @ DW_FORM_data1
	.byte	2                               @ DW_AT_location
	.byte	24                              @ DW_FORM_exprloc
	.byte	0                               @ EOM(1)
	.byte	0                               @ EOM(2)
	.byte	6                               @ Abbreviation Code
	.byte	1                               @ DW_TAG_array_type
	.byte	1                               @ DW_CHILDREN_yes
	.byte	73                              @ DW_AT_type
	.byte	19                              @ DW_FORM_ref4
	.byte	0                               @ EOM(1)
	.byte	0                               @ EOM(2)
	.byte	7                               @ Abbreviation Code
	.byte	33                              @ DW_TAG_subrange_type
	.byte	0                               @ DW_CHILDREN_no
	.byte	73                              @ DW_AT_type
	.byte	19                              @ DW_FORM_ref4
	.byte	55                              @ DW_AT_count
	.byte	11                              @ DW_FORM_data1
	.byte	0                               @ EOM(1)
	.byte	0                               @ EOM(2)
	.byte	8                               @ Abbreviation Code
	.byte	36                              @ DW_TAG_base_type
	.byte	0                               @ DW_CHILDREN_no
	.byte	3                               @ DW_AT_name
	.byte	14                              @ DW_FORM_strp
	.byte	11                              @ DW_AT_byte_size
	.byte	11                              @ DW_FORM_data1
	.byte	62                              @ DW_AT_encoding
	.byte	11                              @ DW_FORM_data1
	.byte	0                               @ EOM(1)
	.byte	0                               @ EOM(2)
	.byte	9                               @ Abbreviation Code
	.byte	4                               @ DW_TAG_enumeration_type
	.byte	1                               @ DW_CHILDREN_yes
	.byte	73                              @ DW_AT_type
	.byte	19                              @ DW_FORM_ref4
	.byte	3                               @ DW_AT_name
	.byte	14                              @ DW_FORM_strp
	.byte	11                              @ DW_AT_byte_size
	.byte	11                              @ DW_FORM_data1
	.byte	58                              @ DW_AT_decl_file
	.byte	11                              @ DW_FORM_data1
	.byte	59                              @ DW_AT_decl_line
	.byte	11                              @ DW_FORM_data1
	.byte	0                               @ EOM(1)
	.byte	0                               @ EOM(2)
	.byte	10                              @ Abbreviation Code
	.byte	40                              @ DW_TAG_enumerator
	.byte	0                               @ DW_CHILDREN_no
	.byte	3                               @ DW_AT_name
	.byte	14                              @ DW_FORM_strp
	.byte	28                              @ DW_AT_const_value
	.byte	13                              @ DW_FORM_sdata
	.byte	0                               @ EOM(1)
	.byte	0                               @ EOM(2)
	.byte	11                              @ Abbreviation Code
	.byte	15                              @ DW_TAG_pointer_type
	.byte	0                               @ DW_CHILDREN_no
	.byte	73                              @ DW_AT_type
	.byte	19                              @ DW_FORM_ref4
	.byte	0                               @ EOM(1)
	.byte	0                               @ EOM(2)
	.byte	12                              @ Abbreviation Code
	.byte	22                              @ DW_TAG_typedef
	.byte	0                               @ DW_CHILDREN_no
	.byte	73                              @ DW_AT_type
	.byte	19                              @ DW_FORM_ref4
	.byte	3                               @ DW_AT_name
	.byte	14                              @ DW_FORM_strp
	.byte	58                              @ DW_AT_decl_file
	.byte	11                              @ DW_FORM_data1
	.byte	59                              @ DW_AT_decl_line
	.byte	5                               @ DW_FORM_data2
	.byte	0                               @ EOM(1)
	.byte	0                               @ EOM(2)
	.byte	13                              @ Abbreviation Code
	.byte	19                              @ DW_TAG_structure_type
	.byte	1                               @ DW_CHILDREN_yes
	.byte	11                              @ DW_AT_byte_size
	.byte	5                               @ DW_FORM_data2
	.byte	58                              @ DW_AT_decl_file
	.byte	11                              @ DW_FORM_data1
	.byte	59                              @ DW_AT_decl_line
	.byte	5                               @ DW_FORM_data2
	.byte	0                               @ EOM(1)
	.byte	0                               @ EOM(2)
	.byte	14                              @ Abbreviation Code
	.byte	13                              @ DW_TAG_member
	.byte	0                               @ DW_CHILDREN_no
	.byte	3                               @ DW_AT_name
	.byte	14                              @ DW_FORM_strp
	.byte	73                              @ DW_AT_type
	.byte	19                              @ DW_FORM_ref4
	.byte	58                              @ DW_AT_decl_file
	.byte	11                              @ DW_FORM_data1
	.byte	59                              @ DW_AT_decl_line
	.byte	5                               @ DW_FORM_data2
	.byte	56                              @ DW_AT_data_member_location
	.byte	11                              @ DW_FORM_data1
	.byte	0                               @ EOM(1)
	.byte	0                               @ EOM(2)
	.byte	15                              @ Abbreviation Code
	.byte	13                              @ DW_TAG_member
	.byte	0                               @ DW_CHILDREN_no
	.byte	3                               @ DW_AT_name
	.byte	14                              @ DW_FORM_strp
	.byte	73                              @ DW_AT_type
	.byte	19                              @ DW_FORM_ref4
	.byte	58                              @ DW_AT_decl_file
	.byte	11                              @ DW_FORM_data1
	.byte	59                              @ DW_AT_decl_line
	.byte	5                               @ DW_FORM_data2
	.byte	56                              @ DW_AT_data_member_location
	.byte	5                               @ DW_FORM_data2
	.byte	0                               @ EOM(1)
	.byte	0                               @ EOM(2)
	.byte	16                              @ Abbreviation Code
	.byte	53                              @ DW_TAG_volatile_type
	.byte	0                               @ DW_CHILDREN_no
	.byte	73                              @ DW_AT_type
	.byte	19                              @ DW_FORM_ref4
	.byte	0                               @ EOM(1)
	.byte	0                               @ EOM(2)
	.byte	17                              @ Abbreviation Code
	.byte	38                              @ DW_TAG_const_type
	.byte	0                               @ DW_CHILDREN_no
	.byte	73                              @ DW_AT_type
	.byte	19                              @ DW_FORM_ref4
	.byte	0                               @ EOM(1)
	.byte	0                               @ EOM(2)
	.byte	18                              @ Abbreviation Code
	.byte	33                              @ DW_TAG_subrange_type
	.byte	0                               @ DW_CHILDREN_no
	.byte	73                              @ DW_AT_type
	.byte	19                              @ DW_FORM_ref4
	.byte	55                              @ DW_AT_count
	.byte	5                               @ DW_FORM_data2
	.byte	0                               @ EOM(1)
	.byte	0                               @ EOM(2)
	.byte	19                              @ Abbreviation Code
	.byte	19                              @ DW_TAG_structure_type
	.byte	1                               @ DW_CHILDREN_yes
	.byte	11                              @ DW_AT_byte_size
	.byte	5                               @ DW_FORM_data2
	.byte	58                              @ DW_AT_decl_file
	.byte	11                              @ DW_FORM_data1
	.byte	59                              @ DW_AT_decl_line
	.byte	11                              @ DW_FORM_data1
	.byte	0                               @ EOM(1)
	.byte	0                               @ EOM(2)
	.byte	20                              @ Abbreviation Code
	.byte	19                              @ DW_TAG_structure_type
	.byte	1                               @ DW_CHILDREN_yes
	.byte	11                              @ DW_AT_byte_size
	.byte	11                              @ DW_FORM_data1
	.byte	58                              @ DW_AT_decl_file
	.byte	11                              @ DW_FORM_data1
	.byte	59                              @ DW_AT_decl_line
	.byte	5                               @ DW_FORM_data2
	.byte	0                               @ EOM(1)
	.byte	0                               @ EOM(2)
	.byte	21                              @ Abbreviation Code
	.byte	19                              @ DW_TAG_structure_type
	.byte	1                               @ DW_CHILDREN_yes
	.byte	11                              @ DW_AT_byte_size
	.byte	11                              @ DW_FORM_data1
	.byte	58                              @ DW_AT_decl_file
	.byte	11                              @ DW_FORM_data1
	.byte	59                              @ DW_AT_decl_line
	.byte	11                              @ DW_FORM_data1
	.byte	0                               @ EOM(1)
	.byte	0                               @ EOM(2)
	.byte	22                              @ Abbreviation Code
	.byte	46                              @ DW_TAG_subprogram
	.byte	0                               @ DW_CHILDREN_no
	.byte	17                              @ DW_AT_low_pc
	.byte	1                               @ DW_FORM_addr
	.byte	18                              @ DW_AT_high_pc
	.byte	6                               @ DW_FORM_data4
	.byte	64                              @ DW_AT_frame_base
	.byte	24                              @ DW_FORM_exprloc
	.byte	3                               @ DW_AT_name
	.byte	14                              @ DW_FORM_strp
	.byte	58                              @ DW_AT_decl_file
	.byte	11                              @ DW_FORM_data1
	.byte	59                              @ DW_AT_decl_line
	.byte	11                              @ DW_FORM_data1
	.byte	39                              @ DW_AT_prototyped
	.byte	25                              @ DW_FORM_flag_present
	.byte	63                              @ DW_AT_external
	.byte	25                              @ DW_FORM_flag_present
	.byte	0                               @ EOM(1)
	.byte	0                               @ EOM(2)
	.byte	23                              @ Abbreviation Code
	.byte	46                              @ DW_TAG_subprogram
	.byte	1                               @ DW_CHILDREN_yes
	.byte	17                              @ DW_AT_low_pc
	.byte	1                               @ DW_FORM_addr
	.byte	18                              @ DW_AT_high_pc
	.byte	6                               @ DW_FORM_data4
	.byte	64                              @ DW_AT_frame_base
	.byte	24                              @ DW_FORM_exprloc
	.byte	3                               @ DW_AT_name
	.byte	14                              @ DW_FORM_strp
	.byte	58                              @ DW_AT_decl_file
	.byte	11                              @ DW_FORM_data1
	.byte	59                              @ DW_AT_decl_line
	.byte	5                               @ DW_FORM_data2
	.byte	39                              @ DW_AT_prototyped
	.byte	25                              @ DW_FORM_flag_present
	.byte	0                               @ EOM(1)
	.byte	0                               @ EOM(2)
	.byte	24                              @ Abbreviation Code
	.byte	52                              @ DW_TAG_variable
	.byte	0                               @ DW_CHILDREN_no
	.byte	2                               @ DW_AT_location
	.byte	24                              @ DW_FORM_exprloc
	.byte	3                               @ DW_AT_name
	.byte	14                              @ DW_FORM_strp
	.byte	58                              @ DW_AT_decl_file
	.byte	11                              @ DW_FORM_data1
	.byte	59                              @ DW_AT_decl_line
	.byte	5                               @ DW_FORM_data2
	.byte	73                              @ DW_AT_type
	.byte	19                              @ DW_FORM_ref4
	.byte	0                               @ EOM(1)
	.byte	0                               @ EOM(2)
	.byte	25                              @ Abbreviation Code
	.byte	46                              @ DW_TAG_subprogram
	.byte	1                               @ DW_CHILDREN_yes
	.byte	17                              @ DW_AT_low_pc
	.byte	1                               @ DW_FORM_addr
	.byte	18                              @ DW_AT_high_pc
	.byte	6                               @ DW_FORM_data4
	.byte	64                              @ DW_AT_frame_base
	.byte	24                              @ DW_FORM_exprloc
	.byte	3                               @ DW_AT_name
	.byte	14                              @ DW_FORM_strp
	.byte	58                              @ DW_AT_decl_file
	.byte	11                              @ DW_FORM_data1
	.byte	59                              @ DW_AT_decl_line
	.byte	11                              @ DW_FORM_data1
	.byte	39                              @ DW_AT_prototyped
	.byte	25                              @ DW_FORM_flag_present
	.byte	63                              @ DW_AT_external
	.byte	25                              @ DW_FORM_flag_present
	.byte	0                               @ EOM(1)
	.byte	0                               @ EOM(2)
	.byte	26                              @ Abbreviation Code
	.byte	52                              @ DW_TAG_variable
	.byte	0                               @ DW_CHILDREN_no
	.byte	2                               @ DW_AT_location
	.byte	24                              @ DW_FORM_exprloc
	.byte	3                               @ DW_AT_name
	.byte	14                              @ DW_FORM_strp
	.byte	58                              @ DW_AT_decl_file
	.byte	11                              @ DW_FORM_data1
	.byte	59                              @ DW_AT_decl_line
	.byte	11                              @ DW_FORM_data1
	.byte	73                              @ DW_AT_type
	.byte	19                              @ DW_FORM_ref4
	.byte	0                               @ EOM(1)
	.byte	0                               @ EOM(2)
	.byte	27                              @ Abbreviation Code
	.byte	5                               @ DW_TAG_formal_parameter
	.byte	0                               @ DW_CHILDREN_no
	.byte	2                               @ DW_AT_location
	.byte	24                              @ DW_FORM_exprloc
	.byte	3                               @ DW_AT_name
	.byte	14                              @ DW_FORM_strp
	.byte	58                              @ DW_AT_decl_file
	.byte	11                              @ DW_FORM_data1
	.byte	59                              @ DW_AT_decl_line
	.byte	5                               @ DW_FORM_data2
	.byte	73                              @ DW_AT_type
	.byte	19                              @ DW_FORM_ref4
	.byte	0                               @ EOM(1)
	.byte	0                               @ EOM(2)
	.byte	28                              @ Abbreviation Code
	.byte	46                              @ DW_TAG_subprogram
	.byte	1                               @ DW_CHILDREN_yes
	.byte	17                              @ DW_AT_low_pc
	.byte	1                               @ DW_FORM_addr
	.byte	18                              @ DW_AT_high_pc
	.byte	6                               @ DW_FORM_data4
	.byte	64                              @ DW_AT_frame_base
	.byte	24                              @ DW_FORM_exprloc
	.byte	3                               @ DW_AT_name
	.byte	14                              @ DW_FORM_strp
	.byte	58                              @ DW_AT_decl_file
	.byte	11                              @ DW_FORM_data1
	.byte	59                              @ DW_AT_decl_line
	.byte	5                               @ DW_FORM_data2
	.byte	39                              @ DW_AT_prototyped
	.byte	25                              @ DW_FORM_flag_present
	.byte	63                              @ DW_AT_external
	.byte	25                              @ DW_FORM_flag_present
	.byte	0                               @ EOM(1)
	.byte	0                               @ EOM(2)
	.byte	29                              @ Abbreviation Code
	.byte	46                              @ DW_TAG_subprogram
	.byte	0                               @ DW_CHILDREN_no
	.byte	17                              @ DW_AT_low_pc
	.byte	1                               @ DW_FORM_addr
	.byte	18                              @ DW_AT_high_pc
	.byte	6                               @ DW_FORM_data4
	.byte	64                              @ DW_AT_frame_base
	.byte	24                              @ DW_FORM_exprloc
	.byte	3                               @ DW_AT_name
	.byte	14                              @ DW_FORM_strp
	.byte	58                              @ DW_AT_decl_file
	.byte	11                              @ DW_FORM_data1
	.byte	59                              @ DW_AT_decl_line
	.byte	5                               @ DW_FORM_data2
	.byte	39                              @ DW_AT_prototyped
	.byte	25                              @ DW_FORM_flag_present
	.byte	63                              @ DW_AT_external
	.byte	25                              @ DW_FORM_flag_present
	.byte	0                               @ EOM(1)
	.byte	0                               @ EOM(2)
	.byte	0                               @ EOM(3)
	.section	.debug_info,"",%progbits
.Lcu_begin0:
	.long	.Ldebug_info_end0-.Ldebug_info_start0 @ Length of Unit
.Ldebug_info_start0:
	.short	4                               @ DWARF version number
	.long	.debug_abbrev                   @ Offset Into Abbrev. Section
	.byte	4                               @ Address Size (in bytes)
	.byte	1                               @ Abbrev [1] 0xb:0x12df DW_TAG_compile_unit
	.long	.Linfo_string0                  @ DW_AT_producer
	.short	29                              @ DW_AT_language
	.long	.Linfo_string1                  @ DW_AT_name
	.long	.Lline_table_start0             @ DW_AT_stmt_list
	.long	.Linfo_string2                  @ DW_AT_comp_dir
	.long	0                               @ DW_AT_low_pc
	.long	.Ldebug_ranges0                 @ DW_AT_ranges
	.byte	2                               @ Abbrev [2] 0x26:0x11 DW_TAG_variable
	.long	.Linfo_string3                  @ DW_AT_name
	.long	55                              @ DW_AT_type
                                        @ DW_AT_external
	.byte	2                               @ DW_AT_decl_file
	.byte	26                              @ DW_AT_decl_line
	.byte	5                               @ DW_AT_location
	.byte	3
	.long	SystemCoreClock
	.byte	3                               @ Abbrev [3] 0x37:0xb DW_TAG_typedef
	.long	66                              @ DW_AT_type
	.long	.Linfo_string5                  @ DW_AT_name
	.byte	1                               @ DW_AT_decl_file
	.byte	64                              @ DW_AT_decl_line
	.byte	4                               @ Abbrev [4] 0x42:0x7 DW_TAG_base_type
	.long	.Linfo_string4                  @ DW_AT_name
	.byte	7                               @ DW_AT_encoding
	.byte	4                               @ DW_AT_byte_size
	.byte	2                               @ Abbrev [2] 0x49:0x11 DW_TAG_variable
	.long	.Linfo_string6                  @ DW_AT_name
	.long	55                              @ DW_AT_type
                                        @ DW_AT_external
	.byte	2                               @ DW_AT_decl_file
	.byte	27                              @ DW_AT_decl_line
	.byte	5                               @ DW_AT_location
	.byte	3
	.long	CyclesPerUs
	.byte	2                               @ Abbrev [2] 0x5a:0x11 DW_TAG_variable
	.long	.Linfo_string7                  @ DW_AT_name
	.long	55                              @ DW_AT_type
                                        @ DW_AT_external
	.byte	2                               @ DW_AT_decl_file
	.byte	28                              @ DW_AT_decl_line
	.byte	5                               @ DW_AT_location
	.byte	3
	.long	PllClock
	.byte	5                               @ Abbrev [5] 0x6b:0xd DW_TAG_variable
	.long	120                             @ DW_AT_type
	.byte	2                               @ DW_AT_decl_file
	.byte	219                             @ DW_AT_decl_line
	.byte	5                               @ DW_AT_location
	.byte	3
	.long	.L.str
	.byte	6                               @ Abbrev [6] 0x78:0xc DW_TAG_array_type
	.long	132                             @ DW_AT_type
	.byte	7                               @ Abbrev [7] 0x7d:0x6 DW_TAG_subrange_type
	.long	139                             @ DW_AT_type
	.byte	4                               @ DW_AT_count
	.byte	0                               @ End Of Children Mark
	.byte	4                               @ Abbrev [4] 0x84:0x7 DW_TAG_base_type
	.long	.Linfo_string8                  @ DW_AT_name
	.byte	8                               @ DW_AT_encoding
	.byte	1                               @ DW_AT_byte_size
	.byte	8                               @ Abbrev [8] 0x8b:0x7 DW_TAG_base_type
	.long	.Linfo_string9                  @ DW_AT_name
	.byte	8                               @ DW_AT_byte_size
	.byte	7                               @ DW_AT_encoding
	.byte	5                               @ Abbrev [5] 0x92:0xd DW_TAG_variable
	.long	159                             @ DW_AT_type
	.byte	2                               @ DW_AT_decl_file
	.byte	219                             @ DW_AT_decl_line
	.byte	5                               @ DW_AT_location
	.byte	3
	.long	.L.str.1
	.byte	6                               @ Abbrev [6] 0x9f:0xc DW_TAG_array_type
	.long	132                             @ DW_AT_type
	.byte	7                               @ Abbrev [7] 0xa4:0x6 DW_TAG_subrange_type
	.long	139                             @ DW_AT_type
	.byte	6                               @ DW_AT_count
	.byte	0                               @ End Of Children Mark
	.byte	5                               @ Abbrev [5] 0xab:0xd DW_TAG_variable
	.long	184                             @ DW_AT_type
	.byte	2                               @ DW_AT_decl_file
	.byte	219                             @ DW_AT_decl_line
	.byte	5                               @ DW_AT_location
	.byte	3
	.long	.L.str.2
	.byte	6                               @ Abbrev [6] 0xb8:0xc DW_TAG_array_type
	.long	132                             @ DW_AT_type
	.byte	7                               @ Abbrev [7] 0xbd:0x6 DW_TAG_subrange_type
	.long	139                             @ DW_AT_type
	.byte	5                               @ DW_AT_count
	.byte	0                               @ End Of Children Mark
	.byte	5                               @ Abbrev [5] 0xc4:0xd DW_TAG_variable
	.long	184                             @ DW_AT_type
	.byte	2                               @ DW_AT_decl_file
	.byte	219                             @ DW_AT_decl_line
	.byte	5                               @ DW_AT_location
	.byte	3
	.long	.L.str.3
	.byte	5                               @ Abbrev [5] 0xd1:0xd DW_TAG_variable
	.long	184                             @ DW_AT_type
	.byte	2                               @ DW_AT_decl_file
	.byte	219                             @ DW_AT_decl_line
	.byte	5                               @ DW_AT_location
	.byte	3
	.long	.L.str.4
	.byte	5                               @ Abbrev [5] 0xde:0xd DW_TAG_variable
	.long	159                             @ DW_AT_type
	.byte	2                               @ DW_AT_decl_file
	.byte	219                             @ DW_AT_decl_line
	.byte	5                               @ DW_AT_location
	.byte	3
	.long	.L.str.5
	.byte	5                               @ Abbrev [5] 0xeb:0xd DW_TAG_variable
	.long	184                             @ DW_AT_type
	.byte	2                               @ DW_AT_decl_file
	.byte	220                             @ DW_AT_decl_line
	.byte	5                               @ DW_AT_location
	.byte	3
	.long	.L.str.6
	.byte	5                               @ Abbrev [5] 0xf8:0xd DW_TAG_variable
	.long	184                             @ DW_AT_type
	.byte	2                               @ DW_AT_decl_file
	.byte	220                             @ DW_AT_decl_line
	.byte	5                               @ DW_AT_location
	.byte	3
	.long	.L.str.7
	.byte	5                               @ Abbrev [5] 0x105:0xd DW_TAG_variable
	.long	184                             @ DW_AT_type
	.byte	2                               @ DW_AT_decl_file
	.byte	220                             @ DW_AT_decl_line
	.byte	5                               @ DW_AT_location
	.byte	3
	.long	.L.str.8
	.byte	5                               @ Abbrev [5] 0x112:0xd DW_TAG_variable
	.long	120                             @ DW_AT_type
	.byte	2                               @ DW_AT_decl_file
	.byte	220                             @ DW_AT_decl_line
	.byte	5                               @ DW_AT_location
	.byte	3
	.long	.L.str.9
	.byte	5                               @ Abbrev [5] 0x11f:0xd DW_TAG_variable
	.long	120                             @ DW_AT_type
	.byte	2                               @ DW_AT_decl_file
	.byte	220                             @ DW_AT_decl_line
	.byte	5                               @ DW_AT_location
	.byte	3
	.long	.L.str.10
	.byte	5                               @ Abbrev [5] 0x12c:0xd DW_TAG_variable
	.long	159                             @ DW_AT_type
	.byte	2                               @ DW_AT_decl_file
	.byte	221                             @ DW_AT_decl_line
	.byte	5                               @ DW_AT_location
	.byte	3
	.long	.L.str.11
	.byte	5                               @ Abbrev [5] 0x139:0xd DW_TAG_variable
	.long	159                             @ DW_AT_type
	.byte	2                               @ DW_AT_decl_file
	.byte	221                             @ DW_AT_decl_line
	.byte	5                               @ DW_AT_location
	.byte	3
	.long	.L.str.12
	.byte	5                               @ Abbrev [5] 0x146:0xd DW_TAG_variable
	.long	120                             @ DW_AT_type
	.byte	2                               @ DW_AT_decl_file
	.byte	221                             @ DW_AT_decl_line
	.byte	5                               @ DW_AT_location
	.byte	3
	.long	.L.str.13
	.byte	5                               @ Abbrev [5] 0x153:0xd DW_TAG_variable
	.long	159                             @ DW_AT_type
	.byte	2                               @ DW_AT_decl_file
	.byte	221                             @ DW_AT_decl_line
	.byte	5                               @ DW_AT_location
	.byte	3
	.long	.L.str.14
	.byte	5                               @ Abbrev [5] 0x160:0xd DW_TAG_variable
	.long	120                             @ DW_AT_type
	.byte	2                               @ DW_AT_decl_file
	.byte	221                             @ DW_AT_decl_line
	.byte	5                               @ DW_AT_location
	.byte	3
	.long	.L.str.15
	.byte	5                               @ Abbrev [5] 0x16d:0xd DW_TAG_variable
	.long	120                             @ DW_AT_type
	.byte	2                               @ DW_AT_decl_file
	.byte	221                             @ DW_AT_decl_line
	.byte	5                               @ DW_AT_location
	.byte	3
	.long	.L.str.16
	.byte	5                               @ Abbrev [5] 0x17a:0xd DW_TAG_variable
	.long	391                             @ DW_AT_type
	.byte	2                               @ DW_AT_decl_file
	.byte	221                             @ DW_AT_decl_line
	.byte	5                               @ DW_AT_location
	.byte	3
	.long	.L.str.17
	.byte	6                               @ Abbrev [6] 0x187:0xc DW_TAG_array_type
	.long	132                             @ DW_AT_type
	.byte	7                               @ Abbrev [7] 0x18c:0x6 DW_TAG_subrange_type
	.long	139                             @ DW_AT_type
	.byte	3                               @ DW_AT_count
	.byte	0                               @ End Of Children Mark
	.byte	5                               @ Abbrev [5] 0x193:0xd DW_TAG_variable
	.long	416                             @ DW_AT_type
	.byte	2                               @ DW_AT_decl_file
	.byte	221                             @ DW_AT_decl_line
	.byte	5                               @ DW_AT_location
	.byte	3
	.long	.L.str.18
	.byte	6                               @ Abbrev [6] 0x1a0:0xc DW_TAG_array_type
	.long	132                             @ DW_AT_type
	.byte	7                               @ Abbrev [7] 0x1a5:0x6 DW_TAG_subrange_type
	.long	139                             @ DW_AT_type
	.byte	7                               @ DW_AT_count
	.byte	0                               @ End Of Children Mark
	.byte	5                               @ Abbrev [5] 0x1ac:0xd DW_TAG_variable
	.long	441                             @ DW_AT_type
	.byte	2                               @ DW_AT_decl_file
	.byte	238                             @ DW_AT_decl_line
	.byte	5                               @ DW_AT_location
	.byte	3
	.long	.L.str.19
	.byte	6                               @ Abbrev [6] 0x1b9:0xc DW_TAG_array_type
	.long	132                             @ DW_AT_type
	.byte	7                               @ Abbrev [7] 0x1be:0x6 DW_TAG_subrange_type
	.long	139                             @ DW_AT_type
	.byte	42                              @ DW_AT_count
	.byte	0                               @ End Of Children Mark
	.byte	5                               @ Abbrev [5] 0x1c5:0xd DW_TAG_variable
	.long	441                             @ DW_AT_type
	.byte	2                               @ DW_AT_decl_file
	.byte	255                             @ DW_AT_decl_line
	.byte	5                               @ DW_AT_location
	.byte	3
	.long	.L.str.20
	.byte	9                               @ Abbrev [9] 0x1d2:0x258 DW_TAG_enumeration_type
	.long	1066                            @ DW_AT_type
	.long	.Linfo_string104                @ DW_AT_name
	.byte	4                               @ DW_AT_byte_size
	.byte	3                               @ DW_AT_decl_file
	.byte	131                             @ DW_AT_decl_line
	.byte	10                              @ Abbrev [10] 0x1de:0x6 DW_TAG_enumerator
	.long	.Linfo_string11                 @ DW_AT_name
	.byte	114                             @ DW_AT_const_value
	.byte	10                              @ Abbrev [10] 0x1e4:0x6 DW_TAG_enumerator
	.long	.Linfo_string12                 @ DW_AT_name
	.byte	115                             @ DW_AT_const_value
	.byte	10                              @ Abbrev [10] 0x1ea:0x6 DW_TAG_enumerator
	.long	.Linfo_string13                 @ DW_AT_name
	.byte	123                             @ DW_AT_const_value
	.byte	10                              @ Abbrev [10] 0x1f0:0x6 DW_TAG_enumerator
	.long	.Linfo_string14                 @ DW_AT_name
	.byte	126                             @ DW_AT_const_value
	.byte	10                              @ Abbrev [10] 0x1f6:0x6 DW_TAG_enumerator
	.long	.Linfo_string15                 @ DW_AT_name
	.byte	127                             @ DW_AT_const_value
	.byte	10                              @ Abbrev [10] 0x1fc:0x6 DW_TAG_enumerator
	.long	.Linfo_string16                 @ DW_AT_name
	.byte	0                               @ DW_AT_const_value
	.byte	10                              @ Abbrev [10] 0x202:0x6 DW_TAG_enumerator
	.long	.Linfo_string17                 @ DW_AT_name
	.byte	1                               @ DW_AT_const_value
	.byte	10                              @ Abbrev [10] 0x208:0x6 DW_TAG_enumerator
	.long	.Linfo_string18                 @ DW_AT_name
	.byte	2                               @ DW_AT_const_value
	.byte	10                              @ Abbrev [10] 0x20e:0x6 DW_TAG_enumerator
	.long	.Linfo_string19                 @ DW_AT_name
	.byte	3                               @ DW_AT_const_value
	.byte	10                              @ Abbrev [10] 0x214:0x6 DW_TAG_enumerator
	.long	.Linfo_string20                 @ DW_AT_name
	.byte	4                               @ DW_AT_const_value
	.byte	10                              @ Abbrev [10] 0x21a:0x6 DW_TAG_enumerator
	.long	.Linfo_string21                 @ DW_AT_name
	.byte	5                               @ DW_AT_const_value
	.byte	10                              @ Abbrev [10] 0x220:0x6 DW_TAG_enumerator
	.long	.Linfo_string22                 @ DW_AT_name
	.byte	6                               @ DW_AT_const_value
	.byte	10                              @ Abbrev [10] 0x226:0x6 DW_TAG_enumerator
	.long	.Linfo_string23                 @ DW_AT_name
	.byte	7                               @ DW_AT_const_value
	.byte	10                              @ Abbrev [10] 0x22c:0x6 DW_TAG_enumerator
	.long	.Linfo_string24                 @ DW_AT_name
	.byte	8                               @ DW_AT_const_value
	.byte	10                              @ Abbrev [10] 0x232:0x6 DW_TAG_enumerator
	.long	.Linfo_string25                 @ DW_AT_name
	.byte	9                               @ DW_AT_const_value
	.byte	10                              @ Abbrev [10] 0x238:0x6 DW_TAG_enumerator
	.long	.Linfo_string26                 @ DW_AT_name
	.byte	10                              @ DW_AT_const_value
	.byte	10                              @ Abbrev [10] 0x23e:0x6 DW_TAG_enumerator
	.long	.Linfo_string27                 @ DW_AT_name
	.byte	11                              @ DW_AT_const_value
	.byte	10                              @ Abbrev [10] 0x244:0x6 DW_TAG_enumerator
	.long	.Linfo_string28                 @ DW_AT_name
	.byte	12                              @ DW_AT_const_value
	.byte	10                              @ Abbrev [10] 0x24a:0x6 DW_TAG_enumerator
	.long	.Linfo_string29                 @ DW_AT_name
	.byte	13                              @ DW_AT_const_value
	.byte	10                              @ Abbrev [10] 0x250:0x6 DW_TAG_enumerator
	.long	.Linfo_string30                 @ DW_AT_name
	.byte	14                              @ DW_AT_const_value
	.byte	10                              @ Abbrev [10] 0x256:0x6 DW_TAG_enumerator
	.long	.Linfo_string31                 @ DW_AT_name
	.byte	15                              @ DW_AT_const_value
	.byte	10                              @ Abbrev [10] 0x25c:0x6 DW_TAG_enumerator
	.long	.Linfo_string32                 @ DW_AT_name
	.byte	16                              @ DW_AT_const_value
	.byte	10                              @ Abbrev [10] 0x262:0x6 DW_TAG_enumerator
	.long	.Linfo_string33                 @ DW_AT_name
	.byte	17                              @ DW_AT_const_value
	.byte	10                              @ Abbrev [10] 0x268:0x6 DW_TAG_enumerator
	.long	.Linfo_string34                 @ DW_AT_name
	.byte	18                              @ DW_AT_const_value
	.byte	10                              @ Abbrev [10] 0x26e:0x6 DW_TAG_enumerator
	.long	.Linfo_string35                 @ DW_AT_name
	.byte	19                              @ DW_AT_const_value
	.byte	10                              @ Abbrev [10] 0x274:0x6 DW_TAG_enumerator
	.long	.Linfo_string36                 @ DW_AT_name
	.byte	20                              @ DW_AT_const_value
	.byte	10                              @ Abbrev [10] 0x27a:0x6 DW_TAG_enumerator
	.long	.Linfo_string37                 @ DW_AT_name
	.byte	21                              @ DW_AT_const_value
	.byte	10                              @ Abbrev [10] 0x280:0x6 DW_TAG_enumerator
	.long	.Linfo_string38                 @ DW_AT_name
	.byte	22                              @ DW_AT_const_value
	.byte	10                              @ Abbrev [10] 0x286:0x6 DW_TAG_enumerator
	.long	.Linfo_string39                 @ DW_AT_name
	.byte	23                              @ DW_AT_const_value
	.byte	10                              @ Abbrev [10] 0x28c:0x6 DW_TAG_enumerator
	.long	.Linfo_string40                 @ DW_AT_name
	.byte	24                              @ DW_AT_const_value
	.byte	10                              @ Abbrev [10] 0x292:0x6 DW_TAG_enumerator
	.long	.Linfo_string41                 @ DW_AT_name
	.byte	25                              @ DW_AT_const_value
	.byte	10                              @ Abbrev [10] 0x298:0x6 DW_TAG_enumerator
	.long	.Linfo_string42                 @ DW_AT_name
	.byte	26                              @ DW_AT_const_value
	.byte	10                              @ Abbrev [10] 0x29e:0x6 DW_TAG_enumerator
	.long	.Linfo_string43                 @ DW_AT_name
	.byte	27                              @ DW_AT_const_value
	.byte	10                              @ Abbrev [10] 0x2a4:0x6 DW_TAG_enumerator
	.long	.Linfo_string44                 @ DW_AT_name
	.byte	28                              @ DW_AT_const_value
	.byte	10                              @ Abbrev [10] 0x2aa:0x6 DW_TAG_enumerator
	.long	.Linfo_string45                 @ DW_AT_name
	.byte	29                              @ DW_AT_const_value
	.byte	10                              @ Abbrev [10] 0x2b0:0x6 DW_TAG_enumerator
	.long	.Linfo_string46                 @ DW_AT_name
	.byte	30                              @ DW_AT_const_value
	.byte	10                              @ Abbrev [10] 0x2b6:0x6 DW_TAG_enumerator
	.long	.Linfo_string47                 @ DW_AT_name
	.byte	31                              @ DW_AT_const_value
	.byte	10                              @ Abbrev [10] 0x2bc:0x6 DW_TAG_enumerator
	.long	.Linfo_string48                 @ DW_AT_name
	.byte	32                              @ DW_AT_const_value
	.byte	10                              @ Abbrev [10] 0x2c2:0x6 DW_TAG_enumerator
	.long	.Linfo_string49                 @ DW_AT_name
	.byte	33                              @ DW_AT_const_value
	.byte	10                              @ Abbrev [10] 0x2c8:0x6 DW_TAG_enumerator
	.long	.Linfo_string50                 @ DW_AT_name
	.byte	34                              @ DW_AT_const_value
	.byte	10                              @ Abbrev [10] 0x2ce:0x6 DW_TAG_enumerator
	.long	.Linfo_string51                 @ DW_AT_name
	.byte	35                              @ DW_AT_const_value
	.byte	10                              @ Abbrev [10] 0x2d4:0x6 DW_TAG_enumerator
	.long	.Linfo_string52                 @ DW_AT_name
	.byte	36                              @ DW_AT_const_value
	.byte	10                              @ Abbrev [10] 0x2da:0x6 DW_TAG_enumerator
	.long	.Linfo_string53                 @ DW_AT_name
	.byte	37                              @ DW_AT_const_value
	.byte	10                              @ Abbrev [10] 0x2e0:0x6 DW_TAG_enumerator
	.long	.Linfo_string54                 @ DW_AT_name
	.byte	38                              @ DW_AT_const_value
	.byte	10                              @ Abbrev [10] 0x2e6:0x6 DW_TAG_enumerator
	.long	.Linfo_string55                 @ DW_AT_name
	.byte	39                              @ DW_AT_const_value
	.byte	10                              @ Abbrev [10] 0x2ec:0x6 DW_TAG_enumerator
	.long	.Linfo_string56                 @ DW_AT_name
	.byte	40                              @ DW_AT_const_value
	.byte	10                              @ Abbrev [10] 0x2f2:0x6 DW_TAG_enumerator
	.long	.Linfo_string57                 @ DW_AT_name
	.byte	41                              @ DW_AT_const_value
	.byte	10                              @ Abbrev [10] 0x2f8:0x6 DW_TAG_enumerator
	.long	.Linfo_string58                 @ DW_AT_name
	.byte	42                              @ DW_AT_const_value
	.byte	10                              @ Abbrev [10] 0x2fe:0x6 DW_TAG_enumerator
	.long	.Linfo_string59                 @ DW_AT_name
	.byte	43                              @ DW_AT_const_value
	.byte	10                              @ Abbrev [10] 0x304:0x6 DW_TAG_enumerator
	.long	.Linfo_string60                 @ DW_AT_name
	.byte	44                              @ DW_AT_const_value
	.byte	10                              @ Abbrev [10] 0x30a:0x6 DW_TAG_enumerator
	.long	.Linfo_string61                 @ DW_AT_name
	.byte	46                              @ DW_AT_const_value
	.byte	10                              @ Abbrev [10] 0x310:0x6 DW_TAG_enumerator
	.long	.Linfo_string62                 @ DW_AT_name
	.byte	47                              @ DW_AT_const_value
	.byte	10                              @ Abbrev [10] 0x316:0x6 DW_TAG_enumerator
	.long	.Linfo_string63                 @ DW_AT_name
	.byte	48                              @ DW_AT_const_value
	.byte	10                              @ Abbrev [10] 0x31c:0x6 DW_TAG_enumerator
	.long	.Linfo_string64                 @ DW_AT_name
	.byte	49                              @ DW_AT_const_value
	.byte	10                              @ Abbrev [10] 0x322:0x6 DW_TAG_enumerator
	.long	.Linfo_string65                 @ DW_AT_name
	.byte	51                              @ DW_AT_const_value
	.byte	10                              @ Abbrev [10] 0x328:0x6 DW_TAG_enumerator
	.long	.Linfo_string66                 @ DW_AT_name
	.byte	52                              @ DW_AT_const_value
	.byte	10                              @ Abbrev [10] 0x32e:0x6 DW_TAG_enumerator
	.long	.Linfo_string67                 @ DW_AT_name
	.byte	53                              @ DW_AT_const_value
	.byte	10                              @ Abbrev [10] 0x334:0x6 DW_TAG_enumerator
	.long	.Linfo_string68                 @ DW_AT_name
	.byte	54                              @ DW_AT_const_value
	.byte	10                              @ Abbrev [10] 0x33a:0x6 DW_TAG_enumerator
	.long	.Linfo_string69                 @ DW_AT_name
	.byte	55                              @ DW_AT_const_value
	.byte	10                              @ Abbrev [10] 0x340:0x6 DW_TAG_enumerator
	.long	.Linfo_string70                 @ DW_AT_name
	.byte	56                              @ DW_AT_const_value
	.byte	10                              @ Abbrev [10] 0x346:0x6 DW_TAG_enumerator
	.long	.Linfo_string71                 @ DW_AT_name
	.byte	58                              @ DW_AT_const_value
	.byte	10                              @ Abbrev [10] 0x34c:0x6 DW_TAG_enumerator
	.long	.Linfo_string72                 @ DW_AT_name
	.byte	59                              @ DW_AT_const_value
	.byte	10                              @ Abbrev [10] 0x352:0x6 DW_TAG_enumerator
	.long	.Linfo_string73                 @ DW_AT_name
	.byte	60                              @ DW_AT_const_value
	.byte	10                              @ Abbrev [10] 0x358:0x6 DW_TAG_enumerator
	.long	.Linfo_string74                 @ DW_AT_name
	.byte	62                              @ DW_AT_const_value
	.byte	10                              @ Abbrev [10] 0x35e:0x7 DW_TAG_enumerator
	.long	.Linfo_string75                 @ DW_AT_name
	.asciz	"\300"                          @ DW_AT_const_value
	.byte	10                              @ Abbrev [10] 0x365:0x7 DW_TAG_enumerator
	.long	.Linfo_string76                 @ DW_AT_name
	.asciz	"\304"                          @ DW_AT_const_value
	.byte	10                              @ Abbrev [10] 0x36c:0x7 DW_TAG_enumerator
	.long	.Linfo_string77                 @ DW_AT_name
	.asciz	"\307"                          @ DW_AT_const_value
	.byte	10                              @ Abbrev [10] 0x373:0x7 DW_TAG_enumerator
	.long	.Linfo_string78                 @ DW_AT_name
	.asciz	"\310"                          @ DW_AT_const_value
	.byte	10                              @ Abbrev [10] 0x37a:0x7 DW_TAG_enumerator
	.long	.Linfo_string79                 @ DW_AT_name
	.asciz	"\311"                          @ DW_AT_const_value
	.byte	10                              @ Abbrev [10] 0x381:0x7 DW_TAG_enumerator
	.long	.Linfo_string80                 @ DW_AT_name
	.asciz	"\312"                          @ DW_AT_const_value
	.byte	10                              @ Abbrev [10] 0x388:0x7 DW_TAG_enumerator
	.long	.Linfo_string81                 @ DW_AT_name
	.asciz	"\313"                          @ DW_AT_const_value
	.byte	10                              @ Abbrev [10] 0x38f:0x7 DW_TAG_enumerator
	.long	.Linfo_string82                 @ DW_AT_name
	.asciz	"\314"                          @ DW_AT_const_value
	.byte	10                              @ Abbrev [10] 0x396:0x7 DW_TAG_enumerator
	.long	.Linfo_string83                 @ DW_AT_name
	.asciz	"\315"                          @ DW_AT_const_value
	.byte	10                              @ Abbrev [10] 0x39d:0x7 DW_TAG_enumerator
	.long	.Linfo_string84                 @ DW_AT_name
	.asciz	"\316"                          @ DW_AT_const_value
	.byte	10                              @ Abbrev [10] 0x3a4:0x7 DW_TAG_enumerator
	.long	.Linfo_string85                 @ DW_AT_name
	.asciz	"\317"                          @ DW_AT_const_value
	.byte	10                              @ Abbrev [10] 0x3ab:0x7 DW_TAG_enumerator
	.long	.Linfo_string86                 @ DW_AT_name
	.asciz	"\322"                          @ DW_AT_const_value
	.byte	10                              @ Abbrev [10] 0x3b2:0x7 DW_TAG_enumerator
	.long	.Linfo_string87                 @ DW_AT_name
	.asciz	"\324"                          @ DW_AT_const_value
	.byte	10                              @ Abbrev [10] 0x3b9:0x7 DW_TAG_enumerator
	.long	.Linfo_string88                 @ DW_AT_name
	.asciz	"\325"                          @ DW_AT_const_value
	.byte	10                              @ Abbrev [10] 0x3c0:0x7 DW_TAG_enumerator
	.long	.Linfo_string89                 @ DW_AT_name
	.asciz	"\326"                          @ DW_AT_const_value
	.byte	10                              @ Abbrev [10] 0x3c7:0x7 DW_TAG_enumerator
	.long	.Linfo_string90                 @ DW_AT_name
	.asciz	"\327"                          @ DW_AT_const_value
	.byte	10                              @ Abbrev [10] 0x3ce:0x7 DW_TAG_enumerator
	.long	.Linfo_string91                 @ DW_AT_name
	.asciz	"\330"                          @ DW_AT_const_value
	.byte	10                              @ Abbrev [10] 0x3d5:0x7 DW_TAG_enumerator
	.long	.Linfo_string92                 @ DW_AT_name
	.asciz	"\331"                          @ DW_AT_const_value
	.byte	10                              @ Abbrev [10] 0x3dc:0x7 DW_TAG_enumerator
	.long	.Linfo_string93                 @ DW_AT_name
	.asciz	"\342"                          @ DW_AT_const_value
	.byte	10                              @ Abbrev [10] 0x3e3:0x7 DW_TAG_enumerator
	.long	.Linfo_string94                 @ DW_AT_name
	.asciz	"\343"                          @ DW_AT_const_value
	.byte	10                              @ Abbrev [10] 0x3ea:0x7 DW_TAG_enumerator
	.long	.Linfo_string95                 @ DW_AT_name
	.asciz	"\344"                          @ DW_AT_const_value
	.byte	10                              @ Abbrev [10] 0x3f1:0x7 DW_TAG_enumerator
	.long	.Linfo_string96                 @ DW_AT_name
	.asciz	"\345"                          @ DW_AT_const_value
	.byte	10                              @ Abbrev [10] 0x3f8:0x7 DW_TAG_enumerator
	.long	.Linfo_string97                 @ DW_AT_name
	.asciz	"\355"                          @ DW_AT_const_value
	.byte	10                              @ Abbrev [10] 0x3ff:0x7 DW_TAG_enumerator
	.long	.Linfo_string98                 @ DW_AT_name
	.asciz	"\356"                          @ DW_AT_const_value
	.byte	10                              @ Abbrev [10] 0x406:0x7 DW_TAG_enumerator
	.long	.Linfo_string99                 @ DW_AT_name
	.asciz	"\357"                          @ DW_AT_const_value
	.byte	10                              @ Abbrev [10] 0x40d:0x7 DW_TAG_enumerator
	.long	.Linfo_string100                @ DW_AT_name
	.asciz	"\360"                          @ DW_AT_const_value
	.byte	10                              @ Abbrev [10] 0x414:0x7 DW_TAG_enumerator
	.long	.Linfo_string101                @ DW_AT_name
	.asciz	"\361"                          @ DW_AT_const_value
	.byte	10                              @ Abbrev [10] 0x41b:0x7 DW_TAG_enumerator
	.long	.Linfo_string102                @ DW_AT_name
	.asciz	"\362"                          @ DW_AT_const_value
	.byte	10                              @ Abbrev [10] 0x422:0x7 DW_TAG_enumerator
	.long	.Linfo_string103                @ DW_AT_name
	.asciz	"\363"                          @ DW_AT_const_value
	.byte	0                               @ End Of Children Mark
	.byte	4                               @ Abbrev [4] 0x42a:0x7 DW_TAG_base_type
	.long	.Linfo_string10                 @ DW_AT_name
	.byte	5                               @ DW_AT_encoding
	.byte	4                               @ DW_AT_byte_size
	.byte	11                              @ Abbrev [11] 0x431:0x5 DW_TAG_pointer_type
	.long	1078                            @ DW_AT_type
	.byte	12                              @ Abbrev [12] 0x436:0xc DW_TAG_typedef
	.long	1090                            @ DW_AT_type
	.long	.Linfo_string170                @ DW_AT_name
	.byte	4                               @ DW_AT_decl_file
	.short	1960                            @ DW_AT_decl_line
	.byte	13                              @ Abbrev [13] 0x442:0x367 DW_TAG_structure_type
	.short	4096                            @ DW_AT_byte_size
	.byte	4                               @ DW_AT_decl_file
	.short	644                             @ DW_AT_decl_line
	.byte	14                              @ Abbrev [14] 0x448:0xd DW_TAG_member
	.long	.Linfo_string105                @ DW_AT_name
	.long	1961                            @ DW_AT_type
	.byte	4                               @ DW_AT_decl_file
	.short	1894                            @ DW_AT_decl_line
	.byte	0                               @ DW_AT_data_member_location
	.byte	14                              @ Abbrev [14] 0x455:0xd DW_TAG_member
	.long	.Linfo_string106                @ DW_AT_name
	.long	1978                            @ DW_AT_type
	.byte	4                               @ DW_AT_decl_file
	.short	1895                            @ DW_AT_decl_line
	.byte	28                              @ DW_AT_data_member_location
	.byte	14                              @ Abbrev [14] 0x462:0xd DW_TAG_member
	.long	.Linfo_string107                @ DW_AT_name
	.long	1973                            @ DW_AT_type
	.byte	4                               @ DW_AT_decl_file
	.short	1896                            @ DW_AT_decl_line
	.byte	36                              @ DW_AT_data_member_location
	.byte	14                              @ Abbrev [14] 0x46f:0xd DW_TAG_member
	.long	.Linfo_string108                @ DW_AT_name
	.long	1990                            @ DW_AT_type
	.byte	4                               @ DW_AT_decl_file
	.short	1897                            @ DW_AT_decl_line
	.byte	40                              @ DW_AT_data_member_location
	.byte	14                              @ Abbrev [14] 0x47c:0xd DW_TAG_member
	.long	.Linfo_string109                @ DW_AT_name
	.long	1973                            @ DW_AT_type
	.byte	4                               @ DW_AT_decl_file
	.short	1898                            @ DW_AT_decl_line
	.byte	44                              @ DW_AT_data_member_location
	.byte	14                              @ Abbrev [14] 0x489:0xd DW_TAG_member
	.long	.Linfo_string110                @ DW_AT_name
	.long	1973                            @ DW_AT_type
	.byte	4                               @ DW_AT_decl_file
	.short	1899                            @ DW_AT_decl_line
	.byte	48                              @ DW_AT_data_member_location
	.byte	14                              @ Abbrev [14] 0x496:0xd DW_TAG_member
	.long	.Linfo_string111                @ DW_AT_name
	.long	1990                            @ DW_AT_type
	.byte	4                               @ DW_AT_decl_file
	.short	1900                            @ DW_AT_decl_line
	.byte	52                              @ DW_AT_data_member_location
	.byte	14                              @ Abbrev [14] 0x4a3:0xd DW_TAG_member
	.long	.Linfo_string112                @ DW_AT_name
	.long	1990                            @ DW_AT_type
	.byte	4                               @ DW_AT_decl_file
	.short	1901                            @ DW_AT_decl_line
	.byte	56                              @ DW_AT_data_member_location
	.byte	14                              @ Abbrev [14] 0x4b0:0xd DW_TAG_member
	.long	.Linfo_string113                @ DW_AT_name
	.long	1990                            @ DW_AT_type
	.byte	4                               @ DW_AT_decl_file
	.short	1902                            @ DW_AT_decl_line
	.byte	60                              @ DW_AT_data_member_location
	.byte	14                              @ Abbrev [14] 0x4bd:0xd DW_TAG_member
	.long	.Linfo_string114                @ DW_AT_name
	.long	1990                            @ DW_AT_type
	.byte	4                               @ DW_AT_decl_file
	.short	1903                            @ DW_AT_decl_line
	.byte	64                              @ DW_AT_data_member_location
	.byte	14                              @ Abbrev [14] 0x4ca:0xd DW_TAG_member
	.long	.Linfo_string115                @ DW_AT_name
	.long	1990                            @ DW_AT_type
	.byte	4                               @ DW_AT_decl_file
	.short	1904                            @ DW_AT_decl_line
	.byte	68                              @ DW_AT_data_member_location
	.byte	14                              @ Abbrev [14] 0x4d7:0xd DW_TAG_member
	.long	.Linfo_string116                @ DW_AT_name
	.long	1990                            @ DW_AT_type
	.byte	4                               @ DW_AT_decl_file
	.short	1905                            @ DW_AT_decl_line
	.byte	72                              @ DW_AT_data_member_location
	.byte	14                              @ Abbrev [14] 0x4e4:0xd DW_TAG_member
	.long	.Linfo_string117                @ DW_AT_name
	.long	1990                            @ DW_AT_type
	.byte	4                               @ DW_AT_decl_file
	.short	1906                            @ DW_AT_decl_line
	.byte	76                              @ DW_AT_data_member_location
	.byte	14                              @ Abbrev [14] 0x4f1:0xd DW_TAG_member
	.long	.Linfo_string118                @ DW_AT_name
	.long	1990                            @ DW_AT_type
	.byte	4                               @ DW_AT_decl_file
	.short	1907                            @ DW_AT_decl_line
	.byte	80                              @ DW_AT_data_member_location
	.byte	14                              @ Abbrev [14] 0x4fe:0xd DW_TAG_member
	.long	.Linfo_string119                @ DW_AT_name
	.long	1990                            @ DW_AT_type
	.byte	4                               @ DW_AT_decl_file
	.short	1908                            @ DW_AT_decl_line
	.byte	84                              @ DW_AT_data_member_location
	.byte	14                              @ Abbrev [14] 0x50b:0xd DW_TAG_member
	.long	.Linfo_string120                @ DW_AT_name
	.long	1990                            @ DW_AT_type
	.byte	4                               @ DW_AT_decl_file
	.short	1909                            @ DW_AT_decl_line
	.byte	88                              @ DW_AT_data_member_location
	.byte	14                              @ Abbrev [14] 0x518:0xd DW_TAG_member
	.long	.Linfo_string121                @ DW_AT_name
	.long	1990                            @ DW_AT_type
	.byte	4                               @ DW_AT_decl_file
	.short	1910                            @ DW_AT_decl_line
	.byte	92                              @ DW_AT_data_member_location
	.byte	14                              @ Abbrev [14] 0x525:0xd DW_TAG_member
	.long	.Linfo_string122                @ DW_AT_name
	.long	1990                            @ DW_AT_type
	.byte	4                               @ DW_AT_decl_file
	.short	1911                            @ DW_AT_decl_line
	.byte	96                              @ DW_AT_data_member_location
	.byte	14                              @ Abbrev [14] 0x532:0xd DW_TAG_member
	.long	.Linfo_string123                @ DW_AT_name
	.long	1990                            @ DW_AT_type
	.byte	4                               @ DW_AT_decl_file
	.short	1912                            @ DW_AT_decl_line
	.byte	100                             @ DW_AT_data_member_location
	.byte	14                              @ Abbrev [14] 0x53f:0xd DW_TAG_member
	.long	.Linfo_string124                @ DW_AT_name
	.long	1990                            @ DW_AT_type
	.byte	4                               @ DW_AT_decl_file
	.short	1913                            @ DW_AT_decl_line
	.byte	104                             @ DW_AT_data_member_location
	.byte	14                              @ Abbrev [14] 0x54c:0xd DW_TAG_member
	.long	.Linfo_string125                @ DW_AT_name
	.long	1978                            @ DW_AT_type
	.byte	4                               @ DW_AT_decl_file
	.short	1914                            @ DW_AT_decl_line
	.byte	108                             @ DW_AT_data_member_location
	.byte	14                              @ Abbrev [14] 0x559:0xd DW_TAG_member
	.long	.Linfo_string126                @ DW_AT_name
	.long	1990                            @ DW_AT_type
	.byte	4                               @ DW_AT_decl_file
	.short	1915                            @ DW_AT_decl_line
	.byte	116                             @ DW_AT_data_member_location
	.byte	14                              @ Abbrev [14] 0x566:0xd DW_TAG_member
	.long	.Linfo_string127                @ DW_AT_name
	.long	1990                            @ DW_AT_type
	.byte	4                               @ DW_AT_decl_file
	.short	1916                            @ DW_AT_decl_line
	.byte	120                             @ DW_AT_data_member_location
	.byte	14                              @ Abbrev [14] 0x573:0xd DW_TAG_member
	.long	.Linfo_string128                @ DW_AT_name
	.long	1990                            @ DW_AT_type
	.byte	4                               @ DW_AT_decl_file
	.short	1917                            @ DW_AT_decl_line
	.byte	124                             @ DW_AT_data_member_location
	.byte	14                              @ Abbrev [14] 0x580:0xd DW_TAG_member
	.long	.Linfo_string129                @ DW_AT_name
	.long	1990                            @ DW_AT_type
	.byte	4                               @ DW_AT_decl_file
	.short	1918                            @ DW_AT_decl_line
	.byte	128                             @ DW_AT_data_member_location
	.byte	14                              @ Abbrev [14] 0x58d:0xd DW_TAG_member
	.long	.Linfo_string130                @ DW_AT_name
	.long	1990                            @ DW_AT_type
	.byte	4                               @ DW_AT_decl_file
	.short	1919                            @ DW_AT_decl_line
	.byte	132                             @ DW_AT_data_member_location
	.byte	14                              @ Abbrev [14] 0x59a:0xd DW_TAG_member
	.long	.Linfo_string131                @ DW_AT_name
	.long	1990                            @ DW_AT_type
	.byte	4                               @ DW_AT_decl_file
	.short	1920                            @ DW_AT_decl_line
	.byte	136                             @ DW_AT_data_member_location
	.byte	14                              @ Abbrev [14] 0x5a7:0xd DW_TAG_member
	.long	.Linfo_string132                @ DW_AT_name
	.long	1990                            @ DW_AT_type
	.byte	4                               @ DW_AT_decl_file
	.short	1921                            @ DW_AT_decl_line
	.byte	140                             @ DW_AT_data_member_location
	.byte	14                              @ Abbrev [14] 0x5b4:0xd DW_TAG_member
	.long	.Linfo_string133                @ DW_AT_name
	.long	1990                            @ DW_AT_type
	.byte	4                               @ DW_AT_decl_file
	.short	1922                            @ DW_AT_decl_line
	.byte	144                             @ DW_AT_data_member_location
	.byte	14                              @ Abbrev [14] 0x5c1:0xd DW_TAG_member
	.long	.Linfo_string134                @ DW_AT_name
	.long	1990                            @ DW_AT_type
	.byte	4                               @ DW_AT_decl_file
	.short	1923                            @ DW_AT_decl_line
	.byte	148                             @ DW_AT_data_member_location
	.byte	14                              @ Abbrev [14] 0x5ce:0xd DW_TAG_member
	.long	.Linfo_string135                @ DW_AT_name
	.long	1990                            @ DW_AT_type
	.byte	4                               @ DW_AT_decl_file
	.short	1924                            @ DW_AT_decl_line
	.byte	152                             @ DW_AT_data_member_location
	.byte	14                              @ Abbrev [14] 0x5db:0xd DW_TAG_member
	.long	.Linfo_string136                @ DW_AT_name
	.long	1990                            @ DW_AT_type
	.byte	4                               @ DW_AT_decl_file
	.short	1925                            @ DW_AT_decl_line
	.byte	156                             @ DW_AT_data_member_location
	.byte	14                              @ Abbrev [14] 0x5e8:0xd DW_TAG_member
	.long	.Linfo_string137                @ DW_AT_name
	.long	1990                            @ DW_AT_type
	.byte	4                               @ DW_AT_decl_file
	.short	1926                            @ DW_AT_decl_line
	.byte	160                             @ DW_AT_data_member_location
	.byte	14                              @ Abbrev [14] 0x5f5:0xd DW_TAG_member
	.long	.Linfo_string138                @ DW_AT_name
	.long	1990                            @ DW_AT_type
	.byte	4                               @ DW_AT_decl_file
	.short	1927                            @ DW_AT_decl_line
	.byte	164                             @ DW_AT_data_member_location
	.byte	14                              @ Abbrev [14] 0x602:0xd DW_TAG_member
	.long	.Linfo_string139                @ DW_AT_name
	.long	1990                            @ DW_AT_type
	.byte	4                               @ DW_AT_decl_file
	.short	1928                            @ DW_AT_decl_line
	.byte	168                             @ DW_AT_data_member_location
	.byte	14                              @ Abbrev [14] 0x60f:0xd DW_TAG_member
	.long	.Linfo_string140                @ DW_AT_name
	.long	1990                            @ DW_AT_type
	.byte	4                               @ DW_AT_decl_file
	.short	1929                            @ DW_AT_decl_line
	.byte	172                             @ DW_AT_data_member_location
	.byte	14                              @ Abbrev [14] 0x61c:0xd DW_TAG_member
	.long	.Linfo_string141                @ DW_AT_name
	.long	1990                            @ DW_AT_type
	.byte	4                               @ DW_AT_decl_file
	.short	1930                            @ DW_AT_decl_line
	.byte	176                             @ DW_AT_data_member_location
	.byte	14                              @ Abbrev [14] 0x629:0xd DW_TAG_member
	.long	.Linfo_string142                @ DW_AT_name
	.long	1990                            @ DW_AT_type
	.byte	4                               @ DW_AT_decl_file
	.short	1931                            @ DW_AT_decl_line
	.byte	180                             @ DW_AT_data_member_location
	.byte	14                              @ Abbrev [14] 0x636:0xd DW_TAG_member
	.long	.Linfo_string143                @ DW_AT_name
	.long	1990                            @ DW_AT_type
	.byte	4                               @ DW_AT_decl_file
	.short	1932                            @ DW_AT_decl_line
	.byte	184                             @ DW_AT_data_member_location
	.byte	14                              @ Abbrev [14] 0x643:0xd DW_TAG_member
	.long	.Linfo_string144                @ DW_AT_name
	.long	1990                            @ DW_AT_type
	.byte	4                               @ DW_AT_decl_file
	.short	1933                            @ DW_AT_decl_line
	.byte	188                             @ DW_AT_data_member_location
	.byte	14                              @ Abbrev [14] 0x650:0xd DW_TAG_member
	.long	.Linfo_string145                @ DW_AT_name
	.long	1990                            @ DW_AT_type
	.byte	4                               @ DW_AT_decl_file
	.short	1934                            @ DW_AT_decl_line
	.byte	192                             @ DW_AT_data_member_location
	.byte	14                              @ Abbrev [14] 0x65d:0xd DW_TAG_member
	.long	.Linfo_string146                @ DW_AT_name
	.long	1990                            @ DW_AT_type
	.byte	4                               @ DW_AT_decl_file
	.short	1935                            @ DW_AT_decl_line
	.byte	196                             @ DW_AT_data_member_location
	.byte	14                              @ Abbrev [14] 0x66a:0xd DW_TAG_member
	.long	.Linfo_string147                @ DW_AT_name
	.long	1990                            @ DW_AT_type
	.byte	4                               @ DW_AT_decl_file
	.short	1936                            @ DW_AT_decl_line
	.byte	200                             @ DW_AT_data_member_location
	.byte	14                              @ Abbrev [14] 0x677:0xd DW_TAG_member
	.long	.Linfo_string148                @ DW_AT_name
	.long	1995                            @ DW_AT_type
	.byte	4                               @ DW_AT_decl_file
	.short	1937                            @ DW_AT_decl_line
	.byte	204                             @ DW_AT_data_member_location
	.byte	14                              @ Abbrev [14] 0x684:0xd DW_TAG_member
	.long	.Linfo_string149                @ DW_AT_name
	.long	1973                            @ DW_AT_type
	.byte	4                               @ DW_AT_decl_file
	.short	1938                            @ DW_AT_decl_line
	.byte	240                             @ DW_AT_data_member_location
	.byte	14                              @ Abbrev [14] 0x691:0xd DW_TAG_member
	.long	.Linfo_string150                @ DW_AT_name
	.long	2007                            @ DW_AT_type
	.byte	4                               @ DW_AT_decl_file
	.short	1939                            @ DW_AT_decl_line
	.byte	244                             @ DW_AT_data_member_location
	.byte	15                              @ Abbrev [15] 0x69e:0xe DW_TAG_member
	.long	.Linfo_string151                @ DW_AT_name
	.long	1961                            @ DW_AT_type
	.byte	4                               @ DW_AT_decl_file
	.short	1940                            @ DW_AT_decl_line
	.short	256                             @ DW_AT_data_member_location
	.byte	15                              @ Abbrev [15] 0x6ac:0xe DW_TAG_member
	.long	.Linfo_string152                @ DW_AT_name
	.long	2019                            @ DW_AT_type
	.byte	4                               @ DW_AT_decl_file
	.short	1941                            @ DW_AT_decl_line
	.short	284                             @ DW_AT_data_member_location
	.byte	15                              @ Abbrev [15] 0x6ba:0xe DW_TAG_member
	.long	.Linfo_string153                @ DW_AT_name
	.long	1973                            @ DW_AT_type
	.byte	4                               @ DW_AT_decl_file
	.short	1942                            @ DW_AT_decl_line
	.short	288                             @ DW_AT_data_member_location
	.byte	15                              @ Abbrev [15] 0x6c8:0xe DW_TAG_member
	.long	.Linfo_string154                @ DW_AT_name
	.long	1973                            @ DW_AT_type
	.byte	4                               @ DW_AT_decl_file
	.short	1943                            @ DW_AT_decl_line
	.short	292                             @ DW_AT_data_member_location
	.byte	15                              @ Abbrev [15] 0x6d6:0xe DW_TAG_member
	.long	.Linfo_string155                @ DW_AT_name
	.long	1973                            @ DW_AT_type
	.byte	4                               @ DW_AT_decl_file
	.short	1944                            @ DW_AT_decl_line
	.short	296                             @ DW_AT_data_member_location
	.byte	15                              @ Abbrev [15] 0x6e4:0xe DW_TAG_member
	.long	.Linfo_string156                @ DW_AT_name
	.long	1973                            @ DW_AT_type
	.byte	4                               @ DW_AT_decl_file
	.short	1945                            @ DW_AT_decl_line
	.short	300                             @ DW_AT_data_member_location
	.byte	15                              @ Abbrev [15] 0x6f2:0xe DW_TAG_member
	.long	.Linfo_string157                @ DW_AT_name
	.long	1973                            @ DW_AT_type
	.byte	4                               @ DW_AT_decl_file
	.short	1946                            @ DW_AT_decl_line
	.short	304                             @ DW_AT_data_member_location
	.byte	15                              @ Abbrev [15] 0x700:0xe DW_TAG_member
	.long	.Linfo_string158                @ DW_AT_name
	.long	2007                            @ DW_AT_type
	.byte	4                               @ DW_AT_decl_file
	.short	1947                            @ DW_AT_decl_line
	.short	308                             @ DW_AT_data_member_location
	.byte	15                              @ Abbrev [15] 0x70e:0xe DW_TAG_member
	.long	.Linfo_string159                @ DW_AT_name
	.long	2031                            @ DW_AT_type
	.byte	4                               @ DW_AT_decl_file
	.short	1948                            @ DW_AT_decl_line
	.short	320                             @ DW_AT_data_member_location
	.byte	15                              @ Abbrev [15] 0x71c:0xe DW_TAG_member
	.long	.Linfo_string160                @ DW_AT_name
	.long	2043                            @ DW_AT_type
	.byte	4                               @ DW_AT_decl_file
	.short	1949                            @ DW_AT_decl_line
	.short	352                             @ DW_AT_data_member_location
	.byte	15                              @ Abbrev [15] 0x72a:0xe DW_TAG_member
	.long	.Linfo_string161                @ DW_AT_name
	.long	1973                            @ DW_AT_type
	.byte	4                               @ DW_AT_decl_file
	.short	1950                            @ DW_AT_decl_line
	.short	512                             @ DW_AT_data_member_location
	.byte	15                              @ Abbrev [15] 0x738:0xe DW_TAG_member
	.long	.Linfo_string162                @ DW_AT_name
	.long	1973                            @ DW_AT_type
	.byte	4                               @ DW_AT_decl_file
	.short	1951                            @ DW_AT_decl_line
	.short	516                             @ DW_AT_data_member_location
	.byte	15                              @ Abbrev [15] 0x746:0xe DW_TAG_member
	.long	.Linfo_string163                @ DW_AT_name
	.long	1973                            @ DW_AT_type
	.byte	4                               @ DW_AT_decl_file
	.short	1952                            @ DW_AT_decl_line
	.short	520                             @ DW_AT_data_member_location
	.byte	15                              @ Abbrev [15] 0x754:0xe DW_TAG_member
	.long	.Linfo_string164                @ DW_AT_name
	.long	1973                            @ DW_AT_type
	.byte	4                               @ DW_AT_decl_file
	.short	1953                            @ DW_AT_decl_line
	.short	524                             @ DW_AT_data_member_location
	.byte	15                              @ Abbrev [15] 0x762:0xe DW_TAG_member
	.long	.Linfo_string165                @ DW_AT_name
	.long	2055                            @ DW_AT_type
	.byte	4                               @ DW_AT_decl_file
	.short	1954                            @ DW_AT_decl_line
	.short	528                             @ DW_AT_data_member_location
	.byte	15                              @ Abbrev [15] 0x770:0xe DW_TAG_member
	.long	.Linfo_string166                @ DW_AT_name
	.long	1973                            @ DW_AT_type
	.byte	4                               @ DW_AT_decl_file
	.short	1955                            @ DW_AT_decl_line
	.short	768                             @ DW_AT_data_member_location
	.byte	15                              @ Abbrev [15] 0x77e:0xe DW_TAG_member
	.long	.Linfo_string167                @ DW_AT_name
	.long	1973                            @ DW_AT_type
	.byte	4                               @ DW_AT_decl_file
	.short	1956                            @ DW_AT_decl_line
	.short	772                             @ DW_AT_data_member_location
	.byte	15                              @ Abbrev [15] 0x78c:0xe DW_TAG_member
	.long	.Linfo_string168                @ DW_AT_name
	.long	2067                            @ DW_AT_type
	.byte	4                               @ DW_AT_decl_file
	.short	1957                            @ DW_AT_decl_line
	.short	776                             @ DW_AT_data_member_location
	.byte	15                              @ Abbrev [15] 0x79a:0xe DW_TAG_member
	.long	.Linfo_string169                @ DW_AT_name
	.long	1990                            @ DW_AT_type
	.byte	4                               @ DW_AT_decl_file
	.short	1958                            @ DW_AT_decl_line
	.short	4092                            @ DW_AT_data_member_location
	.byte	0                               @ End Of Children Mark
	.byte	6                               @ Abbrev [6] 0x7a9:0xc DW_TAG_array_type
	.long	1973                            @ DW_AT_type
	.byte	7                               @ Abbrev [7] 0x7ae:0x6 DW_TAG_subrange_type
	.long	139                             @ DW_AT_type
	.byte	7                               @ DW_AT_count
	.byte	0                               @ End Of Children Mark
	.byte	16                              @ Abbrev [16] 0x7b5:0x5 DW_TAG_volatile_type
	.long	55                              @ DW_AT_type
	.byte	6                               @ Abbrev [6] 0x7ba:0xc DW_TAG_array_type
	.long	1990                            @ DW_AT_type
	.byte	7                               @ Abbrev [7] 0x7bf:0x6 DW_TAG_subrange_type
	.long	139                             @ DW_AT_type
	.byte	2                               @ DW_AT_count
	.byte	0                               @ End Of Children Mark
	.byte	17                              @ Abbrev [17] 0x7c6:0x5 DW_TAG_const_type
	.long	1973                            @ DW_AT_type
	.byte	6                               @ Abbrev [6] 0x7cb:0xc DW_TAG_array_type
	.long	1990                            @ DW_AT_type
	.byte	7                               @ Abbrev [7] 0x7d0:0x6 DW_TAG_subrange_type
	.long	139                             @ DW_AT_type
	.byte	9                               @ DW_AT_count
	.byte	0                               @ End Of Children Mark
	.byte	6                               @ Abbrev [6] 0x7d7:0xc DW_TAG_array_type
	.long	1990                            @ DW_AT_type
	.byte	7                               @ Abbrev [7] 0x7dc:0x6 DW_TAG_subrange_type
	.long	139                             @ DW_AT_type
	.byte	3                               @ DW_AT_count
	.byte	0                               @ End Of Children Mark
	.byte	6                               @ Abbrev [6] 0x7e3:0xc DW_TAG_array_type
	.long	1990                            @ DW_AT_type
	.byte	7                               @ Abbrev [7] 0x7e8:0x6 DW_TAG_subrange_type
	.long	139                             @ DW_AT_type
	.byte	1                               @ DW_AT_count
	.byte	0                               @ End Of Children Mark
	.byte	6                               @ Abbrev [6] 0x7ef:0xc DW_TAG_array_type
	.long	1973                            @ DW_AT_type
	.byte	7                               @ Abbrev [7] 0x7f4:0x6 DW_TAG_subrange_type
	.long	139                             @ DW_AT_type
	.byte	8                               @ DW_AT_count
	.byte	0                               @ End Of Children Mark
	.byte	6                               @ Abbrev [6] 0x7fb:0xc DW_TAG_array_type
	.long	1990                            @ DW_AT_type
	.byte	7                               @ Abbrev [7] 0x800:0x6 DW_TAG_subrange_type
	.long	139                             @ DW_AT_type
	.byte	40                              @ DW_AT_count
	.byte	0                               @ End Of Children Mark
	.byte	6                               @ Abbrev [6] 0x807:0xc DW_TAG_array_type
	.long	1990                            @ DW_AT_type
	.byte	7                               @ Abbrev [7] 0x80c:0x6 DW_TAG_subrange_type
	.long	139                             @ DW_AT_type
	.byte	60                              @ DW_AT_count
	.byte	0                               @ End Of Children Mark
	.byte	6                               @ Abbrev [6] 0x813:0xd DW_TAG_array_type
	.long	1990                            @ DW_AT_type
	.byte	18                              @ Abbrev [18] 0x818:0x7 DW_TAG_subrange_type
	.long	139                             @ DW_AT_type
	.short	829                             @ DW_AT_count
	.byte	0                               @ End Of Children Mark
	.byte	11                              @ Abbrev [11] 0x820:0x5 DW_TAG_pointer_type
	.long	2085                            @ DW_AT_type
	.byte	12                              @ Abbrev [12] 0x825:0xc DW_TAG_typedef
	.long	2097                            @ DW_AT_type
	.long	.Linfo_string192                @ DW_AT_name
	.byte	5                               @ DW_AT_decl_file
	.short	403                             @ DW_AT_decl_line
	.byte	19                              @ Abbrev [19] 0x831:0x176 DW_TAG_structure_type
	.short	272                             @ DW_AT_byte_size
	.byte	5                               @ DW_AT_decl_file
	.byte	26                              @ DW_AT_decl_line
	.byte	14                              @ Abbrev [14] 0x836:0xd DW_TAG_member
	.long	.Linfo_string171                @ DW_AT_name
	.long	1973                            @ DW_AT_type
	.byte	5                               @ DW_AT_decl_file
	.short	374                             @ DW_AT_decl_line
	.byte	0                               @ DW_AT_data_member_location
	.byte	14                              @ Abbrev [14] 0x843:0xd DW_TAG_member
	.long	.Linfo_string172                @ DW_AT_name
	.long	1973                            @ DW_AT_type
	.byte	5                               @ DW_AT_decl_file
	.short	375                             @ DW_AT_decl_line
	.byte	4                               @ DW_AT_data_member_location
	.byte	14                              @ Abbrev [14] 0x850:0xd DW_TAG_member
	.long	.Linfo_string173                @ DW_AT_name
	.long	1973                            @ DW_AT_type
	.byte	5                               @ DW_AT_decl_file
	.short	376                             @ DW_AT_decl_line
	.byte	8                               @ DW_AT_data_member_location
	.byte	14                              @ Abbrev [14] 0x85d:0xd DW_TAG_member
	.long	.Linfo_string174                @ DW_AT_name
	.long	1973                            @ DW_AT_type
	.byte	5                               @ DW_AT_decl_file
	.short	377                             @ DW_AT_decl_line
	.byte	12                              @ DW_AT_data_member_location
	.byte	14                              @ Abbrev [14] 0x86a:0xd DW_TAG_member
	.long	.Linfo_string175                @ DW_AT_name
	.long	1973                            @ DW_AT_type
	.byte	5                               @ DW_AT_decl_file
	.short	378                             @ DW_AT_decl_line
	.byte	16                              @ DW_AT_data_member_location
	.byte	14                              @ Abbrev [14] 0x877:0xd DW_TAG_member
	.long	.Linfo_string106                @ DW_AT_name
	.long	2471                            @ DW_AT_type
	.byte	5                               @ DW_AT_decl_file
	.short	379                             @ DW_AT_decl_line
	.byte	20                              @ DW_AT_data_member_location
	.byte	14                              @ Abbrev [14] 0x884:0xd DW_TAG_member
	.long	.Linfo_string176                @ DW_AT_name
	.long	1973                            @ DW_AT_type
	.byte	5                               @ DW_AT_decl_file
	.short	380                             @ DW_AT_decl_line
	.byte	64                              @ DW_AT_data_member_location
	.byte	14                              @ Abbrev [14] 0x891:0xd DW_TAG_member
	.long	.Linfo_string125                @ DW_AT_name
	.long	1978                            @ DW_AT_type
	.byte	5                               @ DW_AT_decl_file
	.short	381                             @ DW_AT_decl_line
	.byte	68                              @ DW_AT_data_member_location
	.byte	14                              @ Abbrev [14] 0x89e:0xd DW_TAG_member
	.long	.Linfo_string177                @ DW_AT_name
	.long	1973                            @ DW_AT_type
	.byte	5                               @ DW_AT_decl_file
	.short	382                             @ DW_AT_decl_line
	.byte	76                              @ DW_AT_data_member_location
	.byte	14                              @ Abbrev [14] 0x8ab:0xd DW_TAG_member
	.long	.Linfo_string148                @ DW_AT_name
	.long	2483                            @ DW_AT_type
	.byte	5                               @ DW_AT_decl_file
	.short	383                             @ DW_AT_decl_line
	.byte	80                              @ DW_AT_data_member_location
	.byte	14                              @ Abbrev [14] 0x8b8:0xd DW_TAG_member
	.long	.Linfo_string178                @ DW_AT_name
	.long	1973                            @ DW_AT_type
	.byte	5                               @ DW_AT_decl_file
	.short	384                             @ DW_AT_decl_line
	.byte	128                             @ DW_AT_data_member_location
	.byte	14                              @ Abbrev [14] 0x8c5:0xd DW_TAG_member
	.long	.Linfo_string179                @ DW_AT_name
	.long	1973                            @ DW_AT_type
	.byte	5                               @ DW_AT_decl_file
	.short	385                             @ DW_AT_decl_line
	.byte	132                             @ DW_AT_data_member_location
	.byte	14                              @ Abbrev [14] 0x8d2:0xd DW_TAG_member
	.long	.Linfo_string180                @ DW_AT_name
	.long	1973                            @ DW_AT_type
	.byte	5                               @ DW_AT_decl_file
	.short	386                             @ DW_AT_decl_line
	.byte	136                             @ DW_AT_data_member_location
	.byte	14                              @ Abbrev [14] 0x8df:0xd DW_TAG_member
	.long	.Linfo_string181                @ DW_AT_name
	.long	1973                            @ DW_AT_type
	.byte	5                               @ DW_AT_decl_file
	.short	387                             @ DW_AT_decl_line
	.byte	140                             @ DW_AT_data_member_location
	.byte	14                              @ Abbrev [14] 0x8ec:0xd DW_TAG_member
	.long	.Linfo_string150                @ DW_AT_name
	.long	2483                            @ DW_AT_type
	.byte	5                               @ DW_AT_decl_file
	.short	388                             @ DW_AT_decl_line
	.byte	144                             @ DW_AT_data_member_location
	.byte	14                              @ Abbrev [14] 0x8f9:0xd DW_TAG_member
	.long	.Linfo_string182                @ DW_AT_name
	.long	1990                            @ DW_AT_type
	.byte	5                               @ DW_AT_decl_file
	.short	389                             @ DW_AT_decl_line
	.byte	192                             @ DW_AT_data_member_location
	.byte	14                              @ Abbrev [14] 0x906:0xd DW_TAG_member
	.long	.Linfo_string183                @ DW_AT_name
	.long	1990                            @ DW_AT_type
	.byte	5                               @ DW_AT_decl_file
	.short	390                             @ DW_AT_decl_line
	.byte	196                             @ DW_AT_data_member_location
	.byte	14                              @ Abbrev [14] 0x913:0xd DW_TAG_member
	.long	.Linfo_string152                @ DW_AT_name
	.long	1978                            @ DW_AT_type
	.byte	5                               @ DW_AT_decl_file
	.short	391                             @ DW_AT_decl_line
	.byte	200                             @ DW_AT_data_member_location
	.byte	14                              @ Abbrev [14] 0x920:0xd DW_TAG_member
	.long	.Linfo_string184                @ DW_AT_name
	.long	1990                            @ DW_AT_type
	.byte	5                               @ DW_AT_decl_file
	.short	392                             @ DW_AT_decl_line
	.byte	208                             @ DW_AT_data_member_location
	.byte	14                              @ Abbrev [14] 0x92d:0xd DW_TAG_member
	.long	.Linfo_string185                @ DW_AT_name
	.long	1990                            @ DW_AT_type
	.byte	5                               @ DW_AT_decl_file
	.short	393                             @ DW_AT_decl_line
	.byte	212                             @ DW_AT_data_member_location
	.byte	14                              @ Abbrev [14] 0x93a:0xd DW_TAG_member
	.long	.Linfo_string186                @ DW_AT_name
	.long	1990                            @ DW_AT_type
	.byte	5                               @ DW_AT_decl_file
	.short	394                             @ DW_AT_decl_line
	.byte	216                             @ DW_AT_data_member_location
	.byte	14                              @ Abbrev [14] 0x947:0xd DW_TAG_member
	.long	.Linfo_string187                @ DW_AT_name
	.long	1990                            @ DW_AT_type
	.byte	5                               @ DW_AT_decl_file
	.short	395                             @ DW_AT_decl_line
	.byte	220                             @ DW_AT_data_member_location
	.byte	14                              @ Abbrev [14] 0x954:0xd DW_TAG_member
	.long	.Linfo_string188                @ DW_AT_name
	.long	1990                            @ DW_AT_type
	.byte	5                               @ DW_AT_decl_file
	.short	396                             @ DW_AT_decl_line
	.byte	224                             @ DW_AT_data_member_location
	.byte	14                              @ Abbrev [14] 0x961:0xd DW_TAG_member
	.long	.Linfo_string158                @ DW_AT_name
	.long	2495                            @ DW_AT_type
	.byte	5                               @ DW_AT_decl_file
	.short	397                             @ DW_AT_decl_line
	.byte	228                             @ DW_AT_data_member_location
	.byte	15                              @ Abbrev [15] 0x96e:0xe DW_TAG_member
	.long	.Linfo_string189                @ DW_AT_name
	.long	1973                            @ DW_AT_type
	.byte	5                               @ DW_AT_decl_file
	.short	398                             @ DW_AT_decl_line
	.short	256                             @ DW_AT_data_member_location
	.byte	15                              @ Abbrev [15] 0x97c:0xe DW_TAG_member
	.long	.Linfo_string160                @ DW_AT_name
	.long	1990                            @ DW_AT_type
	.byte	5                               @ DW_AT_decl_file
	.short	399                             @ DW_AT_decl_line
	.short	260                             @ DW_AT_data_member_location
	.byte	15                              @ Abbrev [15] 0x98a:0xe DW_TAG_member
	.long	.Linfo_string190                @ DW_AT_name
	.long	1973                            @ DW_AT_type
	.byte	5                               @ DW_AT_decl_file
	.short	400                             @ DW_AT_decl_line
	.short	264                             @ DW_AT_data_member_location
	.byte	15                              @ Abbrev [15] 0x998:0xe DW_TAG_member
	.long	.Linfo_string191                @ DW_AT_name
	.long	1973                            @ DW_AT_type
	.byte	5                               @ DW_AT_decl_file
	.short	401                             @ DW_AT_decl_line
	.short	268                             @ DW_AT_data_member_location
	.byte	0                               @ End Of Children Mark
	.byte	6                               @ Abbrev [6] 0x9a7:0xc DW_TAG_array_type
	.long	1990                            @ DW_AT_type
	.byte	7                               @ Abbrev [7] 0x9ac:0x6 DW_TAG_subrange_type
	.long	139                             @ DW_AT_type
	.byte	11                              @ DW_AT_count
	.byte	0                               @ End Of Children Mark
	.byte	6                               @ Abbrev [6] 0x9b3:0xc DW_TAG_array_type
	.long	1990                            @ DW_AT_type
	.byte	7                               @ Abbrev [7] 0x9b8:0x6 DW_TAG_subrange_type
	.long	139                             @ DW_AT_type
	.byte	12                              @ DW_AT_count
	.byte	0                               @ End Of Children Mark
	.byte	6                               @ Abbrev [6] 0x9bf:0xc DW_TAG_array_type
	.long	1990                            @ DW_AT_type
	.byte	7                               @ Abbrev [7] 0x9c4:0x6 DW_TAG_subrange_type
	.long	139                             @ DW_AT_type
	.byte	7                               @ DW_AT_count
	.byte	0                               @ End Of Children Mark
	.byte	11                              @ Abbrev [11] 0x9cb:0x5 DW_TAG_pointer_type
	.long	2512                            @ DW_AT_type
	.byte	12                              @ Abbrev [12] 0x9d0:0xc DW_TAG_typedef
	.long	2524                            @ DW_AT_type
	.long	.Linfo_string250                @ DW_AT_name
	.byte	6                               @ DW_AT_decl_file
	.short	1247                            @ DW_AT_decl_line
	.byte	19                              @ Abbrev [19] 0x9dc:0x360 DW_TAG_structure_type
	.short	1028                            @ DW_AT_byte_size
	.byte	6                               @ DW_AT_decl_file
	.byte	25                              @ DW_AT_decl_line
	.byte	14                              @ Abbrev [14] 0x9e1:0xd DW_TAG_member
	.long	.Linfo_string193                @ DW_AT_name
	.long	1990                            @ DW_AT_type
	.byte	6                               @ DW_AT_decl_file
	.short	1180                            @ DW_AT_decl_line
	.byte	0                               @ DW_AT_data_member_location
	.byte	14                              @ Abbrev [14] 0x9ee:0xd DW_TAG_member
	.long	.Linfo_string194                @ DW_AT_name
	.long	1973                            @ DW_AT_type
	.byte	6                               @ DW_AT_decl_file
	.short	1181                            @ DW_AT_decl_line
	.byte	4                               @ DW_AT_data_member_location
	.byte	14                              @ Abbrev [14] 0x9fb:0xd DW_TAG_member
	.long	.Linfo_string195                @ DW_AT_name
	.long	1973                            @ DW_AT_type
	.byte	6                               @ DW_AT_decl_file
	.short	1182                            @ DW_AT_decl_line
	.byte	8                               @ DW_AT_data_member_location
	.byte	14                              @ Abbrev [14] 0xa08:0xd DW_TAG_member
	.long	.Linfo_string196                @ DW_AT_name
	.long	1973                            @ DW_AT_type
	.byte	6                               @ DW_AT_decl_file
	.short	1183                            @ DW_AT_decl_line
	.byte	12                              @ DW_AT_data_member_location
	.byte	14                              @ Abbrev [14] 0xa15:0xd DW_TAG_member
	.long	.Linfo_string197                @ DW_AT_name
	.long	1973                            @ DW_AT_type
	.byte	6                               @ DW_AT_decl_file
	.short	1184                            @ DW_AT_decl_line
	.byte	16                              @ DW_AT_data_member_location
	.byte	14                              @ Abbrev [14] 0xa22:0xd DW_TAG_member
	.long	.Linfo_string106                @ DW_AT_name
	.long	2019                            @ DW_AT_type
	.byte	6                               @ DW_AT_decl_file
	.short	1185                            @ DW_AT_decl_line
	.byte	20                              @ DW_AT_data_member_location
	.byte	14                              @ Abbrev [14] 0xa2f:0xd DW_TAG_member
	.long	.Linfo_string198                @ DW_AT_name
	.long	1973                            @ DW_AT_type
	.byte	6                               @ DW_AT_decl_file
	.short	1186                            @ DW_AT_decl_line
	.byte	24                              @ DW_AT_data_member_location
	.byte	14                              @ Abbrev [14] 0xa3c:0xd DW_TAG_member
	.long	.Linfo_string199                @ DW_AT_name
	.long	1973                            @ DW_AT_type
	.byte	6                               @ DW_AT_decl_file
	.short	1187                            @ DW_AT_decl_line
	.byte	28                              @ DW_AT_data_member_location
	.byte	14                              @ Abbrev [14] 0xa49:0xd DW_TAG_member
	.long	.Linfo_string125                @ DW_AT_name
	.long	2019                            @ DW_AT_type
	.byte	6                               @ DW_AT_decl_file
	.short	1188                            @ DW_AT_decl_line
	.byte	32                              @ DW_AT_data_member_location
	.byte	14                              @ Abbrev [14] 0xa56:0xd DW_TAG_member
	.long	.Linfo_string200                @ DW_AT_name
	.long	1973                            @ DW_AT_type
	.byte	6                               @ DW_AT_decl_file
	.short	1189                            @ DW_AT_decl_line
	.byte	36                              @ DW_AT_data_member_location
	.byte	14                              @ Abbrev [14] 0xa63:0xd DW_TAG_member
	.long	.Linfo_string201                @ DW_AT_name
	.long	1973                            @ DW_AT_type
	.byte	6                               @ DW_AT_decl_file
	.short	1190                            @ DW_AT_decl_line
	.byte	40                              @ DW_AT_data_member_location
	.byte	14                              @ Abbrev [14] 0xa70:0xd DW_TAG_member
	.long	.Linfo_string202                @ DW_AT_name
	.long	1973                            @ DW_AT_type
	.byte	6                               @ DW_AT_decl_file
	.short	1191                            @ DW_AT_decl_line
	.byte	44                              @ DW_AT_data_member_location
	.byte	14                              @ Abbrev [14] 0xa7d:0xd DW_TAG_member
	.long	.Linfo_string203                @ DW_AT_name
	.long	1973                            @ DW_AT_type
	.byte	6                               @ DW_AT_decl_file
	.short	1192                            @ DW_AT_decl_line
	.byte	48                              @ DW_AT_data_member_location
	.byte	14                              @ Abbrev [14] 0xa8a:0xd DW_TAG_member
	.long	.Linfo_string204                @ DW_AT_name
	.long	1973                            @ DW_AT_type
	.byte	6                               @ DW_AT_decl_file
	.short	1193                            @ DW_AT_decl_line
	.byte	52                              @ DW_AT_data_member_location
	.byte	14                              @ Abbrev [14] 0xa97:0xd DW_TAG_member
	.long	.Linfo_string205                @ DW_AT_name
	.long	1973                            @ DW_AT_type
	.byte	6                               @ DW_AT_decl_file
	.short	1194                            @ DW_AT_decl_line
	.byte	56                              @ DW_AT_data_member_location
	.byte	14                              @ Abbrev [14] 0xaa4:0xd DW_TAG_member
	.long	.Linfo_string206                @ DW_AT_name
	.long	1973                            @ DW_AT_type
	.byte	6                               @ DW_AT_decl_file
	.short	1195                            @ DW_AT_decl_line
	.byte	60                              @ DW_AT_data_member_location
	.byte	14                              @ Abbrev [14] 0xab1:0xd DW_TAG_member
	.long	.Linfo_string207                @ DW_AT_name
	.long	1973                            @ DW_AT_type
	.byte	6                               @ DW_AT_decl_file
	.short	1196                            @ DW_AT_decl_line
	.byte	64                              @ DW_AT_data_member_location
	.byte	14                              @ Abbrev [14] 0xabe:0xd DW_TAG_member
	.long	.Linfo_string208                @ DW_AT_name
	.long	1973                            @ DW_AT_type
	.byte	6                               @ DW_AT_decl_file
	.short	1197                            @ DW_AT_decl_line
	.byte	68                              @ DW_AT_data_member_location
	.byte	14                              @ Abbrev [14] 0xacb:0xd DW_TAG_member
	.long	.Linfo_string209                @ DW_AT_name
	.long	1973                            @ DW_AT_type
	.byte	6                               @ DW_AT_decl_file
	.short	1198                            @ DW_AT_decl_line
	.byte	72                              @ DW_AT_data_member_location
	.byte	14                              @ Abbrev [14] 0xad8:0xd DW_TAG_member
	.long	.Linfo_string210                @ DW_AT_name
	.long	1973                            @ DW_AT_type
	.byte	6                               @ DW_AT_decl_file
	.short	1199                            @ DW_AT_decl_line
	.byte	76                              @ DW_AT_data_member_location
	.byte	14                              @ Abbrev [14] 0xae5:0xd DW_TAG_member
	.long	.Linfo_string211                @ DW_AT_name
	.long	1973                            @ DW_AT_type
	.byte	6                               @ DW_AT_decl_file
	.short	1200                            @ DW_AT_decl_line
	.byte	80                              @ DW_AT_data_member_location
	.byte	14                              @ Abbrev [14] 0xaf2:0xd DW_TAG_member
	.long	.Linfo_string212                @ DW_AT_name
	.long	1973                            @ DW_AT_type
	.byte	6                               @ DW_AT_decl_file
	.short	1201                            @ DW_AT_decl_line
	.byte	84                              @ DW_AT_data_member_location
	.byte	14                              @ Abbrev [14] 0xaff:0xd DW_TAG_member
	.long	.Linfo_string213                @ DW_AT_name
	.long	1973                            @ DW_AT_type
	.byte	6                               @ DW_AT_decl_file
	.short	1202                            @ DW_AT_decl_line
	.byte	88                              @ DW_AT_data_member_location
	.byte	14                              @ Abbrev [14] 0xb0c:0xd DW_TAG_member
	.long	.Linfo_string214                @ DW_AT_name
	.long	1973                            @ DW_AT_type
	.byte	6                               @ DW_AT_decl_file
	.short	1203                            @ DW_AT_decl_line
	.byte	92                              @ DW_AT_data_member_location
	.byte	14                              @ Abbrev [14] 0xb19:0xd DW_TAG_member
	.long	.Linfo_string215                @ DW_AT_name
	.long	1973                            @ DW_AT_type
	.byte	6                               @ DW_AT_decl_file
	.short	1204                            @ DW_AT_decl_line
	.byte	96                              @ DW_AT_data_member_location
	.byte	14                              @ Abbrev [14] 0xb26:0xd DW_TAG_member
	.long	.Linfo_string216                @ DW_AT_name
	.long	1973                            @ DW_AT_type
	.byte	6                               @ DW_AT_decl_file
	.short	1205                            @ DW_AT_decl_line
	.byte	100                             @ DW_AT_data_member_location
	.byte	14                              @ Abbrev [14] 0xb33:0xd DW_TAG_member
	.long	.Linfo_string217                @ DW_AT_name
	.long	1973                            @ DW_AT_type
	.byte	6                               @ DW_AT_decl_file
	.short	1206                            @ DW_AT_decl_line
	.byte	104                             @ DW_AT_data_member_location
	.byte	14                              @ Abbrev [14] 0xb40:0xd DW_TAG_member
	.long	.Linfo_string218                @ DW_AT_name
	.long	1973                            @ DW_AT_type
	.byte	6                               @ DW_AT_decl_file
	.short	1207                            @ DW_AT_decl_line
	.byte	108                             @ DW_AT_data_member_location
	.byte	14                              @ Abbrev [14] 0xb4d:0xd DW_TAG_member
	.long	.Linfo_string148                @ DW_AT_name
	.long	3388                            @ DW_AT_type
	.byte	6                               @ DW_AT_decl_file
	.short	1208                            @ DW_AT_decl_line
	.byte	112                             @ DW_AT_data_member_location
	.byte	14                              @ Abbrev [14] 0xb5a:0xd DW_TAG_member
	.long	.Linfo_string219                @ DW_AT_name
	.long	1973                            @ DW_AT_type
	.byte	6                               @ DW_AT_decl_file
	.short	1209                            @ DW_AT_decl_line
	.byte	128                             @ DW_AT_data_member_location
	.byte	14                              @ Abbrev [14] 0xb67:0xd DW_TAG_member
	.long	.Linfo_string220                @ DW_AT_name
	.long	1973                            @ DW_AT_type
	.byte	6                               @ DW_AT_decl_file
	.short	1210                            @ DW_AT_decl_line
	.byte	132                             @ DW_AT_data_member_location
	.byte	14                              @ Abbrev [14] 0xb74:0xd DW_TAG_member
	.long	.Linfo_string221                @ DW_AT_name
	.long	1973                            @ DW_AT_type
	.byte	6                               @ DW_AT_decl_file
	.short	1211                            @ DW_AT_decl_line
	.byte	136                             @ DW_AT_data_member_location
	.byte	14                              @ Abbrev [14] 0xb81:0xd DW_TAG_member
	.long	.Linfo_string222                @ DW_AT_name
	.long	1973                            @ DW_AT_type
	.byte	6                               @ DW_AT_decl_file
	.short	1212                            @ DW_AT_decl_line
	.byte	140                             @ DW_AT_data_member_location
	.byte	14                              @ Abbrev [14] 0xb8e:0xd DW_TAG_member
	.long	.Linfo_string223                @ DW_AT_name
	.long	1973                            @ DW_AT_type
	.byte	6                               @ DW_AT_decl_file
	.short	1213                            @ DW_AT_decl_line
	.byte	144                             @ DW_AT_data_member_location
	.byte	14                              @ Abbrev [14] 0xb9b:0xd DW_TAG_member
	.long	.Linfo_string224                @ DW_AT_name
	.long	1973                            @ DW_AT_type
	.byte	6                               @ DW_AT_decl_file
	.short	1214                            @ DW_AT_decl_line
	.byte	148                             @ DW_AT_data_member_location
	.byte	14                              @ Abbrev [14] 0xba8:0xd DW_TAG_member
	.long	.Linfo_string225                @ DW_AT_name
	.long	1973                            @ DW_AT_type
	.byte	6                               @ DW_AT_decl_file
	.short	1215                            @ DW_AT_decl_line
	.byte	152                             @ DW_AT_data_member_location
	.byte	14                              @ Abbrev [14] 0xbb5:0xd DW_TAG_member
	.long	.Linfo_string226                @ DW_AT_name
	.long	1973                            @ DW_AT_type
	.byte	6                               @ DW_AT_decl_file
	.short	1216                            @ DW_AT_decl_line
	.byte	156                             @ DW_AT_data_member_location
	.byte	14                              @ Abbrev [14] 0xbc2:0xd DW_TAG_member
	.long	.Linfo_string227                @ DW_AT_name
	.long	1973                            @ DW_AT_type
	.byte	6                               @ DW_AT_decl_file
	.short	1217                            @ DW_AT_decl_line
	.byte	160                             @ DW_AT_data_member_location
	.byte	14                              @ Abbrev [14] 0xbcf:0xd DW_TAG_member
	.long	.Linfo_string150                @ DW_AT_name
	.long	2495                            @ DW_AT_type
	.byte	6                               @ DW_AT_decl_file
	.short	1218                            @ DW_AT_decl_line
	.byte	164                             @ DW_AT_data_member_location
	.byte	14                              @ Abbrev [14] 0xbdc:0xd DW_TAG_member
	.long	.Linfo_string228                @ DW_AT_name
	.long	1973                            @ DW_AT_type
	.byte	6                               @ DW_AT_decl_file
	.short	1219                            @ DW_AT_decl_line
	.byte	192                             @ DW_AT_data_member_location
	.byte	14                              @ Abbrev [14] 0xbe9:0xd DW_TAG_member
	.long	.Linfo_string229                @ DW_AT_name
	.long	1990                            @ DW_AT_type
	.byte	6                               @ DW_AT_decl_file
	.short	1220                            @ DW_AT_decl_line
	.byte	196                             @ DW_AT_data_member_location
	.byte	14                              @ Abbrev [14] 0xbf6:0xd DW_TAG_member
	.long	.Linfo_string230                @ DW_AT_name
	.long	1990                            @ DW_AT_type
	.byte	6                               @ DW_AT_decl_file
	.short	1221                            @ DW_AT_decl_line
	.byte	200                             @ DW_AT_data_member_location
	.byte	14                              @ Abbrev [14] 0xc03:0xd DW_TAG_member
	.long	.Linfo_string152                @ DW_AT_name
	.long	3400                            @ DW_AT_type
	.byte	6                               @ DW_AT_decl_file
	.short	1222                            @ DW_AT_decl_line
	.byte	204                             @ DW_AT_data_member_location
	.byte	14                              @ Abbrev [14] 0xc10:0xd DW_TAG_member
	.long	.Linfo_string231                @ DW_AT_name
	.long	1973                            @ DW_AT_type
	.byte	6                               @ DW_AT_decl_file
	.short	1223                            @ DW_AT_decl_line
	.byte	220                             @ DW_AT_data_member_location
	.byte	14                              @ Abbrev [14] 0xc1d:0xd DW_TAG_member
	.long	.Linfo_string232                @ DW_AT_name
	.long	1973                            @ DW_AT_type
	.byte	6                               @ DW_AT_decl_file
	.short	1224                            @ DW_AT_decl_line
	.byte	224                             @ DW_AT_data_member_location
	.byte	14                              @ Abbrev [14] 0xc2a:0xd DW_TAG_member
	.long	.Linfo_string233                @ DW_AT_name
	.long	1973                            @ DW_AT_type
	.byte	6                               @ DW_AT_decl_file
	.short	1225                            @ DW_AT_decl_line
	.byte	228                             @ DW_AT_data_member_location
	.byte	14                              @ Abbrev [14] 0xc37:0xd DW_TAG_member
	.long	.Linfo_string234                @ DW_AT_name
	.long	1973                            @ DW_AT_type
	.byte	6                               @ DW_AT_decl_file
	.short	1226                            @ DW_AT_decl_line
	.byte	232                             @ DW_AT_data_member_location
	.byte	14                              @ Abbrev [14] 0xc44:0xd DW_TAG_member
	.long	.Linfo_string235                @ DW_AT_name
	.long	1973                            @ DW_AT_type
	.byte	6                               @ DW_AT_decl_file
	.short	1227                            @ DW_AT_decl_line
	.byte	236                             @ DW_AT_data_member_location
	.byte	14                              @ Abbrev [14] 0xc51:0xd DW_TAG_member
	.long	.Linfo_string236                @ DW_AT_name
	.long	1973                            @ DW_AT_type
	.byte	6                               @ DW_AT_decl_file
	.short	1228                            @ DW_AT_decl_line
	.byte	240                             @ DW_AT_data_member_location
	.byte	14                              @ Abbrev [14] 0xc5e:0xd DW_TAG_member
	.long	.Linfo_string237                @ DW_AT_name
	.long	1973                            @ DW_AT_type
	.byte	6                               @ DW_AT_decl_file
	.short	1229                            @ DW_AT_decl_line
	.byte	244                             @ DW_AT_data_member_location
	.byte	14                              @ Abbrev [14] 0xc6b:0xd DW_TAG_member
	.long	.Linfo_string238                @ DW_AT_name
	.long	1973                            @ DW_AT_type
	.byte	6                               @ DW_AT_decl_file
	.short	1230                            @ DW_AT_decl_line
	.byte	248                             @ DW_AT_data_member_location
	.byte	14                              @ Abbrev [14] 0xc78:0xd DW_TAG_member
	.long	.Linfo_string160                @ DW_AT_name
	.long	2019                            @ DW_AT_type
	.byte	6                               @ DW_AT_decl_file
	.short	1231                            @ DW_AT_decl_line
	.byte	252                             @ DW_AT_data_member_location
	.byte	15                              @ Abbrev [15] 0xc85:0xe DW_TAG_member
	.long	.Linfo_string239                @ DW_AT_name
	.long	1973                            @ DW_AT_type
	.byte	6                               @ DW_AT_decl_file
	.short	1232                            @ DW_AT_decl_line
	.short	256                             @ DW_AT_data_member_location
	.byte	15                              @ Abbrev [15] 0xc93:0xe DW_TAG_member
	.long	.Linfo_string165                @ DW_AT_name
	.long	3412                            @ DW_AT_type
	.byte	6                               @ DW_AT_decl_file
	.short	1233                            @ DW_AT_decl_line
	.short	260                             @ DW_AT_data_member_location
	.byte	15                              @ Abbrev [15] 0xca1:0xe DW_TAG_member
	.long	.Linfo_string240                @ DW_AT_name
	.long	1973                            @ DW_AT_type
	.byte	6                               @ DW_AT_decl_file
	.short	1234                            @ DW_AT_decl_line
	.short	472                             @ DW_AT_data_member_location
	.byte	15                              @ Abbrev [15] 0xcaf:0xe DW_TAG_member
	.long	.Linfo_string241                @ DW_AT_name
	.long	1973                            @ DW_AT_type
	.byte	6                               @ DW_AT_decl_file
	.short	1235                            @ DW_AT_decl_line
	.short	476                             @ DW_AT_data_member_location
	.byte	15                              @ Abbrev [15] 0xcbd:0xe DW_TAG_member
	.long	.Linfo_string242                @ DW_AT_name
	.long	1973                            @ DW_AT_type
	.byte	6                               @ DW_AT_decl_file
	.short	1236                            @ DW_AT_decl_line
	.short	480                             @ DW_AT_data_member_location
	.byte	15                              @ Abbrev [15] 0xccb:0xe DW_TAG_member
	.long	.Linfo_string168                @ DW_AT_name
	.long	1978                            @ DW_AT_type
	.byte	6                               @ DW_AT_decl_file
	.short	1237                            @ DW_AT_decl_line
	.short	484                             @ DW_AT_data_member_location
	.byte	15                              @ Abbrev [15] 0xcd9:0xe DW_TAG_member
	.long	.Linfo_string243                @ DW_AT_name
	.long	1973                            @ DW_AT_type
	.byte	6                               @ DW_AT_decl_file
	.short	1238                            @ DW_AT_decl_line
	.short	492                             @ DW_AT_data_member_location
	.byte	15                              @ Abbrev [15] 0xce7:0xe DW_TAG_member
	.long	.Linfo_string244                @ DW_AT_name
	.long	2019                            @ DW_AT_type
	.byte	6                               @ DW_AT_decl_file
	.short	1239                            @ DW_AT_decl_line
	.short	496                             @ DW_AT_data_member_location
	.byte	15                              @ Abbrev [15] 0xcf5:0xe DW_TAG_member
	.long	.Linfo_string245                @ DW_AT_name
	.long	1973                            @ DW_AT_type
	.byte	6                               @ DW_AT_decl_file
	.short	1240                            @ DW_AT_decl_line
	.short	500                             @ DW_AT_data_member_location
	.byte	15                              @ Abbrev [15] 0xd03:0xe DW_TAG_member
	.long	.Linfo_string246                @ DW_AT_name
	.long	1973                            @ DW_AT_type
	.byte	6                               @ DW_AT_decl_file
	.short	1241                            @ DW_AT_decl_line
	.short	504                             @ DW_AT_data_member_location
	.byte	15                              @ Abbrev [15] 0xd11:0xe DW_TAG_member
	.long	.Linfo_string247                @ DW_AT_name
	.long	1973                            @ DW_AT_type
	.byte	6                               @ DW_AT_decl_file
	.short	1242                            @ DW_AT_decl_line
	.short	508                             @ DW_AT_data_member_location
	.byte	15                              @ Abbrev [15] 0xd1f:0xe DW_TAG_member
	.long	.Linfo_string248                @ DW_AT_name
	.long	3424                            @ DW_AT_type
	.byte	6                               @ DW_AT_decl_file
	.short	1243                            @ DW_AT_decl_line
	.short	512                             @ DW_AT_data_member_location
	.byte	15                              @ Abbrev [15] 0xd2d:0xe DW_TAG_member
	.long	.Linfo_string249                @ DW_AT_name
	.long	1973                            @ DW_AT_type
	.byte	6                               @ DW_AT_decl_file
	.short	1244                            @ DW_AT_decl_line
	.short	1024                            @ DW_AT_data_member_location
	.byte	0                               @ End Of Children Mark
	.byte	6                               @ Abbrev [6] 0xd3c:0xc DW_TAG_array_type
	.long	1990                            @ DW_AT_type
	.byte	7                               @ Abbrev [7] 0xd41:0x6 DW_TAG_subrange_type
	.long	139                             @ DW_AT_type
	.byte	4                               @ DW_AT_count
	.byte	0                               @ End Of Children Mark
	.byte	6                               @ Abbrev [6] 0xd48:0xc DW_TAG_array_type
	.long	1973                            @ DW_AT_type
	.byte	7                               @ Abbrev [7] 0xd4d:0x6 DW_TAG_subrange_type
	.long	139                             @ DW_AT_type
	.byte	4                               @ DW_AT_count
	.byte	0                               @ End Of Children Mark
	.byte	6                               @ Abbrev [6] 0xd54:0xc DW_TAG_array_type
	.long	1990                            @ DW_AT_type
	.byte	7                               @ Abbrev [7] 0xd59:0x6 DW_TAG_subrange_type
	.long	139                             @ DW_AT_type
	.byte	53                              @ DW_AT_count
	.byte	0                               @ End Of Children Mark
	.byte	6                               @ Abbrev [6] 0xd60:0xc DW_TAG_array_type
	.long	1990                            @ DW_AT_type
	.byte	7                               @ Abbrev [7] 0xd65:0x6 DW_TAG_subrange_type
	.long	139                             @ DW_AT_type
	.byte	128                             @ DW_AT_count
	.byte	0                               @ End Of Children Mark
	.byte	11                              @ Abbrev [11] 0xd6c:0x5 DW_TAG_pointer_type
	.long	3441                            @ DW_AT_type
	.byte	12                              @ Abbrev [12] 0xd71:0xc DW_TAG_typedef
	.long	3453                            @ DW_AT_type
	.long	.Linfo_string264                @ DW_AT_name
	.byte	7                               @ DW_AT_decl_file
	.short	366                             @ DW_AT_decl_line
	.byte	13                              @ Abbrev [13] 0xd7d:0xb9 DW_TAG_structure_type
	.short	1264                            @ DW_AT_byte_size
	.byte	7                               @ DW_AT_decl_file
	.short	351                             @ DW_AT_decl_line
	.byte	14                              @ Abbrev [14] 0xd83:0xd DW_TAG_member
	.long	.Linfo_string251                @ DW_AT_name
	.long	3638                            @ DW_AT_type
	.byte	7                               @ DW_AT_decl_file
	.short	353                             @ DW_AT_decl_line
	.byte	0                               @ DW_AT_data_member_location
	.byte	14                              @ Abbrev [14] 0xd90:0xd DW_TAG_member
	.long	.Linfo_string252                @ DW_AT_name
	.long	3650                            @ DW_AT_type
	.byte	7                               @ DW_AT_decl_file
	.short	354                             @ DW_AT_decl_line
	.byte	64                              @ DW_AT_data_member_location
	.byte	14                              @ Abbrev [14] 0xd9d:0xd DW_TAG_member
	.long	.Linfo_string253                @ DW_AT_name
	.long	3638                            @ DW_AT_type
	.byte	7                               @ DW_AT_decl_file
	.short	355                             @ DW_AT_decl_line
	.byte	128                             @ DW_AT_data_member_location
	.byte	14                              @ Abbrev [14] 0xdaa:0xd DW_TAG_member
	.long	.Linfo_string254                @ DW_AT_name
	.long	3650                            @ DW_AT_type
	.byte	7                               @ DW_AT_decl_file
	.short	356                             @ DW_AT_decl_line
	.byte	192                             @ DW_AT_data_member_location
	.byte	15                              @ Abbrev [15] 0xdb7:0xe DW_TAG_member
	.long	.Linfo_string255                @ DW_AT_name
	.long	3638                            @ DW_AT_type
	.byte	7                               @ DW_AT_decl_file
	.short	357                             @ DW_AT_decl_line
	.short	256                             @ DW_AT_data_member_location
	.byte	15                              @ Abbrev [15] 0xdc5:0xe DW_TAG_member
	.long	.Linfo_string256                @ DW_AT_name
	.long	3650                            @ DW_AT_type
	.byte	7                               @ DW_AT_decl_file
	.short	358                             @ DW_AT_decl_line
	.short	320                             @ DW_AT_data_member_location
	.byte	15                              @ Abbrev [15] 0xdd3:0xe DW_TAG_member
	.long	.Linfo_string257                @ DW_AT_name
	.long	3638                            @ DW_AT_type
	.byte	7                               @ DW_AT_decl_file
	.short	359                             @ DW_AT_decl_line
	.short	384                             @ DW_AT_data_member_location
	.byte	15                              @ Abbrev [15] 0xde1:0xe DW_TAG_member
	.long	.Linfo_string258                @ DW_AT_name
	.long	3650                            @ DW_AT_type
	.byte	7                               @ DW_AT_decl_file
	.short	360                             @ DW_AT_decl_line
	.short	448                             @ DW_AT_data_member_location
	.byte	15                              @ Abbrev [15] 0xdef:0xe DW_TAG_member
	.long	.Linfo_string259                @ DW_AT_name
	.long	3638                            @ DW_AT_type
	.byte	7                               @ DW_AT_decl_file
	.short	361                             @ DW_AT_decl_line
	.short	512                             @ DW_AT_data_member_location
	.byte	15                              @ Abbrev [15] 0xdfd:0xe DW_TAG_member
	.long	.Linfo_string260                @ DW_AT_name
	.long	3650                            @ DW_AT_type
	.byte	7                               @ DW_AT_decl_file
	.short	362                             @ DW_AT_decl_line
	.short	576                             @ DW_AT_data_member_location
	.byte	15                              @ Abbrev [15] 0xe0b:0xe DW_TAG_member
	.long	.Linfo_string261                @ DW_AT_name
	.long	3638                            @ DW_AT_type
	.byte	7                               @ DW_AT_decl_file
	.short	363                             @ DW_AT_decl_line
	.short	640                             @ DW_AT_data_member_location
	.byte	15                              @ Abbrev [15] 0xe19:0xe DW_TAG_member
	.long	.Linfo_string262                @ DW_AT_name
	.long	3650                            @ DW_AT_type
	.byte	7                               @ DW_AT_decl_file
	.short	364                             @ DW_AT_decl_line
	.short	704                             @ DW_AT_data_member_location
	.byte	15                              @ Abbrev [15] 0xe27:0xe DW_TAG_member
	.long	.Linfo_string263                @ DW_AT_name
	.long	3662                            @ DW_AT_type
	.byte	7                               @ DW_AT_decl_file
	.short	365                             @ DW_AT_decl_line
	.short	768                             @ DW_AT_data_member_location
	.byte	0                               @ End Of Children Mark
	.byte	6                               @ Abbrev [6] 0xe36:0xc DW_TAG_array_type
	.long	1973                            @ DW_AT_type
	.byte	7                               @ Abbrev [7] 0xe3b:0x6 DW_TAG_subrange_type
	.long	139                             @ DW_AT_type
	.byte	16                              @ DW_AT_count
	.byte	0                               @ End Of Children Mark
	.byte	6                               @ Abbrev [6] 0xe42:0xc DW_TAG_array_type
	.long	55                              @ DW_AT_type
	.byte	7                               @ Abbrev [7] 0xe47:0x6 DW_TAG_subrange_type
	.long	139                             @ DW_AT_type
	.byte	16                              @ DW_AT_count
	.byte	0                               @ End Of Children Mark
	.byte	6                               @ Abbrev [6] 0xe4e:0xc DW_TAG_array_type
	.long	1973                            @ DW_AT_type
	.byte	7                               @ Abbrev [7] 0xe53:0x6 DW_TAG_subrange_type
	.long	139                             @ DW_AT_type
	.byte	124                             @ DW_AT_count
	.byte	0                               @ End Of Children Mark
	.byte	11                              @ Abbrev [11] 0xe5a:0x5 DW_TAG_pointer_type
	.long	3679                            @ DW_AT_type
	.byte	3                               @ Abbrev [3] 0xe5f:0xb DW_TAG_typedef
	.long	3690                            @ DW_AT_type
	.long	.Linfo_string265                @ DW_AT_name
	.byte	3                               @ DW_AT_decl_file
	.byte	32                              @ DW_AT_decl_line
	.byte	16                              @ Abbrev [16] 0xe6a:0x5 DW_TAG_volatile_type
	.long	66                              @ DW_AT_type
	.byte	11                              @ Abbrev [11] 0xe6f:0x5 DW_TAG_pointer_type
	.long	3700                            @ DW_AT_type
	.byte	12                              @ Abbrev [12] 0xe74:0xc DW_TAG_typedef
	.long	3712                            @ DW_AT_type
	.long	.Linfo_string271                @ DW_AT_name
	.byte	7                               @ DW_AT_decl_file
	.short	987                             @ DW_AT_decl_line
	.byte	20                              @ Abbrev [20] 0xe80:0x47 DW_TAG_structure_type
	.byte	20                              @ DW_AT_byte_size
	.byte	7                               @ DW_AT_decl_file
	.short	978                             @ DW_AT_decl_line
	.byte	14                              @ Abbrev [14] 0xe85:0xd DW_TAG_member
	.long	.Linfo_string266                @ DW_AT_name
	.long	1973                            @ DW_AT_type
	.byte	7                               @ DW_AT_decl_file
	.short	980                             @ DW_AT_decl_line
	.byte	0                               @ DW_AT_data_member_location
	.byte	14                              @ Abbrev [14] 0xe92:0xd DW_TAG_member
	.long	.Linfo_string267                @ DW_AT_name
	.long	1990                            @ DW_AT_type
	.byte	7                               @ DW_AT_decl_file
	.short	981                             @ DW_AT_decl_line
	.byte	4                               @ DW_AT_data_member_location
	.byte	14                              @ Abbrev [14] 0xe9f:0xd DW_TAG_member
	.long	.Linfo_string268                @ DW_AT_name
	.long	1973                            @ DW_AT_type
	.byte	7                               @ DW_AT_decl_file
	.short	983                             @ DW_AT_decl_line
	.byte	8                               @ DW_AT_data_member_location
	.byte	14                              @ Abbrev [14] 0xeac:0xd DW_TAG_member
	.long	.Linfo_string269                @ DW_AT_name
	.long	1973                            @ DW_AT_type
	.byte	7                               @ DW_AT_decl_file
	.short	984                             @ DW_AT_decl_line
	.byte	12                              @ DW_AT_data_member_location
	.byte	14                              @ Abbrev [14] 0xeb9:0xd DW_TAG_member
	.long	.Linfo_string270                @ DW_AT_name
	.long	1973                            @ DW_AT_type
	.byte	7                               @ DW_AT_decl_file
	.short	985                             @ DW_AT_decl_line
	.byte	16                              @ DW_AT_data_member_location
	.byte	0                               @ End Of Children Mark
	.byte	11                              @ Abbrev [11] 0xec7:0x5 DW_TAG_pointer_type
	.long	3788                            @ DW_AT_type
	.byte	12                              @ Abbrev [12] 0xecc:0xc DW_TAG_typedef
	.long	3800                            @ DW_AT_type
	.long	.Linfo_string281                @ DW_AT_name
	.byte	7                               @ DW_AT_decl_file
	.short	396                             @ DW_AT_decl_line
	.byte	20                              @ Abbrev [20] 0xed8:0x7b DW_TAG_structure_type
	.byte	40                              @ DW_AT_byte_size
	.byte	7                               @ DW_AT_decl_file
	.short	381                             @ DW_AT_decl_line
	.byte	14                              @ Abbrev [14] 0xedd:0xd DW_TAG_member
	.long	.Linfo_string272                @ DW_AT_name
	.long	1990                            @ DW_AT_type
	.byte	7                               @ DW_AT_decl_file
	.short	383                             @ DW_AT_decl_line
	.byte	0                               @ DW_AT_data_member_location
	.byte	14                              @ Abbrev [14] 0xeea:0xd DW_TAG_member
	.long	.Linfo_string273                @ DW_AT_name
	.long	1973                            @ DW_AT_type
	.byte	7                               @ DW_AT_decl_file
	.short	384                             @ DW_AT_decl_line
	.byte	4                               @ DW_AT_data_member_location
	.byte	14                              @ Abbrev [14] 0xef7:0xd DW_TAG_member
	.long	.Linfo_string274                @ DW_AT_name
	.long	1973                            @ DW_AT_type
	.byte	7                               @ DW_AT_decl_file
	.short	386                             @ DW_AT_decl_line
	.byte	8                               @ DW_AT_data_member_location
	.byte	14                              @ Abbrev [14] 0xf04:0xd DW_TAG_member
	.long	.Linfo_string275                @ DW_AT_name
	.long	1973                            @ DW_AT_type
	.byte	7                               @ DW_AT_decl_file
	.short	390                             @ DW_AT_decl_line
	.byte	12                              @ DW_AT_data_member_location
	.byte	14                              @ Abbrev [14] 0xf11:0xd DW_TAG_member
	.long	.Linfo_string276                @ DW_AT_name
	.long	1973                            @ DW_AT_type
	.byte	7                               @ DW_AT_decl_file
	.short	391                             @ DW_AT_decl_line
	.byte	16                              @ DW_AT_data_member_location
	.byte	14                              @ Abbrev [14] 0xf1e:0xd DW_TAG_member
	.long	.Linfo_string277                @ DW_AT_name
	.long	1973                            @ DW_AT_type
	.byte	7                               @ DW_AT_decl_file
	.short	392                             @ DW_AT_decl_line
	.byte	20                              @ DW_AT_data_member_location
	.byte	14                              @ Abbrev [14] 0xf2b:0xd DW_TAG_member
	.long	.Linfo_string278                @ DW_AT_name
	.long	55                              @ DW_AT_type
	.byte	7                               @ DW_AT_decl_file
	.short	393                             @ DW_AT_decl_line
	.byte	24                              @ DW_AT_data_member_location
	.byte	14                              @ Abbrev [14] 0xf38:0xd DW_TAG_member
	.long	.Linfo_string279                @ DW_AT_name
	.long	3923                            @ DW_AT_type
	.byte	7                               @ DW_AT_decl_file
	.short	394                             @ DW_AT_decl_line
	.byte	28                              @ DW_AT_data_member_location
	.byte	14                              @ Abbrev [14] 0xf45:0xd DW_TAG_member
	.long	.Linfo_string280                @ DW_AT_name
	.long	1973                            @ DW_AT_type
	.byte	7                               @ DW_AT_decl_file
	.short	395                             @ DW_AT_decl_line
	.byte	36                              @ DW_AT_data_member_location
	.byte	0                               @ End Of Children Mark
	.byte	6                               @ Abbrev [6] 0xf53:0xc DW_TAG_array_type
	.long	1973                            @ DW_AT_type
	.byte	7                               @ Abbrev [7] 0xf58:0x6 DW_TAG_subrange_type
	.long	139                             @ DW_AT_type
	.byte	2                               @ DW_AT_count
	.byte	0                               @ End Of Children Mark
	.byte	11                              @ Abbrev [11] 0xf5f:0x5 DW_TAG_pointer_type
	.long	3940                            @ DW_AT_type
	.byte	12                              @ Abbrev [12] 0xf64:0xc DW_TAG_typedef
	.long	3952                            @ DW_AT_type
	.long	.Linfo_string309                @ DW_AT_name
	.byte	8                               @ DW_AT_decl_file
	.short	1139                            @ DW_AT_decl_line
	.byte	21                              @ Abbrev [21] 0xf70:0x1cc DW_TAG_structure_type
	.byte	184                             @ DW_AT_byte_size
	.byte	8                               @ DW_AT_decl_file
	.byte	26                              @ DW_AT_decl_line
	.byte	14                              @ Abbrev [14] 0xf74:0xd DW_TAG_member
	.long	.Linfo_string282                @ DW_AT_name
	.long	1973                            @ DW_AT_type
	.byte	8                               @ DW_AT_decl_file
	.short	1103                            @ DW_AT_decl_line
	.byte	0                               @ DW_AT_data_member_location
	.byte	14                              @ Abbrev [14] 0xf81:0xd DW_TAG_member
	.long	.Linfo_string283                @ DW_AT_name
	.long	1973                            @ DW_AT_type
	.byte	8                               @ DW_AT_decl_file
	.short	1104                            @ DW_AT_decl_line
	.byte	4                               @ DW_AT_data_member_location
	.byte	14                              @ Abbrev [14] 0xf8e:0xd DW_TAG_member
	.long	.Linfo_string284                @ DW_AT_name
	.long	1973                            @ DW_AT_type
	.byte	8                               @ DW_AT_decl_file
	.short	1105                            @ DW_AT_decl_line
	.byte	8                               @ DW_AT_data_member_location
	.byte	14                              @ Abbrev [14] 0xf9b:0xd DW_TAG_member
	.long	.Linfo_string285                @ DW_AT_name
	.long	1973                            @ DW_AT_type
	.byte	8                               @ DW_AT_decl_file
	.short	1106                            @ DW_AT_decl_line
	.byte	12                              @ DW_AT_data_member_location
	.byte	14                              @ Abbrev [14] 0xfa8:0xd DW_TAG_member
	.long	.Linfo_string286                @ DW_AT_name
	.long	1973                            @ DW_AT_type
	.byte	8                               @ DW_AT_decl_file
	.short	1107                            @ DW_AT_decl_line
	.byte	16                              @ DW_AT_data_member_location
	.byte	14                              @ Abbrev [14] 0xfb5:0xd DW_TAG_member
	.long	.Linfo_string287                @ DW_AT_name
	.long	1973                            @ DW_AT_type
	.byte	8                               @ DW_AT_decl_file
	.short	1108                            @ DW_AT_decl_line
	.byte	20                              @ DW_AT_data_member_location
	.byte	14                              @ Abbrev [14] 0xfc2:0xd DW_TAG_member
	.long	.Linfo_string288                @ DW_AT_name
	.long	1973                            @ DW_AT_type
	.byte	8                               @ DW_AT_decl_file
	.short	1109                            @ DW_AT_decl_line
	.byte	24                              @ DW_AT_data_member_location
	.byte	14                              @ Abbrev [14] 0xfcf:0xd DW_TAG_member
	.long	.Linfo_string289                @ DW_AT_name
	.long	1973                            @ DW_AT_type
	.byte	8                               @ DW_AT_decl_file
	.short	1110                            @ DW_AT_decl_line
	.byte	28                              @ DW_AT_data_member_location
	.byte	14                              @ Abbrev [14] 0xfdc:0xd DW_TAG_member
	.long	.Linfo_string290                @ DW_AT_name
	.long	1973                            @ DW_AT_type
	.byte	8                               @ DW_AT_decl_file
	.short	1111                            @ DW_AT_decl_line
	.byte	32                              @ DW_AT_data_member_location
	.byte	14                              @ Abbrev [14] 0xfe9:0xd DW_TAG_member
	.long	.Linfo_string291                @ DW_AT_name
	.long	1973                            @ DW_AT_type
	.byte	8                               @ DW_AT_decl_file
	.short	1112                            @ DW_AT_decl_line
	.byte	36                              @ DW_AT_data_member_location
	.byte	14                              @ Abbrev [14] 0xff6:0xd DW_TAG_member
	.long	.Linfo_string106                @ DW_AT_name
	.long	1978                            @ DW_AT_type
	.byte	8                               @ DW_AT_decl_file
	.short	1113                            @ DW_AT_decl_line
	.byte	40                              @ DW_AT_data_member_location
	.byte	14                              @ Abbrev [14] 0x1003:0xd DW_TAG_member
	.long	.Linfo_string292                @ DW_AT_name
	.long	1973                            @ DW_AT_type
	.byte	8                               @ DW_AT_decl_file
	.short	1114                            @ DW_AT_decl_line
	.byte	48                              @ DW_AT_data_member_location
	.byte	14                              @ Abbrev [14] 0x1010:0xd DW_TAG_member
	.long	.Linfo_string165                @ DW_AT_name
	.long	2019                            @ DW_AT_type
	.byte	8                               @ DW_AT_decl_file
	.short	1115                            @ DW_AT_decl_line
	.byte	52                              @ DW_AT_data_member_location
	.byte	14                              @ Abbrev [14] 0x101d:0xd DW_TAG_member
	.long	.Linfo_string125                @ DW_AT_name
	.long	1978                            @ DW_AT_type
	.byte	8                               @ DW_AT_decl_file
	.short	1116                            @ DW_AT_decl_line
	.byte	56                              @ DW_AT_data_member_location
	.byte	14                              @ Abbrev [14] 0x102a:0xd DW_TAG_member
	.long	.Linfo_string293                @ DW_AT_name
	.long	1973                            @ DW_AT_type
	.byte	8                               @ DW_AT_decl_file
	.short	1117                            @ DW_AT_decl_line
	.byte	64                              @ DW_AT_data_member_location
	.byte	14                              @ Abbrev [14] 0x1037:0xd DW_TAG_member
	.long	.Linfo_string148                @ DW_AT_name
	.long	2007                            @ DW_AT_type
	.byte	8                               @ DW_AT_decl_file
	.short	1118                            @ DW_AT_decl_line
	.byte	68                              @ DW_AT_data_member_location
	.byte	14                              @ Abbrev [14] 0x1044:0xd DW_TAG_member
	.long	.Linfo_string294                @ DW_AT_name
	.long	1990                            @ DW_AT_type
	.byte	8                               @ DW_AT_decl_file
	.short	1119                            @ DW_AT_decl_line
	.byte	80                              @ DW_AT_data_member_location
	.byte	14                              @ Abbrev [14] 0x1051:0xd DW_TAG_member
	.long	.Linfo_string150                @ DW_AT_name
	.long	2007                            @ DW_AT_type
	.byte	8                               @ DW_AT_decl_file
	.short	1120                            @ DW_AT_decl_line
	.byte	84                              @ DW_AT_data_member_location
	.byte	14                              @ Abbrev [14] 0x105e:0xd DW_TAG_member
	.long	.Linfo_string295                @ DW_AT_name
	.long	1973                            @ DW_AT_type
	.byte	8                               @ DW_AT_decl_file
	.short	1121                            @ DW_AT_decl_line
	.byte	96                              @ DW_AT_data_member_location
	.byte	14                              @ Abbrev [14] 0x106b:0xd DW_TAG_member
	.long	.Linfo_string152                @ DW_AT_name
	.long	2007                            @ DW_AT_type
	.byte	8                               @ DW_AT_decl_file
	.short	1122                            @ DW_AT_decl_line
	.byte	100                             @ DW_AT_data_member_location
	.byte	14                              @ Abbrev [14] 0x1078:0xd DW_TAG_member
	.long	.Linfo_string296                @ DW_AT_name
	.long	1973                            @ DW_AT_type
	.byte	8                               @ DW_AT_decl_file
	.short	1123                            @ DW_AT_decl_line
	.byte	112                             @ DW_AT_data_member_location
	.byte	14                              @ Abbrev [14] 0x1085:0xd DW_TAG_member
	.long	.Linfo_string297                @ DW_AT_name
	.long	1973                            @ DW_AT_type
	.byte	8                               @ DW_AT_decl_file
	.short	1124                            @ DW_AT_decl_line
	.byte	116                             @ DW_AT_data_member_location
	.byte	14                              @ Abbrev [14] 0x1092:0xd DW_TAG_member
	.long	.Linfo_string298                @ DW_AT_name
	.long	1973                            @ DW_AT_type
	.byte	8                               @ DW_AT_decl_file
	.short	1125                            @ DW_AT_decl_line
	.byte	120                             @ DW_AT_data_member_location
	.byte	14                              @ Abbrev [14] 0x109f:0xd DW_TAG_member
	.long	.Linfo_string299                @ DW_AT_name
	.long	1973                            @ DW_AT_type
	.byte	8                               @ DW_AT_decl_file
	.short	1126                            @ DW_AT_decl_line
	.byte	124                             @ DW_AT_data_member_location
	.byte	14                              @ Abbrev [14] 0x10ac:0xd DW_TAG_member
	.long	.Linfo_string158                @ DW_AT_name
	.long	3388                            @ DW_AT_type
	.byte	8                               @ DW_AT_decl_file
	.short	1127                            @ DW_AT_decl_line
	.byte	128                             @ DW_AT_data_member_location
	.byte	14                              @ Abbrev [14] 0x10b9:0xd DW_TAG_member
	.long	.Linfo_string300                @ DW_AT_name
	.long	1973                            @ DW_AT_type
	.byte	8                               @ DW_AT_decl_file
	.short	1128                            @ DW_AT_decl_line
	.byte	144                             @ DW_AT_data_member_location
	.byte	14                              @ Abbrev [14] 0x10c6:0xd DW_TAG_member
	.long	.Linfo_string301                @ DW_AT_name
	.long	1973                            @ DW_AT_type
	.byte	8                               @ DW_AT_decl_file
	.short	1129                            @ DW_AT_decl_line
	.byte	148                             @ DW_AT_data_member_location
	.byte	14                              @ Abbrev [14] 0x10d3:0xd DW_TAG_member
	.long	.Linfo_string160                @ DW_AT_name
	.long	2019                            @ DW_AT_type
	.byte	8                               @ DW_AT_decl_file
	.short	1130                            @ DW_AT_decl_line
	.byte	152                             @ DW_AT_data_member_location
	.byte	14                              @ Abbrev [14] 0x10e0:0xd DW_TAG_member
	.long	.Linfo_string302                @ DW_AT_name
	.long	1973                            @ DW_AT_type
	.byte	8                               @ DW_AT_decl_file
	.short	1131                            @ DW_AT_decl_line
	.byte	156                             @ DW_AT_data_member_location
	.byte	14                              @ Abbrev [14] 0x10ed:0xd DW_TAG_member
	.long	.Linfo_string303                @ DW_AT_name
	.long	1973                            @ DW_AT_type
	.byte	8                               @ DW_AT_decl_file
	.short	1132                            @ DW_AT_decl_line
	.byte	160                             @ DW_AT_data_member_location
	.byte	14                              @ Abbrev [14] 0x10fa:0xd DW_TAG_member
	.long	.Linfo_string304                @ DW_AT_name
	.long	1973                            @ DW_AT_type
	.byte	8                               @ DW_AT_decl_file
	.short	1133                            @ DW_AT_decl_line
	.byte	164                             @ DW_AT_data_member_location
	.byte	14                              @ Abbrev [14] 0x1107:0xd DW_TAG_member
	.long	.Linfo_string305                @ DW_AT_name
	.long	1973                            @ DW_AT_type
	.byte	8                               @ DW_AT_decl_file
	.short	1134                            @ DW_AT_decl_line
	.byte	168                             @ DW_AT_data_member_location
	.byte	14                              @ Abbrev [14] 0x1114:0xd DW_TAG_member
	.long	.Linfo_string306                @ DW_AT_name
	.long	1973                            @ DW_AT_type
	.byte	8                               @ DW_AT_decl_file
	.short	1135                            @ DW_AT_decl_line
	.byte	172                             @ DW_AT_data_member_location
	.byte	14                              @ Abbrev [14] 0x1121:0xd DW_TAG_member
	.long	.Linfo_string307                @ DW_AT_name
	.long	1973                            @ DW_AT_type
	.byte	8                               @ DW_AT_decl_file
	.short	1136                            @ DW_AT_decl_line
	.byte	176                             @ DW_AT_data_member_location
	.byte	14                              @ Abbrev [14] 0x112e:0xd DW_TAG_member
	.long	.Linfo_string308                @ DW_AT_name
	.long	1973                            @ DW_AT_type
	.byte	8                               @ DW_AT_decl_file
	.short	1137                            @ DW_AT_decl_line
	.byte	180                             @ DW_AT_data_member_location
	.byte	0                               @ End Of Children Mark
	.byte	3                               @ Abbrev [3] 0x113c:0xb DW_TAG_typedef
	.long	1066                            @ DW_AT_type
	.long	.Linfo_string310                @ DW_AT_name
	.byte	1                               @ DW_AT_decl_file
	.byte	58                              @ DW_AT_decl_line
	.byte	22                              @ Abbrev [22] 0x1147:0x11 DW_TAG_subprogram
	.long	.Lfunc_begin0                   @ DW_AT_low_pc
	.long	.Lfunc_end0-.Lfunc_begin0       @ DW_AT_high_pc
	.byte	1                               @ DW_AT_frame_base
	.byte	93
	.long	.Linfo_string311                @ DW_AT_name
	.byte	2                               @ DW_AT_decl_file
	.byte	51                              @ DW_AT_decl_line
                                        @ DW_AT_prototyped
                                        @ DW_AT_external
	.byte	23                              @ Abbrev [23] 0x1158:0x22 DW_TAG_subprogram
	.long	.Lfunc_begin1                   @ DW_AT_low_pc
	.long	.Lfunc_end1-.Lfunc_begin1       @ DW_AT_high_pc
	.byte	1                               @ DW_AT_frame_base
	.byte	93
	.long	.Linfo_string312                @ DW_AT_name
	.byte	9                               @ DW_AT_decl_file
	.short	4291                            @ DW_AT_decl_line
                                        @ DW_AT_prototyped
	.byte	24                              @ Abbrev [24] 0x116a:0xf DW_TAG_variable
	.byte	2                               @ DW_AT_location
	.byte	145
	.byte	0
	.long	.Linfo_string320                @ DW_AT_name
	.byte	9                               @ DW_AT_decl_file
	.short	4293                            @ DW_AT_decl_line
	.long	55                              @ DW_AT_type
	.byte	0                               @ End Of Children Mark
	.byte	25                              @ Abbrev [25] 0x117a:0x20 DW_TAG_subprogram
	.long	.Lfunc_begin2                   @ DW_AT_low_pc
	.long	.Lfunc_end2-.Lfunc_begin2       @ DW_AT_high_pc
	.byte	1                               @ DW_AT_frame_base
	.byte	93
	.long	.Linfo_string313                @ DW_AT_name
	.byte	2                               @ DW_AT_decl_file
	.byte	105                             @ DW_AT_decl_line
                                        @ DW_AT_prototyped
                                        @ DW_AT_external
	.byte	26                              @ Abbrev [26] 0x118b:0xe DW_TAG_variable
	.byte	2                               @ DW_AT_location
	.byte	145
	.byte	4
	.long	.Linfo_string321                @ DW_AT_name
	.byte	2                               @ DW_AT_decl_file
	.byte	107                             @ DW_AT_decl_line
	.long	4412                            @ DW_AT_type
	.byte	0                               @ End Of Children Mark
	.byte	23                              @ Abbrev [23] 0x119a:0x22 DW_TAG_subprogram
	.long	.Lfunc_begin3                   @ DW_AT_low_pc
	.long	.Lfunc_end3-.Lfunc_begin3       @ DW_AT_high_pc
	.byte	1                               @ DW_AT_frame_base
	.byte	93
	.long	.Linfo_string314                @ DW_AT_name
	.byte	7                               @ DW_AT_decl_file
	.short	1275                            @ DW_AT_decl_line
                                        @ DW_AT_prototyped
	.byte	27                              @ Abbrev [27] 0x11ac:0xf DW_TAG_formal_parameter
	.byte	2                               @ DW_AT_location
	.byte	145
	.byte	0
	.long	.Linfo_string104                @ DW_AT_name
	.byte	7                               @ DW_AT_decl_file
	.short	1275                            @ DW_AT_decl_line
	.long	4761                            @ DW_AT_type
	.byte	0                               @ End Of Children Mark
	.byte	25                              @ Abbrev [25] 0x11bc:0x67 DW_TAG_subprogram
	.long	.Lfunc_begin4                   @ DW_AT_low_pc
	.long	.Lfunc_end4-.Lfunc_begin4       @ DW_AT_high_pc
	.byte	1                               @ DW_AT_frame_base
	.byte	93
	.long	.Linfo_string315                @ DW_AT_name
	.byte	2                               @ DW_AT_decl_file
	.byte	217                             @ DW_AT_decl_line
                                        @ DW_AT_prototyped
                                        @ DW_AT_external
	.byte	26                              @ Abbrev [26] 0x11cd:0xf DW_TAG_variable
	.byte	3                               @ DW_AT_location
	.byte	145
	.asciz	"\370"
	.long	.Linfo_string323                @ DW_AT_name
	.byte	2                               @ DW_AT_decl_file
	.byte	219                             @ DW_AT_decl_line
	.long	4772                            @ DW_AT_type
	.byte	26                              @ Abbrev [26] 0x11dc:0xe DW_TAG_variable
	.byte	2                               @ DW_AT_location
	.byte	145
	.byte	36
	.long	.Linfo_string324                @ DW_AT_name
	.byte	2                               @ DW_AT_decl_file
	.byte	220                             @ DW_AT_decl_line
	.long	4794                            @ DW_AT_type
	.byte	26                              @ Abbrev [26] 0x11ea:0xe DW_TAG_variable
	.byte	2                               @ DW_AT_location
	.byte	145
	.byte	12
	.long	.Linfo_string325                @ DW_AT_name
	.byte	2                               @ DW_AT_decl_file
	.byte	223                             @ DW_AT_decl_line
	.long	4806                            @ DW_AT_type
	.byte	26                              @ Abbrev [26] 0x11f8:0xe DW_TAG_variable
	.byte	2                               @ DW_AT_location
	.byte	145
	.byte	8
	.long	.Linfo_string328                @ DW_AT_name
	.byte	2                               @ DW_AT_decl_file
	.byte	224                             @ DW_AT_decl_line
	.long	55                              @ DW_AT_type
	.byte	26                              @ Abbrev [26] 0x1206:0xe DW_TAG_variable
	.byte	2                               @ DW_AT_location
	.byte	145
	.byte	4
	.long	.Linfo_string329                @ DW_AT_name
	.byte	2                               @ DW_AT_decl_file
	.byte	224                             @ DW_AT_decl_line
	.long	55                              @ DW_AT_type
	.byte	26                              @ Abbrev [26] 0x1214:0xe DW_TAG_variable
	.byte	2                               @ DW_AT_location
	.byte	145
	.byte	0
	.long	.Linfo_string321                @ DW_AT_name
	.byte	2                               @ DW_AT_decl_file
	.byte	225                             @ DW_AT_decl_line
	.long	55                              @ DW_AT_type
	.byte	0                               @ End Of Children Mark
	.byte	28                              @ Abbrev [28] 0x1223:0x40 DW_TAG_subprogram
	.long	.Lfunc_begin5                   @ DW_AT_low_pc
	.long	.Lfunc_end5-.Lfunc_begin5       @ DW_AT_high_pc
	.byte	1                               @ DW_AT_frame_base
	.byte	93
	.long	.Linfo_string316                @ DW_AT_name
	.byte	2                               @ DW_AT_decl_file
	.short	270                             @ DW_AT_decl_line
                                        @ DW_AT_prototyped
                                        @ DW_AT_external
	.byte	24                              @ Abbrev [24] 0x1235:0xf DW_TAG_variable
	.byte	2                               @ DW_AT_location
	.byte	145
	.byte	8
	.long	.Linfo_string330                @ DW_AT_name
	.byte	2                               @ DW_AT_decl_file
	.short	272                             @ DW_AT_decl_line
	.long	55                              @ DW_AT_type
	.byte	24                              @ Abbrev [24] 0x1244:0xf DW_TAG_variable
	.byte	2                               @ DW_AT_location
	.byte	145
	.byte	4
	.long	.Linfo_string331                @ DW_AT_name
	.byte	2                               @ DW_AT_decl_file
	.short	273                             @ DW_AT_decl_line
	.long	55                              @ DW_AT_type
	.byte	24                              @ Abbrev [24] 0x1253:0xf DW_TAG_variable
	.byte	2                               @ DW_AT_location
	.byte	145
	.byte	0
	.long	.Linfo_string332                @ DW_AT_name
	.byte	2                               @ DW_AT_decl_file
	.short	273                             @ DW_AT_decl_line
	.long	55                              @ DW_AT_type
	.byte	0                               @ End Of Children Mark
	.byte	29                              @ Abbrev [29] 0x1263:0x12 DW_TAG_subprogram
	.long	.Lfunc_begin6                   @ DW_AT_low_pc
	.long	.Lfunc_end6-.Lfunc_begin6       @ DW_AT_high_pc
	.byte	1                               @ DW_AT_frame_base
	.byte	93
	.long	.Linfo_string317                @ DW_AT_name
	.byte	2                               @ DW_AT_decl_file
	.short	308                             @ DW_AT_decl_line
                                        @ DW_AT_prototyped
                                        @ DW_AT_external
	.byte	29                              @ Abbrev [29] 0x1275:0x12 DW_TAG_subprogram
	.long	.Lfunc_begin7                   @ DW_AT_low_pc
	.long	.Lfunc_end7-.Lfunc_begin7       @ DW_AT_high_pc
	.byte	1                               @ DW_AT_frame_base
	.byte	93
	.long	.Linfo_string318                @ DW_AT_name
	.byte	2                               @ DW_AT_decl_file
	.short	397                             @ DW_AT_decl_line
                                        @ DW_AT_prototyped
                                        @ DW_AT_external
	.byte	29                              @ Abbrev [29] 0x1287:0x12 DW_TAG_subprogram
	.long	.Lfunc_begin8                   @ DW_AT_low_pc
	.long	.Lfunc_end8-.Lfunc_begin8       @ DW_AT_high_pc
	.byte	1                               @ DW_AT_frame_base
	.byte	93
	.long	.Linfo_string319                @ DW_AT_name
	.byte	2                               @ DW_AT_decl_file
	.short	416                             @ DW_AT_decl_line
                                        @ DW_AT_prototyped
                                        @ DW_AT_external
	.byte	3                               @ Abbrev [3] 0x1299:0xb DW_TAG_typedef
	.long	466                             @ DW_AT_type
	.long	.Linfo_string322                @ DW_AT_name
	.byte	3                               @ DW_AT_decl_file
	.byte	232                             @ DW_AT_decl_line
	.byte	6                               @ Abbrev [6] 0x12a4:0xc DW_TAG_array_type
	.long	4784                            @ DW_AT_type
	.byte	7                               @ Abbrev [7] 0x12a9:0x6 DW_TAG_subrange_type
	.long	139                             @ DW_AT_type
	.byte	12                              @ DW_AT_count
	.byte	0                               @ End Of Children Mark
	.byte	11                              @ Abbrev [11] 0x12b0:0x5 DW_TAG_pointer_type
	.long	4789                            @ DW_AT_type
	.byte	17                              @ Abbrev [17] 0x12b5:0x5 DW_TAG_const_type
	.long	132                             @ DW_AT_type
	.byte	6                               @ Abbrev [6] 0x12ba:0xc DW_TAG_array_type
	.long	4784                            @ DW_AT_type
	.byte	7                               @ Abbrev [7] 0x12bf:0x6 DW_TAG_subrange_type
	.long	139                             @ DW_AT_type
	.byte	21                              @ DW_AT_count
	.byte	0                               @ End Of Children Mark
	.byte	6                               @ Abbrev [6] 0x12c6:0xc DW_TAG_array_type
	.long	4818                            @ DW_AT_type
	.byte	7                               @ Abbrev [7] 0x12cb:0x6 DW_TAG_subrange_type
	.long	139                             @ DW_AT_type
	.byte	21                              @ DW_AT_count
	.byte	0                               @ End Of Children Mark
	.byte	17                              @ Abbrev [17] 0x12d2:0x5 DW_TAG_const_type
	.long	4823                            @ DW_AT_type
	.byte	3                               @ Abbrev [3] 0x12d7:0xb DW_TAG_typedef
	.long	4834                            @ DW_AT_type
	.long	.Linfo_string327                @ DW_AT_name
	.byte	1                               @ DW_AT_decl_file
	.byte	62                              @ DW_AT_decl_line
	.byte	4                               @ Abbrev [4] 0x12e2:0x7 DW_TAG_base_type
	.long	.Linfo_string326                @ DW_AT_name
	.byte	8                               @ DW_AT_encoding
	.byte	1                               @ DW_AT_byte_size
	.byte	0                               @ End Of Children Mark
.Ldebug_info_end0:
	.section	.debug_ranges,"",%progbits
.Ldebug_ranges0:
	.long	.Lfunc_begin0
	.long	.Lfunc_end0
	.long	.Lfunc_begin1
	.long	.Lfunc_end1
	.long	.Lfunc_begin2
	.long	.Lfunc_end2
	.long	.Lfunc_begin3
	.long	.Lfunc_end3
	.long	.Lfunc_begin4
	.long	.Lfunc_end4
	.long	.Lfunc_begin5
	.long	.Lfunc_end5
	.long	.Lfunc_begin6
	.long	.Lfunc_end6
	.long	.Lfunc_begin7
	.long	.Lfunc_end7
	.long	.Lfunc_begin8
	.long	.Lfunc_end8
	.long	0
	.long	0
	.section	.debug_str,"MS",%progbits,1
.Linfo_string0:
	.asciz	"Component: Arm Compiler for Embedded 6.22 Tool: armclang [5ee92100]" @ string offset=0
.Linfo_string1:
	.asciz	"../../../../../Library/Device/Nuvoton/M2354/Source\\system_M2354.c" @ string offset=68
.Linfo_string2:
	.asciz	"C:\\Users\\LogoslabMiniPC\\GitHub_Box_Windows\\logoslab\\M2354\\Old_M2354_BSP_300004\\SampleCode\\TrustZone\\Borhan-E-Voting-System\\Secure\\KEIL" @ string offset=134
.Linfo_string3:
	.asciz	"SystemCoreClock"               @ string offset=269
.Linfo_string4:
	.asciz	"unsigned int"                  @ string offset=285
.Linfo_string5:
	.asciz	"uint32_t"                      @ string offset=298
.Linfo_string6:
	.asciz	"CyclesPerUs"                   @ string offset=307
.Linfo_string7:
	.asciz	"PllClock"                      @ string offset=319
.Linfo_string8:
	.asciz	"char"                          @ string offset=328
.Linfo_string9:
	.asciz	"__ARRAY_SIZE_TYPE__"           @ string offset=333
.Linfo_string10:
	.asciz	"int"                           @ string offset=353
.Linfo_string11:
	.asciz	"NonMaskableInt_IRQn"           @ string offset=357
.Linfo_string12:
	.asciz	"HardFault_IRQn"                @ string offset=377
.Linfo_string13:
	.asciz	"SVCall_IRQn"                   @ string offset=392
.Linfo_string14:
	.asciz	"PendSV_IRQn"                   @ string offset=404
.Linfo_string15:
	.asciz	"SysTick_IRQn"                  @ string offset=416
.Linfo_string16:
	.asciz	"BOD_IRQn"                      @ string offset=429
.Linfo_string17:
	.asciz	"IRC_IRQn"                      @ string offset=438
.Linfo_string18:
	.asciz	"PWRWU_IRQn"                    @ string offset=447
.Linfo_string19:
	.asciz	"RAMPE_IRQn"                    @ string offset=458
.Linfo_string20:
	.asciz	"CKFAIL_IRQn"                   @ string offset=469
.Linfo_string21:
	.asciz	"ISP_IRQn"                      @ string offset=481
.Linfo_string22:
	.asciz	"RTC_IRQn"                      @ string offset=490
.Linfo_string23:
	.asciz	"RTC_TAMPER_IRQn"               @ string offset=499
.Linfo_string24:
	.asciz	"WDT_IRQn"                      @ string offset=515
.Linfo_string25:
	.asciz	"WWDT_IRQn"                     @ string offset=524
.Linfo_string26:
	.asciz	"EINT0_IRQn"                    @ string offset=534
.Linfo_string27:
	.asciz	"EINT1_IRQn"                    @ string offset=545
.Linfo_string28:
	.asciz	"EINT2_IRQn"                    @ string offset=556
.Linfo_string29:
	.asciz	"EINT3_IRQn"                    @ string offset=567
.Linfo_string30:
	.asciz	"EINT4_IRQn"                    @ string offset=578
.Linfo_string31:
	.asciz	"EINT5_IRQn"                    @ string offset=589
.Linfo_string32:
	.asciz	"GPA_IRQn"                      @ string offset=600
.Linfo_string33:
	.asciz	"GPB_IRQn"                      @ string offset=609
.Linfo_string34:
	.asciz	"GPC_IRQn"                      @ string offset=618
.Linfo_string35:
	.asciz	"GPD_IRQn"                      @ string offset=627
.Linfo_string36:
	.asciz	"GPE_IRQn"                      @ string offset=636
.Linfo_string37:
	.asciz	"GPF_IRQn"                      @ string offset=645
.Linfo_string38:
	.asciz	"QSPI0_IRQn"                    @ string offset=654
.Linfo_string39:
	.asciz	"SPI0_IRQn"                     @ string offset=665
.Linfo_string40:
	.asciz	"BRAKE0_IRQn"                   @ string offset=675
.Linfo_string41:
	.asciz	"EPWM0_P0_IRQn"                 @ string offset=687
.Linfo_string42:
	.asciz	"EPWM0_P1_IRQn"                 @ string offset=701
.Linfo_string43:
	.asciz	"EPWM0_P2_IRQn"                 @ string offset=715
.Linfo_string44:
	.asciz	"BRAKE1_IRQn"                   @ string offset=729
.Linfo_string45:
	.asciz	"EPWM1_P0_IRQn"                 @ string offset=741
.Linfo_string46:
	.asciz	"EPWM1_P1_IRQn"                 @ string offset=755
.Linfo_string47:
	.asciz	"EPWM1_P2_IRQn"                 @ string offset=769
.Linfo_string48:
	.asciz	"TMR0_IRQn"                     @ string offset=783
.Linfo_string49:
	.asciz	"TMR1_IRQn"                     @ string offset=793
.Linfo_string50:
	.asciz	"TMR2_IRQn"                     @ string offset=803
.Linfo_string51:
	.asciz	"TMR3_IRQn"                     @ string offset=813
.Linfo_string52:
	.asciz	"UART0_IRQn"                    @ string offset=823
.Linfo_string53:
	.asciz	"UART1_IRQn"                    @ string offset=834
.Linfo_string54:
	.asciz	"I2C0_IRQn"                     @ string offset=845
.Linfo_string55:
	.asciz	"I2C1_IRQn"                     @ string offset=855
.Linfo_string56:
	.asciz	"PDMA0_IRQn"                    @ string offset=865
.Linfo_string57:
	.asciz	"DAC_IRQn"                      @ string offset=876
.Linfo_string58:
	.asciz	"EADC0_IRQn"                    @ string offset=885
.Linfo_string59:
	.asciz	"EADC1_IRQn"                    @ string offset=896
.Linfo_string60:
	.asciz	"ACMP01_IRQn"                   @ string offset=907
.Linfo_string61:
	.asciz	"EADC2_IRQn"                    @ string offset=919
.Linfo_string62:
	.asciz	"EADC3_IRQn"                    @ string offset=930
.Linfo_string63:
	.asciz	"UART2_IRQn"                    @ string offset=941
.Linfo_string64:
	.asciz	"UART3_IRQn"                    @ string offset=952
.Linfo_string65:
	.asciz	"SPI1_IRQn"                     @ string offset=963
.Linfo_string66:
	.asciz	"SPI2_IRQn"                     @ string offset=973
.Linfo_string67:
	.asciz	"USBD_IRQn"                     @ string offset=983
.Linfo_string68:
	.asciz	"USBH_IRQn"                     @ string offset=993
.Linfo_string69:
	.asciz	"USBOTG_IRQn"                   @ string offset=1003
.Linfo_string70:
	.asciz	"CAN0_IRQn"                     @ string offset=1015
.Linfo_string71:
	.asciz	"SC0_IRQn"                      @ string offset=1025
.Linfo_string72:
	.asciz	"SC1_IRQn"                      @ string offset=1034
.Linfo_string73:
	.asciz	"SC2_IRQn"                      @ string offset=1043
.Linfo_string74:
	.asciz	"SPI3_IRQn"                     @ string offset=1052
.Linfo_string75:
	.asciz	"SDH0_IRQn"                     @ string offset=1062
.Linfo_string76:
	.asciz	"I2S0_IRQn"                     @ string offset=1072
.Linfo_string77:
	.asciz	"CRPT_IRQn"                     @ string offset=1082
.Linfo_string78:
	.asciz	"GPG_IRQn"                      @ string offset=1092
.Linfo_string79:
	.asciz	"EINT6_IRQn"                    @ string offset=1101
.Linfo_string80:
	.asciz	"UART4_IRQn"                    @ string offset=1112
.Linfo_string81:
	.asciz	"UART5_IRQn"                    @ string offset=1123
.Linfo_string82:
	.asciz	"USCI0_IRQn"                    @ string offset=1134
.Linfo_string83:
	.asciz	"USCI1_IRQn"                    @ string offset=1145
.Linfo_string84:
	.asciz	"BPWM0_IRQn"                    @ string offset=1156
.Linfo_string85:
	.asciz	"BPWM1_IRQn"                    @ string offset=1167
.Linfo_string86:
	.asciz	"I2C2_IRQn"                     @ string offset=1178
.Linfo_string87:
	.asciz	"QEI0_IRQn"                     @ string offset=1188
.Linfo_string88:
	.asciz	"QEI1_IRQn"                     @ string offset=1198
.Linfo_string89:
	.asciz	"ECAP0_IRQn"                    @ string offset=1208
.Linfo_string90:
	.asciz	"ECAP1_IRQn"                    @ string offset=1219
.Linfo_string91:
	.asciz	"GPH_IRQn"                      @ string offset=1230
.Linfo_string92:
	.asciz	"EINT7_IRQn"                    @ string offset=1239
.Linfo_string93:
	.asciz	"PDMA1_IRQn"                    @ string offset=1250
.Linfo_string94:
	.asciz	"SCU_IRQn"                      @ string offset=1261
.Linfo_string95:
	.asciz	"LCD_IRQn"                      @ string offset=1270
.Linfo_string96:
	.asciz	"TRNG_IRQn"                     @ string offset=1279
.Linfo_string97:
	.asciz	"KS_IRQn"                       @ string offset=1289
.Linfo_string98:
	.asciz	"TAMPER_IRQn"                   @ string offset=1297
.Linfo_string99:
	.asciz	"EWDT_IRQn"                     @ string offset=1309
.Linfo_string100:
	.asciz	"EWWDT_IRQn"                    @ string offset=1319
.Linfo_string101:
	.asciz	"NS_ISP_IRQn"                   @ string offset=1330
.Linfo_string102:
	.asciz	"TMR4_IRQn"                     @ string offset=1342
.Linfo_string103:
	.asciz	"TMR5_IRQn"                     @ string offset=1352
.Linfo_string104:
	.asciz	"IRQn"                          @ string offset=1362
.Linfo_string105:
	.asciz	"PNSSET"                        @ string offset=1367
.Linfo_string106:
	.asciz	"RESERVE0"                      @ string offset=1374
.Linfo_string107:
	.asciz	"SRAMNSSET"                     @ string offset=1383
.Linfo_string108:
	.asciz	"FNSADDR"                       @ string offset=1393
.Linfo_string109:
	.asciz	"SVIOIEN"                       @ string offset=1401
.Linfo_string110:
	.asciz	"SVINTSTS"                      @ string offset=1409
.Linfo_string111:
	.asciz	"APB0VSRC"                      @ string offset=1418
.Linfo_string112:
	.asciz	"APB0VA"                        @ string offset=1427
.Linfo_string113:
	.asciz	"APB1VSRC"                      @ string offset=1434
.Linfo_string114:
	.asciz	"APB1VA"                        @ string offset=1443
.Linfo_string115:
	.asciz	"GPIOVSRC"                      @ string offset=1450
.Linfo_string116:
	.asciz	"GPIOVA"                        @ string offset=1459
.Linfo_string117:
	.asciz	"EBIVSRC"                       @ string offset=1466
.Linfo_string118:
	.asciz	"EBIVA"                         @ string offset=1474
.Linfo_string119:
	.asciz	"USBHVSRC"                      @ string offset=1480
.Linfo_string120:
	.asciz	"USBHVA"                        @ string offset=1489
.Linfo_string121:
	.asciz	"CRCVSRC"                       @ string offset=1496
.Linfo_string122:
	.asciz	"CRCVA"                         @ string offset=1504
.Linfo_string123:
	.asciz	"SD0VSRC"                       @ string offset=1510
.Linfo_string124:
	.asciz	"SD0VA"                         @ string offset=1518
.Linfo_string125:
	.asciz	"RESERVE1"                      @ string offset=1524
.Linfo_string126:
	.asciz	"PDMA0VSRC"                     @ string offset=1533
.Linfo_string127:
	.asciz	"PDMA0VA"                       @ string offset=1543
.Linfo_string128:
	.asciz	"PDMA1VSRC"                     @ string offset=1551
.Linfo_string129:
	.asciz	"PDMA1VA"                       @ string offset=1561
.Linfo_string130:
	.asciz	"SRAM0VSRC"                     @ string offset=1569
.Linfo_string131:
	.asciz	"SRAM0VA"                       @ string offset=1579
.Linfo_string132:
	.asciz	"SRAM1VSRC"                     @ string offset=1587
.Linfo_string133:
	.asciz	"SRAM1VA"                       @ string offset=1597
.Linfo_string134:
	.asciz	"FMCVSRC"                       @ string offset=1605
.Linfo_string135:
	.asciz	"FMCVA"                         @ string offset=1613
.Linfo_string136:
	.asciz	"FLASHVSRC"                     @ string offset=1619
.Linfo_string137:
	.asciz	"FLASHVA"                       @ string offset=1629
.Linfo_string138:
	.asciz	"SCUVSRC"                       @ string offset=1637
.Linfo_string139:
	.asciz	"SCUVA"                         @ string offset=1645
.Linfo_string140:
	.asciz	"SYSVSRC"                       @ string offset=1651
.Linfo_string141:
	.asciz	"SYSVA"                         @ string offset=1659
.Linfo_string142:
	.asciz	"CRPTVSRC"                      @ string offset=1665
.Linfo_string143:
	.asciz	"CRPTVA"                        @ string offset=1674
.Linfo_string144:
	.asciz	"KSVSRC"                        @ string offset=1681
.Linfo_string145:
	.asciz	"KSVA"                          @ string offset=1688
.Linfo_string146:
	.asciz	"SRAM2VSRC"                     @ string offset=1693
.Linfo_string147:
	.asciz	"SRAM2VA"                       @ string offset=1703
.Linfo_string148:
	.asciz	"RESERVE2"                      @ string offset=1711
.Linfo_string149:
	.asciz	"SINFAEN"                       @ string offset=1720
.Linfo_string150:
	.asciz	"RESERVE3"                      @ string offset=1728
.Linfo_string151:
	.asciz	"PNPSET"                        @ string offset=1737
.Linfo_string152:
	.asciz	"RESERVE4"                      @ string offset=1744
.Linfo_string153:
	.asciz	"IONPSET"                       @ string offset=1753
.Linfo_string154:
	.asciz	"SRAMNPSET"                     @ string offset=1761
.Linfo_string155:
	.asciz	"MEMNPSET"                      @ string offset=1771
.Linfo_string156:
	.asciz	"PVIOIEN"                       @ string offset=1780
.Linfo_string157:
	.asciz	"PVINTSTS"                      @ string offset=1788
.Linfo_string158:
	.asciz	"RESERVE5"                      @ string offset=1797
.Linfo_string159:
	.asciz	"IONSSET"                       @ string offset=1806
.Linfo_string160:
	.asciz	"RESERVE6"                      @ string offset=1814
.Linfo_string161:
	.asciz	"NSMCTL"                        @ string offset=1823
.Linfo_string162:
	.asciz	"NSMLOAD"                       @ string offset=1830
.Linfo_string163:
	.asciz	"NSMVAL"                        @ string offset=1838
.Linfo_string164:
	.asciz	"NSMSTS"                        @ string offset=1845
.Linfo_string165:
	.asciz	"RESERVE7"                      @ string offset=1852
.Linfo_string166:
	.asciz	"BBE"                           @ string offset=1861
.Linfo_string167:
	.asciz	"IDAUANS"                       @ string offset=1865
.Linfo_string168:
	.asciz	"RESERVE8"                      @ string offset=1873
.Linfo_string169:
	.asciz	"VERSION"                       @ string offset=1882
.Linfo_string170:
	.asciz	"SCU_T"                         @ string offset=1890
.Linfo_string171:
	.asciz	"ISPCTL"                        @ string offset=1896
.Linfo_string172:
	.asciz	"ISPADDR"                       @ string offset=1903
.Linfo_string173:
	.asciz	"ISPDAT"                        @ string offset=1911
.Linfo_string174:
	.asciz	"ISPCMD"                        @ string offset=1918
.Linfo_string175:
	.asciz	"ISPTRG"                        @ string offset=1925
.Linfo_string176:
	.asciz	"ISPSTS"                        @ string offset=1932
.Linfo_string177:
	.asciz	"CYCCTL"                        @ string offset=1939
.Linfo_string178:
	.asciz	"MPDAT0"                        @ string offset=1946
.Linfo_string179:
	.asciz	"MPDAT1"                        @ string offset=1953
.Linfo_string180:
	.asciz	"MPDAT2"                        @ string offset=1960
.Linfo_string181:
	.asciz	"MPDAT3"                        @ string offset=1967
.Linfo_string182:
	.asciz	"MPSTS"                         @ string offset=1974
.Linfo_string183:
	.asciz	"MPADDR"                        @ string offset=1980
.Linfo_string184:
	.asciz	"XOMR0STS"                      @ string offset=1987
.Linfo_string185:
	.asciz	"XOMR1STS"                      @ string offset=1996
.Linfo_string186:
	.asciz	"XOMR2STS"                      @ string offset=2005
.Linfo_string187:
	.asciz	"XOMR3STS"                      @ string offset=2014
.Linfo_string188:
	.asciz	"XOMSTS"                        @ string offset=2023
.Linfo_string189:
	.asciz	"DFCTL"                         @ string offset=2030
.Linfo_string190:
	.asciz	"DFSTS"                         @ string offset=2036
.Linfo_string191:
	.asciz	"SCRKEY"                        @ string offset=2042
.Linfo_string192:
	.asciz	"FMC_T"                         @ string offset=2049
.Linfo_string193:
	.asciz	"PDID"                          @ string offset=2055
.Linfo_string194:
	.asciz	"RSTSTS"                        @ string offset=2060
.Linfo_string195:
	.asciz	"IPRST0"                        @ string offset=2067
.Linfo_string196:
	.asciz	"IPRST1"                        @ string offset=2074
.Linfo_string197:
	.asciz	"IPRST2"                        @ string offset=2081
.Linfo_string198:
	.asciz	"BODCTL"                        @ string offset=2088
.Linfo_string199:
	.asciz	"IVSCTL"                        @ string offset=2095
.Linfo_string200:
	.asciz	"PORCTL0"                       @ string offset=2102
.Linfo_string201:
	.asciz	"VREFCTL"                       @ string offset=2110
.Linfo_string202:
	.asciz	"USBPHY"                        @ string offset=2118
.Linfo_string203:
	.asciz	"GPA_MFPL"                      @ string offset=2125
.Linfo_string204:
	.asciz	"GPA_MFPH"                      @ string offset=2134
.Linfo_string205:
	.asciz	"GPB_MFPL"                      @ string offset=2143
.Linfo_string206:
	.asciz	"GPB_MFPH"                      @ string offset=2152
.Linfo_string207:
	.asciz	"GPC_MFPL"                      @ string offset=2161
.Linfo_string208:
	.asciz	"GPC_MFPH"                      @ string offset=2170
.Linfo_string209:
	.asciz	"GPD_MFPL"                      @ string offset=2179
.Linfo_string210:
	.asciz	"GPD_MFPH"                      @ string offset=2188
.Linfo_string211:
	.asciz	"GPE_MFPL"                      @ string offset=2197
.Linfo_string212:
	.asciz	"GPE_MFPH"                      @ string offset=2206
.Linfo_string213:
	.asciz	"GPF_MFPL"                      @ string offset=2215
.Linfo_string214:
	.asciz	"GPF_MFPH"                      @ string offset=2224
.Linfo_string215:
	.asciz	"GPG_MFPL"                      @ string offset=2233
.Linfo_string216:
	.asciz	"GPG_MFPH"                      @ string offset=2242
.Linfo_string217:
	.asciz	"GPH_MFPL"                      @ string offset=2251
.Linfo_string218:
	.asciz	"GPH_MFPH"                      @ string offset=2260
.Linfo_string219:
	.asciz	"GPA_MFOS"                      @ string offset=2269
.Linfo_string220:
	.asciz	"GPB_MFOS"                      @ string offset=2278
.Linfo_string221:
	.asciz	"GPC_MFOS"                      @ string offset=2287
.Linfo_string222:
	.asciz	"GPD_MFOS"                      @ string offset=2296
.Linfo_string223:
	.asciz	"GPE_MFOS"                      @ string offset=2305
.Linfo_string224:
	.asciz	"GPF_MFOS"                      @ string offset=2314
.Linfo_string225:
	.asciz	"GPG_MFOS"                      @ string offset=2323
.Linfo_string226:
	.asciz	"GPH_MFOS"                      @ string offset=2332
.Linfo_string227:
	.asciz	"VTORSET"                       @ string offset=2341
.Linfo_string228:
	.asciz	"SRAMICTL"                      @ string offset=2349
.Linfo_string229:
	.asciz	"SRAMSTS"                       @ string offset=2358
.Linfo_string230:
	.asciz	"SRAMEADR"                      @ string offset=2366
.Linfo_string231:
	.asciz	"SRAMPC0"                       @ string offset=2375
.Linfo_string232:
	.asciz	"SRAMPC1"                       @ string offset=2383
.Linfo_string233:
	.asciz	"TCTL48M"                       @ string offset=2391
.Linfo_string234:
	.asciz	"TIEN48M"                       @ string offset=2399
.Linfo_string235:
	.asciz	"TISTS48M"                      @ string offset=2407
.Linfo_string236:
	.asciz	"TCTL12M"                       @ string offset=2416
.Linfo_string237:
	.asciz	"TIEN12M"                       @ string offset=2424
.Linfo_string238:
	.asciz	"TISTS12M"                      @ string offset=2432
.Linfo_string239:
	.asciz	"REGLCTL"                       @ string offset=2441
.Linfo_string240:
	.asciz	"CPUCFG"                        @ string offset=2449
.Linfo_string241:
	.asciz	"BATLDCTL"                      @ string offset=2456
.Linfo_string242:
	.asciz	"OVDCTL"                        @ string offset=2465
.Linfo_string243:
	.asciz	"PORCTL1"                       @ string offset=2472
.Linfo_string244:
	.asciz	"RESERVE9"                      @ string offset=2480
.Linfo_string245:
	.asciz	"PSWCTL"                        @ string offset=2489
.Linfo_string246:
	.asciz	"PLCTL"                         @ string offset=2496
.Linfo_string247:
	.asciz	"PLSTS"                         @ string offset=2502
.Linfo_string248:
	.asciz	"RESERVE10"                     @ string offset=2508
.Linfo_string249:
	.asciz	"AHBMCTL"                       @ string offset=2518
.Linfo_string250:
	.asciz	"SYS_T"                         @ string offset=2526
.Linfo_string251:
	.asciz	"ISER"                          @ string offset=2532
.Linfo_string252:
	.asciz	"RESERVED0"                     @ string offset=2537
.Linfo_string253:
	.asciz	"ICER"                          @ string offset=2547
.Linfo_string254:
	.asciz	"RSERVED1"                      @ string offset=2552
.Linfo_string255:
	.asciz	"ISPR"                          @ string offset=2561
.Linfo_string256:
	.asciz	"RESERVED2"                     @ string offset=2566
.Linfo_string257:
	.asciz	"ICPR"                          @ string offset=2576
.Linfo_string258:
	.asciz	"RESERVED3"                     @ string offset=2581
.Linfo_string259:
	.asciz	"IABR"                          @ string offset=2591
.Linfo_string260:
	.asciz	"RESERVED4"                     @ string offset=2596
.Linfo_string261:
	.asciz	"ITNS"                          @ string offset=2606
.Linfo_string262:
	.asciz	"RESERVED5"                     @ string offset=2611
.Linfo_string263:
	.asciz	"IPR"                           @ string offset=2621
.Linfo_string264:
	.asciz	"NVIC_Type"                     @ string offset=2625
.Linfo_string265:
	.asciz	"vu32"                          @ string offset=2635
.Linfo_string266:
	.asciz	"CTRL"                          @ string offset=2640
.Linfo_string267:
	.asciz	"TYPE"                          @ string offset=2645
.Linfo_string268:
	.asciz	"RNR"                           @ string offset=2650
.Linfo_string269:
	.asciz	"RBAR"                          @ string offset=2654
.Linfo_string270:
	.asciz	"RLAR"                          @ string offset=2659
.Linfo_string271:
	.asciz	"SAU_Type"                      @ string offset=2664
.Linfo_string272:
	.asciz	"CPUID"                         @ string offset=2673
.Linfo_string273:
	.asciz	"ICSR"                          @ string offset=2679
.Linfo_string274:
	.asciz	"VTOR"                          @ string offset=2684
.Linfo_string275:
	.asciz	"AIRCR"                         @ string offset=2689
.Linfo_string276:
	.asciz	"SCR"                           @ string offset=2695
.Linfo_string277:
	.asciz	"CCR"                           @ string offset=2699
.Linfo_string278:
	.asciz	"RESERVED1"                     @ string offset=2703
.Linfo_string279:
	.asciz	"SHPR"                          @ string offset=2713
.Linfo_string280:
	.asciz	"SHCSR"                         @ string offset=2718
.Linfo_string281:
	.asciz	"SCB_Type"                      @ string offset=2724
.Linfo_string282:
	.asciz	"PWRCTL"                        @ string offset=2733
.Linfo_string283:
	.asciz	"AHBCLK"                        @ string offset=2740
.Linfo_string284:
	.asciz	"APBCLK0"                       @ string offset=2747
.Linfo_string285:
	.asciz	"APBCLK1"                       @ string offset=2755
.Linfo_string286:
	.asciz	"CLKSEL0"                       @ string offset=2763
.Linfo_string287:
	.asciz	"CLKSEL1"                       @ string offset=2771
.Linfo_string288:
	.asciz	"CLKSEL2"                       @ string offset=2779
.Linfo_string289:
	.asciz	"CLKSEL3"                       @ string offset=2787
.Linfo_string290:
	.asciz	"CLKDIV0"                       @ string offset=2795
.Linfo_string291:
	.asciz	"CLKDIV1"                       @ string offset=2803
.Linfo_string292:
	.asciz	"CLKDIV4"                       @ string offset=2811
.Linfo_string293:
	.asciz	"PLLCTL"                        @ string offset=2819
.Linfo_string294:
	.asciz	"STATUS"                        @ string offset=2826
.Linfo_string295:
	.asciz	"CLKOCTL"                       @ string offset=2833
.Linfo_string296:
	.asciz	"CLKDCTL"                       @ string offset=2841
.Linfo_string297:
	.asciz	"CLKDSTS"                       @ string offset=2849
.Linfo_string298:
	.asciz	"CDUPB"                         @ string offset=2857
.Linfo_string299:
	.asciz	"CDLOWB"                        @ string offset=2863
.Linfo_string300:
	.asciz	"PMUCTL"                        @ string offset=2870
.Linfo_string301:
	.asciz	"PMUSTS"                        @ string offset=2877
.Linfo_string302:
	.asciz	"SWKDBCTL"                      @ string offset=2884
.Linfo_string303:
	.asciz	"PASWKCTL"                      @ string offset=2893
.Linfo_string304:
	.asciz	"PBSWKCTL"                      @ string offset=2902
.Linfo_string305:
	.asciz	"PCSWKCTL"                      @ string offset=2911
.Linfo_string306:
	.asciz	"PDSWKCTL"                      @ string offset=2920
.Linfo_string307:
	.asciz	"IOPDCTL"                       @ string offset=2929
.Linfo_string308:
	.asciz	"HXTFSEL"                       @ string offset=2937
.Linfo_string309:
	.asciz	"CLK_T"                         @ string offset=2945
.Linfo_string310:
	.asciz	"int32_t"                       @ string offset=2951
.Linfo_string311:
	.asciz	"FMC_NSBA_Setup"                @ string offset=2959
.Linfo_string312:
	.asciz	"SYS_UnlockReg"                 @ string offset=2974
.Linfo_string313:
	.asciz	"SCU_Setup"                     @ string offset=2988
.Linfo_string314:
	.asciz	"__NVIC_EnableIRQ"              @ string offset=2998
.Linfo_string315:
	.asciz	"SCU_IRQHandler"                @ string offset=3015
.Linfo_string316:
	.asciz	"NSC_Init"                      @ string offset=3030
.Linfo_string317:
	.asciz	"TZ_SAU_Setup"                  @ string offset=3039
.Linfo_string318:
	.asciz	"SystemCoreClockUpdate"         @ string offset=3052
.Linfo_string319:
	.asciz	"SystemInit"                    @ string offset=3074
.Linfo_string320:
	.asciz	"u32TimeOutCount"               @ string offset=3085
.Linfo_string321:
	.asciz	"i"                             @ string offset=3101
.Linfo_string322:
	.asciz	"IRQn_Type"                     @ string offset=3103
.Linfo_string323:
	.asciz	"master"                        @ string offset=3113
.Linfo_string324:
	.asciz	"ipname"                        @ string offset=3120
.Linfo_string325:
	.asciz	"info"                          @ string offset=3127
.Linfo_string326:
	.asciz	"unsigned char"                 @ string offset=3132
.Linfo_string327:
	.asciz	"uint8_t"                       @ string offset=3146
.Linfo_string328:
	.asciz	"u32Reg"                        @ string offset=3154
.Linfo_string329:
	.asciz	"u32Addr"                       @ string offset=3161
.Linfo_string330:
	.asciz	"u32Region"                     @ string offset=3169
.Linfo_string331:
	.asciz	"u32Base"                       @ string offset=3179
.Linfo_string332:
	.asciz	"u32Limit"                      @ string offset=3187
	.ident	"Component: Arm Compiler for Embedded 6.22 Tool: armclang [5ee92100]"
	.section	".note.GNU-stack","",%progbits
	.eabi_attribute	30, 6	@ Tag_ABI_optimization_goals
	.ARM_attribute	6, 1	@ Tag_AV_cpp_exceptions
	.ARM_attribute	16, 1	@ Tag_AV_eba
	.section	.debug_line,"",%progbits
.Lline_table_start0:
