	.text
	.syntax unified
	.eabi_attribute	67, "2.09"	@ Tag_conformance
	.cpu	cortex-m23
	.eabi_attribute	6, 16	@ Tag_CPU_arch
	.eabi_attribute	7, 77	@ Tag_CPU_arch_profile
	.eabi_attribute	8, 0	@ Tag_ARM_ISA_use
	.eabi_attribute	9, 3	@ Tag_THUMB_ISA_use
	.eabi_attribute	34, 0	@ Tag_CPU_unaligned_access
	.eabi_attribute	17, 1	@ Tag_ABI_PCS_GOT_use
	.eabi_attribute	20, 2	@ Tag_ABI_FP_denormal
	.eabi_attribute	21, 0	@ Tag_ABI_FP_exceptions
	.eabi_attribute	23, 1	@ Tag_ABI_FP_number_model
	.eabi_attribute	24, 1	@ Tag_ABI_align_needed
	.eabi_attribute	25, 1	@ Tag_ABI_align_preserved
	.eabi_attribute	38, 1	@ Tag_ABI_FP_16bit_format
	.eabi_attribute	18, 4	@ Tag_ABI_PCS_wchar_t
	.eabi_attribute	26, 2	@ Tag_ABI_enum_size
	.eabi_attribute	14, 0	@ Tag_ABI_PCS_R9_use
	.file	"uart.c"
	.file	1 "C:\\Keil_v5\\ARM\\ARMCLANG\\Bin\\..\\include" "stdint.h"
	.section	.text.UART_ClearIntFlag,"ax",%progbits
	.hidden	UART_ClearIntFlag               @ -- Begin function UART_ClearIntFlag
	.globl	UART_ClearIntFlag
	.p2align	2
	.type	UART_ClearIntFlag,%function
	.code	16                              @ @UART_ClearIntFlag
	.thumb_func
UART_ClearIntFlag:
.Lfunc_begin0:
	.file	2 "C:\\Users\\Borhan\\Desktop\\M2354_Series_BSP_CMSIS_V3.00.005_duplicate\\SampleCode\\TrustZone\\E-Voting-System\\Secure\\KEIL" "../../../../../Library/StdDriver/src/uart.c"
	.loc	2 43 0                          @ ../../../../../Library/StdDriver/src/uart.c:43:0
	.fnstart
	.cfi_sections .debug_frame
	.cfi_startproc
@ %bb.0:
	.pad	#8
	sub	sp, #8
	.cfi_def_cfa_offset 8
	str	r0, [sp, #4]
	str	r1, [sp]
	mov	r0, sp
.Ltmp0:
	.loc	2 44 8 prologue_end             @ ../../../../../Library/StdDriver/src/uart.c:44:8
	ldrb	r0, [r0, #3]
	lsls	r0, r0, #31
	cbz	r0, .LBB0_2
	b	.LBB0_1
.LBB0_1:
.Ltmp1:
	.loc	2 46 9                          @ ../../../../../Library/StdDriver/src/uart.c:46:9
	ldr	r1, [sp, #4]
	movs	r0, #1
	lsls	r0, r0, #16
	.loc	2 46 23 is_stmt 0               @ ../../../../../Library/StdDriver/src/uart.c:46:23
	str	r0, [r1, #24]
	.loc	2 47 5 is_stmt 1                @ ../../../../../Library/StdDriver/src/uart.c:47:5
	b	.LBB0_2
.Ltmp2:
.LBB0_2:
	.loc	2 0 5 is_stmt 0                 @ ../../../../../Library/StdDriver/src/uart.c:0:5
	mov	r0, sp
	.loc	2 49 8 is_stmt 1                @ ../../../../../Library/StdDriver/src/uart.c:49:8
	ldrb	r0, [r0, #1]
	lsls	r0, r0, #29
	cmp	r0, #0
	bpl	.LBB0_4
	b	.LBB0_3
.LBB0_3:
.Ltmp3:
	.loc	2 51 9                          @ ../../../../../Library/StdDriver/src/uart.c:51:9
	ldr	r1, [sp, #4]
	movs	r0, #120
	.loc	2 51 23 is_stmt 0               @ ../../../../../Library/StdDriver/src/uart.c:51:23
	str	r0, [r1, #24]
	.loc	2 52 5 is_stmt 1                @ ../../../../../Library/StdDriver/src/uart.c:52:5
	b	.LBB0_4
.Ltmp4:
.LBB0_4:
	.loc	2 0 5 is_stmt 0                 @ ../../../../../Library/StdDriver/src/uart.c:0:5
	mov	r0, sp
	.loc	2 54 8 is_stmt 1                @ ../../../../../Library/StdDriver/src/uart.c:54:8
	ldrb	r0, [r0, #1]
	lsls	r0, r0, #28
	cmp	r0, #0
	bpl	.LBB0_6
	b	.LBB0_5
.LBB0_5:
.Ltmp5:
	.loc	2 56 9                          @ ../../../../../Library/StdDriver/src/uart.c:56:9
	ldr	r1, [sp, #4]
	.loc	2 56 24 is_stmt 0               @ ../../../../../Library/StdDriver/src/uart.c:56:24
	ldr	r0, [r1, #20]
	movs	r2, #1
	orrs	r0, r2
	str	r0, [r1, #20]
	.loc	2 57 5 is_stmt 1                @ ../../../../../Library/StdDriver/src/uart.c:57:5
	b	.LBB0_6
.Ltmp6:
.LBB0_6:
	.loc	2 0 5 is_stmt 0                 @ ../../../../../Library/StdDriver/src/uart.c:0:5
	mov	r0, sp
	.loc	2 59 8 is_stmt 1                @ ../../../../../Library/StdDriver/src/uart.c:59:8
	ldrb	r0, [r0, #1]
	lsls	r0, r0, #26
	cmp	r0, #0
	bpl	.LBB0_8
	b	.LBB0_7
.LBB0_7:
.Ltmp7:
	.loc	2 61 9                          @ ../../../../../Library/StdDriver/src/uart.c:61:9
	ldr	r1, [sp, #4]
	ldr	r0, __arm_cp.0_0
	.loc	2 61 23 is_stmt 0               @ ../../../../../Library/StdDriver/src/uart.c:61:23
	str	r0, [r1, #24]
	.loc	2 62 5 is_stmt 1                @ ../../../../../Library/StdDriver/src/uart.c:62:5
	b	.LBB0_8
.Ltmp8:
.LBB0_8:
	.loc	2 0 5 is_stmt 0                 @ ../../../../../Library/StdDriver/src/uart.c:0:5
	mov	r0, sp
	.loc	2 64 8 is_stmt 1                @ ../../../../../Library/StdDriver/src/uart.c:64:8
	ldrb	r0, [r0, #1]
	lsls	r0, r0, #25
	cmp	r0, #0
	bpl	.LBB0_10
	b	.LBB0_9
.LBB0_9:
.Ltmp9:
	.loc	2 66 9                          @ ../../../../../Library/StdDriver/src/uart.c:66:9
	ldr	r1, [sp, #4]
	movs	r0, #31
	.loc	2 66 21 is_stmt 0               @ ../../../../../Library/StdDriver/src/uart.c:66:21
	str	r0, [r1, #68]
	.loc	2 69 5 is_stmt 1                @ ../../../../../Library/StdDriver/src/uart.c:69:5
	b	.LBB0_10
.Ltmp10:
.LBB0_10:
	.loc	2 0 5 is_stmt 0                 @ ../../../../../Library/StdDriver/src/uart.c:0:5
	mov	r0, sp
	.loc	2 71 8 is_stmt 1                @ ../../../../../Library/StdDriver/src/uart.c:71:8
	ldrb	r0, [r0, #1]
	lsls	r0, r0, #24
	cmp	r0, #0
	bpl	.LBB0_12
	b	.LBB0_11
.LBB0_11:
.Ltmp11:
	.loc	2 73 9                          @ ../../../../../Library/StdDriver/src/uart.c:73:9
	ldr	r1, [sp, #4]
	movs	r0, #128
	.loc	2 73 22 is_stmt 0               @ ../../../../../Library/StdDriver/src/uart.c:73:22
	str	r0, [r1, #28]
	.loc	2 74 9 is_stmt 1                @ ../../../../../Library/StdDriver/src/uart.c:74:9
	ldr	r1, [sp, #4]
	ldr	r0, __arm_cp.0_1
	.loc	2 74 22 is_stmt 0               @ ../../../../../Library/StdDriver/src/uart.c:74:22
	str	r0, [r1, #56]
	.loc	2 77 5 is_stmt 1                @ ../../../../../Library/StdDriver/src/uart.c:77:5
	b	.LBB0_12
.Ltmp12:
.LBB0_12:
	.loc	2 79 1                          @ ../../../../../Library/StdDriver/src/uart.c:79:1
	add	sp, #8
	bx	lr
.Ltmp13:
	.p2align	2
@ %bb.13:
	.loc	2 0 1 is_stmt 0                 @ ../../../../../Library/StdDriver/src/uart.c:0:1
__arm_cp.0_0:
	.long	16777217                        @ 0x1000001
.Lcpi_end0:
	.size	__arm_cp.0_0, .Lcpi_end0-__arm_cp.0_0
__arm_cp.0_1:
	.long	783                             @ 0x30f
.Lcpi_end1:
	.size	__arm_cp.0_1, .Lcpi_end1-__arm_cp.0_1
.Lfunc_end0:
	.size	UART_ClearIntFlag, .Lfunc_end0-UART_ClearIntFlag
	.cfi_endproc
	.cantunwind
	.fnend
                                        @ -- End function
	.section	.text.UART_Close,"ax",%progbits
	.hidden	UART_Close                      @ -- Begin function UART_Close
	.globl	UART_Close
	.p2align	1
	.type	UART_Close,%function
	.code	16                              @ @UART_Close
	.thumb_func
UART_Close:
.Lfunc_begin1:
	.loc	2 92 0 is_stmt 1                @ ../../../../../Library/StdDriver/src/uart.c:92:0
	.fnstart
	.cfi_startproc
@ %bb.0:
	.pad	#4
	sub	sp, #4
	.cfi_def_cfa_offset 4
	str	r0, [sp]
.Ltmp14:
	.loc	2 93 5 prologue_end             @ ../../../../../Library/StdDriver/src/uart.c:93:5
	ldr	r1, [sp]
	movs	r0, #0
	.loc	2 93 17 is_stmt 0               @ ../../../../../Library/StdDriver/src/uart.c:93:17
	str	r0, [r1, #4]
	.loc	2 94 1 is_stmt 1                @ ../../../../../Library/StdDriver/src/uart.c:94:1
	add	sp, #4
	bx	lr
.Ltmp15:
.Lfunc_end1:
	.size	UART_Close, .Lfunc_end1-UART_Close
	.cfi_endproc
	.cantunwind
	.fnend
                                        @ -- End function
	.section	.text.UART_DisableFlowCtrl,"ax",%progbits
	.hidden	UART_DisableFlowCtrl            @ -- Begin function UART_DisableFlowCtrl
	.globl	UART_DisableFlowCtrl
	.p2align	1
	.type	UART_DisableFlowCtrl,%function
	.code	16                              @ @UART_DisableFlowCtrl
	.thumb_func
UART_DisableFlowCtrl:
.Lfunc_begin2:
	.loc	2 107 0                         @ ../../../../../Library/StdDriver/src/uart.c:107:0
	.fnstart
	.cfi_startproc
@ %bb.0:
	.pad	#4
	sub	sp, #4
	.cfi_def_cfa_offset 4
	str	r0, [sp]
.Ltmp16:
	.loc	2 108 5 prologue_end            @ ../../../../../Library/StdDriver/src/uart.c:108:5
	ldr	r1, [sp]
	.loc	2 108 17 is_stmt 0              @ ../../../../../Library/StdDriver/src/uart.c:108:17
	ldr	r0, [r1, #4]
	movw	r2, #12288
	bics	r0, r2
	str	r0, [r1, #4]
	.loc	2 109 1 is_stmt 1               @ ../../../../../Library/StdDriver/src/uart.c:109:1
	add	sp, #4
	bx	lr
.Ltmp17:
.Lfunc_end2:
	.size	UART_DisableFlowCtrl, .Lfunc_end2-UART_DisableFlowCtrl
	.cfi_endproc
	.cantunwind
	.fnend
                                        @ -- End function
	.section	.text.UART_DisableInt,"ax",%progbits
	.hidden	UART_DisableInt                 @ -- Begin function UART_DisableInt
	.globl	UART_DisableInt
	.p2align	1
	.type	UART_DisableInt,%function
	.code	16                              @ @UART_DisableInt
	.thumb_func
UART_DisableInt:
.Lfunc_begin3:
	.loc	2 134 0                         @ ../../../../../Library/StdDriver/src/uart.c:134:0
	.fnstart
	.cfi_startproc
@ %bb.0:
	.pad	#8
	sub	sp, #8
	.cfi_def_cfa_offset 8
	str	r0, [sp, #4]
	str	r1, [sp]
.Ltmp18:
	.loc	2 136 5 prologue_end            @ ../../../../../Library/StdDriver/src/uart.c:136:5
	ldr	r2, [sp]
	ldr	r1, [sp, #4]
	ldr	r0, [r1, #4]
	bics	r0, r2
	str	r0, [r1, #4]
	.loc	2 137 1                         @ ../../../../../Library/StdDriver/src/uart.c:137:1
	add	sp, #8
	bx	lr
.Ltmp19:
.Lfunc_end3:
	.size	UART_DisableInt, .Lfunc_end3-UART_DisableInt
	.cfi_endproc
	.cantunwind
	.fnend
                                        @ -- End function
	.section	.text.UART_EnableFlowCtrl,"ax",%progbits
	.hidden	UART_EnableFlowCtrl             @ -- Begin function UART_EnableFlowCtrl
	.globl	UART_EnableFlowCtrl
	.p2align	1
	.type	UART_EnableFlowCtrl,%function
	.code	16                              @ @UART_EnableFlowCtrl
	.thumb_func
UART_EnableFlowCtrl:
.Lfunc_begin4:
	.loc	2 150 0                         @ ../../../../../Library/StdDriver/src/uart.c:150:0
	.fnstart
	.cfi_startproc
@ %bb.0:
	.pad	#4
	sub	sp, #4
	.cfi_def_cfa_offset 4
	str	r0, [sp]
.Ltmp20:
	.loc	2 152 5 prologue_end            @ ../../../../../Library/StdDriver/src/uart.c:152:5
	ldr	r1, [sp]
	.loc	2 152 17 is_stmt 0              @ ../../../../../Library/StdDriver/src/uart.c:152:17
	ldr	r0, [r1, #16]
	movw	r2, #512
	orrs	r0, r2
	str	r0, [r1, #16]
	.loc	2 155 5 is_stmt 1               @ ../../../../../Library/StdDriver/src/uart.c:155:5
	ldr	r1, [sp]
	.loc	2 155 20 is_stmt 0              @ ../../../../../Library/StdDriver/src/uart.c:155:20
	ldr	r0, [r1, #20]
	movw	r2, #256
	orrs	r0, r2
	str	r0, [r1, #20]
	.loc	2 158 5 is_stmt 1               @ ../../../../../Library/StdDriver/src/uart.c:158:5
	ldr	r1, [sp]
	.loc	2 158 17 is_stmt 0              @ ../../../../../Library/StdDriver/src/uart.c:158:17
	ldr	r0, [r1, #4]
	movw	r2, #12288
	orrs	r0, r2
	str	r0, [r1, #4]
	.loc	2 159 1 is_stmt 1               @ ../../../../../Library/StdDriver/src/uart.c:159:1
	add	sp, #4
	bx	lr
.Ltmp21:
.Lfunc_end4:
	.size	UART_EnableFlowCtrl, .Lfunc_end4-UART_EnableFlowCtrl
	.cfi_endproc
	.cantunwind
	.fnend
                                        @ -- End function
	.section	.text.UART_EnableInt,"ax",%progbits
	.hidden	UART_EnableInt                  @ -- Begin function UART_EnableInt
	.globl	UART_EnableInt
	.p2align	1
	.type	UART_EnableInt,%function
	.code	16                              @ @UART_EnableInt
	.thumb_func
UART_EnableInt:
.Lfunc_begin5:
	.loc	2 184 0                         @ ../../../../../Library/StdDriver/src/uart.c:184:0
	.fnstart
	.cfi_startproc
@ %bb.0:
	.pad	#8
	sub	sp, #8
	.cfi_def_cfa_offset 8
	str	r0, [sp, #4]
	str	r1, [sp]
.Ltmp22:
	.loc	2 187 5 prologue_end            @ ../../../../../Library/StdDriver/src/uart.c:187:5
	ldr	r2, [sp]
	ldr	r1, [sp, #4]
	ldr	r0, [r1, #4]
	orrs	r0, r2
	str	r0, [r1, #4]
	.loc	2 188 1                         @ ../../../../../Library/StdDriver/src/uart.c:188:1
	add	sp, #8
	bx	lr
.Ltmp23:
.Lfunc_end5:
	.size	UART_EnableInt, .Lfunc_end5-UART_EnableInt
	.cfi_endproc
	.cantunwind
	.fnend
                                        @ -- End function
	.section	.text.UART_Open,"ax",%progbits
	.hidden	UART_Open                       @ -- Begin function UART_Open
	.globl	UART_Open
	.p2align	2
	.type	UART_Open,%function
	.code	16                              @ @UART_Open
	.thumb_func
UART_Open:
.Lfunc_begin6:
	.loc	2 202 0                         @ ../../../../../Library/StdDriver/src/uart.c:202:0
	.fnstart
	.cfi_startproc
@ %bb.0:
	.save	{r4, r5, r7, lr}
	push	{r4, r5, r7, lr}
	.cfi_def_cfa_offset 16
	.cfi_offset lr, -4
	.cfi_offset r7, -8
	.cfi_offset r5, -12
	.cfi_offset r4, -16
	.pad	#80
	sub	sp, #80
	.cfi_def_cfa_offset 96
	str	r0, [sp, #76]
	str	r1, [sp, #72]
.Ltmp24:
	.loc	2 204 14 prologue_end           @ ../../../../../Library/StdDriver/src/uart.c:204:14
	ldr	r1, __arm_cp.6_0
	add	r0, sp, #32
	ldm	r1!, {r2, r3, r4, r5}
	stm	r0!, {r2, r3, r4, r5}
	ldm	r1!, {r2, r3, r4, r5}
	stm	r0!, {r2, r3, r4, r5}
	movs	r0, #0
	.loc	2 205 14                        @ ../../../../../Library/StdDriver/src/uart.c:205:14
	str	r0, [sp, #28]
	.loc	2 208 22                        @ ../../../../../Library/StdDriver/src/uart.c:208:22
	ldr	r0, [sp, #76]
	str	r0, [sp, #24]                   @ 4-byte Spill
	ldr	r1, __arm_cp.6_1
	.loc	2 208 5 is_stmt 0               @ ../../../../../Library/StdDriver/src/uart.c:208:5
	cmp	r0, r1
	beq	.LBB6_12
	b	.LBB6_1
.LBB6_1:
	.loc	2 0 5                           @ ../../../../../Library/StdDriver/src/uart.c:0:5
	ldr	r0, [sp, #24]                   @ 4-byte Reload
	ldr	r1, __arm_cp.6_2
	.loc	2 208 5                         @ ../../../../../Library/StdDriver/src/uart.c:208:5
	cmp	r0, r1
	beq	.LBB6_15
	b	.LBB6_2
.LBB6_2:
	.loc	2 0 5                           @ ../../../../../Library/StdDriver/src/uart.c:0:5
	ldr	r0, [sp, #24]                   @ 4-byte Reload
	ldr	r1, __arm_cp.6_3
	.loc	2 208 5                         @ ../../../../../Library/StdDriver/src/uart.c:208:5
	cmp	r0, r1
	beq	.LBB6_18
	b	.LBB6_3
.LBB6_3:
	.loc	2 0 5                           @ ../../../../../Library/StdDriver/src/uart.c:0:5
	ldr	r0, [sp, #24]                   @ 4-byte Reload
	ldr	r1, __arm_cp.6_4
	.loc	2 208 5                         @ ../../../../../Library/StdDriver/src/uart.c:208:5
	cmp	r0, r1
	beq	.LBB6_21
	b	.LBB6_4
.LBB6_4:
	.loc	2 0 5                           @ ../../../../../Library/StdDriver/src/uart.c:0:5
	ldr	r0, [sp, #24]                   @ 4-byte Reload
	ldr	r1, __arm_cp.6_5
	.loc	2 208 5                         @ ../../../../../Library/StdDriver/src/uart.c:208:5
	cmp	r0, r1
	beq	.LBB6_24
	b	.LBB6_5
.LBB6_5:
	.loc	2 0 5                           @ ../../../../../Library/StdDriver/src/uart.c:0:5
	ldr	r0, [sp, #24]                   @ 4-byte Reload
	ldr	r1, __arm_cp.6_6
	.loc	2 208 5                         @ ../../../../../Library/StdDriver/src/uart.c:208:5
	cmp	r0, r1
	beq	.LBB6_27
	b	.LBB6_6
.LBB6_6:
	.loc	2 0 5                           @ ../../../../../Library/StdDriver/src/uart.c:0:5
	ldr	r0, [sp, #24]                   @ 4-byte Reload
	ldr	r1, __arm_cp.6_7
	.loc	2 208 5                         @ ../../../../../Library/StdDriver/src/uart.c:208:5
	cmp	r0, r1
	beq	.LBB6_12
	b	.LBB6_7
.LBB6_7:
	.loc	2 0 5                           @ ../../../../../Library/StdDriver/src/uart.c:0:5
	ldr	r0, [sp, #24]                   @ 4-byte Reload
	ldr	r1, __arm_cp.6_8
	.loc	2 208 5                         @ ../../../../../Library/StdDriver/src/uart.c:208:5
	cmp	r0, r1
	beq	.LBB6_15
	b	.LBB6_8
.LBB6_8:
	.loc	2 0 5                           @ ../../../../../Library/StdDriver/src/uart.c:0:5
	ldr	r0, [sp, #24]                   @ 4-byte Reload
	ldr	r1, __arm_cp.6_9
	.loc	2 208 5                         @ ../../../../../Library/StdDriver/src/uart.c:208:5
	cmp	r0, r1
	beq	.LBB6_18
	b	.LBB6_9
.LBB6_9:
	.loc	2 0 5                           @ ../../../../../Library/StdDriver/src/uart.c:0:5
	ldr	r0, [sp, #24]                   @ 4-byte Reload
	ldr	r1, __arm_cp.6_10
	.loc	2 208 5                         @ ../../../../../Library/StdDriver/src/uart.c:208:5
	cmp	r0, r1
	beq	.LBB6_21
	b	.LBB6_10
.LBB6_10:
	.loc	2 0 5                           @ ../../../../../Library/StdDriver/src/uart.c:0:5
	ldr	r0, [sp, #24]                   @ 4-byte Reload
	ldr	r1, __arm_cp.6_11
	.loc	2 208 5                         @ ../../../../../Library/StdDriver/src/uart.c:208:5
	cmp	r0, r1
	beq	.LBB6_24
	b	.LBB6_11
.LBB6_11:
	.loc	2 0 5                           @ ../../../../../Library/StdDriver/src/uart.c:0:5
	ldr	r0, [sp, #24]                   @ 4-byte Reload
	ldr	r1, __arm_cp.6_12
	.loc	2 208 5                         @ ../../../../../Library/StdDriver/src/uart.c:208:5
	cmp	r0, r1
	beq	.LBB6_27
	b	.LBB6_30
.LBB6_12:
	.loc	2 0 5                           @ ../../../../../Library/StdDriver/src/uart.c:0:5
	ldr	r0, __arm_cp.6_18
.Ltmp25:
	.loc	2 212 32 is_stmt 1              @ ../../../../../Library/StdDriver/src/uart.c:212:32
	str	r0, [sp, #20]                   @ 4-byte Spill
	bl	CLK_GetModuleClockSource
	mov	r1, r0
	.loc	2 212 30 is_stmt 0              @ ../../../../../Library/StdDriver/src/uart.c:212:30
	ldr	r0, [sp, #20]                   @ 4-byte Reload
	str	r1, [sp, #68]
	.loc	2 213 32 is_stmt 1              @ ../../../../../Library/StdDriver/src/uart.c:213:32
	bl	CLK_GetModuleClockDivider
	.loc	2 213 30 is_stmt 0              @ ../../../../../Library/StdDriver/src/uart.c:213:30
	str	r0, [sp, #64]
.Ltmp26:
	.loc	2 214 16 is_stmt 1              @ ../../../../../Library/StdDriver/src/uart.c:214:16
	ldr	r0, [sp, #68]
.Ltmp27:
	.loc	2 214 16 is_stmt 0              @ ../../../../../Library/StdDriver/src/uart.c:214:16
	cmp	r0, #4
	bne	.LBB6_14
	b	.LBB6_13
.LBB6_13:
.Ltmp28:
	.loc	2 215 33 is_stmt 1              @ ../../../../../Library/StdDriver/src/uart.c:215:33
	bl	CLK_GetPCLK0Freq
	.loc	2 215 31 is_stmt 0              @ ../../../../../Library/StdDriver/src/uart.c:215:31
	str	r0, [sp, #48]
	.loc	2 215 17                        @ ../../../../../Library/StdDriver/src/uart.c:215:17
	b	.LBB6_14
.Ltmp29:
.LBB6_14:
	.loc	2 216 13 is_stmt 1              @ ../../../../../Library/StdDriver/src/uart.c:216:13
	b	.LBB6_31
.LBB6_15:
	.loc	2 0 13 is_stmt 0                @ ../../../../../Library/StdDriver/src/uart.c:0:13
	ldr	r0, __arm_cp.6_17
	.loc	2 219 32 is_stmt 1              @ ../../../../../Library/StdDriver/src/uart.c:219:32
	str	r0, [sp, #16]                   @ 4-byte Spill
	bl	CLK_GetModuleClockSource
	mov	r1, r0
	.loc	2 219 30 is_stmt 0              @ ../../../../../Library/StdDriver/src/uart.c:219:30
	ldr	r0, [sp, #16]                   @ 4-byte Reload
	str	r1, [sp, #68]
	.loc	2 220 32 is_stmt 1              @ ../../../../../Library/StdDriver/src/uart.c:220:32
	bl	CLK_GetModuleClockDivider
	.loc	2 220 30 is_stmt 0              @ ../../../../../Library/StdDriver/src/uart.c:220:30
	str	r0, [sp, #64]
.Ltmp30:
	.loc	2 221 16 is_stmt 1              @ ../../../../../Library/StdDriver/src/uart.c:221:16
	ldr	r0, [sp, #68]
.Ltmp31:
	.loc	2 221 16 is_stmt 0              @ ../../../../../Library/StdDriver/src/uart.c:221:16
	cmp	r0, #4
	bne	.LBB6_17
	b	.LBB6_16
.LBB6_16:
.Ltmp32:
	.loc	2 222 33 is_stmt 1              @ ../../../../../Library/StdDriver/src/uart.c:222:33
	bl	CLK_GetPCLK1Freq
	.loc	2 222 31 is_stmt 0              @ ../../../../../Library/StdDriver/src/uart.c:222:31
	str	r0, [sp, #48]
	.loc	2 222 17                        @ ../../../../../Library/StdDriver/src/uart.c:222:17
	b	.LBB6_17
.Ltmp33:
.LBB6_17:
	.loc	2 223 13 is_stmt 1              @ ../../../../../Library/StdDriver/src/uart.c:223:13
	b	.LBB6_31
.LBB6_18:
	.loc	2 0 13 is_stmt 0                @ ../../../../../Library/StdDriver/src/uart.c:0:13
	ldr	r0, __arm_cp.6_16
	.loc	2 226 32 is_stmt 1              @ ../../../../../Library/StdDriver/src/uart.c:226:32
	str	r0, [sp, #12]                   @ 4-byte Spill
	bl	CLK_GetModuleClockSource
	mov	r1, r0
	.loc	2 226 30 is_stmt 0              @ ../../../../../Library/StdDriver/src/uart.c:226:30
	ldr	r0, [sp, #12]                   @ 4-byte Reload
	str	r1, [sp, #68]
	.loc	2 227 32 is_stmt 1              @ ../../../../../Library/StdDriver/src/uart.c:227:32
	bl	CLK_GetModuleClockDivider
	.loc	2 227 30 is_stmt 0              @ ../../../../../Library/StdDriver/src/uart.c:227:30
	str	r0, [sp, #64]
.Ltmp34:
	.loc	2 228 16 is_stmt 1              @ ../../../../../Library/StdDriver/src/uart.c:228:16
	ldr	r0, [sp, #68]
.Ltmp35:
	.loc	2 228 16 is_stmt 0              @ ../../../../../Library/StdDriver/src/uart.c:228:16
	cmp	r0, #4
	bne	.LBB6_20
	b	.LBB6_19
.LBB6_19:
.Ltmp36:
	.loc	2 229 33 is_stmt 1              @ ../../../../../Library/StdDriver/src/uart.c:229:33
	bl	CLK_GetPCLK0Freq
	.loc	2 229 31 is_stmt 0              @ ../../../../../Library/StdDriver/src/uart.c:229:31
	str	r0, [sp, #48]
	.loc	2 229 17                        @ ../../../../../Library/StdDriver/src/uart.c:229:17
	b	.LBB6_20
.Ltmp37:
.LBB6_20:
	.loc	2 230 13 is_stmt 1              @ ../../../../../Library/StdDriver/src/uart.c:230:13
	b	.LBB6_31
.LBB6_21:
	.loc	2 0 13 is_stmt 0                @ ../../../../../Library/StdDriver/src/uart.c:0:13
	ldr	r0, __arm_cp.6_15
	.loc	2 233 32 is_stmt 1              @ ../../../../../Library/StdDriver/src/uart.c:233:32
	str	r0, [sp, #8]                    @ 4-byte Spill
	bl	CLK_GetModuleClockSource
	mov	r1, r0
	.loc	2 233 30 is_stmt 0              @ ../../../../../Library/StdDriver/src/uart.c:233:30
	ldr	r0, [sp, #8]                    @ 4-byte Reload
	str	r1, [sp, #68]
	.loc	2 234 32 is_stmt 1              @ ../../../../../Library/StdDriver/src/uart.c:234:32
	bl	CLK_GetModuleClockDivider
	.loc	2 234 30 is_stmt 0              @ ../../../../../Library/StdDriver/src/uart.c:234:30
	str	r0, [sp, #64]
.Ltmp38:
	.loc	2 235 16 is_stmt 1              @ ../../../../../Library/StdDriver/src/uart.c:235:16
	ldr	r0, [sp, #68]
.Ltmp39:
	.loc	2 235 16 is_stmt 0              @ ../../../../../Library/StdDriver/src/uart.c:235:16
	cmp	r0, #4
	bne	.LBB6_23
	b	.LBB6_22
.LBB6_22:
.Ltmp40:
	.loc	2 236 33 is_stmt 1              @ ../../../../../Library/StdDriver/src/uart.c:236:33
	bl	CLK_GetPCLK1Freq
	.loc	2 236 31 is_stmt 0              @ ../../../../../Library/StdDriver/src/uart.c:236:31
	str	r0, [sp, #48]
	.loc	2 236 17                        @ ../../../../../Library/StdDriver/src/uart.c:236:17
	b	.LBB6_23
.Ltmp41:
.LBB6_23:
	.loc	2 237 13 is_stmt 1              @ ../../../../../Library/StdDriver/src/uart.c:237:13
	b	.LBB6_31
.LBB6_24:
	.loc	2 0 13 is_stmt 0                @ ../../../../../Library/StdDriver/src/uart.c:0:13
	ldr	r0, __arm_cp.6_14
	.loc	2 240 32 is_stmt 1              @ ../../../../../Library/StdDriver/src/uart.c:240:32
	str	r0, [sp, #4]                    @ 4-byte Spill
	bl	CLK_GetModuleClockSource
	mov	r1, r0
	.loc	2 240 30 is_stmt 0              @ ../../../../../Library/StdDriver/src/uart.c:240:30
	ldr	r0, [sp, #4]                    @ 4-byte Reload
	str	r1, [sp, #68]
	.loc	2 241 32 is_stmt 1              @ ../../../../../Library/StdDriver/src/uart.c:241:32
	bl	CLK_GetModuleClockDivider
	.loc	2 241 30 is_stmt 0              @ ../../../../../Library/StdDriver/src/uart.c:241:30
	str	r0, [sp, #64]
.Ltmp42:
	.loc	2 242 16 is_stmt 1              @ ../../../../../Library/StdDriver/src/uart.c:242:16
	ldr	r0, [sp, #68]
.Ltmp43:
	.loc	2 242 16 is_stmt 0              @ ../../../../../Library/StdDriver/src/uart.c:242:16
	cmp	r0, #4
	bne	.LBB6_26
	b	.LBB6_25
.LBB6_25:
.Ltmp44:
	.loc	2 243 33 is_stmt 1              @ ../../../../../Library/StdDriver/src/uart.c:243:33
	bl	CLK_GetPCLK0Freq
	.loc	2 243 31 is_stmt 0              @ ../../../../../Library/StdDriver/src/uart.c:243:31
	str	r0, [sp, #48]
	.loc	2 243 17                        @ ../../../../../Library/StdDriver/src/uart.c:243:17
	b	.LBB6_26
.Ltmp45:
.LBB6_26:
	.loc	2 244 13 is_stmt 1              @ ../../../../../Library/StdDriver/src/uart.c:244:13
	b	.LBB6_31
.LBB6_27:
	.loc	2 0 13 is_stmt 0                @ ../../../../../Library/StdDriver/src/uart.c:0:13
	ldr	r0, __arm_cp.6_13
	.loc	2 247 32 is_stmt 1              @ ../../../../../Library/StdDriver/src/uart.c:247:32
	str	r0, [sp]                        @ 4-byte Spill
	bl	CLK_GetModuleClockSource
	mov	r1, r0
	.loc	2 247 30 is_stmt 0              @ ../../../../../Library/StdDriver/src/uart.c:247:30
	ldr	r0, [sp]                        @ 4-byte Reload
	str	r1, [sp, #68]
	.loc	2 248 32 is_stmt 1              @ ../../../../../Library/StdDriver/src/uart.c:248:32
	bl	CLK_GetModuleClockDivider
	.loc	2 248 30 is_stmt 0              @ ../../../../../Library/StdDriver/src/uart.c:248:30
	str	r0, [sp, #64]
.Ltmp46:
	.loc	2 249 16 is_stmt 1              @ ../../../../../Library/StdDriver/src/uart.c:249:16
	ldr	r0, [sp, #68]
.Ltmp47:
	.loc	2 249 16 is_stmt 0              @ ../../../../../Library/StdDriver/src/uart.c:249:16
	cmp	r0, #4
	bne	.LBB6_29
	b	.LBB6_28
.LBB6_28:
.Ltmp48:
	.loc	2 250 33 is_stmt 1              @ ../../../../../Library/StdDriver/src/uart.c:250:33
	bl	CLK_GetPCLK1Freq
	.loc	2 250 31 is_stmt 0              @ ../../../../../Library/StdDriver/src/uart.c:250:31
	str	r0, [sp, #48]
	.loc	2 250 17                        @ ../../../../../Library/StdDriver/src/uart.c:250:17
	b	.LBB6_29
.Ltmp49:
.LBB6_29:
	.loc	2 251 13 is_stmt 1              @ ../../../../../Library/StdDriver/src/uart.c:251:13
	b	.LBB6_31
.LBB6_30:
	.loc	2 253 13                        @ ../../../../../Library/StdDriver/src/uart.c:253:13
	b	.LBB6_38
.Ltmp50:
.LBB6_31:
	.loc	2 257 5                         @ ../../../../../Library/StdDriver/src/uart.c:257:5
	ldr	r1, [sp, #76]
	movs	r0, #0
	.loc	2 257 19 is_stmt 0              @ ../../../../../Library/StdDriver/src/uart.c:257:19
	str	r0, [r1, #48]
	.loc	2 260 5 is_stmt 1               @ ../../../../../Library/StdDriver/src/uart.c:260:5
	ldr	r1, [sp, #76]
	movs	r0, #3
	.loc	2 260 16 is_stmt 0              @ ../../../../../Library/StdDriver/src/uart.c:260:16
	str	r0, [r1, #12]
	.loc	2 263 5 is_stmt 1               @ ../../../../../Library/StdDriver/src/uart.c:263:5
	ldr	r1, [sp, #76]
	.loc	2 263 16 is_stmt 0              @ ../../../../../Library/StdDriver/src/uart.c:263:16
	ldr	r0, [r1, #8]
	ldr	r2, __arm_cp.6_19
	ands	r0, r2
	str	r0, [r1, #8]
.Ltmp51:
	.loc	2 266 8 is_stmt 1               @ ../../../../../Library/StdDriver/src/uart.c:266:8
	ldr	r0, [sp, #68]
.Ltmp52:
	.loc	2 266 8 is_stmt 0               @ ../../../../../Library/StdDriver/src/uart.c:266:8
	cmp	r0, #1
	bne	.LBB6_33
	b	.LBB6_32
.LBB6_32:
.Ltmp53:
	.loc	2 268 40 is_stmt 1              @ ../../../../../Library/StdDriver/src/uart.c:268:40
	bl	CLK_GetPLLClockFreq
	.loc	2 268 20 is_stmt 0              @ ../../../../../Library/StdDriver/src/uart.c:268:20
	ldr	r1, [sp, #68]
	.loc	2 268 9                         @ ../../../../../Library/StdDriver/src/uart.c:268:9
	lsls	r2, r1, #2
	add	r1, sp, #32
	.loc	2 268 38                        @ ../../../../../Library/StdDriver/src/uart.c:268:38
	str	r0, [r1, r2]
	.loc	2 269 5 is_stmt 1               @ ../../../../../Library/StdDriver/src/uart.c:269:5
	b	.LBB6_33
.Ltmp54:
.LBB6_33:
	.loc	2 272 8                         @ ../../../../../Library/StdDriver/src/uart.c:272:8
	ldr	r0, [sp, #72]
.Ltmp55:
	.loc	2 272 8 is_stmt 0               @ ../../../../../Library/StdDriver/src/uart.c:272:8
	cbz	r0, .LBB6_38
	b	.LBB6_34
.LBB6_34:
.Ltmp56:
	.loc	2 274 22 is_stmt 1              @ ../../../../../Library/StdDriver/src/uart.c:274:22
	ldr	r0, [sp, #68]
	lsls	r1, r0, #2
	add	r0, sp, #32
	ldr	r0, [r0, r1]
	ldr	r1, [sp, #64]
	adds	r1, r1, #1
	udiv	r0, r0, r1
	ldr	r1, [sp, #72]
	lsrs	r2, r1, #1
	adds	r0, r0, r2
	udiv	r0, r0, r1
	subs	r0, r0, #2
	.loc	2 274 20 is_stmt 0              @ ../../../../../Library/StdDriver/src/uart.c:274:20
	str	r0, [sp, #28]
	add	r0, sp, #28
.Ltmp57:
	.loc	2 276 12 is_stmt 1              @ ../../../../../Library/StdDriver/src/uart.c:276:12
	ldrh	r0, [r0, #2]
.Ltmp58:
	.loc	2 276 12 is_stmt 0              @ ../../../../../Library/StdDriver/src/uart.c:276:12
	cbz	r0, .LBB6_36
	b	.LBB6_35
.LBB6_35:
.Ltmp59:
	.loc	2 278 45 is_stmt 1              @ ../../../../../Library/StdDriver/src/uart.c:278:45
	ldr	r0, [sp, #68]
	lsls	r1, r0, #2
	add	r0, sp, #32
	ldr	r0, [r0, r1]
	ldr	r1, [sp, #64]
	adds	r1, r1, #1
	udiv	r0, r0, r1
	ldr	r1, [sp, #72]
	lsls	r2, r1, #3
	adds	r0, r0, r2
	udiv	r0, r0, r1
	lsrs	r0, r0, #4
	subs	r0, r0, #2
	.loc	2 278 13 is_stmt 0              @ ../../../../../Library/StdDriver/src/uart.c:278:13
	ldr	r1, [sp, #76]
	.loc	2 278 24                        @ ../../../../../Library/StdDriver/src/uart.c:278:24
	str	r0, [r1, #36]
	.loc	2 279 9 is_stmt 1               @ ../../../../../Library/StdDriver/src/uart.c:279:9
	b	.LBB6_37
.Ltmp60:
.LBB6_36:
	.loc	2 282 45                        @ ../../../../../Library/StdDriver/src/uart.c:282:45
	ldr	r0, [sp, #28]
	movs	r1, #3
	lsls	r1, r1, #28
	.loc	2 282 43 is_stmt 0              @ ../../../../../Library/StdDriver/src/uart.c:282:43
	orrs	r0, r1
	.loc	2 282 13                        @ ../../../../../Library/StdDriver/src/uart.c:282:13
	ldr	r1, [sp, #76]
	.loc	2 282 24                        @ ../../../../../Library/StdDriver/src/uart.c:282:24
	str	r0, [r1, #36]
	b	.LBB6_37
.Ltmp61:
.LBB6_37:
	.loc	2 284 5 is_stmt 1               @ ../../../../../Library/StdDriver/src/uart.c:284:5
	b	.LBB6_38
.Ltmp62:
.LBB6_38:
	.loc	2 285 1                         @ ../../../../../Library/StdDriver/src/uart.c:285:1
	add	sp, #80
	pop	{r4, r5, r7, pc}
.Ltmp63:
	.p2align	2
@ %bb.39:
	.loc	2 0 1 is_stmt 0                 @ ../../../../../Library/StdDriver/src/uart.c:0:1
__arm_cp.6_0:
	.long	.L__const.UART_Open.au32ClkTbl
.Lcpi_end2:
	.size	__arm_cp.6_0, .Lcpi_end2-__arm_cp.6_0
__arm_cp.6_1:
	.long	1074200576                      @ 0x40070000
.Lcpi_end3:
	.size	__arm_cp.6_1, .Lcpi_end3-__arm_cp.6_1
__arm_cp.6_2:
	.long	1074204672                      @ 0x40071000
.Lcpi_end4:
	.size	__arm_cp.6_2, .Lcpi_end4-__arm_cp.6_2
__arm_cp.6_3:
	.long	1074208768                      @ 0x40072000
.Lcpi_end5:
	.size	__arm_cp.6_3, .Lcpi_end5-__arm_cp.6_3
__arm_cp.6_4:
	.long	1074212864                      @ 0x40073000
.Lcpi_end6:
	.size	__arm_cp.6_4, .Lcpi_end6-__arm_cp.6_4
__arm_cp.6_5:
	.long	1074216960                      @ 0x40074000
.Lcpi_end7:
	.size	__arm_cp.6_5, .Lcpi_end7-__arm_cp.6_5
__arm_cp.6_6:
	.long	1074221056                      @ 0x40075000
.Lcpi_end8:
	.size	__arm_cp.6_6, .Lcpi_end8-__arm_cp.6_6
__arm_cp.6_7:
	.long	1342636032                      @ 0x50070000
.Lcpi_end9:
	.size	__arm_cp.6_7, .Lcpi_end9-__arm_cp.6_7
__arm_cp.6_8:
	.long	1342640128                      @ 0x50071000
.Lcpi_end10:
	.size	__arm_cp.6_8, .Lcpi_end10-__arm_cp.6_8
__arm_cp.6_9:
	.long	1342644224                      @ 0x50072000
.Lcpi_end11:
	.size	__arm_cp.6_9, .Lcpi_end11-__arm_cp.6_9
__arm_cp.6_10:
	.long	1342648320                      @ 0x50073000
.Lcpi_end12:
	.size	__arm_cp.6_10, .Lcpi_end12-__arm_cp.6_10
__arm_cp.6_11:
	.long	1342652416                      @ 0x50074000
.Lcpi_end13:
	.size	__arm_cp.6_11, .Lcpi_end13-__arm_cp.6_11
__arm_cp.6_12:
	.long	1342656512                      @ 0x50075000
.Lcpi_end14:
	.size	__arm_cp.6_12, .Lcpi_end14-__arm_cp.6_12
__arm_cp.6_13:
	.long	2144091541                      @ 0x7fcc3d95
.Lcpi_end15:
	.size	__arm_cp.6_13, .Lcpi_end15-__arm_cp.6_13
__arm_cp.6_14:
	.long	2139897108                      @ 0x7f8c3d14
.Lcpi_end16:
	.size	__arm_cp.6_14, .Lcpi_end16-__arm_cp.6_14
__arm_cp.6_15:
	.long	1875655827                      @ 0x6fcc3c93
.Lcpi_end17:
	.size	__arm_cp.6_15, .Lcpi_end17-__arm_cp.6_15
__arm_cp.6_16:
	.long	1871461394                      @ 0x6f8c3c12
.Lcpi_end18:
	.size	__arm_cp.6_16, .Lcpi_end18-__arm_cp.6_16
__arm_cp.6_17:
	.long	1866481041                      @ 0x6f403d91
.Lcpi_end19:
	.size	__arm_cp.6_17, .Lcpi_end19-__arm_cp.6_17
__arm_cp.6_18:
	.long	1862286608                      @ 0x6f003d10
.Lcpi_end20:
	.size	__arm_cp.6_18, .Lcpi_end20-__arm_cp.6_18
__arm_cp.6_19:
	.long	4293984015                      @ 0xfff0ff0f
.Lcpi_end21:
	.size	__arm_cp.6_19, .Lcpi_end21-__arm_cp.6_19
.Lfunc_end6:
	.size	UART_Open, .Lfunc_end6-UART_Open
	.cfi_endproc
	.fnend
                                        @ -- End function
	.section	.text.UART_Read,"ax",%progbits
	.hidden	UART_Read                       @ -- Begin function UART_Read
	.globl	UART_Read
	.p2align	1
	.type	UART_Read,%function
	.code	16                              @ @UART_Read
	.thumb_func
UART_Read:
.Lfunc_begin7:
	.loc	2 300 0 is_stmt 1               @ ../../../../../Library/StdDriver/src/uart.c:300:0
	.fnstart
	.cfi_startproc
@ %bb.0:
	.pad	#24
	sub	sp, #24
	.cfi_def_cfa_offset 24
	str	r0, [sp, #20]
	str	r1, [sp, #16]
	str	r2, [sp, #12]
	movs	r0, #0
.Ltmp64:
	.loc	2 302 15 prologue_end           @ ../../../../../Library/StdDriver/src/uart.c:302:15
	str	r0, [sp]
.Ltmp65:
	.loc	2 304 18                        @ ../../../../../Library/StdDriver/src/uart.c:304:18
	str	r0, [sp, #8]
	.loc	2 304 9 is_stmt 0               @ ../../../../../Library/StdDriver/src/uart.c:304:9
	b	.LBB7_1
.LBB7_1:                                @ =>This Loop Header: Depth=1
                                        @     Child Loop BB7_3 Depth 2
.Ltmp66:
	.loc	2 304 25                        @ ../../../../../Library/StdDriver/src/uart.c:304:25
	ldr	r0, [sp, #8]
	.loc	2 304 36                        @ ../../../../../Library/StdDriver/src/uart.c:304:36
	ldr	r1, [sp, #12]
.Ltmp67:
	.loc	2 304 5                         @ ../../../../../Library/StdDriver/src/uart.c:304:5
	cmp	r0, r1
	bhs	.LBB7_13
	b	.LBB7_2
.LBB7_2:                                @   in Loop: Header=BB7_1 Depth=1
	.loc	2 0 5                           @ ../../../../../Library/StdDriver/src/uart.c:0:5
	movs	r0, #0
.Ltmp68:
	.loc	2 306 20 is_stmt 1              @ ../../../../../Library/StdDriver/src/uart.c:306:20
	str	r0, [sp, #4]
	.loc	2 308 9                         @ ../../../../../Library/StdDriver/src/uart.c:308:9
	b	.LBB7_3
.LBB7_3:                                @   Parent Loop BB7_1 Depth=1
                                        @ =>  This Inner Loop Header: Depth=2
	.loc	2 308 15 is_stmt 0              @ ../../../../../Library/StdDriver/src/uart.c:308:15
	ldr	r0, [sp, #20]
	.loc	2 308 21                        @ ../../../../../Library/StdDriver/src/uart.c:308:21
	ldr	r0, [r0, #24]
	.loc	2 308 9                         @ ../../../../../Library/StdDriver/src/uart.c:308:9
	lsls	r0, r0, #17
	cmp	r0, #0
	bpl	.LBB7_8
	b	.LBB7_4
.LBB7_4:                                @   in Loop: Header=BB7_3 Depth=2
.Ltmp69:
	.loc	2 310 23 is_stmt 1              @ ../../../../../Library/StdDriver/src/uart.c:310:23
	ldr	r0, [sp, #4]
	adds	r0, r0, #1
	str	r0, [sp, #4]
.Ltmp70:
	.loc	2 311 16                        @ ../../../../../Library/StdDriver/src/uart.c:311:16
	ldr	r0, [sp, #4]
.Ltmp71:
	.loc	2 311 16 is_stmt 0              @ ../../../../../Library/StdDriver/src/uart.c:311:16
	lsrs	r0, r0, #30
	cbz	r0, .LBB7_6
	b	.LBB7_5
.LBB7_5:                                @   in Loop: Header=BB7_1 Depth=1
	.loc	2 0 16                          @ ../../../../../Library/StdDriver/src/uart.c:0:16
	movs	r0, #1
.Ltmp72:
	.loc	2 313 25 is_stmt 1              @ ../../../../../Library/StdDriver/src/uart.c:313:25
	str	r0, [sp]
	.loc	2 314 17                        @ ../../../../../Library/StdDriver/src/uart.c:314:17
	b	.LBB7_8
.Ltmp73:
.LBB7_6:                                @   in Loop: Header=BB7_3 Depth=2
	.loc	2 0 17 is_stmt 0                @ ../../../../../Library/StdDriver/src/uart.c:0:17
	b	.LBB7_7
.LBB7_7:                                @   in Loop: Header=BB7_3 Depth=2
	.loc	2 308 9 is_stmt 1               @ ../../../../../Library/StdDriver/src/uart.c:308:9
	b	.LBB7_3
.LBB7_8:                                @   in Loop: Header=BB7_1 Depth=1
.Ltmp74:
	.loc	2 321 12                        @ ../../../../../Library/StdDriver/src/uart.c:321:12
	ldr	r0, [sp]
.Ltmp75:
	.loc	2 321 12 is_stmt 0              @ ../../../../../Library/StdDriver/src/uart.c:321:12
	cmp	r0, #1
	bne	.LBB7_10
	b	.LBB7_9
.LBB7_9:
.Ltmp76:
	.loc	2 323 13 is_stmt 1              @ ../../../../../Library/StdDriver/src/uart.c:323:13
	b	.LBB7_13
.Ltmp77:
.LBB7_10:                               @   in Loop: Header=BB7_1 Depth=1
	.loc	2 327 43                        @ ../../../../../Library/StdDriver/src/uart.c:327:43
	ldr	r0, [sp, #20]
	.loc	2 327 49 is_stmt 0              @ ../../../../../Library/StdDriver/src/uart.c:327:49
	ldr	r0, [r0]
	.loc	2 327 13                        @ ../../../../../Library/StdDriver/src/uart.c:327:13
	ldr	r1, [sp, #16]
	.loc	2 327 22                        @ ../../../../../Library/StdDriver/src/uart.c:327:22
	ldr	r2, [sp, #8]
	.loc	2 327 32                        @ ../../../../../Library/StdDriver/src/uart.c:327:32
	strb	r0, [r1, r2]
	b	.LBB7_11
.Ltmp78:
.LBB7_11:                               @   in Loop: Header=BB7_1 Depth=1
	.loc	2 329 5 is_stmt 1               @ ../../../../../Library/StdDriver/src/uart.c:329:5
	b	.LBB7_12
.Ltmp79:
.LBB7_12:                               @   in Loop: Header=BB7_1 Depth=1
	.loc	2 304 58                        @ ../../../../../Library/StdDriver/src/uart.c:304:58
	ldr	r0, [sp, #8]
	adds	r0, r0, #1
	str	r0, [sp, #8]
	.loc	2 304 5 is_stmt 0               @ ../../../../../Library/StdDriver/src/uart.c:304:5
	b	.LBB7_1
.Ltmp80:
.LBB7_13:
	.loc	2 331 12 is_stmt 1              @ ../../../../../Library/StdDriver/src/uart.c:331:12
	ldr	r0, [sp, #8]
	.loc	2 331 5 is_stmt 0               @ ../../../../../Library/StdDriver/src/uart.c:331:5
	add	sp, #24
	bx	lr
.Ltmp81:
.Lfunc_end7:
	.size	UART_Read, .Lfunc_end7-UART_Read
	.cfi_endproc
	.cantunwind
	.fnend
                                        @ -- End function
	.section	.text.UART_SetLineConfig,"ax",%progbits
	.hidden	UART_SetLineConfig              @ -- Begin function UART_SetLineConfig
	.globl	UART_SetLineConfig
	.p2align	2
	.type	UART_SetLineConfig,%function
	.code	16                              @ @UART_SetLineConfig
	.thumb_func
UART_SetLineConfig:
.Lfunc_begin8:
	.loc	2 362 0 is_stmt 1               @ ../../../../../Library/StdDriver/src/uart.c:362:0
	.fnstart
	.cfi_startproc
@ %bb.0:
	.save	{r4, r5, r7, lr}
	push	{r4, r5, r7, lr}
	.cfi_def_cfa_offset 16
	.cfi_offset lr, -4
	.cfi_offset r7, -8
	.cfi_offset r5, -12
	.cfi_offset r4, -16
	.pad	#88
	sub	sp, #88
	.cfi_def_cfa_offset 104
	ldr	r4, [sp, #104]
	str	r0, [sp, #84]
	str	r1, [sp, #80]
	str	r2, [sp, #76]
	str	r3, [sp, #72]
.Ltmp82:
	.loc	2 364 14 prologue_end           @ ../../../../../Library/StdDriver/src/uart.c:364:14
	ldr	r1, __arm_cp.8_0
	add	r0, sp, #32
	ldm	r1!, {r2, r3, r4, r5}
	stm	r0!, {r2, r3, r4, r5}
	ldm	r1!, {r2, r3, r4, r5}
	stm	r0!, {r2, r3, r4, r5}
	movs	r0, #0
	.loc	2 365 14                        @ ../../../../../Library/StdDriver/src/uart.c:365:14
	str	r0, [sp, #28]
	.loc	2 368 22                        @ ../../../../../Library/StdDriver/src/uart.c:368:22
	ldr	r0, [sp, #84]
	str	r0, [sp, #24]                   @ 4-byte Spill
	ldr	r1, __arm_cp.8_1
	.loc	2 368 5 is_stmt 0               @ ../../../../../Library/StdDriver/src/uart.c:368:5
	cmp	r0, r1
	beq	.LBB8_12
	b	.LBB8_1
.LBB8_1:
	.loc	2 0 5                           @ ../../../../../Library/StdDriver/src/uart.c:0:5
	ldr	r0, [sp, #24]                   @ 4-byte Reload
	ldr	r1, __arm_cp.8_2
	.loc	2 368 5                         @ ../../../../../Library/StdDriver/src/uart.c:368:5
	cmp	r0, r1
	beq	.LBB8_15
	b	.LBB8_2
.LBB8_2:
	.loc	2 0 5                           @ ../../../../../Library/StdDriver/src/uart.c:0:5
	ldr	r0, [sp, #24]                   @ 4-byte Reload
	ldr	r1, __arm_cp.8_3
	.loc	2 368 5                         @ ../../../../../Library/StdDriver/src/uart.c:368:5
	cmp	r0, r1
	beq	.LBB8_18
	b	.LBB8_3
.LBB8_3:
	.loc	2 0 5                           @ ../../../../../Library/StdDriver/src/uart.c:0:5
	ldr	r0, [sp, #24]                   @ 4-byte Reload
	ldr	r1, __arm_cp.8_4
	.loc	2 368 5                         @ ../../../../../Library/StdDriver/src/uart.c:368:5
	cmp	r0, r1
	beq	.LBB8_21
	b	.LBB8_4
.LBB8_4:
	.loc	2 0 5                           @ ../../../../../Library/StdDriver/src/uart.c:0:5
	ldr	r0, [sp, #24]                   @ 4-byte Reload
	ldr	r1, __arm_cp.8_5
	.loc	2 368 5                         @ ../../../../../Library/StdDriver/src/uart.c:368:5
	cmp	r0, r1
	beq	.LBB8_24
	b	.LBB8_5
.LBB8_5:
	.loc	2 0 5                           @ ../../../../../Library/StdDriver/src/uart.c:0:5
	ldr	r0, [sp, #24]                   @ 4-byte Reload
	ldr	r1, __arm_cp.8_6
	.loc	2 368 5                         @ ../../../../../Library/StdDriver/src/uart.c:368:5
	cmp	r0, r1
	beq	.LBB8_27
	b	.LBB8_6
.LBB8_6:
	.loc	2 0 5                           @ ../../../../../Library/StdDriver/src/uart.c:0:5
	ldr	r0, [sp, #24]                   @ 4-byte Reload
	ldr	r1, __arm_cp.8_7
	.loc	2 368 5                         @ ../../../../../Library/StdDriver/src/uart.c:368:5
	cmp	r0, r1
	beq	.LBB8_12
	b	.LBB8_7
.LBB8_7:
	.loc	2 0 5                           @ ../../../../../Library/StdDriver/src/uart.c:0:5
	ldr	r0, [sp, #24]                   @ 4-byte Reload
	ldr	r1, __arm_cp.8_8
	.loc	2 368 5                         @ ../../../../../Library/StdDriver/src/uart.c:368:5
	cmp	r0, r1
	beq	.LBB8_15
	b	.LBB8_8
.LBB8_8:
	.loc	2 0 5                           @ ../../../../../Library/StdDriver/src/uart.c:0:5
	ldr	r0, [sp, #24]                   @ 4-byte Reload
	ldr	r1, __arm_cp.8_9
	.loc	2 368 5                         @ ../../../../../Library/StdDriver/src/uart.c:368:5
	cmp	r0, r1
	beq	.LBB8_18
	b	.LBB8_9
.LBB8_9:
	.loc	2 0 5                           @ ../../../../../Library/StdDriver/src/uart.c:0:5
	ldr	r0, [sp, #24]                   @ 4-byte Reload
	ldr	r1, __arm_cp.8_10
	.loc	2 368 5                         @ ../../../../../Library/StdDriver/src/uart.c:368:5
	cmp	r0, r1
	beq	.LBB8_21
	b	.LBB8_10
.LBB8_10:
	.loc	2 0 5                           @ ../../../../../Library/StdDriver/src/uart.c:0:5
	ldr	r0, [sp, #24]                   @ 4-byte Reload
	ldr	r1, __arm_cp.8_11
	.loc	2 368 5                         @ ../../../../../Library/StdDriver/src/uart.c:368:5
	cmp	r0, r1
	beq	.LBB8_24
	b	.LBB8_11
.LBB8_11:
	.loc	2 0 5                           @ ../../../../../Library/StdDriver/src/uart.c:0:5
	ldr	r0, [sp, #24]                   @ 4-byte Reload
	ldr	r1, __arm_cp.8_12
	.loc	2 368 5                         @ ../../../../../Library/StdDriver/src/uart.c:368:5
	cmp	r0, r1
	beq	.LBB8_27
	b	.LBB8_30
.LBB8_12:
	.loc	2 0 5                           @ ../../../../../Library/StdDriver/src/uart.c:0:5
	ldr	r0, __arm_cp.8_18
.Ltmp83:
	.loc	2 372 32 is_stmt 1              @ ../../../../../Library/StdDriver/src/uart.c:372:32
	str	r0, [sp, #20]                   @ 4-byte Spill
	bl	CLK_GetModuleClockSource
	mov	r1, r0
	.loc	2 372 30 is_stmt 0              @ ../../../../../Library/StdDriver/src/uart.c:372:30
	ldr	r0, [sp, #20]                   @ 4-byte Reload
	str	r1, [sp, #68]
	.loc	2 373 32 is_stmt 1              @ ../../../../../Library/StdDriver/src/uart.c:373:32
	bl	CLK_GetModuleClockDivider
	.loc	2 373 30 is_stmt 0              @ ../../../../../Library/StdDriver/src/uart.c:373:30
	str	r0, [sp, #64]
.Ltmp84:
	.loc	2 374 16 is_stmt 1              @ ../../../../../Library/StdDriver/src/uart.c:374:16
	ldr	r0, [sp, #68]
.Ltmp85:
	.loc	2 374 16 is_stmt 0              @ ../../../../../Library/StdDriver/src/uart.c:374:16
	cmp	r0, #4
	bne	.LBB8_14
	b	.LBB8_13
.LBB8_13:
.Ltmp86:
	.loc	2 375 33 is_stmt 1              @ ../../../../../Library/StdDriver/src/uart.c:375:33
	bl	CLK_GetPCLK0Freq
	.loc	2 375 31 is_stmt 0              @ ../../../../../Library/StdDriver/src/uart.c:375:31
	str	r0, [sp, #48]
	.loc	2 375 17                        @ ../../../../../Library/StdDriver/src/uart.c:375:17
	b	.LBB8_14
.Ltmp87:
.LBB8_14:
	.loc	2 376 13 is_stmt 1              @ ../../../../../Library/StdDriver/src/uart.c:376:13
	b	.LBB8_31
.LBB8_15:
	.loc	2 0 13 is_stmt 0                @ ../../../../../Library/StdDriver/src/uart.c:0:13
	ldr	r0, __arm_cp.8_17
	.loc	2 379 32 is_stmt 1              @ ../../../../../Library/StdDriver/src/uart.c:379:32
	str	r0, [sp, #16]                   @ 4-byte Spill
	bl	CLK_GetModuleClockSource
	mov	r1, r0
	.loc	2 379 30 is_stmt 0              @ ../../../../../Library/StdDriver/src/uart.c:379:30
	ldr	r0, [sp, #16]                   @ 4-byte Reload
	str	r1, [sp, #68]
	.loc	2 380 32 is_stmt 1              @ ../../../../../Library/StdDriver/src/uart.c:380:32
	bl	CLK_GetModuleClockDivider
	.loc	2 380 30 is_stmt 0              @ ../../../../../Library/StdDriver/src/uart.c:380:30
	str	r0, [sp, #64]
.Ltmp88:
	.loc	2 381 16 is_stmt 1              @ ../../../../../Library/StdDriver/src/uart.c:381:16
	ldr	r0, [sp, #68]
.Ltmp89:
	.loc	2 381 16 is_stmt 0              @ ../../../../../Library/StdDriver/src/uart.c:381:16
	cmp	r0, #4
	bne	.LBB8_17
	b	.LBB8_16
.LBB8_16:
.Ltmp90:
	.loc	2 382 33 is_stmt 1              @ ../../../../../Library/StdDriver/src/uart.c:382:33
	bl	CLK_GetPCLK1Freq
	.loc	2 382 31 is_stmt 0              @ ../../../../../Library/StdDriver/src/uart.c:382:31
	str	r0, [sp, #48]
	.loc	2 382 17                        @ ../../../../../Library/StdDriver/src/uart.c:382:17
	b	.LBB8_17
.Ltmp91:
.LBB8_17:
	.loc	2 383 13 is_stmt 1              @ ../../../../../Library/StdDriver/src/uart.c:383:13
	b	.LBB8_31
.LBB8_18:
	.loc	2 0 13 is_stmt 0                @ ../../../../../Library/StdDriver/src/uart.c:0:13
	ldr	r0, __arm_cp.8_16
	.loc	2 386 32 is_stmt 1              @ ../../../../../Library/StdDriver/src/uart.c:386:32
	str	r0, [sp, #12]                   @ 4-byte Spill
	bl	CLK_GetModuleClockSource
	mov	r1, r0
	.loc	2 386 30 is_stmt 0              @ ../../../../../Library/StdDriver/src/uart.c:386:30
	ldr	r0, [sp, #12]                   @ 4-byte Reload
	str	r1, [sp, #68]
	.loc	2 387 32 is_stmt 1              @ ../../../../../Library/StdDriver/src/uart.c:387:32
	bl	CLK_GetModuleClockDivider
	.loc	2 387 30 is_stmt 0              @ ../../../../../Library/StdDriver/src/uart.c:387:30
	str	r0, [sp, #64]
.Ltmp92:
	.loc	2 388 16 is_stmt 1              @ ../../../../../Library/StdDriver/src/uart.c:388:16
	ldr	r0, [sp, #68]
.Ltmp93:
	.loc	2 388 16 is_stmt 0              @ ../../../../../Library/StdDriver/src/uart.c:388:16
	cmp	r0, #4
	bne	.LBB8_20
	b	.LBB8_19
.LBB8_19:
.Ltmp94:
	.loc	2 389 33 is_stmt 1              @ ../../../../../Library/StdDriver/src/uart.c:389:33
	bl	CLK_GetPCLK0Freq
	.loc	2 389 31 is_stmt 0              @ ../../../../../Library/StdDriver/src/uart.c:389:31
	str	r0, [sp, #48]
	.loc	2 389 17                        @ ../../../../../Library/StdDriver/src/uart.c:389:17
	b	.LBB8_20
.Ltmp95:
.LBB8_20:
	.loc	2 390 13 is_stmt 1              @ ../../../../../Library/StdDriver/src/uart.c:390:13
	b	.LBB8_31
.LBB8_21:
	.loc	2 0 13 is_stmt 0                @ ../../../../../Library/StdDriver/src/uart.c:0:13
	ldr	r0, __arm_cp.8_15
	.loc	2 393 32 is_stmt 1              @ ../../../../../Library/StdDriver/src/uart.c:393:32
	str	r0, [sp, #8]                    @ 4-byte Spill
	bl	CLK_GetModuleClockSource
	mov	r1, r0
	.loc	2 393 30 is_stmt 0              @ ../../../../../Library/StdDriver/src/uart.c:393:30
	ldr	r0, [sp, #8]                    @ 4-byte Reload
	str	r1, [sp, #68]
	.loc	2 394 32 is_stmt 1              @ ../../../../../Library/StdDriver/src/uart.c:394:32
	bl	CLK_GetModuleClockDivider
	.loc	2 394 30 is_stmt 0              @ ../../../../../Library/StdDriver/src/uart.c:394:30
	str	r0, [sp, #64]
.Ltmp96:
	.loc	2 395 16 is_stmt 1              @ ../../../../../Library/StdDriver/src/uart.c:395:16
	ldr	r0, [sp, #68]
.Ltmp97:
	.loc	2 395 16 is_stmt 0              @ ../../../../../Library/StdDriver/src/uart.c:395:16
	cmp	r0, #4
	bne	.LBB8_23
	b	.LBB8_22
.LBB8_22:
.Ltmp98:
	.loc	2 396 33 is_stmt 1              @ ../../../../../Library/StdDriver/src/uart.c:396:33
	bl	CLK_GetPCLK1Freq
	.loc	2 396 31 is_stmt 0              @ ../../../../../Library/StdDriver/src/uart.c:396:31
	str	r0, [sp, #48]
	.loc	2 396 17                        @ ../../../../../Library/StdDriver/src/uart.c:396:17
	b	.LBB8_23
.Ltmp99:
.LBB8_23:
	.loc	2 397 13 is_stmt 1              @ ../../../../../Library/StdDriver/src/uart.c:397:13
	b	.LBB8_31
.LBB8_24:
	.loc	2 0 13 is_stmt 0                @ ../../../../../Library/StdDriver/src/uart.c:0:13
	ldr	r0, __arm_cp.8_14
	.loc	2 400 32 is_stmt 1              @ ../../../../../Library/StdDriver/src/uart.c:400:32
	str	r0, [sp, #4]                    @ 4-byte Spill
	bl	CLK_GetModuleClockSource
	mov	r1, r0
	.loc	2 400 30 is_stmt 0              @ ../../../../../Library/StdDriver/src/uart.c:400:30
	ldr	r0, [sp, #4]                    @ 4-byte Reload
	str	r1, [sp, #68]
	.loc	2 401 32 is_stmt 1              @ ../../../../../Library/StdDriver/src/uart.c:401:32
	bl	CLK_GetModuleClockDivider
	.loc	2 401 30 is_stmt 0              @ ../../../../../Library/StdDriver/src/uart.c:401:30
	str	r0, [sp, #64]
.Ltmp100:
	.loc	2 402 16 is_stmt 1              @ ../../../../../Library/StdDriver/src/uart.c:402:16
	ldr	r0, [sp, #68]
.Ltmp101:
	.loc	2 402 16 is_stmt 0              @ ../../../../../Library/StdDriver/src/uart.c:402:16
	cmp	r0, #4
	bne	.LBB8_26
	b	.LBB8_25
.LBB8_25:
.Ltmp102:
	.loc	2 403 33 is_stmt 1              @ ../../../../../Library/StdDriver/src/uart.c:403:33
	bl	CLK_GetPCLK0Freq
	.loc	2 403 31 is_stmt 0              @ ../../../../../Library/StdDriver/src/uart.c:403:31
	str	r0, [sp, #48]
	.loc	2 403 17                        @ ../../../../../Library/StdDriver/src/uart.c:403:17
	b	.LBB8_26
.Ltmp103:
.LBB8_26:
	.loc	2 404 13 is_stmt 1              @ ../../../../../Library/StdDriver/src/uart.c:404:13
	b	.LBB8_31
.LBB8_27:
	.loc	2 0 13 is_stmt 0                @ ../../../../../Library/StdDriver/src/uart.c:0:13
	ldr	r0, __arm_cp.8_13
	.loc	2 407 32 is_stmt 1              @ ../../../../../Library/StdDriver/src/uart.c:407:32
	str	r0, [sp]                        @ 4-byte Spill
	bl	CLK_GetModuleClockSource
	mov	r1, r0
	.loc	2 407 30 is_stmt 0              @ ../../../../../Library/StdDriver/src/uart.c:407:30
	ldr	r0, [sp]                        @ 4-byte Reload
	str	r1, [sp, #68]
	.loc	2 408 32 is_stmt 1              @ ../../../../../Library/StdDriver/src/uart.c:408:32
	bl	CLK_GetModuleClockDivider
	.loc	2 408 30 is_stmt 0              @ ../../../../../Library/StdDriver/src/uart.c:408:30
	str	r0, [sp, #64]
.Ltmp104:
	.loc	2 409 16 is_stmt 1              @ ../../../../../Library/StdDriver/src/uart.c:409:16
	ldr	r0, [sp, #68]
.Ltmp105:
	.loc	2 409 16 is_stmt 0              @ ../../../../../Library/StdDriver/src/uart.c:409:16
	cmp	r0, #4
	bne	.LBB8_29
	b	.LBB8_28
.LBB8_28:
.Ltmp106:
	.loc	2 410 33 is_stmt 1              @ ../../../../../Library/StdDriver/src/uart.c:410:33
	bl	CLK_GetPCLK1Freq
	.loc	2 410 31 is_stmt 0              @ ../../../../../Library/StdDriver/src/uart.c:410:31
	str	r0, [sp, #48]
	.loc	2 410 17                        @ ../../../../../Library/StdDriver/src/uart.c:410:17
	b	.LBB8_29
.Ltmp107:
.LBB8_29:
	.loc	2 411 13 is_stmt 1              @ ../../../../../Library/StdDriver/src/uart.c:411:13
	b	.LBB8_31
.LBB8_30:
	.loc	2 413 13                        @ ../../../../../Library/StdDriver/src/uart.c:413:13
	b	.LBB8_39
.Ltmp108:
.LBB8_31:
	.loc	2 417 8                         @ ../../../../../Library/StdDriver/src/uart.c:417:8
	ldr	r0, [sp, #68]
.Ltmp109:
	.loc	2 417 8 is_stmt 0               @ ../../../../../Library/StdDriver/src/uart.c:417:8
	cmp	r0, #1
	bne	.LBB8_33
	b	.LBB8_32
.LBB8_32:
.Ltmp110:
	.loc	2 419 25 is_stmt 1              @ ../../../../../Library/StdDriver/src/uart.c:419:25
	bl	CLK_GetPLLClockFreq
	.loc	2 419 23 is_stmt 0              @ ../../../../../Library/StdDriver/src/uart.c:419:23
	str	r0, [sp, #36]
	.loc	2 420 5 is_stmt 1               @ ../../../../../Library/StdDriver/src/uart.c:420:5
	b	.LBB8_33
.Ltmp111:
.LBB8_33:
	.loc	2 423 8                         @ ../../../../../Library/StdDriver/src/uart.c:423:8
	ldr	r0, [sp, #80]
.Ltmp112:
	.loc	2 423 8 is_stmt 0               @ ../../../../../Library/StdDriver/src/uart.c:423:8
	cbz	r0, .LBB8_38
	b	.LBB8_34
.LBB8_34:
.Ltmp113:
	.loc	2 425 22 is_stmt 1              @ ../../../../../Library/StdDriver/src/uart.c:425:22
	ldr	r0, [sp, #68]
	lsls	r1, r0, #2
	add	r0, sp, #32
	ldr	r0, [r0, r1]
	ldr	r1, [sp, #64]
	adds	r1, r1, #1
	udiv	r0, r0, r1
	ldr	r1, [sp, #80]
	lsrs	r2, r1, #1
	adds	r0, r0, r2
	udiv	r0, r0, r1
	subs	r0, r0, #2
	.loc	2 425 20 is_stmt 0              @ ../../../../../Library/StdDriver/src/uart.c:425:20
	str	r0, [sp, #28]
	add	r0, sp, #28
.Ltmp114:
	.loc	2 427 12 is_stmt 1              @ ../../../../../Library/StdDriver/src/uart.c:427:12
	ldrh	r0, [r0, #2]
.Ltmp115:
	.loc	2 427 12 is_stmt 0              @ ../../../../../Library/StdDriver/src/uart.c:427:12
	cbz	r0, .LBB8_36
	b	.LBB8_35
.LBB8_35:
.Ltmp116:
	.loc	2 429 45 is_stmt 1              @ ../../../../../Library/StdDriver/src/uart.c:429:45
	ldr	r0, [sp, #68]
	lsls	r1, r0, #2
	add	r0, sp, #32
	ldr	r0, [r0, r1]
	ldr	r1, [sp, #64]
	adds	r1, r1, #1
	udiv	r0, r0, r1
	ldr	r1, [sp, #80]
	lsls	r2, r1, #3
	adds	r0, r0, r2
	udiv	r0, r0, r1
	lsrs	r0, r0, #4
	subs	r0, r0, #2
	.loc	2 429 13 is_stmt 0              @ ../../../../../Library/StdDriver/src/uart.c:429:13
	ldr	r1, [sp, #84]
	.loc	2 429 24                        @ ../../../../../Library/StdDriver/src/uart.c:429:24
	str	r0, [r1, #36]
	.loc	2 430 9 is_stmt 1               @ ../../../../../Library/StdDriver/src/uart.c:430:9
	b	.LBB8_37
.Ltmp117:
.LBB8_36:
	.loc	2 433 45                        @ ../../../../../Library/StdDriver/src/uart.c:433:45
	ldr	r0, [sp, #28]
	movs	r1, #3
	lsls	r1, r1, #28
	.loc	2 433 43 is_stmt 0              @ ../../../../../Library/StdDriver/src/uart.c:433:43
	orrs	r0, r1
	.loc	2 433 13                        @ ../../../../../Library/StdDriver/src/uart.c:433:13
	ldr	r1, [sp, #84]
	.loc	2 433 24                        @ ../../../../../Library/StdDriver/src/uart.c:433:24
	str	r0, [r1, #36]
	b	.LBB8_37
.Ltmp118:
.LBB8_37:
	.loc	2 435 5 is_stmt 1               @ ../../../../../Library/StdDriver/src/uart.c:435:5
	b	.LBB8_38
.Ltmp119:
.LBB8_38:
	.loc	2 438 18                        @ ../../../../../Library/StdDriver/src/uart.c:438:18
	ldr	r0, [sp, #76]
	.loc	2 438 34 is_stmt 0              @ ../../../../../Library/StdDriver/src/uart.c:438:34
	ldr	r1, [sp, #72]
	.loc	2 438 32                        @ ../../../../../Library/StdDriver/src/uart.c:438:32
	orrs	r0, r1
	.loc	2 438 46                        @ ../../../../../Library/StdDriver/src/uart.c:438:46
	ldr	r1, [sp, #104]
	.loc	2 438 44                        @ ../../../../../Library/StdDriver/src/uart.c:438:44
	orrs	r0, r1
	.loc	2 438 5                         @ ../../../../../Library/StdDriver/src/uart.c:438:5
	ldr	r1, [sp, #84]
	.loc	2 438 16                        @ ../../../../../Library/StdDriver/src/uart.c:438:16
	str	r0, [r1, #12]
	.loc	2 439 1 is_stmt 1               @ ../../../../../Library/StdDriver/src/uart.c:439:1
	b	.LBB8_39
.LBB8_39:
	add	sp, #88
	pop	{r4, r5, r7, pc}
.Ltmp120:
	.p2align	2
@ %bb.40:
	.loc	2 0 1 is_stmt 0                 @ ../../../../../Library/StdDriver/src/uart.c:0:1
__arm_cp.8_0:
	.long	.L__const.UART_SetLineConfig.au32ClkTbl
.Lcpi_end22:
	.size	__arm_cp.8_0, .Lcpi_end22-__arm_cp.8_0
__arm_cp.8_1:
	.long	1074200576                      @ 0x40070000
.Lcpi_end23:
	.size	__arm_cp.8_1, .Lcpi_end23-__arm_cp.8_1
__arm_cp.8_2:
	.long	1074204672                      @ 0x40071000
.Lcpi_end24:
	.size	__arm_cp.8_2, .Lcpi_end24-__arm_cp.8_2
__arm_cp.8_3:
	.long	1074208768                      @ 0x40072000
.Lcpi_end25:
	.size	__arm_cp.8_3, .Lcpi_end25-__arm_cp.8_3
__arm_cp.8_4:
	.long	1074212864                      @ 0x40073000
.Lcpi_end26:
	.size	__arm_cp.8_4, .Lcpi_end26-__arm_cp.8_4
__arm_cp.8_5:
	.long	1074216960                      @ 0x40074000
.Lcpi_end27:
	.size	__arm_cp.8_5, .Lcpi_end27-__arm_cp.8_5
__arm_cp.8_6:
	.long	1074221056                      @ 0x40075000
.Lcpi_end28:
	.size	__arm_cp.8_6, .Lcpi_end28-__arm_cp.8_6
__arm_cp.8_7:
	.long	1342636032                      @ 0x50070000
.Lcpi_end29:
	.size	__arm_cp.8_7, .Lcpi_end29-__arm_cp.8_7
__arm_cp.8_8:
	.long	1342640128                      @ 0x50071000
.Lcpi_end30:
	.size	__arm_cp.8_8, .Lcpi_end30-__arm_cp.8_8
__arm_cp.8_9:
	.long	1342644224                      @ 0x50072000
.Lcpi_end31:
	.size	__arm_cp.8_9, .Lcpi_end31-__arm_cp.8_9
__arm_cp.8_10:
	.long	1342648320                      @ 0x50073000
.Lcpi_end32:
	.size	__arm_cp.8_10, .Lcpi_end32-__arm_cp.8_10
__arm_cp.8_11:
	.long	1342652416                      @ 0x50074000
.Lcpi_end33:
	.size	__arm_cp.8_11, .Lcpi_end33-__arm_cp.8_11
__arm_cp.8_12:
	.long	1342656512                      @ 0x50075000
.Lcpi_end34:
	.size	__arm_cp.8_12, .Lcpi_end34-__arm_cp.8_12
__arm_cp.8_13:
	.long	2144091541                      @ 0x7fcc3d95
.Lcpi_end35:
	.size	__arm_cp.8_13, .Lcpi_end35-__arm_cp.8_13
__arm_cp.8_14:
	.long	2139897108                      @ 0x7f8c3d14
.Lcpi_end36:
	.size	__arm_cp.8_14, .Lcpi_end36-__arm_cp.8_14
__arm_cp.8_15:
	.long	1875655827                      @ 0x6fcc3c93
.Lcpi_end37:
	.size	__arm_cp.8_15, .Lcpi_end37-__arm_cp.8_15
__arm_cp.8_16:
	.long	1871461394                      @ 0x6f8c3c12
.Lcpi_end38:
	.size	__arm_cp.8_16, .Lcpi_end38-__arm_cp.8_16
__arm_cp.8_17:
	.long	1866481041                      @ 0x6f403d91
.Lcpi_end39:
	.size	__arm_cp.8_17, .Lcpi_end39-__arm_cp.8_17
__arm_cp.8_18:
	.long	1862286608                      @ 0x6f003d10
.Lcpi_end40:
	.size	__arm_cp.8_18, .Lcpi_end40-__arm_cp.8_18
.Lfunc_end8:
	.size	UART_SetLineConfig, .Lfunc_end8-UART_SetLineConfig
	.cfi_endproc
	.fnend
                                        @ -- End function
	.section	.text.UART_SetTimeoutCnt,"ax",%progbits
	.hidden	UART_SetTimeoutCnt              @ -- Begin function UART_SetTimeoutCnt
	.globl	UART_SetTimeoutCnt
	.p2align	1
	.type	UART_SetTimeoutCnt,%function
	.code	16                              @ @UART_SetTimeoutCnt
	.thumb_func
UART_SetTimeoutCnt:
.Lfunc_begin9:
	.loc	2 453 0 is_stmt 1               @ ../../../../../Library/StdDriver/src/uart.c:453:0
	.fnstart
	.cfi_startproc
@ %bb.0:
	.pad	#8
	sub	sp, #8
	.cfi_def_cfa_offset 8
	str	r0, [sp, #4]
	str	r1, [sp]
.Ltmp121:
	.loc	2 455 19 prologue_end           @ ../../../../../Library/StdDriver/src/uart.c:455:19
	ldr	r0, [sp, #4]
	.loc	2 455 25 is_stmt 0              @ ../../../../../Library/StdDriver/src/uart.c:455:25
	ldr	r0, [r0, #32]
	movs	r1, #255
	.loc	2 455 30                        @ ../../../../../Library/StdDriver/src/uart.c:455:30
	bics	r0, r1
	.loc	2 455 56                        @ ../../../../../Library/StdDriver/src/uart.c:455:56
	ldr	r1, [sp]
	.loc	2 455 53                        @ ../../../../../Library/StdDriver/src/uart.c:455:53
	orrs	r0, r1
	.loc	2 455 5                         @ ../../../../../Library/StdDriver/src/uart.c:455:5
	ldr	r1, [sp, #4]
	.loc	2 455 16                        @ ../../../../../Library/StdDriver/src/uart.c:455:16
	str	r0, [r1, #32]
	.loc	2 458 5 is_stmt 1               @ ../../../../../Library/StdDriver/src/uart.c:458:5
	ldr	r1, [sp, #4]
	.loc	2 458 17 is_stmt 0              @ ../../../../../Library/StdDriver/src/uart.c:458:17
	ldr	r0, [r1, #4]
	movw	r2, #2048
	orrs	r0, r2
	str	r0, [r1, #4]
	.loc	2 459 1 is_stmt 1               @ ../../../../../Library/StdDriver/src/uart.c:459:1
	add	sp, #8
	bx	lr
.Ltmp122:
.Lfunc_end9:
	.size	UART_SetTimeoutCnt, .Lfunc_end9-UART_SetTimeoutCnt
	.cfi_endproc
	.cantunwind
	.fnend
                                        @ -- End function
	.section	.text.UART_SelectIrDAMode,"ax",%progbits
	.hidden	UART_SelectIrDAMode             @ -- Begin function UART_SelectIrDAMode
	.globl	UART_SelectIrDAMode
	.p2align	2
	.type	UART_SelectIrDAMode,%function
	.code	16                              @ @UART_SelectIrDAMode
	.thumb_func
UART_SelectIrDAMode:
.Lfunc_begin10:
	.loc	2 476 0                         @ ../../../../../Library/StdDriver/src/uart.c:476:0
	.fnstart
	.cfi_startproc
@ %bb.0:
	.save	{r4, r5, r7, lr}
	push	{r4, r5, r7, lr}
	.cfi_def_cfa_offset 16
	.cfi_offset lr, -4
	.cfi_offset r7, -8
	.cfi_offset r5, -12
	.cfi_offset r4, -16
	.pad	#88
	sub	sp, #88
	.cfi_def_cfa_offset 104
	str	r0, [sp, #84]
	str	r1, [sp, #80]
	str	r2, [sp, #76]
	movs	r0, #0
.Ltmp123:
	.loc	2 477 14 prologue_end           @ ../../../../../Library/StdDriver/src/uart.c:477:14
	str	r0, [sp, #72]
	movs	r0, #1
	.loc	2 477 38 is_stmt 0              @ ../../../../../Library/StdDriver/src/uart.c:477:38
	str	r0, [sp, #68]
	.loc	2 478 14 is_stmt 1              @ ../../../../../Library/StdDriver/src/uart.c:478:14
	ldr	r1, __arm_cp.10_0
	add	r0, sp, #36
	ldm	r1!, {r2, r3, r4, r5}
	stm	r0!, {r2, r3, r4, r5}
	ldm	r1!, {r2, r3, r4, r5}
	stm	r0!, {r2, r3, r4, r5}
	.loc	2 482 5                         @ ../../../../../Library/StdDriver/src/uart.c:482:5
	ldr	r1, [sp, #84]
	movs	r0, #2
	.loc	2 482 19 is_stmt 0              @ ../../../../../Library/StdDriver/src/uart.c:482:19
	str	r0, [r1, #48]
	.loc	2 485 22 is_stmt 1              @ ../../../../../Library/StdDriver/src/uart.c:485:22
	ldr	r0, [sp, #84]
	str	r0, [sp, #28]                   @ 4-byte Spill
	ldr	r1, __arm_cp.10_1
	.loc	2 485 5 is_stmt 0               @ ../../../../../Library/StdDriver/src/uart.c:485:5
	cmp	r0, r1
	beq	.LBB10_12
	b	.LBB10_1
.LBB10_1:
	.loc	2 0 5                           @ ../../../../../Library/StdDriver/src/uart.c:0:5
	ldr	r0, [sp, #28]                   @ 4-byte Reload
	ldr	r1, __arm_cp.10_2
	.loc	2 485 5                         @ ../../../../../Library/StdDriver/src/uart.c:485:5
	cmp	r0, r1
	beq	.LBB10_15
	b	.LBB10_2
.LBB10_2:
	.loc	2 0 5                           @ ../../../../../Library/StdDriver/src/uart.c:0:5
	ldr	r0, [sp, #28]                   @ 4-byte Reload
	ldr	r1, __arm_cp.10_3
	.loc	2 485 5                         @ ../../../../../Library/StdDriver/src/uart.c:485:5
	cmp	r0, r1
	beq	.LBB10_18
	b	.LBB10_3
.LBB10_3:
	.loc	2 0 5                           @ ../../../../../Library/StdDriver/src/uart.c:0:5
	ldr	r0, [sp, #28]                   @ 4-byte Reload
	ldr	r1, __arm_cp.10_4
	.loc	2 485 5                         @ ../../../../../Library/StdDriver/src/uart.c:485:5
	cmp	r0, r1
	beq	.LBB10_21
	b	.LBB10_4
.LBB10_4:
	.loc	2 0 5                           @ ../../../../../Library/StdDriver/src/uart.c:0:5
	ldr	r0, [sp, #28]                   @ 4-byte Reload
	ldr	r1, __arm_cp.10_5
	.loc	2 485 5                         @ ../../../../../Library/StdDriver/src/uart.c:485:5
	cmp	r0, r1
	beq	.LBB10_24
	b	.LBB10_5
.LBB10_5:
	.loc	2 0 5                           @ ../../../../../Library/StdDriver/src/uart.c:0:5
	ldr	r0, [sp, #28]                   @ 4-byte Reload
	ldr	r1, __arm_cp.10_6
	.loc	2 485 5                         @ ../../../../../Library/StdDriver/src/uart.c:485:5
	cmp	r0, r1
	beq	.LBB10_27
	b	.LBB10_6
.LBB10_6:
	.loc	2 0 5                           @ ../../../../../Library/StdDriver/src/uart.c:0:5
	ldr	r0, [sp, #28]                   @ 4-byte Reload
	ldr	r1, __arm_cp.10_7
	.loc	2 485 5                         @ ../../../../../Library/StdDriver/src/uart.c:485:5
	cmp	r0, r1
	beq	.LBB10_12
	b	.LBB10_7
.LBB10_7:
	.loc	2 0 5                           @ ../../../../../Library/StdDriver/src/uart.c:0:5
	ldr	r0, [sp, #28]                   @ 4-byte Reload
	ldr	r1, __arm_cp.10_8
	.loc	2 485 5                         @ ../../../../../Library/StdDriver/src/uart.c:485:5
	cmp	r0, r1
	beq	.LBB10_15
	b	.LBB10_8
.LBB10_8:
	.loc	2 0 5                           @ ../../../../../Library/StdDriver/src/uart.c:0:5
	ldr	r0, [sp, #28]                   @ 4-byte Reload
	ldr	r1, __arm_cp.10_9
	.loc	2 485 5                         @ ../../../../../Library/StdDriver/src/uart.c:485:5
	cmp	r0, r1
	beq	.LBB10_18
	b	.LBB10_9
.LBB10_9:
	.loc	2 0 5                           @ ../../../../../Library/StdDriver/src/uart.c:0:5
	ldr	r0, [sp, #28]                   @ 4-byte Reload
	ldr	r1, __arm_cp.10_10
	.loc	2 485 5                         @ ../../../../../Library/StdDriver/src/uart.c:485:5
	cmp	r0, r1
	beq	.LBB10_21
	b	.LBB10_10
.LBB10_10:
	.loc	2 0 5                           @ ../../../../../Library/StdDriver/src/uart.c:0:5
	ldr	r0, [sp, #28]                   @ 4-byte Reload
	ldr	r1, __arm_cp.10_11
	.loc	2 485 5                         @ ../../../../../Library/StdDriver/src/uart.c:485:5
	cmp	r0, r1
	beq	.LBB10_24
	b	.LBB10_11
.LBB10_11:
	.loc	2 0 5                           @ ../../../../../Library/StdDriver/src/uart.c:0:5
	ldr	r0, [sp, #28]                   @ 4-byte Reload
	ldr	r1, __arm_cp.10_12
	.loc	2 485 5                         @ ../../../../../Library/StdDriver/src/uart.c:485:5
	cmp	r0, r1
	beq	.LBB10_27
	b	.LBB10_30
.LBB10_12:
	.loc	2 0 5                           @ ../../../../../Library/StdDriver/src/uart.c:0:5
	ldr	r0, __arm_cp.10_18
.Ltmp124:
	.loc	2 489 32 is_stmt 1              @ ../../../../../Library/StdDriver/src/uart.c:489:32
	str	r0, [sp, #24]                   @ 4-byte Spill
	bl	CLK_GetModuleClockSource
	mov	r1, r0
	.loc	2 489 30 is_stmt 0              @ ../../../../../Library/StdDriver/src/uart.c:489:30
	ldr	r0, [sp, #24]                   @ 4-byte Reload
	str	r1, [sp, #72]
	.loc	2 490 32 is_stmt 1              @ ../../../../../Library/StdDriver/src/uart.c:490:32
	bl	CLK_GetModuleClockDivider
	.loc	2 490 30 is_stmt 0              @ ../../../../../Library/StdDriver/src/uart.c:490:30
	str	r0, [sp, #68]
.Ltmp125:
	.loc	2 491 16 is_stmt 1              @ ../../../../../Library/StdDriver/src/uart.c:491:16
	ldr	r0, [sp, #72]
.Ltmp126:
	.loc	2 491 16 is_stmt 0              @ ../../../../../Library/StdDriver/src/uart.c:491:16
	cmp	r0, #4
	bne	.LBB10_14
	b	.LBB10_13
.LBB10_13:
.Ltmp127:
	.loc	2 492 33 is_stmt 1              @ ../../../../../Library/StdDriver/src/uart.c:492:33
	bl	CLK_GetPCLK0Freq
	.loc	2 492 31 is_stmt 0              @ ../../../../../Library/StdDriver/src/uart.c:492:31
	str	r0, [sp, #52]
	.loc	2 492 17                        @ ../../../../../Library/StdDriver/src/uart.c:492:17
	b	.LBB10_14
.Ltmp128:
.LBB10_14:
	.loc	2 493 13 is_stmt 1              @ ../../../../../Library/StdDriver/src/uart.c:493:13
	b	.LBB10_31
.LBB10_15:
	.loc	2 0 13 is_stmt 0                @ ../../../../../Library/StdDriver/src/uart.c:0:13
	ldr	r0, __arm_cp.10_17
	.loc	2 496 32 is_stmt 1              @ ../../../../../Library/StdDriver/src/uart.c:496:32
	str	r0, [sp, #20]                   @ 4-byte Spill
	bl	CLK_GetModuleClockSource
	mov	r1, r0
	.loc	2 496 30 is_stmt 0              @ ../../../../../Library/StdDriver/src/uart.c:496:30
	ldr	r0, [sp, #20]                   @ 4-byte Reload
	str	r1, [sp, #72]
	.loc	2 497 32 is_stmt 1              @ ../../../../../Library/StdDriver/src/uart.c:497:32
	bl	CLK_GetModuleClockDivider
	.loc	2 497 30 is_stmt 0              @ ../../../../../Library/StdDriver/src/uart.c:497:30
	str	r0, [sp, #68]
.Ltmp129:
	.loc	2 498 16 is_stmt 1              @ ../../../../../Library/StdDriver/src/uart.c:498:16
	ldr	r0, [sp, #72]
.Ltmp130:
	.loc	2 498 16 is_stmt 0              @ ../../../../../Library/StdDriver/src/uart.c:498:16
	cmp	r0, #4
	bne	.LBB10_17
	b	.LBB10_16
.LBB10_16:
.Ltmp131:
	.loc	2 499 33 is_stmt 1              @ ../../../../../Library/StdDriver/src/uart.c:499:33
	bl	CLK_GetPCLK1Freq
	.loc	2 499 31 is_stmt 0              @ ../../../../../Library/StdDriver/src/uart.c:499:31
	str	r0, [sp, #52]
	.loc	2 499 17                        @ ../../../../../Library/StdDriver/src/uart.c:499:17
	b	.LBB10_17
.Ltmp132:
.LBB10_17:
	.loc	2 500 13 is_stmt 1              @ ../../../../../Library/StdDriver/src/uart.c:500:13
	b	.LBB10_31
.LBB10_18:
	.loc	2 0 13 is_stmt 0                @ ../../../../../Library/StdDriver/src/uart.c:0:13
	ldr	r0, __arm_cp.10_16
	.loc	2 503 32 is_stmt 1              @ ../../../../../Library/StdDriver/src/uart.c:503:32
	str	r0, [sp, #16]                   @ 4-byte Spill
	bl	CLK_GetModuleClockSource
	mov	r1, r0
	.loc	2 503 30 is_stmt 0              @ ../../../../../Library/StdDriver/src/uart.c:503:30
	ldr	r0, [sp, #16]                   @ 4-byte Reload
	str	r1, [sp, #72]
	.loc	2 504 32 is_stmt 1              @ ../../../../../Library/StdDriver/src/uart.c:504:32
	bl	CLK_GetModuleClockDivider
	.loc	2 504 30 is_stmt 0              @ ../../../../../Library/StdDriver/src/uart.c:504:30
	str	r0, [sp, #68]
.Ltmp133:
	.loc	2 505 16 is_stmt 1              @ ../../../../../Library/StdDriver/src/uart.c:505:16
	ldr	r0, [sp, #72]
.Ltmp134:
	.loc	2 505 16 is_stmt 0              @ ../../../../../Library/StdDriver/src/uart.c:505:16
	cmp	r0, #4
	bne	.LBB10_20
	b	.LBB10_19
.LBB10_19:
.Ltmp135:
	.loc	2 506 33 is_stmt 1              @ ../../../../../Library/StdDriver/src/uart.c:506:33
	bl	CLK_GetPCLK0Freq
	.loc	2 506 31 is_stmt 0              @ ../../../../../Library/StdDriver/src/uart.c:506:31
	str	r0, [sp, #52]
	.loc	2 506 17                        @ ../../../../../Library/StdDriver/src/uart.c:506:17
	b	.LBB10_20
.Ltmp136:
.LBB10_20:
	.loc	2 507 13 is_stmt 1              @ ../../../../../Library/StdDriver/src/uart.c:507:13
	b	.LBB10_31
.LBB10_21:
	.loc	2 0 13 is_stmt 0                @ ../../../../../Library/StdDriver/src/uart.c:0:13
	ldr	r0, __arm_cp.10_15
	.loc	2 510 32 is_stmt 1              @ ../../../../../Library/StdDriver/src/uart.c:510:32
	str	r0, [sp, #12]                   @ 4-byte Spill
	bl	CLK_GetModuleClockSource
	mov	r1, r0
	.loc	2 510 30 is_stmt 0              @ ../../../../../Library/StdDriver/src/uart.c:510:30
	ldr	r0, [sp, #12]                   @ 4-byte Reload
	str	r1, [sp, #72]
	.loc	2 511 32 is_stmt 1              @ ../../../../../Library/StdDriver/src/uart.c:511:32
	bl	CLK_GetModuleClockDivider
	.loc	2 511 30 is_stmt 0              @ ../../../../../Library/StdDriver/src/uart.c:511:30
	str	r0, [sp, #68]
.Ltmp137:
	.loc	2 512 16 is_stmt 1              @ ../../../../../Library/StdDriver/src/uart.c:512:16
	ldr	r0, [sp, #72]
.Ltmp138:
	.loc	2 512 16 is_stmt 0              @ ../../../../../Library/StdDriver/src/uart.c:512:16
	cmp	r0, #4
	bne	.LBB10_23
	b	.LBB10_22
.LBB10_22:
.Ltmp139:
	.loc	2 513 33 is_stmt 1              @ ../../../../../Library/StdDriver/src/uart.c:513:33
	bl	CLK_GetPCLK1Freq
	.loc	2 513 31 is_stmt 0              @ ../../../../../Library/StdDriver/src/uart.c:513:31
	str	r0, [sp, #52]
	.loc	2 513 17                        @ ../../../../../Library/StdDriver/src/uart.c:513:17
	b	.LBB10_23
.Ltmp140:
.LBB10_23:
	.loc	2 514 13 is_stmt 1              @ ../../../../../Library/StdDriver/src/uart.c:514:13
	b	.LBB10_31
.LBB10_24:
	.loc	2 0 13 is_stmt 0                @ ../../../../../Library/StdDriver/src/uart.c:0:13
	ldr	r0, __arm_cp.10_14
	.loc	2 517 32 is_stmt 1              @ ../../../../../Library/StdDriver/src/uart.c:517:32
	str	r0, [sp, #8]                    @ 4-byte Spill
	bl	CLK_GetModuleClockSource
	mov	r1, r0
	.loc	2 517 30 is_stmt 0              @ ../../../../../Library/StdDriver/src/uart.c:517:30
	ldr	r0, [sp, #8]                    @ 4-byte Reload
	str	r1, [sp, #72]
	.loc	2 518 32 is_stmt 1              @ ../../../../../Library/StdDriver/src/uart.c:518:32
	bl	CLK_GetModuleClockDivider
	.loc	2 518 30 is_stmt 0              @ ../../../../../Library/StdDriver/src/uart.c:518:30
	str	r0, [sp, #68]
.Ltmp141:
	.loc	2 519 16 is_stmt 1              @ ../../../../../Library/StdDriver/src/uart.c:519:16
	ldr	r0, [sp, #72]
.Ltmp142:
	.loc	2 519 16 is_stmt 0              @ ../../../../../Library/StdDriver/src/uart.c:519:16
	cmp	r0, #4
	bne	.LBB10_26
	b	.LBB10_25
.LBB10_25:
.Ltmp143:
	.loc	2 520 33 is_stmt 1              @ ../../../../../Library/StdDriver/src/uart.c:520:33
	bl	CLK_GetPCLK0Freq
	.loc	2 520 31 is_stmt 0              @ ../../../../../Library/StdDriver/src/uart.c:520:31
	str	r0, [sp, #52]
	.loc	2 520 17                        @ ../../../../../Library/StdDriver/src/uart.c:520:17
	b	.LBB10_26
.Ltmp144:
.LBB10_26:
	.loc	2 521 13 is_stmt 1              @ ../../../../../Library/StdDriver/src/uart.c:521:13
	b	.LBB10_31
.LBB10_27:
	.loc	2 0 13 is_stmt 0                @ ../../../../../Library/StdDriver/src/uart.c:0:13
	ldr	r0, __arm_cp.10_13
	.loc	2 524 32 is_stmt 1              @ ../../../../../Library/StdDriver/src/uart.c:524:32
	str	r0, [sp, #4]                    @ 4-byte Spill
	bl	CLK_GetModuleClockSource
	mov	r1, r0
	.loc	2 524 30 is_stmt 0              @ ../../../../../Library/StdDriver/src/uart.c:524:30
	ldr	r0, [sp, #4]                    @ 4-byte Reload
	str	r1, [sp, #72]
	.loc	2 525 32 is_stmt 1              @ ../../../../../Library/StdDriver/src/uart.c:525:32
	bl	CLK_GetModuleClockDivider
	.loc	2 525 30 is_stmt 0              @ ../../../../../Library/StdDriver/src/uart.c:525:30
	str	r0, [sp, #68]
.Ltmp145:
	.loc	2 526 16 is_stmt 1              @ ../../../../../Library/StdDriver/src/uart.c:526:16
	ldr	r0, [sp, #72]
.Ltmp146:
	.loc	2 526 16 is_stmt 0              @ ../../../../../Library/StdDriver/src/uart.c:526:16
	cmp	r0, #4
	bne	.LBB10_29
	b	.LBB10_28
.LBB10_28:
.Ltmp147:
	.loc	2 527 33 is_stmt 1              @ ../../../../../Library/StdDriver/src/uart.c:527:33
	bl	CLK_GetPCLK1Freq
	.loc	2 527 31 is_stmt 0              @ ../../../../../Library/StdDriver/src/uart.c:527:31
	str	r0, [sp, #52]
	.loc	2 527 17                        @ ../../../../../Library/StdDriver/src/uart.c:527:17
	b	.LBB10_29
.Ltmp148:
.LBB10_29:
	.loc	2 528 13 is_stmt 1              @ ../../../../../Library/StdDriver/src/uart.c:528:13
	b	.LBB10_31
.LBB10_30:
	.loc	2 530 13                        @ ../../../../../Library/StdDriver/src/uart.c:530:13
	b	.LBB10_40
.Ltmp149:
.LBB10_31:
	.loc	2 534 8                         @ ../../../../../Library/StdDriver/src/uart.c:534:8
	ldr	r0, [sp, #72]
.Ltmp150:
	.loc	2 534 8 is_stmt 0               @ ../../../../../Library/StdDriver/src/uart.c:534:8
	cmp	r0, #1
	bne	.LBB10_33
	b	.LBB10_32
.LBB10_32:
.Ltmp151:
	.loc	2 536 25 is_stmt 1              @ ../../../../../Library/StdDriver/src/uart.c:536:25
	bl	CLK_GetPLLClockFreq
	.loc	2 536 23 is_stmt 0              @ ../../../../../Library/StdDriver/src/uart.c:536:23
	str	r0, [sp, #40]
	.loc	2 537 5 is_stmt 1               @ ../../../../../Library/StdDriver/src/uart.c:537:5
	b	.LBB10_33
.Ltmp152:
.LBB10_33:
	.loc	2 540 8                         @ ../../../../../Library/StdDriver/src/uart.c:540:8
	ldr	r0, [sp, #80]
.Ltmp153:
	.loc	2 540 8 is_stmt 0               @ ../../../../../Library/StdDriver/src/uart.c:540:8
	cbz	r0, .LBB10_37
	b	.LBB10_34
.LBB10_34:
.Ltmp154:
	.loc	2 542 22 is_stmt 1              @ ../../../../../Library/StdDriver/src/uart.c:542:22
	ldr	r0, [sp, #72]
	lsls	r1, r0, #2
	add	r0, sp, #36
	ldr	r0, [r0, r1]
	ldr	r1, [sp, #68]
	adds	r1, r1, #1
	udiv	r0, r0, r1
	ldr	r1, [sp, #80]
	lsls	r2, r1, #3
	adds	r0, r0, r2
	udiv	r0, r0, r1
	lsrs	r0, r0, #4
	subs	r0, r0, #2
	.loc	2 542 20 is_stmt 0              @ ../../../../../Library/StdDriver/src/uart.c:542:20
	str	r0, [sp, #32]
.Ltmp155:
	.loc	2 544 12 is_stmt 1              @ ../../../../../Library/StdDriver/src/uart.c:544:12
	ldr	r0, [sp, #32]
	ldr	r1, __arm_cp.10_19
.Ltmp156:
	.loc	2 544 12 is_stmt 0              @ ../../../../../Library/StdDriver/src/uart.c:544:12
	cmp	r0, r1
	bhi	.LBB10_36
	b	.LBB10_35
.LBB10_35:
.Ltmp157:
	.loc	2 546 45 is_stmt 1              @ ../../../../../Library/StdDriver/src/uart.c:546:45
	ldr	r0, [sp, #32]
	.loc	2 546 13 is_stmt 0              @ ../../../../../Library/StdDriver/src/uart.c:546:13
	ldr	r1, [sp, #84]
	.loc	2 546 24                        @ ../../../../../Library/StdDriver/src/uart.c:546:24
	str	r0, [r1, #36]
	.loc	2 547 9 is_stmt 1               @ ../../../../../Library/StdDriver/src/uart.c:547:9
	b	.LBB10_36
.Ltmp158:
.LBB10_36:
	.loc	2 548 5                         @ ../../../../../Library/StdDriver/src/uart.c:548:5
	b	.LBB10_37
.Ltmp159:
.LBB10_37:
	.loc	2 551 8                         @ ../../../../../Library/StdDriver/src/uart.c:551:8
	ldr	r0, [sp, #76]
.Ltmp160:
	.loc	2 551 8 is_stmt 0               @ ../../../../../Library/StdDriver/src/uart.c:551:8
	cbnz	r0, .LBB10_39
	b	.LBB10_38
.LBB10_38:
.Ltmp161:
	.loc	2 553 9 is_stmt 1               @ ../../../../../Library/StdDriver/src/uart.c:553:9
	ldr	r1, [sp, #84]
	.loc	2 553 20 is_stmt 0              @ ../../../../../Library/StdDriver/src/uart.c:553:20
	ldr	r0, [r1, #40]
	movs	r2, #64
	orrs	r0, r2
	str	r0, [r1, #40]
	.loc	2 554 9 is_stmt 1               @ ../../../../../Library/StdDriver/src/uart.c:554:9
	ldr	r1, [sp, #84]
	.loc	2 554 20 is_stmt 0              @ ../../../../../Library/StdDriver/src/uart.c:554:20
	ldr	r0, [r1, #40]
	movs	r2, #2
	bics	r0, r2
	str	r0, [r1, #40]
	.loc	2 555 5 is_stmt 1               @ ../../../../../Library/StdDriver/src/uart.c:555:5
	b	.LBB10_40
.Ltmp162:
.LBB10_39:
	.loc	2 558 9                         @ ../../../../../Library/StdDriver/src/uart.c:558:9
	ldr	r1, [sp, #84]
	.loc	2 558 20 is_stmt 0              @ ../../../../../Library/StdDriver/src/uart.c:558:20
	ldr	r0, [r1, #40]
	movs	r2, #32
	bics	r0, r2
	str	r0, [r1, #40]
	.loc	2 559 9 is_stmt 1               @ ../../../../../Library/StdDriver/src/uart.c:559:9
	ldr	r1, [sp, #84]
	.loc	2 559 20 is_stmt 0              @ ../../../../../Library/StdDriver/src/uart.c:559:20
	ldr	r0, [r1, #40]
	movs	r2, #2
	orrs	r0, r2
	str	r0, [r1, #40]
	b	.LBB10_40
.Ltmp163:
.LBB10_40:
	.loc	2 562 1 is_stmt 1               @ ../../../../../Library/StdDriver/src/uart.c:562:1
	add	sp, #88
	pop	{r4, r5, r7, pc}
.Ltmp164:
	.p2align	2
@ %bb.41:
	.loc	2 0 1 is_stmt 0                 @ ../../../../../Library/StdDriver/src/uart.c:0:1
__arm_cp.10_0:
	.long	.L__const.UART_SelectIrDAMode.au32ClkTbl
.Lcpi_end41:
	.size	__arm_cp.10_0, .Lcpi_end41-__arm_cp.10_0
__arm_cp.10_1:
	.long	1074200576                      @ 0x40070000
.Lcpi_end42:
	.size	__arm_cp.10_1, .Lcpi_end42-__arm_cp.10_1
__arm_cp.10_2:
	.long	1074204672                      @ 0x40071000
.Lcpi_end43:
	.size	__arm_cp.10_2, .Lcpi_end43-__arm_cp.10_2
__arm_cp.10_3:
	.long	1074208768                      @ 0x40072000
.Lcpi_end44:
	.size	__arm_cp.10_3, .Lcpi_end44-__arm_cp.10_3
__arm_cp.10_4:
	.long	1074212864                      @ 0x40073000
.Lcpi_end45:
	.size	__arm_cp.10_4, .Lcpi_end45-__arm_cp.10_4
__arm_cp.10_5:
	.long	1074216960                      @ 0x40074000
.Lcpi_end46:
	.size	__arm_cp.10_5, .Lcpi_end46-__arm_cp.10_5
__arm_cp.10_6:
	.long	1074221056                      @ 0x40075000
.Lcpi_end47:
	.size	__arm_cp.10_6, .Lcpi_end47-__arm_cp.10_6
__arm_cp.10_7:
	.long	1342636032                      @ 0x50070000
.Lcpi_end48:
	.size	__arm_cp.10_7, .Lcpi_end48-__arm_cp.10_7
__arm_cp.10_8:
	.long	1342640128                      @ 0x50071000
.Lcpi_end49:
	.size	__arm_cp.10_8, .Lcpi_end49-__arm_cp.10_8
__arm_cp.10_9:
	.long	1342644224                      @ 0x50072000
.Lcpi_end50:
	.size	__arm_cp.10_9, .Lcpi_end50-__arm_cp.10_9
__arm_cp.10_10:
	.long	1342648320                      @ 0x50073000
.Lcpi_end51:
	.size	__arm_cp.10_10, .Lcpi_end51-__arm_cp.10_10
__arm_cp.10_11:
	.long	1342652416                      @ 0x50074000
.Lcpi_end52:
	.size	__arm_cp.10_11, .Lcpi_end52-__arm_cp.10_11
__arm_cp.10_12:
	.long	1342656512                      @ 0x50075000
.Lcpi_end53:
	.size	__arm_cp.10_12, .Lcpi_end53-__arm_cp.10_12
__arm_cp.10_13:
	.long	2144091541                      @ 0x7fcc3d95
.Lcpi_end54:
	.size	__arm_cp.10_13, .Lcpi_end54-__arm_cp.10_13
__arm_cp.10_14:
	.long	2139897108                      @ 0x7f8c3d14
.Lcpi_end55:
	.size	__arm_cp.10_14, .Lcpi_end55-__arm_cp.10_14
__arm_cp.10_15:
	.long	1875655827                      @ 0x6fcc3c93
.Lcpi_end56:
	.size	__arm_cp.10_15, .Lcpi_end56-__arm_cp.10_15
__arm_cp.10_16:
	.long	1871461394                      @ 0x6f8c3c12
.Lcpi_end57:
	.size	__arm_cp.10_16, .Lcpi_end57-__arm_cp.10_16
__arm_cp.10_17:
	.long	1866481041                      @ 0x6f403d91
.Lcpi_end58:
	.size	__arm_cp.10_17, .Lcpi_end58-__arm_cp.10_17
__arm_cp.10_18:
	.long	1862286608                      @ 0x6f003d10
.Lcpi_end59:
	.size	__arm_cp.10_18, .Lcpi_end59-__arm_cp.10_18
__arm_cp.10_19:
	.long	65534                           @ 0xfffe
.Lcpi_end60:
	.size	__arm_cp.10_19, .Lcpi_end60-__arm_cp.10_19
.Lfunc_end10:
	.size	UART_SelectIrDAMode, .Lfunc_end10-UART_SelectIrDAMode
	.cfi_endproc
	.fnend
                                        @ -- End function
	.section	.text.UART_SelectRS485Mode,"ax",%progbits
	.hidden	UART_SelectRS485Mode            @ -- Begin function UART_SelectRS485Mode
	.globl	UART_SelectRS485Mode
	.p2align	2
	.type	UART_SelectRS485Mode,%function
	.code	16                              @ @UART_SelectRS485Mode
	.thumb_func
UART_SelectRS485Mode:
.Lfunc_begin11:
	.loc	2 580 0 is_stmt 1               @ ../../../../../Library/StdDriver/src/uart.c:580:0
	.fnstart
	.cfi_startproc
@ %bb.0:
	.pad	#12
	sub	sp, #12
	.cfi_def_cfa_offset 12
	str	r0, [sp, #8]
	str	r1, [sp, #4]
	str	r2, [sp]
.Ltmp165:
	.loc	2 582 5 prologue_end            @ ../../../../../Library/StdDriver/src/uart.c:582:5
	ldr	r1, [sp, #8]
	movs	r0, #3
	.loc	2 582 19 is_stmt 0              @ ../../../../../Library/StdDriver/src/uart.c:582:19
	str	r0, [r1, #48]
	.loc	2 585 5 is_stmt 1               @ ../../../../../Library/StdDriver/src/uart.c:585:5
	ldr	r1, [sp, #8]
	.loc	2 585 18 is_stmt 0              @ ../../../../../Library/StdDriver/src/uart.c:585:18
	ldr	r0, [r1, #44]
	ldr	r2, __arm_cp.11_0
	ands	r0, r2
	str	r0, [r1, #44]
	.loc	2 586 22 is_stmt 1              @ ../../../../../Library/StdDriver/src/uart.c:586:22
	ldr	r2, [sp, #4]
	.loc	2 586 33 is_stmt 0              @ ../../../../../Library/StdDriver/src/uart.c:586:33
	ldr	r0, [sp]
	.loc	2 586 41                        @ ../../../../../Library/StdDriver/src/uart.c:586:41
	lsls	r0, r0, #24
	.loc	2 586 30                        @ ../../../../../Library/StdDriver/src/uart.c:586:30
	orrs	r2, r0
	.loc	2 586 5                         @ ../../../../../Library/StdDriver/src/uart.c:586:5
	ldr	r1, [sp, #8]
	.loc	2 586 18                        @ ../../../../../Library/StdDriver/src/uart.c:586:18
	ldr	r0, [r1, #44]
	orrs	r0, r2
	str	r0, [r1, #44]
	.loc	2 587 1 is_stmt 1               @ ../../../../../Library/StdDriver/src/uart.c:587:1
	add	sp, #12
	bx	lr
.Ltmp166:
	.p2align	2
@ %bb.1:
	.loc	2 0 1 is_stmt 0                 @ ../../../../../Library/StdDriver/src/uart.c:0:1
__arm_cp.11_0:
	.long	16775423                        @ 0xfff8ff
.Lcpi_end61:
	.size	__arm_cp.11_0, .Lcpi_end61-__arm_cp.11_0
.Lfunc_end11:
	.size	UART_SelectRS485Mode, .Lfunc_end11-UART_SelectRS485Mode
	.cfi_endproc
	.cantunwind
	.fnend
                                        @ -- End function
	.section	.text.UART_SelectLINMode,"ax",%progbits
	.hidden	UART_SelectLINMode              @ -- Begin function UART_SelectLINMode
	.globl	UART_SelectLINMode
	.p2align	1
	.type	UART_SelectLINMode,%function
	.code	16                              @ @UART_SelectLINMode
	.thumb_func
UART_SelectLINMode:
.Lfunc_begin12:
	.loc	2 604 0 is_stmt 1               @ ../../../../../Library/StdDriver/src/uart.c:604:0
	.fnstart
	.cfi_startproc
@ %bb.0:
	.pad	#12
	sub	sp, #12
	.cfi_def_cfa_offset 12
	str	r0, [sp, #8]
	str	r1, [sp, #4]
	str	r2, [sp]
.Ltmp167:
	.loc	2 606 5 prologue_end            @ ../../../../../Library/StdDriver/src/uart.c:606:5
	ldr	r1, [sp, #8]
	movs	r0, #1
	.loc	2 606 19 is_stmt 0              @ ../../../../../Library/StdDriver/src/uart.c:606:19
	str	r0, [r1, #48]
	.loc	2 609 5 is_stmt 1               @ ../../../../../Library/StdDriver/src/uart.c:609:5
	ldr	r1, [sp, #8]
	.loc	2 609 18 is_stmt 0              @ ../../../../../Library/StdDriver/src/uart.c:609:18
	ldr	r0, [r1, #44]
	movs	r2, #207
	bics	r0, r2
	str	r0, [r1, #44]
	.loc	2 610 22 is_stmt 1              @ ../../../../../Library/StdDriver/src/uart.c:610:22
	ldr	r2, [sp, #4]
	.loc	2 610 33 is_stmt 0              @ ../../../../../Library/StdDriver/src/uart.c:610:33
	ldr	r0, [sp]
	.loc	2 610 30                        @ ../../../../../Library/StdDriver/src/uart.c:610:30
	orrs	r2, r0
	.loc	2 610 5                         @ ../../../../../Library/StdDriver/src/uart.c:610:5
	ldr	r1, [sp, #8]
	.loc	2 610 18                        @ ../../../../../Library/StdDriver/src/uart.c:610:18
	ldr	r0, [r1, #44]
	orrs	r0, r2
	str	r0, [r1, #44]
	.loc	2 611 1 is_stmt 1               @ ../../../../../Library/StdDriver/src/uart.c:611:1
	add	sp, #12
	bx	lr
.Ltmp168:
.Lfunc_end12:
	.size	UART_SelectLINMode, .Lfunc_end12-UART_SelectLINMode
	.cfi_endproc
	.cantunwind
	.fnend
                                        @ -- End function
	.section	.text.UART_Write,"ax",%progbits
	.hidden	UART_Write                      @ -- Begin function UART_Write
	.globl	UART_Write
	.p2align	1
	.type	UART_Write,%function
	.code	16                              @ @UART_Write
	.thumb_func
UART_Write:
.Lfunc_begin13:
	.loc	2 626 0                         @ ../../../../../Library/StdDriver/src/uart.c:626:0
	.fnstart
	.cfi_startproc
@ %bb.0:
	.pad	#24
	sub	sp, #24
	.cfi_def_cfa_offset 24
	str	r0, [sp, #20]
	str	r1, [sp, #16]
	str	r2, [sp, #12]
	movs	r0, #0
.Ltmp169:
	.loc	2 628 15 prologue_end           @ ../../../../../Library/StdDriver/src/uart.c:628:15
	str	r0, [sp]
.Ltmp170:
	.loc	2 630 18                        @ ../../../../../Library/StdDriver/src/uart.c:630:18
	str	r0, [sp, #8]
	.loc	2 630 9 is_stmt 0               @ ../../../../../Library/StdDriver/src/uart.c:630:9
	b	.LBB13_1
.LBB13_1:                               @ =>This Loop Header: Depth=1
                                        @     Child Loop BB13_3 Depth 2
.Ltmp171:
	.loc	2 630 25                        @ ../../../../../Library/StdDriver/src/uart.c:630:25
	ldr	r0, [sp, #8]
	.loc	2 630 37                        @ ../../../../../Library/StdDriver/src/uart.c:630:37
	ldr	r1, [sp, #12]
.Ltmp172:
	.loc	2 630 5                         @ ../../../../../Library/StdDriver/src/uart.c:630:5
	cmp	r0, r1
	beq	.LBB13_13
	b	.LBB13_2
.LBB13_2:                               @   in Loop: Header=BB13_1 Depth=1
	.loc	2 0 5                           @ ../../../../../Library/StdDriver/src/uart.c:0:5
	movs	r0, #0
.Ltmp173:
	.loc	2 632 20 is_stmt 1              @ ../../../../../Library/StdDriver/src/uart.c:632:20
	str	r0, [sp, #4]
	.loc	2 633 9                         @ ../../../../../Library/StdDriver/src/uart.c:633:9
	b	.LBB13_3
.LBB13_3:                               @   Parent Loop BB13_1 Depth=1
                                        @ =>  This Inner Loop Header: Depth=2
	.loc	2 633 15 is_stmt 0              @ ../../../../../Library/StdDriver/src/uart.c:633:15
	ldr	r0, [sp, #20]
	ldr	r0, [r0, #24]
	movs	r1, #1
	lsls	r1, r1, #23
	ands	r0, r1
	lsrs	r0, r0, #23
	.loc	2 633 9                         @ ../../../../../Library/StdDriver/src/uart.c:633:9
	cbz	r0, .LBB13_8
	b	.LBB13_4
.LBB13_4:                               @   in Loop: Header=BB13_3 Depth=2
.Ltmp174:
	.loc	2 635 23 is_stmt 1              @ ../../../../../Library/StdDriver/src/uart.c:635:23
	ldr	r0, [sp, #4]
	adds	r0, r0, #1
	str	r0, [sp, #4]
.Ltmp175:
	.loc	2 636 16                        @ ../../../../../Library/StdDriver/src/uart.c:636:16
	ldr	r0, [sp, #4]
.Ltmp176:
	.loc	2 636 16 is_stmt 0              @ ../../../../../Library/StdDriver/src/uart.c:636:16
	lsrs	r0, r0, #30
	cbz	r0, .LBB13_6
	b	.LBB13_5
.LBB13_5:                               @   in Loop: Header=BB13_1 Depth=1
	.loc	2 0 16                          @ ../../../../../Library/StdDriver/src/uart.c:0:16
	movs	r0, #1
.Ltmp177:
	.loc	2 638 25 is_stmt 1              @ ../../../../../Library/StdDriver/src/uart.c:638:25
	str	r0, [sp]
	.loc	2 639 17                        @ ../../../../../Library/StdDriver/src/uart.c:639:17
	b	.LBB13_8
.Ltmp178:
.LBB13_6:                               @   in Loop: Header=BB13_3 Depth=2
	.loc	2 0 17 is_stmt 0                @ ../../../../../Library/StdDriver/src/uart.c:0:17
	b	.LBB13_7
.LBB13_7:                               @   in Loop: Header=BB13_3 Depth=2
	.loc	2 633 9 is_stmt 1               @ ../../../../../Library/StdDriver/src/uart.c:633:9
	b	.LBB13_3
.LBB13_8:                               @   in Loop: Header=BB13_1 Depth=1
.Ltmp179:
	.loc	2 646 12                        @ ../../../../../Library/StdDriver/src/uart.c:646:12
	ldr	r0, [sp]
.Ltmp180:
	.loc	2 646 12 is_stmt 0              @ ../../../../../Library/StdDriver/src/uart.c:646:12
	cmp	r0, #1
	bne	.LBB13_10
	b	.LBB13_9
.LBB13_9:
.Ltmp181:
	.loc	2 648 13 is_stmt 1              @ ../../../../../Library/StdDriver/src/uart.c:648:13
	b	.LBB13_13
.Ltmp182:
.LBB13_10:                              @   in Loop: Header=BB13_1 Depth=1
	.loc	2 652 25                        @ ../../../../../Library/StdDriver/src/uart.c:652:25
	ldr	r0, [sp, #16]
	.loc	2 652 34 is_stmt 0              @ ../../../../../Library/StdDriver/src/uart.c:652:34
	ldr	r1, [sp, #8]
	.loc	2 652 25                        @ ../../../../../Library/StdDriver/src/uart.c:652:25
	ldrb	r0, [r0, r1]
	.loc	2 652 13                        @ ../../../../../Library/StdDriver/src/uart.c:652:13
	ldr	r1, [sp, #20]
	.loc	2 652 23                        @ ../../../../../Library/StdDriver/src/uart.c:652:23
	str	r0, [r1]
	b	.LBB13_11
.Ltmp183:
.LBB13_11:                              @   in Loop: Header=BB13_1 Depth=1
	.loc	2 654 5 is_stmt 1               @ ../../../../../Library/StdDriver/src/uart.c:654:5
	b	.LBB13_12
.Ltmp184:
.LBB13_12:                              @   in Loop: Header=BB13_1 Depth=1
	.loc	2 630 60                        @ ../../../../../Library/StdDriver/src/uart.c:630:60
	ldr	r0, [sp, #8]
	adds	r0, r0, #1
	str	r0, [sp, #8]
	.loc	2 630 5 is_stmt 0               @ ../../../../../Library/StdDriver/src/uart.c:630:5
	b	.LBB13_1
.Ltmp185:
.LBB13_13:
	.loc	2 656 12 is_stmt 1              @ ../../../../../Library/StdDriver/src/uart.c:656:12
	ldr	r0, [sp, #8]
	.loc	2 656 5 is_stmt 0               @ ../../../../../Library/StdDriver/src/uart.c:656:5
	add	sp, #24
	bx	lr
.Ltmp186:
.Lfunc_end13:
	.size	UART_Write, .Lfunc_end13-UART_Write
	.cfi_endproc
	.cantunwind
	.fnend
                                        @ -- End function
	.section	.text.UART_SelectSingleWireMode,"ax",%progbits
	.hidden	UART_SelectSingleWireMode       @ -- Begin function UART_SelectSingleWireMode
	.globl	UART_SelectSingleWireMode
	.p2align	1
	.type	UART_SelectSingleWireMode,%function
	.code	16                              @ @UART_SelectSingleWireMode
	.thumb_func
UART_SelectSingleWireMode:
.Lfunc_begin14:
	.loc	2 669 0 is_stmt 1               @ ../../../../../Library/StdDriver/src/uart.c:669:0
	.fnstart
	.cfi_startproc
@ %bb.0:
	.pad	#4
	sub	sp, #4
	.cfi_def_cfa_offset 4
	str	r0, [sp]
.Ltmp187:
	.loc	2 671 23 prologue_end           @ ../../../../../Library/StdDriver/src/uart.c:671:23
	ldr	r0, [sp]
	.loc	2 671 29 is_stmt 0              @ ../../../../../Library/StdDriver/src/uart.c:671:29
	ldr	r0, [r0, #48]
	movs	r1, #4
	.loc	2 671 37                        @ ../../../../../Library/StdDriver/src/uart.c:671:37
	orrs	r0, r1
	movs	r1, #3
	.loc	2 671 68                        @ ../../../../../Library/StdDriver/src/uart.c:671:68
	bics	r0, r1
	.loc	2 671 5                         @ ../../../../../Library/StdDriver/src/uart.c:671:5
	ldr	r1, [sp]
	.loc	2 671 19                        @ ../../../../../Library/StdDriver/src/uart.c:671:19
	str	r0, [r1, #48]
	.loc	2 672 1 is_stmt 1               @ ../../../../../Library/StdDriver/src/uart.c:672:1
	add	sp, #4
	bx	lr
.Ltmp188:
.Lfunc_end14:
	.size	UART_SelectSingleWireMode, .Lfunc_end14-UART_SelectSingleWireMode
	.cfi_endproc
	.cantunwind
	.fnend
                                        @ -- End function
	.type	.L__const.UART_Open.au32ClkTbl,%object @ @__const.UART_Open.au32ClkTbl
	.section	.rodata.cst32,"aM",%progbits,32
	.p2align	2, 0x0
.L__const.UART_Open.au32ClkTbl:
	.long	12000000                        @ 0xb71b00
	.long	0                               @ 0x0
	.long	32768                           @ 0x8000
	.long	12000000                        @ 0xb71b00
	.long	0                               @ 0x0
	.long	0                               @ 0x0
	.long	0                               @ 0x0
	.long	0                               @ 0x0
	.size	.L__const.UART_Open.au32ClkTbl, 32

	.type	.L__const.UART_SetLineConfig.au32ClkTbl,%object @ @__const.UART_SetLineConfig.au32ClkTbl
	.p2align	2, 0x0
.L__const.UART_SetLineConfig.au32ClkTbl:
	.long	12000000                        @ 0xb71b00
	.long	0                               @ 0x0
	.long	32768                           @ 0x8000
	.long	12000000                        @ 0xb71b00
	.long	0                               @ 0x0
	.long	0                               @ 0x0
	.long	0                               @ 0x0
	.long	0                               @ 0x0
	.size	.L__const.UART_SetLineConfig.au32ClkTbl, 32

	.type	.L__const.UART_SelectIrDAMode.au32ClkTbl,%object @ @__const.UART_SelectIrDAMode.au32ClkTbl
	.p2align	2, 0x0
.L__const.UART_SelectIrDAMode.au32ClkTbl:
	.long	12000000                        @ 0xb71b00
	.long	0                               @ 0x0
	.long	32768                           @ 0x8000
	.long	12000000                        @ 0xb71b00
	.long	0                               @ 0x0
	.long	0                               @ 0x0
	.long	0                               @ 0x0
	.long	0                               @ 0x0
	.size	.L__const.UART_SelectIrDAMode.au32ClkTbl, 32

	.file	3 "C:\\Users\\Borhan\\Desktop\\M2354_Series_BSP_CMSIS_V3.00.005_duplicate\\SampleCode\\TrustZone\\E-Voting-System\\Secure\\KEIL" "../../../../../Library/Device/Nuvoton/M2354/Include/uart_reg.h"
	.section	.debug_abbrev,"",%progbits
	.byte	1                               @ Abbreviation Code
	.byte	17                              @ DW_TAG_compile_unit
	.byte	1                               @ DW_CHILDREN_yes
	.byte	37                              @ DW_AT_producer
	.byte	14                              @ DW_FORM_strp
	.byte	19                              @ DW_AT_language
	.byte	5                               @ DW_FORM_data2
	.byte	3                               @ DW_AT_name
	.byte	14                              @ DW_FORM_strp
	.byte	16                              @ DW_AT_stmt_list
	.byte	23                              @ DW_FORM_sec_offset
	.byte	27                              @ DW_AT_comp_dir
	.byte	14                              @ DW_FORM_strp
	.byte	17                              @ DW_AT_low_pc
	.byte	1                               @ DW_FORM_addr
	.byte	85                              @ DW_AT_ranges
	.byte	23                              @ DW_FORM_sec_offset
	.byte	0                               @ EOM(1)
	.byte	0                               @ EOM(2)
	.byte	2                               @ Abbreviation Code
	.byte	22                              @ DW_TAG_typedef
	.byte	0                               @ DW_CHILDREN_no
	.byte	73                              @ DW_AT_type
	.byte	19                              @ DW_FORM_ref4
	.byte	3                               @ DW_AT_name
	.byte	14                              @ DW_FORM_strp
	.byte	58                              @ DW_AT_decl_file
	.byte	11                              @ DW_FORM_data1
	.byte	59                              @ DW_AT_decl_line
	.byte	11                              @ DW_FORM_data1
	.byte	0                               @ EOM(1)
	.byte	0                               @ EOM(2)
	.byte	3                               @ Abbreviation Code
	.byte	36                              @ DW_TAG_base_type
	.byte	0                               @ DW_CHILDREN_no
	.byte	3                               @ DW_AT_name
	.byte	14                              @ DW_FORM_strp
	.byte	62                              @ DW_AT_encoding
	.byte	11                              @ DW_FORM_data1
	.byte	11                              @ DW_AT_byte_size
	.byte	11                              @ DW_FORM_data1
	.byte	0                               @ EOM(1)
	.byte	0                               @ EOM(2)
	.byte	4                               @ Abbreviation Code
	.byte	46                              @ DW_TAG_subprogram
	.byte	1                               @ DW_CHILDREN_yes
	.byte	17                              @ DW_AT_low_pc
	.byte	1                               @ DW_FORM_addr
	.byte	18                              @ DW_AT_high_pc
	.byte	6                               @ DW_FORM_data4
	.byte	64                              @ DW_AT_frame_base
	.byte	24                              @ DW_FORM_exprloc
	.byte	3                               @ DW_AT_name
	.byte	14                              @ DW_FORM_strp
	.byte	58                              @ DW_AT_decl_file
	.byte	11                              @ DW_FORM_data1
	.byte	59                              @ DW_AT_decl_line
	.byte	11                              @ DW_FORM_data1
	.byte	39                              @ DW_AT_prototyped
	.byte	25                              @ DW_FORM_flag_present
	.byte	63                              @ DW_AT_external
	.byte	25                              @ DW_FORM_flag_present
	.byte	0                               @ EOM(1)
	.byte	0                               @ EOM(2)
	.byte	5                               @ Abbreviation Code
	.byte	5                               @ DW_TAG_formal_parameter
	.byte	0                               @ DW_CHILDREN_no
	.byte	2                               @ DW_AT_location
	.byte	24                              @ DW_FORM_exprloc
	.byte	3                               @ DW_AT_name
	.byte	14                              @ DW_FORM_strp
	.byte	58                              @ DW_AT_decl_file
	.byte	11                              @ DW_FORM_data1
	.byte	59                              @ DW_AT_decl_line
	.byte	11                              @ DW_FORM_data1
	.byte	73                              @ DW_AT_type
	.byte	19                              @ DW_FORM_ref4
	.byte	0                               @ EOM(1)
	.byte	0                               @ EOM(2)
	.byte	6                               @ Abbreviation Code
	.byte	52                              @ DW_TAG_variable
	.byte	0                               @ DW_CHILDREN_no
	.byte	2                               @ DW_AT_location
	.byte	24                              @ DW_FORM_exprloc
	.byte	3                               @ DW_AT_name
	.byte	14                              @ DW_FORM_strp
	.byte	58                              @ DW_AT_decl_file
	.byte	11                              @ DW_FORM_data1
	.byte	59                              @ DW_AT_decl_line
	.byte	11                              @ DW_FORM_data1
	.byte	73                              @ DW_AT_type
	.byte	19                              @ DW_FORM_ref4
	.byte	0                               @ EOM(1)
	.byte	0                               @ EOM(2)
	.byte	7                               @ Abbreviation Code
	.byte	46                              @ DW_TAG_subprogram
	.byte	1                               @ DW_CHILDREN_yes
	.byte	17                              @ DW_AT_low_pc
	.byte	1                               @ DW_FORM_addr
	.byte	18                              @ DW_AT_high_pc
	.byte	6                               @ DW_FORM_data4
	.byte	64                              @ DW_AT_frame_base
	.byte	24                              @ DW_FORM_exprloc
	.byte	3                               @ DW_AT_name
	.byte	14                              @ DW_FORM_strp
	.byte	58                              @ DW_AT_decl_file
	.byte	11                              @ DW_FORM_data1
	.byte	59                              @ DW_AT_decl_line
	.byte	5                               @ DW_FORM_data2
	.byte	39                              @ DW_AT_prototyped
	.byte	25                              @ DW_FORM_flag_present
	.byte	73                              @ DW_AT_type
	.byte	19                              @ DW_FORM_ref4
	.byte	63                              @ DW_AT_external
	.byte	25                              @ DW_FORM_flag_present
	.byte	0                               @ EOM(1)
	.byte	0                               @ EOM(2)
	.byte	8                               @ Abbreviation Code
	.byte	5                               @ DW_TAG_formal_parameter
	.byte	0                               @ DW_CHILDREN_no
	.byte	2                               @ DW_AT_location
	.byte	24                              @ DW_FORM_exprloc
	.byte	3                               @ DW_AT_name
	.byte	14                              @ DW_FORM_strp
	.byte	58                              @ DW_AT_decl_file
	.byte	11                              @ DW_FORM_data1
	.byte	59                              @ DW_AT_decl_line
	.byte	5                               @ DW_FORM_data2
	.byte	73                              @ DW_AT_type
	.byte	19                              @ DW_FORM_ref4
	.byte	0                               @ EOM(1)
	.byte	0                               @ EOM(2)
	.byte	9                               @ Abbreviation Code
	.byte	52                              @ DW_TAG_variable
	.byte	0                               @ DW_CHILDREN_no
	.byte	2                               @ DW_AT_location
	.byte	24                              @ DW_FORM_exprloc
	.byte	3                               @ DW_AT_name
	.byte	14                              @ DW_FORM_strp
	.byte	58                              @ DW_AT_decl_file
	.byte	11                              @ DW_FORM_data1
	.byte	59                              @ DW_AT_decl_line
	.byte	5                               @ DW_FORM_data2
	.byte	73                              @ DW_AT_type
	.byte	19                              @ DW_FORM_ref4
	.byte	0                               @ EOM(1)
	.byte	0                               @ EOM(2)
	.byte	10                              @ Abbreviation Code
	.byte	46                              @ DW_TAG_subprogram
	.byte	1                               @ DW_CHILDREN_yes
	.byte	17                              @ DW_AT_low_pc
	.byte	1                               @ DW_FORM_addr
	.byte	18                              @ DW_AT_high_pc
	.byte	6                               @ DW_FORM_data4
	.byte	64                              @ DW_AT_frame_base
	.byte	24                              @ DW_FORM_exprloc
	.byte	3                               @ DW_AT_name
	.byte	14                              @ DW_FORM_strp
	.byte	58                              @ DW_AT_decl_file
	.byte	11                              @ DW_FORM_data1
	.byte	59                              @ DW_AT_decl_line
	.byte	5                               @ DW_FORM_data2
	.byte	39                              @ DW_AT_prototyped
	.byte	25                              @ DW_FORM_flag_present
	.byte	63                              @ DW_AT_external
	.byte	25                              @ DW_FORM_flag_present
	.byte	0                               @ EOM(1)
	.byte	0                               @ EOM(2)
	.byte	11                              @ Abbreviation Code
	.byte	15                              @ DW_TAG_pointer_type
	.byte	0                               @ DW_CHILDREN_no
	.byte	73                              @ DW_AT_type
	.byte	19                              @ DW_FORM_ref4
	.byte	0                               @ EOM(1)
	.byte	0                               @ EOM(2)
	.byte	12                              @ Abbreviation Code
	.byte	22                              @ DW_TAG_typedef
	.byte	0                               @ DW_CHILDREN_no
	.byte	73                              @ DW_AT_type
	.byte	19                              @ DW_FORM_ref4
	.byte	3                               @ DW_AT_name
	.byte	14                              @ DW_FORM_strp
	.byte	58                              @ DW_AT_decl_file
	.byte	11                              @ DW_FORM_data1
	.byte	59                              @ DW_AT_decl_line
	.byte	5                               @ DW_FORM_data2
	.byte	0                               @ EOM(1)
	.byte	0                               @ EOM(2)
	.byte	13                              @ Abbreviation Code
	.byte	19                              @ DW_TAG_structure_type
	.byte	1                               @ DW_CHILDREN_yes
	.byte	11                              @ DW_AT_byte_size
	.byte	11                              @ DW_FORM_data1
	.byte	58                              @ DW_AT_decl_file
	.byte	11                              @ DW_FORM_data1
	.byte	59                              @ DW_AT_decl_line
	.byte	11                              @ DW_FORM_data1
	.byte	0                               @ EOM(1)
	.byte	0                               @ EOM(2)
	.byte	14                              @ Abbreviation Code
	.byte	13                              @ DW_TAG_member
	.byte	0                               @ DW_CHILDREN_no
	.byte	3                               @ DW_AT_name
	.byte	14                              @ DW_FORM_strp
	.byte	73                              @ DW_AT_type
	.byte	19                              @ DW_FORM_ref4
	.byte	58                              @ DW_AT_decl_file
	.byte	11                              @ DW_FORM_data1
	.byte	59                              @ DW_AT_decl_line
	.byte	5                               @ DW_FORM_data2
	.byte	56                              @ DW_AT_data_member_location
	.byte	11                              @ DW_FORM_data1
	.byte	0                               @ EOM(1)
	.byte	0                               @ EOM(2)
	.byte	15                              @ Abbreviation Code
	.byte	53                              @ DW_TAG_volatile_type
	.byte	0                               @ DW_CHILDREN_no
	.byte	73                              @ DW_AT_type
	.byte	19                              @ DW_FORM_ref4
	.byte	0                               @ EOM(1)
	.byte	0                               @ EOM(2)
	.byte	16                              @ Abbreviation Code
	.byte	1                               @ DW_TAG_array_type
	.byte	1                               @ DW_CHILDREN_yes
	.byte	73                              @ DW_AT_type
	.byte	19                              @ DW_FORM_ref4
	.byte	0                               @ EOM(1)
	.byte	0                               @ EOM(2)
	.byte	17                              @ Abbreviation Code
	.byte	33                              @ DW_TAG_subrange_type
	.byte	0                               @ DW_CHILDREN_no
	.byte	73                              @ DW_AT_type
	.byte	19                              @ DW_FORM_ref4
	.byte	55                              @ DW_AT_count
	.byte	11                              @ DW_FORM_data1
	.byte	0                               @ EOM(1)
	.byte	0                               @ EOM(2)
	.byte	18                              @ Abbreviation Code
	.byte	36                              @ DW_TAG_base_type
	.byte	0                               @ DW_CHILDREN_no
	.byte	3                               @ DW_AT_name
	.byte	14                              @ DW_FORM_strp
	.byte	11                              @ DW_AT_byte_size
	.byte	11                              @ DW_FORM_data1
	.byte	62                              @ DW_AT_encoding
	.byte	11                              @ DW_FORM_data1
	.byte	0                               @ EOM(1)
	.byte	0                               @ EOM(2)
	.byte	0                               @ EOM(3)
	.section	.debug_info,"",%progbits
.Lcu_begin0:
	.long	.Ldebug_info_end0-.Ldebug_info_start0 @ Length of Unit
.Ldebug_info_start0:
	.short	4                               @ DWARF version number
	.long	.debug_abbrev                   @ Offset Into Abbrev. Section
	.byte	4                               @ Address Size (in bytes)
	.byte	1                               @ Abbrev [1] 0xb:0x595 DW_TAG_compile_unit
	.long	.Linfo_string0                  @ DW_AT_producer
	.short	12                              @ DW_AT_language
	.long	.Linfo_string1                  @ DW_AT_name
	.long	.Lline_table_start0             @ DW_AT_stmt_list
	.long	.Linfo_string2                  @ DW_AT_comp_dir
	.long	0                               @ DW_AT_low_pc
	.long	.Ldebug_ranges0                 @ DW_AT_ranges
	.byte	2                               @ Abbrev [2] 0x26:0xb DW_TAG_typedef
	.long	49                              @ DW_AT_type
	.long	.Linfo_string4                  @ DW_AT_name
	.byte	1                               @ DW_AT_decl_file
	.byte	64                              @ DW_AT_decl_line
	.byte	3                               @ Abbrev [3] 0x31:0x7 DW_TAG_base_type
	.long	.Linfo_string3                  @ DW_AT_name
	.byte	7                               @ DW_AT_encoding
	.byte	4                               @ DW_AT_byte_size
	.byte	2                               @ Abbrev [2] 0x38:0xb DW_TAG_typedef
	.long	67                              @ DW_AT_type
	.long	.Linfo_string6                  @ DW_AT_name
	.byte	1                               @ DW_AT_decl_file
	.byte	62                              @ DW_AT_decl_line
	.byte	3                               @ Abbrev [3] 0x43:0x7 DW_TAG_base_type
	.long	.Linfo_string5                  @ DW_AT_name
	.byte	8                               @ DW_AT_encoding
	.byte	1                               @ DW_AT_byte_size
	.byte	4                               @ Abbrev [4] 0x4a:0x2e DW_TAG_subprogram
	.long	.Lfunc_begin0                   @ DW_AT_low_pc
	.long	.Lfunc_end0-.Lfunc_begin0       @ DW_AT_high_pc
	.byte	1                               @ DW_AT_frame_base
	.byte	93
	.long	.Linfo_string7                  @ DW_AT_name
	.byte	2                               @ DW_AT_decl_file
	.byte	42                              @ DW_AT_decl_line
                                        @ DW_AT_prototyped
                                        @ DW_AT_external
	.byte	5                               @ Abbrev [5] 0x5b:0xe DW_TAG_formal_parameter
	.byte	2                               @ DW_AT_location
	.byte	145
	.byte	4
	.long	.Linfo_string22                 @ DW_AT_name
	.byte	2                               @ DW_AT_decl_file
	.byte	42                              @ DW_AT_decl_line
	.long	1141                            @ DW_AT_type
	.byte	5                               @ Abbrev [5] 0x69:0xe DW_TAG_formal_parameter
	.byte	2                               @ DW_AT_location
	.byte	145
	.byte	0
	.long	.Linfo_string43                 @ DW_AT_name
	.byte	2                               @ DW_AT_decl_file
	.byte	42                              @ DW_AT_decl_line
	.long	38                              @ DW_AT_type
	.byte	0                               @ End Of Children Mark
	.byte	4                               @ Abbrev [4] 0x78:0x20 DW_TAG_subprogram
	.long	.Lfunc_begin1                   @ DW_AT_low_pc
	.long	.Lfunc_end1-.Lfunc_begin1       @ DW_AT_high_pc
	.byte	1                               @ DW_AT_frame_base
	.byte	93
	.long	.Linfo_string8                  @ DW_AT_name
	.byte	2                               @ DW_AT_decl_file
	.byte	91                              @ DW_AT_decl_line
                                        @ DW_AT_prototyped
                                        @ DW_AT_external
	.byte	5                               @ Abbrev [5] 0x89:0xe DW_TAG_formal_parameter
	.byte	2                               @ DW_AT_location
	.byte	145
	.byte	0
	.long	.Linfo_string22                 @ DW_AT_name
	.byte	2                               @ DW_AT_decl_file
	.byte	91                              @ DW_AT_decl_line
	.long	1141                            @ DW_AT_type
	.byte	0                               @ End Of Children Mark
	.byte	4                               @ Abbrev [4] 0x98:0x20 DW_TAG_subprogram
	.long	.Lfunc_begin2                   @ DW_AT_low_pc
	.long	.Lfunc_end2-.Lfunc_begin2       @ DW_AT_high_pc
	.byte	1                               @ DW_AT_frame_base
	.byte	93
	.long	.Linfo_string9                  @ DW_AT_name
	.byte	2                               @ DW_AT_decl_file
	.byte	106                             @ DW_AT_decl_line
                                        @ DW_AT_prototyped
                                        @ DW_AT_external
	.byte	5                               @ Abbrev [5] 0xa9:0xe DW_TAG_formal_parameter
	.byte	2                               @ DW_AT_location
	.byte	145
	.byte	0
	.long	.Linfo_string22                 @ DW_AT_name
	.byte	2                               @ DW_AT_decl_file
	.byte	106                             @ DW_AT_decl_line
	.long	1141                            @ DW_AT_type
	.byte	0                               @ End Of Children Mark
	.byte	4                               @ Abbrev [4] 0xb8:0x2e DW_TAG_subprogram
	.long	.Lfunc_begin3                   @ DW_AT_low_pc
	.long	.Lfunc_end3-.Lfunc_begin3       @ DW_AT_high_pc
	.byte	1                               @ DW_AT_frame_base
	.byte	93
	.long	.Linfo_string10                 @ DW_AT_name
	.byte	2                               @ DW_AT_decl_file
	.byte	133                             @ DW_AT_decl_line
                                        @ DW_AT_prototyped
                                        @ DW_AT_external
	.byte	5                               @ Abbrev [5] 0xc9:0xe DW_TAG_formal_parameter
	.byte	2                               @ DW_AT_location
	.byte	145
	.byte	4
	.long	.Linfo_string22                 @ DW_AT_name
	.byte	2                               @ DW_AT_decl_file
	.byte	133                             @ DW_AT_decl_line
	.long	1141                            @ DW_AT_type
	.byte	5                               @ Abbrev [5] 0xd7:0xe DW_TAG_formal_parameter
	.byte	2                               @ DW_AT_location
	.byte	145
	.byte	0
	.long	.Linfo_string43                 @ DW_AT_name
	.byte	2                               @ DW_AT_decl_file
	.byte	133                             @ DW_AT_decl_line
	.long	38                              @ DW_AT_type
	.byte	0                               @ End Of Children Mark
	.byte	4                               @ Abbrev [4] 0xe6:0x20 DW_TAG_subprogram
	.long	.Lfunc_begin4                   @ DW_AT_low_pc
	.long	.Lfunc_end4-.Lfunc_begin4       @ DW_AT_high_pc
	.byte	1                               @ DW_AT_frame_base
	.byte	93
	.long	.Linfo_string11                 @ DW_AT_name
	.byte	2                               @ DW_AT_decl_file
	.byte	149                             @ DW_AT_decl_line
                                        @ DW_AT_prototyped
                                        @ DW_AT_external
	.byte	5                               @ Abbrev [5] 0xf7:0xe DW_TAG_formal_parameter
	.byte	2                               @ DW_AT_location
	.byte	145
	.byte	0
	.long	.Linfo_string22                 @ DW_AT_name
	.byte	2                               @ DW_AT_decl_file
	.byte	149                             @ DW_AT_decl_line
	.long	1141                            @ DW_AT_type
	.byte	0                               @ End Of Children Mark
	.byte	4                               @ Abbrev [4] 0x106:0x2e DW_TAG_subprogram
	.long	.Lfunc_begin5                   @ DW_AT_low_pc
	.long	.Lfunc_end5-.Lfunc_begin5       @ DW_AT_high_pc
	.byte	1                               @ DW_AT_frame_base
	.byte	93
	.long	.Linfo_string12                 @ DW_AT_name
	.byte	2                               @ DW_AT_decl_file
	.byte	183                             @ DW_AT_decl_line
                                        @ DW_AT_prototyped
                                        @ DW_AT_external
	.byte	5                               @ Abbrev [5] 0x117:0xe DW_TAG_formal_parameter
	.byte	2                               @ DW_AT_location
	.byte	145
	.byte	4
	.long	.Linfo_string22                 @ DW_AT_name
	.byte	2                               @ DW_AT_decl_file
	.byte	183                             @ DW_AT_decl_line
	.long	1141                            @ DW_AT_type
	.byte	5                               @ Abbrev [5] 0x125:0xe DW_TAG_formal_parameter
	.byte	2                               @ DW_AT_location
	.byte	145
	.byte	0
	.long	.Linfo_string43                 @ DW_AT_name
	.byte	2                               @ DW_AT_decl_file
	.byte	183                             @ DW_AT_decl_line
	.long	38                              @ DW_AT_type
	.byte	0                               @ End Of Children Mark
	.byte	4                               @ Abbrev [4] 0x134:0x6a DW_TAG_subprogram
	.long	.Lfunc_begin6                   @ DW_AT_low_pc
	.long	.Lfunc_end6-.Lfunc_begin6       @ DW_AT_high_pc
	.byte	1                               @ DW_AT_frame_base
	.byte	93
	.long	.Linfo_string13                 @ DW_AT_name
	.byte	2                               @ DW_AT_decl_file
	.byte	201                             @ DW_AT_decl_line
                                        @ DW_AT_prototyped
                                        @ DW_AT_external
	.byte	5                               @ Abbrev [5] 0x145:0xf DW_TAG_formal_parameter
	.byte	3                               @ DW_AT_location
	.byte	145
	.asciz	"\314"
	.long	.Linfo_string22                 @ DW_AT_name
	.byte	2                               @ DW_AT_decl_file
	.byte	201                             @ DW_AT_decl_line
	.long	1141                            @ DW_AT_type
	.byte	5                               @ Abbrev [5] 0x154:0xf DW_TAG_formal_parameter
	.byte	3                               @ DW_AT_location
	.byte	145
	.asciz	"\310"
	.long	.Linfo_string44                 @ DW_AT_name
	.byte	2                               @ DW_AT_decl_file
	.byte	201                             @ DW_AT_decl_line
	.long	38                              @ DW_AT_type
	.byte	6                               @ Abbrev [6] 0x163:0xf DW_TAG_variable
	.byte	3                               @ DW_AT_location
	.byte	145
	.asciz	"\304"
	.long	.Linfo_string45                 @ DW_AT_name
	.byte	2                               @ DW_AT_decl_file
	.byte	203                             @ DW_AT_decl_line
	.long	38                              @ DW_AT_type
	.byte	6                               @ Abbrev [6] 0x172:0xf DW_TAG_variable
	.byte	3                               @ DW_AT_location
	.byte	145
	.asciz	"\300"
	.long	.Linfo_string46                 @ DW_AT_name
	.byte	2                               @ DW_AT_decl_file
	.byte	203                             @ DW_AT_decl_line
	.long	38                              @ DW_AT_type
	.byte	6                               @ Abbrev [6] 0x181:0xe DW_TAG_variable
	.byte	2                               @ DW_AT_location
	.byte	145
	.byte	32
	.long	.Linfo_string47                 @ DW_AT_name
	.byte	2                               @ DW_AT_decl_file
	.byte	204                             @ DW_AT_decl_line
	.long	1415                            @ DW_AT_type
	.byte	6                               @ Abbrev [6] 0x18f:0xe DW_TAG_variable
	.byte	2                               @ DW_AT_location
	.byte	145
	.byte	28
	.long	.Linfo_string49                 @ DW_AT_name
	.byte	2                               @ DW_AT_decl_file
	.byte	205                             @ DW_AT_decl_line
	.long	38                              @ DW_AT_type
	.byte	0                               @ End Of Children Mark
	.byte	7                               @ Abbrev [7] 0x19e:0x71 DW_TAG_subprogram
	.long	.Lfunc_begin7                   @ DW_AT_low_pc
	.long	.Lfunc_end7-.Lfunc_begin7       @ DW_AT_high_pc
	.byte	1                               @ DW_AT_frame_base
	.byte	93
	.long	.Linfo_string14                 @ DW_AT_name
	.byte	2                               @ DW_AT_decl_file
	.short	299                             @ DW_AT_decl_line
                                        @ DW_AT_prototyped
	.long	38                              @ DW_AT_type
                                        @ DW_AT_external
	.byte	8                               @ Abbrev [8] 0x1b4:0xf DW_TAG_formal_parameter
	.byte	2                               @ DW_AT_location
	.byte	145
	.byte	20
	.long	.Linfo_string22                 @ DW_AT_name
	.byte	2                               @ DW_AT_decl_file
	.short	299                             @ DW_AT_decl_line
	.long	1141                            @ DW_AT_type
	.byte	8                               @ Abbrev [8] 0x1c3:0xf DW_TAG_formal_parameter
	.byte	2                               @ DW_AT_location
	.byte	145
	.byte	16
	.long	.Linfo_string50                 @ DW_AT_name
	.byte	2                               @ DW_AT_decl_file
	.short	299                             @ DW_AT_decl_line
	.long	1434                            @ DW_AT_type
	.byte	8                               @ Abbrev [8] 0x1d2:0xf DW_TAG_formal_parameter
	.byte	2                               @ DW_AT_location
	.byte	145
	.byte	12
	.long	.Linfo_string51                 @ DW_AT_name
	.byte	2                               @ DW_AT_decl_file
	.short	299                             @ DW_AT_decl_line
	.long	38                              @ DW_AT_type
	.byte	9                               @ Abbrev [9] 0x1e1:0xf DW_TAG_variable
	.byte	2                               @ DW_AT_location
	.byte	145
	.byte	8
	.long	.Linfo_string52                 @ DW_AT_name
	.byte	2                               @ DW_AT_decl_file
	.short	301                             @ DW_AT_decl_line
	.long	38                              @ DW_AT_type
	.byte	9                               @ Abbrev [9] 0x1f0:0xf DW_TAG_variable
	.byte	2                               @ DW_AT_location
	.byte	145
	.byte	4
	.long	.Linfo_string53                 @ DW_AT_name
	.byte	2                               @ DW_AT_decl_file
	.short	301                             @ DW_AT_decl_line
	.long	38                              @ DW_AT_type
	.byte	9                               @ Abbrev [9] 0x1ff:0xf DW_TAG_variable
	.byte	2                               @ DW_AT_location
	.byte	145
	.byte	0
	.long	.Linfo_string54                 @ DW_AT_name
	.byte	2                               @ DW_AT_decl_file
	.short	302                             @ DW_AT_decl_line
	.long	38                              @ DW_AT_type
	.byte	0                               @ End Of Children Mark
	.byte	10                              @ Abbrev [10] 0x20f:0xa1 DW_TAG_subprogram
	.long	.Lfunc_begin8                   @ DW_AT_low_pc
	.long	.Lfunc_end8-.Lfunc_begin8       @ DW_AT_high_pc
	.byte	1                               @ DW_AT_frame_base
	.byte	93
	.long	.Linfo_string15                 @ DW_AT_name
	.byte	2                               @ DW_AT_decl_file
	.short	361                             @ DW_AT_decl_line
                                        @ DW_AT_prototyped
                                        @ DW_AT_external
	.byte	8                               @ Abbrev [8] 0x221:0x10 DW_TAG_formal_parameter
	.byte	3                               @ DW_AT_location
	.byte	145
	.asciz	"\324"
	.long	.Linfo_string22                 @ DW_AT_name
	.byte	2                               @ DW_AT_decl_file
	.short	361                             @ DW_AT_decl_line
	.long	1141                            @ DW_AT_type
	.byte	8                               @ Abbrev [8] 0x231:0x10 DW_TAG_formal_parameter
	.byte	3                               @ DW_AT_location
	.byte	145
	.asciz	"\320"
	.long	.Linfo_string44                 @ DW_AT_name
	.byte	2                               @ DW_AT_decl_file
	.short	361                             @ DW_AT_decl_line
	.long	38                              @ DW_AT_type
	.byte	8                               @ Abbrev [8] 0x241:0x10 DW_TAG_formal_parameter
	.byte	3                               @ DW_AT_location
	.byte	145
	.asciz	"\314"
	.long	.Linfo_string55                 @ DW_AT_name
	.byte	2                               @ DW_AT_decl_file
	.short	361                             @ DW_AT_decl_line
	.long	38                              @ DW_AT_type
	.byte	8                               @ Abbrev [8] 0x251:0x10 DW_TAG_formal_parameter
	.byte	3                               @ DW_AT_location
	.byte	145
	.asciz	"\310"
	.long	.Linfo_string56                 @ DW_AT_name
	.byte	2                               @ DW_AT_decl_file
	.short	361                             @ DW_AT_decl_line
	.long	38                              @ DW_AT_type
	.byte	8                               @ Abbrev [8] 0x261:0x10 DW_TAG_formal_parameter
	.byte	3                               @ DW_AT_location
	.byte	145
	.asciz	"\350"
	.long	.Linfo_string57                 @ DW_AT_name
	.byte	2                               @ DW_AT_decl_file
	.short	361                             @ DW_AT_decl_line
	.long	38                              @ DW_AT_type
	.byte	9                               @ Abbrev [9] 0x271:0x10 DW_TAG_variable
	.byte	3                               @ DW_AT_location
	.byte	145
	.asciz	"\304"
	.long	.Linfo_string45                 @ DW_AT_name
	.byte	2                               @ DW_AT_decl_file
	.short	363                             @ DW_AT_decl_line
	.long	38                              @ DW_AT_type
	.byte	9                               @ Abbrev [9] 0x281:0x10 DW_TAG_variable
	.byte	3                               @ DW_AT_location
	.byte	145
	.asciz	"\300"
	.long	.Linfo_string46                 @ DW_AT_name
	.byte	2                               @ DW_AT_decl_file
	.short	363                             @ DW_AT_decl_line
	.long	38                              @ DW_AT_type
	.byte	9                               @ Abbrev [9] 0x291:0xf DW_TAG_variable
	.byte	2                               @ DW_AT_location
	.byte	145
	.byte	32
	.long	.Linfo_string47                 @ DW_AT_name
	.byte	2                               @ DW_AT_decl_file
	.short	364                             @ DW_AT_decl_line
	.long	1415                            @ DW_AT_type
	.byte	9                               @ Abbrev [9] 0x2a0:0xf DW_TAG_variable
	.byte	2                               @ DW_AT_location
	.byte	145
	.byte	28
	.long	.Linfo_string49                 @ DW_AT_name
	.byte	2                               @ DW_AT_decl_file
	.short	365                             @ DW_AT_decl_line
	.long	38                              @ DW_AT_type
	.byte	0                               @ End Of Children Mark
	.byte	10                              @ Abbrev [10] 0x2b0:0x31 DW_TAG_subprogram
	.long	.Lfunc_begin9                   @ DW_AT_low_pc
	.long	.Lfunc_end9-.Lfunc_begin9       @ DW_AT_high_pc
	.byte	1                               @ DW_AT_frame_base
	.byte	93
	.long	.Linfo_string16                 @ DW_AT_name
	.byte	2                               @ DW_AT_decl_file
	.short	452                             @ DW_AT_decl_line
                                        @ DW_AT_prototyped
                                        @ DW_AT_external
	.byte	8                               @ Abbrev [8] 0x2c2:0xf DW_TAG_formal_parameter
	.byte	2                               @ DW_AT_location
	.byte	145
	.byte	4
	.long	.Linfo_string22                 @ DW_AT_name
	.byte	2                               @ DW_AT_decl_file
	.short	452                             @ DW_AT_decl_line
	.long	1141                            @ DW_AT_type
	.byte	8                               @ Abbrev [8] 0x2d1:0xf DW_TAG_formal_parameter
	.byte	2                               @ DW_AT_location
	.byte	145
	.byte	0
	.long	.Linfo_string58                 @ DW_AT_name
	.byte	2                               @ DW_AT_decl_file
	.short	452                             @ DW_AT_decl_line
	.long	38                              @ DW_AT_type
	.byte	0                               @ End Of Children Mark
	.byte	10                              @ Abbrev [10] 0x2e1:0x81 DW_TAG_subprogram
	.long	.Lfunc_begin10                  @ DW_AT_low_pc
	.long	.Lfunc_end10-.Lfunc_begin10     @ DW_AT_high_pc
	.byte	1                               @ DW_AT_frame_base
	.byte	93
	.long	.Linfo_string17                 @ DW_AT_name
	.byte	2                               @ DW_AT_decl_file
	.short	475                             @ DW_AT_decl_line
                                        @ DW_AT_prototyped
                                        @ DW_AT_external
	.byte	8                               @ Abbrev [8] 0x2f3:0x10 DW_TAG_formal_parameter
	.byte	3                               @ DW_AT_location
	.byte	145
	.asciz	"\324"
	.long	.Linfo_string22                 @ DW_AT_name
	.byte	2                               @ DW_AT_decl_file
	.short	475                             @ DW_AT_decl_line
	.long	1141                            @ DW_AT_type
	.byte	8                               @ Abbrev [8] 0x303:0x10 DW_TAG_formal_parameter
	.byte	3                               @ DW_AT_location
	.byte	145
	.asciz	"\320"
	.long	.Linfo_string59                 @ DW_AT_name
	.byte	2                               @ DW_AT_decl_file
	.short	475                             @ DW_AT_decl_line
	.long	38                              @ DW_AT_type
	.byte	8                               @ Abbrev [8] 0x313:0x10 DW_TAG_formal_parameter
	.byte	3                               @ DW_AT_location
	.byte	145
	.asciz	"\314"
	.long	.Linfo_string60                 @ DW_AT_name
	.byte	2                               @ DW_AT_decl_file
	.short	475                             @ DW_AT_decl_line
	.long	38                              @ DW_AT_type
	.byte	9                               @ Abbrev [9] 0x323:0x10 DW_TAG_variable
	.byte	3                               @ DW_AT_location
	.byte	145
	.asciz	"\310"
	.long	.Linfo_string45                 @ DW_AT_name
	.byte	2                               @ DW_AT_decl_file
	.short	477                             @ DW_AT_decl_line
	.long	38                              @ DW_AT_type
	.byte	9                               @ Abbrev [9] 0x333:0x10 DW_TAG_variable
	.byte	3                               @ DW_AT_location
	.byte	145
	.asciz	"\304"
	.long	.Linfo_string46                 @ DW_AT_name
	.byte	2                               @ DW_AT_decl_file
	.short	477                             @ DW_AT_decl_line
	.long	38                              @ DW_AT_type
	.byte	9                               @ Abbrev [9] 0x343:0xf DW_TAG_variable
	.byte	2                               @ DW_AT_location
	.byte	145
	.byte	36
	.long	.Linfo_string47                 @ DW_AT_name
	.byte	2                               @ DW_AT_decl_file
	.short	478                             @ DW_AT_decl_line
	.long	1415                            @ DW_AT_type
	.byte	9                               @ Abbrev [9] 0x352:0xf DW_TAG_variable
	.byte	2                               @ DW_AT_location
	.byte	145
	.byte	32
	.long	.Linfo_string49                 @ DW_AT_name
	.byte	2                               @ DW_AT_decl_file
	.short	479                             @ DW_AT_decl_line
	.long	38                              @ DW_AT_type
	.byte	0                               @ End Of Children Mark
	.byte	10                              @ Abbrev [10] 0x362:0x40 DW_TAG_subprogram
	.long	.Lfunc_begin11                  @ DW_AT_low_pc
	.long	.Lfunc_end11-.Lfunc_begin11     @ DW_AT_high_pc
	.byte	1                               @ DW_AT_frame_base
	.byte	93
	.long	.Linfo_string18                 @ DW_AT_name
	.byte	2                               @ DW_AT_decl_file
	.short	579                             @ DW_AT_decl_line
                                        @ DW_AT_prototyped
                                        @ DW_AT_external
	.byte	8                               @ Abbrev [8] 0x374:0xf DW_TAG_formal_parameter
	.byte	2                               @ DW_AT_location
	.byte	145
	.byte	8
	.long	.Linfo_string22                 @ DW_AT_name
	.byte	2                               @ DW_AT_decl_file
	.short	579                             @ DW_AT_decl_line
	.long	1141                            @ DW_AT_type
	.byte	8                               @ Abbrev [8] 0x383:0xf DW_TAG_formal_parameter
	.byte	2                               @ DW_AT_location
	.byte	145
	.byte	4
	.long	.Linfo_string61                 @ DW_AT_name
	.byte	2                               @ DW_AT_decl_file
	.short	579                             @ DW_AT_decl_line
	.long	38                              @ DW_AT_type
	.byte	8                               @ Abbrev [8] 0x392:0xf DW_TAG_formal_parameter
	.byte	2                               @ DW_AT_location
	.byte	145
	.byte	0
	.long	.Linfo_string62                 @ DW_AT_name
	.byte	2                               @ DW_AT_decl_file
	.short	579                             @ DW_AT_decl_line
	.long	38                              @ DW_AT_type
	.byte	0                               @ End Of Children Mark
	.byte	10                              @ Abbrev [10] 0x3a2:0x40 DW_TAG_subprogram
	.long	.Lfunc_begin12                  @ DW_AT_low_pc
	.long	.Lfunc_end12-.Lfunc_begin12     @ DW_AT_high_pc
	.byte	1                               @ DW_AT_frame_base
	.byte	93
	.long	.Linfo_string19                 @ DW_AT_name
	.byte	2                               @ DW_AT_decl_file
	.short	603                             @ DW_AT_decl_line
                                        @ DW_AT_prototyped
                                        @ DW_AT_external
	.byte	8                               @ Abbrev [8] 0x3b4:0xf DW_TAG_formal_parameter
	.byte	2                               @ DW_AT_location
	.byte	145
	.byte	8
	.long	.Linfo_string22                 @ DW_AT_name
	.byte	2                               @ DW_AT_decl_file
	.short	603                             @ DW_AT_decl_line
	.long	1141                            @ DW_AT_type
	.byte	8                               @ Abbrev [8] 0x3c3:0xf DW_TAG_formal_parameter
	.byte	2                               @ DW_AT_location
	.byte	145
	.byte	4
	.long	.Linfo_string61                 @ DW_AT_name
	.byte	2                               @ DW_AT_decl_file
	.short	603                             @ DW_AT_decl_line
	.long	38                              @ DW_AT_type
	.byte	8                               @ Abbrev [8] 0x3d2:0xf DW_TAG_formal_parameter
	.byte	2                               @ DW_AT_location
	.byte	145
	.byte	0
	.long	.Linfo_string63                 @ DW_AT_name
	.byte	2                               @ DW_AT_decl_file
	.short	603                             @ DW_AT_decl_line
	.long	38                              @ DW_AT_type
	.byte	0                               @ End Of Children Mark
	.byte	7                               @ Abbrev [7] 0x3e2:0x71 DW_TAG_subprogram
	.long	.Lfunc_begin13                  @ DW_AT_low_pc
	.long	.Lfunc_end13-.Lfunc_begin13     @ DW_AT_high_pc
	.byte	1                               @ DW_AT_frame_base
	.byte	93
	.long	.Linfo_string20                 @ DW_AT_name
	.byte	2                               @ DW_AT_decl_file
	.short	625                             @ DW_AT_decl_line
                                        @ DW_AT_prototyped
	.long	38                              @ DW_AT_type
                                        @ DW_AT_external
	.byte	8                               @ Abbrev [8] 0x3f8:0xf DW_TAG_formal_parameter
	.byte	2                               @ DW_AT_location
	.byte	145
	.byte	20
	.long	.Linfo_string22                 @ DW_AT_name
	.byte	2                               @ DW_AT_decl_file
	.short	625                             @ DW_AT_decl_line
	.long	1141                            @ DW_AT_type
	.byte	8                               @ Abbrev [8] 0x407:0xf DW_TAG_formal_parameter
	.byte	2                               @ DW_AT_location
	.byte	145
	.byte	16
	.long	.Linfo_string64                 @ DW_AT_name
	.byte	2                               @ DW_AT_decl_file
	.short	625                             @ DW_AT_decl_line
	.long	1434                            @ DW_AT_type
	.byte	8                               @ Abbrev [8] 0x416:0xf DW_TAG_formal_parameter
	.byte	2                               @ DW_AT_location
	.byte	145
	.byte	12
	.long	.Linfo_string65                 @ DW_AT_name
	.byte	2                               @ DW_AT_decl_file
	.short	625                             @ DW_AT_decl_line
	.long	38                              @ DW_AT_type
	.byte	9                               @ Abbrev [9] 0x425:0xf DW_TAG_variable
	.byte	2                               @ DW_AT_location
	.byte	145
	.byte	8
	.long	.Linfo_string52                 @ DW_AT_name
	.byte	2                               @ DW_AT_decl_file
	.short	627                             @ DW_AT_decl_line
	.long	38                              @ DW_AT_type
	.byte	9                               @ Abbrev [9] 0x434:0xf DW_TAG_variable
	.byte	2                               @ DW_AT_location
	.byte	145
	.byte	4
	.long	.Linfo_string53                 @ DW_AT_name
	.byte	2                               @ DW_AT_decl_file
	.short	627                             @ DW_AT_decl_line
	.long	38                              @ DW_AT_type
	.byte	9                               @ Abbrev [9] 0x443:0xf DW_TAG_variable
	.byte	2                               @ DW_AT_location
	.byte	145
	.byte	0
	.long	.Linfo_string54                 @ DW_AT_name
	.byte	2                               @ DW_AT_decl_file
	.short	628                             @ DW_AT_decl_line
	.long	38                              @ DW_AT_type
	.byte	0                               @ End Of Children Mark
	.byte	10                              @ Abbrev [10] 0x453:0x22 DW_TAG_subprogram
	.long	.Lfunc_begin14                  @ DW_AT_low_pc
	.long	.Lfunc_end14-.Lfunc_begin14     @ DW_AT_high_pc
	.byte	1                               @ DW_AT_frame_base
	.byte	93
	.long	.Linfo_string21                 @ DW_AT_name
	.byte	2                               @ DW_AT_decl_file
	.short	668                             @ DW_AT_decl_line
                                        @ DW_AT_prototyped
                                        @ DW_AT_external
	.byte	8                               @ Abbrev [8] 0x465:0xf DW_TAG_formal_parameter
	.byte	2                               @ DW_AT_location
	.byte	145
	.byte	0
	.long	.Linfo_string22                 @ DW_AT_name
	.byte	2                               @ DW_AT_decl_file
	.short	668                             @ DW_AT_decl_line
	.long	1141                            @ DW_AT_type
	.byte	0                               @ End Of Children Mark
	.byte	11                              @ Abbrev [11] 0x475:0x5 DW_TAG_pointer_type
	.long	1146                            @ DW_AT_type
	.byte	12                              @ Abbrev [12] 0x47a:0xc DW_TAG_typedef
	.long	1158                            @ DW_AT_type
	.long	.Linfo_string42                 @ DW_AT_name
	.byte	3                               @ DW_AT_decl_file
	.short	852                             @ DW_AT_decl_line
	.byte	13                              @ Abbrev [13] 0x486:0xfc DW_TAG_structure_type
	.byte	76                              @ DW_AT_byte_size
	.byte	3                               @ DW_AT_decl_file
	.byte	26                              @ DW_AT_decl_line
	.byte	14                              @ Abbrev [14] 0x48a:0xd DW_TAG_member
	.long	.Linfo_string23                 @ DW_AT_name
	.long	1410                            @ DW_AT_type
	.byte	3                               @ DW_AT_decl_file
	.short	831                             @ DW_AT_decl_line
	.byte	0                               @ DW_AT_data_member_location
	.byte	14                              @ Abbrev [14] 0x497:0xd DW_TAG_member
	.long	.Linfo_string24                 @ DW_AT_name
	.long	1410                            @ DW_AT_type
	.byte	3                               @ DW_AT_decl_file
	.short	832                             @ DW_AT_decl_line
	.byte	4                               @ DW_AT_data_member_location
	.byte	14                              @ Abbrev [14] 0x4a4:0xd DW_TAG_member
	.long	.Linfo_string25                 @ DW_AT_name
	.long	1410                            @ DW_AT_type
	.byte	3                               @ DW_AT_decl_file
	.short	833                             @ DW_AT_decl_line
	.byte	8                               @ DW_AT_data_member_location
	.byte	14                              @ Abbrev [14] 0x4b1:0xd DW_TAG_member
	.long	.Linfo_string26                 @ DW_AT_name
	.long	1410                            @ DW_AT_type
	.byte	3                               @ DW_AT_decl_file
	.short	834                             @ DW_AT_decl_line
	.byte	12                              @ DW_AT_data_member_location
	.byte	14                              @ Abbrev [14] 0x4be:0xd DW_TAG_member
	.long	.Linfo_string27                 @ DW_AT_name
	.long	1410                            @ DW_AT_type
	.byte	3                               @ DW_AT_decl_file
	.short	835                             @ DW_AT_decl_line
	.byte	16                              @ DW_AT_data_member_location
	.byte	14                              @ Abbrev [14] 0x4cb:0xd DW_TAG_member
	.long	.Linfo_string28                 @ DW_AT_name
	.long	1410                            @ DW_AT_type
	.byte	3                               @ DW_AT_decl_file
	.short	836                             @ DW_AT_decl_line
	.byte	20                              @ DW_AT_data_member_location
	.byte	14                              @ Abbrev [14] 0x4d8:0xd DW_TAG_member
	.long	.Linfo_string29                 @ DW_AT_name
	.long	1410                            @ DW_AT_type
	.byte	3                               @ DW_AT_decl_file
	.short	837                             @ DW_AT_decl_line
	.byte	24                              @ DW_AT_data_member_location
	.byte	14                              @ Abbrev [14] 0x4e5:0xd DW_TAG_member
	.long	.Linfo_string30                 @ DW_AT_name
	.long	1410                            @ DW_AT_type
	.byte	3                               @ DW_AT_decl_file
	.short	838                             @ DW_AT_decl_line
	.byte	28                              @ DW_AT_data_member_location
	.byte	14                              @ Abbrev [14] 0x4f2:0xd DW_TAG_member
	.long	.Linfo_string31                 @ DW_AT_name
	.long	1410                            @ DW_AT_type
	.byte	3                               @ DW_AT_decl_file
	.short	839                             @ DW_AT_decl_line
	.byte	32                              @ DW_AT_data_member_location
	.byte	14                              @ Abbrev [14] 0x4ff:0xd DW_TAG_member
	.long	.Linfo_string32                 @ DW_AT_name
	.long	1410                            @ DW_AT_type
	.byte	3                               @ DW_AT_decl_file
	.short	840                             @ DW_AT_decl_line
	.byte	36                              @ DW_AT_data_member_location
	.byte	14                              @ Abbrev [14] 0x50c:0xd DW_TAG_member
	.long	.Linfo_string33                 @ DW_AT_name
	.long	1410                            @ DW_AT_type
	.byte	3                               @ DW_AT_decl_file
	.short	841                             @ DW_AT_decl_line
	.byte	40                              @ DW_AT_data_member_location
	.byte	14                              @ Abbrev [14] 0x519:0xd DW_TAG_member
	.long	.Linfo_string34                 @ DW_AT_name
	.long	1410                            @ DW_AT_type
	.byte	3                               @ DW_AT_decl_file
	.short	842                             @ DW_AT_decl_line
	.byte	44                              @ DW_AT_data_member_location
	.byte	14                              @ Abbrev [14] 0x526:0xd DW_TAG_member
	.long	.Linfo_string35                 @ DW_AT_name
	.long	1410                            @ DW_AT_type
	.byte	3                               @ DW_AT_decl_file
	.short	843                             @ DW_AT_decl_line
	.byte	48                              @ DW_AT_data_member_location
	.byte	14                              @ Abbrev [14] 0x533:0xd DW_TAG_member
	.long	.Linfo_string36                 @ DW_AT_name
	.long	1410                            @ DW_AT_type
	.byte	3                               @ DW_AT_decl_file
	.short	844                             @ DW_AT_decl_line
	.byte	52                              @ DW_AT_data_member_location
	.byte	14                              @ Abbrev [14] 0x540:0xd DW_TAG_member
	.long	.Linfo_string37                 @ DW_AT_name
	.long	1410                            @ DW_AT_type
	.byte	3                               @ DW_AT_decl_file
	.short	845                             @ DW_AT_decl_line
	.byte	56                              @ DW_AT_data_member_location
	.byte	14                              @ Abbrev [14] 0x54d:0xd DW_TAG_member
	.long	.Linfo_string38                 @ DW_AT_name
	.long	1410                            @ DW_AT_type
	.byte	3                               @ DW_AT_decl_file
	.short	846                             @ DW_AT_decl_line
	.byte	60                              @ DW_AT_data_member_location
	.byte	14                              @ Abbrev [14] 0x55a:0xd DW_TAG_member
	.long	.Linfo_string39                 @ DW_AT_name
	.long	1410                            @ DW_AT_type
	.byte	3                               @ DW_AT_decl_file
	.short	847                             @ DW_AT_decl_line
	.byte	64                              @ DW_AT_data_member_location
	.byte	14                              @ Abbrev [14] 0x567:0xd DW_TAG_member
	.long	.Linfo_string40                 @ DW_AT_name
	.long	1410                            @ DW_AT_type
	.byte	3                               @ DW_AT_decl_file
	.short	848                             @ DW_AT_decl_line
	.byte	68                              @ DW_AT_data_member_location
	.byte	14                              @ Abbrev [14] 0x574:0xd DW_TAG_member
	.long	.Linfo_string41                 @ DW_AT_name
	.long	1410                            @ DW_AT_type
	.byte	3                               @ DW_AT_decl_file
	.short	849                             @ DW_AT_decl_line
	.byte	72                              @ DW_AT_data_member_location
	.byte	0                               @ End Of Children Mark
	.byte	15                              @ Abbrev [15] 0x582:0x5 DW_TAG_volatile_type
	.long	38                              @ DW_AT_type
	.byte	16                              @ Abbrev [16] 0x587:0xc DW_TAG_array_type
	.long	38                              @ DW_AT_type
	.byte	17                              @ Abbrev [17] 0x58c:0x6 DW_TAG_subrange_type
	.long	1427                            @ DW_AT_type
	.byte	8                               @ DW_AT_count
	.byte	0                               @ End Of Children Mark
	.byte	18                              @ Abbrev [18] 0x593:0x7 DW_TAG_base_type
	.long	.Linfo_string48                 @ DW_AT_name
	.byte	8                               @ DW_AT_byte_size
	.byte	7                               @ DW_AT_encoding
	.byte	11                              @ Abbrev [11] 0x59a:0x5 DW_TAG_pointer_type
	.long	56                              @ DW_AT_type
	.byte	0                               @ End Of Children Mark
.Ldebug_info_end0:
	.section	.debug_ranges,"",%progbits
.Ldebug_ranges0:
	.long	.Lfunc_begin0
	.long	.Lfunc_end0
	.long	.Lfunc_begin1
	.long	.Lfunc_end1
	.long	.Lfunc_begin2
	.long	.Lfunc_end2
	.long	.Lfunc_begin3
	.long	.Lfunc_end3
	.long	.Lfunc_begin4
	.long	.Lfunc_end4
	.long	.Lfunc_begin5
	.long	.Lfunc_end5
	.long	.Lfunc_begin6
	.long	.Lfunc_end6
	.long	.Lfunc_begin7
	.long	.Lfunc_end7
	.long	.Lfunc_begin8
	.long	.Lfunc_end8
	.long	.Lfunc_begin9
	.long	.Lfunc_end9
	.long	.Lfunc_begin10
	.long	.Lfunc_end10
	.long	.Lfunc_begin11
	.long	.Lfunc_end11
	.long	.Lfunc_begin12
	.long	.Lfunc_end12
	.long	.Lfunc_begin13
	.long	.Lfunc_end13
	.long	.Lfunc_begin14
	.long	.Lfunc_end14
	.long	0
	.long	0
	.section	.debug_str,"MS",%progbits,1
.Linfo_string0:
	.asciz	"Component: Arm Compiler for Embedded 6.19 Tool: armclang [5e73cb00]" @ string offset=0
.Linfo_string1:
	.asciz	"../../../../../Library/StdDriver/src\\uart.c" @ string offset=68
.Linfo_string2:
	.asciz	"C:\\Users\\Borhan\\Desktop\\M2354_Series_BSP_CMSIS_V3.00.005_duplicate\\SampleCode\\TrustZone\\E-Voting-System\\Secure\\KEIL" @ string offset=112
.Linfo_string3:
	.asciz	"unsigned int"                  @ string offset=228
.Linfo_string4:
	.asciz	"uint32_t"                      @ string offset=241
.Linfo_string5:
	.asciz	"unsigned char"                 @ string offset=250
.Linfo_string6:
	.asciz	"uint8_t"                       @ string offset=264
.Linfo_string7:
	.asciz	"UART_ClearIntFlag"             @ string offset=272
.Linfo_string8:
	.asciz	"UART_Close"                    @ string offset=290
.Linfo_string9:
	.asciz	"UART_DisableFlowCtrl"          @ string offset=301
.Linfo_string10:
	.asciz	"UART_DisableInt"               @ string offset=322
.Linfo_string11:
	.asciz	"UART_EnableFlowCtrl"           @ string offset=338
.Linfo_string12:
	.asciz	"UART_EnableInt"                @ string offset=358
.Linfo_string13:
	.asciz	"UART_Open"                     @ string offset=373
.Linfo_string14:
	.asciz	"UART_Read"                     @ string offset=383
.Linfo_string15:
	.asciz	"UART_SetLineConfig"            @ string offset=393
.Linfo_string16:
	.asciz	"UART_SetTimeoutCnt"            @ string offset=412
.Linfo_string17:
	.asciz	"UART_SelectIrDAMode"           @ string offset=431
.Linfo_string18:
	.asciz	"UART_SelectRS485Mode"          @ string offset=451
.Linfo_string19:
	.asciz	"UART_SelectLINMode"            @ string offset=472
.Linfo_string20:
	.asciz	"UART_Write"                    @ string offset=491
.Linfo_string21:
	.asciz	"UART_SelectSingleWireMode"     @ string offset=502
.Linfo_string22:
	.asciz	"uart"                          @ string offset=528
.Linfo_string23:
	.asciz	"DAT"                           @ string offset=533
.Linfo_string24:
	.asciz	"INTEN"                         @ string offset=537
.Linfo_string25:
	.asciz	"FIFO"                          @ string offset=543
.Linfo_string26:
	.asciz	"LINE"                          @ string offset=548
.Linfo_string27:
	.asciz	"MODEM"                         @ string offset=553
.Linfo_string28:
	.asciz	"MODEMSTS"                      @ string offset=559
.Linfo_string29:
	.asciz	"FIFOSTS"                       @ string offset=568
.Linfo_string30:
	.asciz	"INTSTS"                        @ string offset=576
.Linfo_string31:
	.asciz	"TOUT"                          @ string offset=583
.Linfo_string32:
	.asciz	"BAUD"                          @ string offset=588
.Linfo_string33:
	.asciz	"IRDA"                          @ string offset=593
.Linfo_string34:
	.asciz	"ALTCTL"                        @ string offset=598
.Linfo_string35:
	.asciz	"FUNCSEL"                       @ string offset=605
.Linfo_string36:
	.asciz	"LINCTL"                        @ string offset=613
.Linfo_string37:
	.asciz	"LINSTS"                        @ string offset=620
.Linfo_string38:
	.asciz	"BRCOMP"                        @ string offset=627
.Linfo_string39:
	.asciz	"WKCTL"                         @ string offset=634
.Linfo_string40:
	.asciz	"WKSTS"                         @ string offset=640
.Linfo_string41:
	.asciz	"DWKCOMP"                       @ string offset=646
.Linfo_string42:
	.asciz	"UART_T"                        @ string offset=654
.Linfo_string43:
	.asciz	"u32InterruptFlag"              @ string offset=661
.Linfo_string44:
	.asciz	"u32baudrate"                   @ string offset=678
.Linfo_string45:
	.asciz	"u32UartClkSrcSel"              @ string offset=690
.Linfo_string46:
	.asciz	"u32UartClkDivNum"              @ string offset=707
.Linfo_string47:
	.asciz	"au32ClkTbl"                    @ string offset=724
.Linfo_string48:
	.asciz	"__ARRAY_SIZE_TYPE__"           @ string offset=735
.Linfo_string49:
	.asciz	"u32BaudDiv"                    @ string offset=755
.Linfo_string50:
	.asciz	"pu8RxBuf"                      @ string offset=766
.Linfo_string51:
	.asciz	"u32ReadBytes"                  @ string offset=775
.Linfo_string52:
	.asciz	"u32Count"                      @ string offset=788
.Linfo_string53:
	.asciz	"u32delayno"                    @ string offset=797
.Linfo_string54:
	.asciz	"u32Exit"                       @ string offset=808
.Linfo_string55:
	.asciz	"u32data_width"                 @ string offset=816
.Linfo_string56:
	.asciz	"u32parity"                     @ string offset=830
.Linfo_string57:
	.asciz	"u32stop_bits"                  @ string offset=840
.Linfo_string58:
	.asciz	"u32TOC"                        @ string offset=853
.Linfo_string59:
	.asciz	"u32Buadrate"                   @ string offset=860
.Linfo_string60:
	.asciz	"u32Direction"                  @ string offset=872
.Linfo_string61:
	.asciz	"u32Mode"                       @ string offset=885
.Linfo_string62:
	.asciz	"u32Addr"                       @ string offset=893
.Linfo_string63:
	.asciz	"u32BreakLength"                @ string offset=901
.Linfo_string64:
	.asciz	"pu8TxBuf"                      @ string offset=916
.Linfo_string65:
	.asciz	"u32WriteBytes"                 @ string offset=925
	.ident	"Component: Arm Compiler for Embedded 6.19 Tool: armclang [5e73cb00]"
	.section	".note.GNU-stack","",%progbits
	.eabi_attribute	30, 6	@ Tag_ABI_optimization_goals
	.ARM_attribute	6, 1	@ Tag_AV_cpp_exceptions
	.ARM_attribute	16, 1	@ Tag_AV_eba
	.section	.debug_line,"",%progbits
.Lline_table_start0:
