	.text
	.syntax unified
	.eabi_attribute	67, "2.09"	@ Tag_conformance
	.cpu	cortex-m23
	.eabi_attribute	6, 16	@ Tag_CPU_arch
	.eabi_attribute	7, 77	@ Tag_CPU_arch_profile
	.eabi_attribute	8, 0	@ Tag_ARM_ISA_use
	.eabi_attribute	9, 3	@ Tag_THUMB_ISA_use
	.eabi_attribute	34, 0	@ Tag_CPU_unaligned_access
	.eabi_attribute	17, 1	@ Tag_ABI_PCS_GOT_use
	.eabi_attribute	20, 2	@ Tag_ABI_FP_denormal
	.eabi_attribute	21, 0	@ Tag_ABI_FP_exceptions
	.eabi_attribute	23, 1	@ Tag_ABI_FP_number_model
	.eabi_attribute	24, 1	@ Tag_ABI_align_needed
	.eabi_attribute	25, 1	@ Tag_ABI_align_preserved
	.eabi_attribute	38, 1	@ Tag_ABI_FP_16bit_format
	.eabi_attribute	18, 4	@ Tag_ABI_PCS_wchar_t
	.eabi_attribute	26, 2	@ Tag_ABI_enum_size
	.eabi_attribute	14, 0	@ Tag_ABI_PCS_R9_use
	.file	"main_ns.c"
	.file	1 "C:\\Users\\LogoslabMiniPC\\GitHub_Box_Windows\\logoslab\\M2354\\Old_M2354_BSP_300004\\SampleCode\\TrustZone\\Borhan-E-Voting-System\\Nonsecure\\KEIL" "../main_ns.c"
	.file	2 "C:\\Users\\LogoslabMiniPC" "AppData\\Local\\Keil_v5\\ARM\\ARMCLANG\\bin\\..\\include\\stdint.h"
	.file	3 "C:\\Users\\LogoslabMiniPC\\GitHub_Box_Windows\\logoslab\\M2354\\Old_M2354_BSP_300004\\SampleCode\\TrustZone\\Borhan-E-Voting-System\\Nonsecure\\KEIL" "../../../../../Library/Device/Nuvoton/M2354/Include\\M2354.h"
	.file	4 "C:\\Users\\LogoslabMiniPC\\GitHub_Box_Windows\\logoslab\\M2354\\Old_M2354_BSP_300004\\SampleCode\\TrustZone\\Borhan-E-Voting-System\\Nonsecure\\KEIL" "../../../../../Library/Device/Nuvoton/M2354/Include\\uart_reg.h"
	.file	5 "C:\\Users\\LogoslabMiniPC\\GitHub_Box_Windows\\logoslab\\M2354\\Old_M2354_BSP_300004\\SampleCode\\TrustZone\\Borhan-E-Voting-System\\Nonsecure\\KEIL" "../../../../../Library/CMSIS/Include\\core_armv8mbl.h"
	.file	6 "C:\\Users\\LogoslabMiniPC\\GitHub_Box_Windows\\logoslab\\M2354\\Old_M2354_BSP_300004\\SampleCode\\TrustZone\\Borhan-E-Voting-System\\Nonsecure\\KEIL" "../../../../../Library/Device/Nuvoton/M2354/Include\\timer_reg.h"
	.section	.text.UART1_IRQHandler,"ax",%progbits
	.hidden	UART1_IRQHandler                @ -- Begin function UART1_IRQHandler
	.globl	UART1_IRQHandler
	.p2align	2
	.type	UART1_IRQHandler,%function
	.code	16                              @ @UART1_IRQHandler
	.thumb_func
UART1_IRQHandler:
.Lfunc_begin0:
	.loc	1 37 0                          @ ../main_ns.c:37:0
	.fnstart
	.cfi_sections .debug_frame
	.cfi_startproc
@ %bb.0:
	.save	{r4, lr}
	push	{r4, lr}
	.cfi_def_cfa_offset 8
	.cfi_offset lr, -4
	.cfi_offset r4, -8
	.pad	#8
	sub	sp, #8
	.cfi_def_cfa_offset 16
	add	r1, sp, #4
	movs	r0, #255
.Ltmp0:
	.loc	1 40 13 prologue_end            @ ../main_ns.c:40:13
	strb	r0, [r1]
	ldr	r0, __arm_cp.0_0
.Ltmp1:
	.loc	1 42 9                          @ ../main_ns.c:42:9
	ldr	r0, [r0]
	movw	r1, #4352
.Ltmp2:
	.loc	1 42 9 is_stmt 0                @ ../main_ns.c:42:9
	tst	r0, r1
	beq	.LBB0_2
	b	.LBB0_1
.LBB0_1:
	.loc	1 0 9                           @ ../main_ns.c:0:9
	movs	r0, #1
.Ltmp3:
	.loc	1 42 9                          @ ../main_ns.c:42:9
	cbnz	r0, .LBB0_3
	b	.LBB0_16
.Ltmp4:
.LBB0_2:
	.loc	1 0 9                           @ ../main_ns.c:0:9
	movs	r0, #1
	.loc	1 42 9                          @ ../main_ns.c:42:9
	cmp	r0, #0
	bne	.LBB0_16
	b	.LBB0_3
.LBB0_3:
.Ltmp5:
	.loc	1 45 9 is_stmt 1                @ ../main_ns.c:45:9
	b	.LBB0_4
.LBB0_4:                                @ =>This Inner Loop Header: Depth=1
	.loc	1 0 9 is_stmt 0                 @ ../main_ns.c:0:9
	ldr	r0, __arm_cp.0_1
	.loc	1 45 16                         @ ../main_ns.c:45:16
	ldr	r1, [r0]
	movs	r0, #0
	.loc	1 45 46                         @ ../main_ns.c:45:46
	lsls	r1, r1, #17
	cmp	r1, #0
	str	r0, [sp]                        @ 4-byte Spill
	bmi	.LBB0_6
	b	.LBB0_5
.LBB0_5:                                @   in Loop: Header=BB0_4 Depth=1
	.loc	1 45 49                         @ ../main_ns.c:45:49
	ldr	r0, __arm_cp.0_2
	ldr	r0, [r0]
	.loc	1 45 46                         @ ../main_ns.c:45:46
	subs	r1, r0, #1
	sbcs	r0, r1
	str	r0, [sp]                        @ 4-byte Spill
	b	.LBB0_6
.LBB0_6:                                @   in Loop: Header=BB0_4 Depth=1
	.loc	1 0 0                           @ ../main_ns.c:0:0
	ldr	r0, [sp]                        @ 4-byte Reload
	.loc	1 45 9                          @ ../main_ns.c:45:9
	lsls	r0, r0, #31
	cbz	r0, .LBB0_15
	b	.LBB0_7
.LBB0_7:                                @   in Loop: Header=BB0_4 Depth=1
	.loc	1 0 9                           @ ../main_ns.c:0:9
	ldr	r0, __arm_cp.0_3
.Ltmp6:
	.loc	1 46 33 is_stmt 1               @ ../main_ns.c:46:33
	ldr	r0, [r0]
	add	r1, sp, #4
	.loc	1 46 22 is_stmt 0               @ ../main_ns.c:46:22
	strb	r0, [r1]
.Ltmp7:
	.loc	1 53 17 is_stmt 1               @ ../main_ns.c:53:17
	ldr	r0, __arm_cp.0_4
	ldr	r0, [r0]
.Ltmp8:
	.loc	1 53 17 is_stmt 0               @ ../main_ns.c:53:17
	cbnz	r0, .LBB0_9
	b	.LBB0_8
.LBB0_8:
.Ltmp9:
	.loc	1 55 17 is_stmt 1               @ ../main_ns.c:55:17
	b	.LBB0_18
.Ltmp10:
.LBB0_9:                                @   in Loop: Header=BB0_4 Depth=1
	.loc	1 0 17 is_stmt 0                @ ../main_ns.c:0:17
	add	r0, sp, #4
.Ltmp11:
	.loc	1 56 24 is_stmt 1               @ ../main_ns.c:56:24
	ldrb	r0, [r0]
.Ltmp12:
	.loc	1 56 24 is_stmt 0               @ ../main_ns.c:56:24
	cmp	r0, #36
	bne	.LBB0_11
	b	.LBB0_10
.LBB0_10:
.Ltmp13:
	.loc	1 57 27 is_stmt 1               @ ../main_ns.c:57:27
	ldr	r1, __arm_cp.0_2
	movs	r0, #0
	str	r0, [r1]
	.loc	1 58 17                         @ ../main_ns.c:58:17
	ldr	r1, __arm_cp.0_4
	ldr	r1, [r1]
	.loc	1 58 30 is_stmt 0               @ ../main_ns.c:58:30
	ldr	r2, __arm_cp.0_5
	ldr	r2, [r2]
	.loc	1 58 45                         @ ../main_ns.c:58:45
	strb	r0, [r1, r2]
	.loc	1 60 17 is_stmt 1               @ ../main_ns.c:60:17
	b	.LBB0_15
.Ltmp14:
.LBB0_11:                               @   in Loop: Header=BB0_4 Depth=1
	.loc	1 0 17 is_stmt 0                @ ../main_ns.c:0:17
	b	.LBB0_12
.LBB0_12:                               @   in Loop: Header=BB0_4 Depth=1
.Ltmp15:
	.loc	1 63 17 is_stmt 1               @ ../main_ns.c:63:17
	ldr	r0, __arm_cp.0_5
	ldr	r0, [r0]
.Ltmp16:
	.loc	1 63 17 is_stmt 0               @ ../main_ns.c:63:17
	lsrs	r0, r0, #3
	cmp	r0, #124
	bhi	.LBB0_14
	b	.LBB0_13
.LBB0_13:                               @   in Loop: Header=BB0_4 Depth=1
.Ltmp17:
	.loc	1 64 47 is_stmt 1               @ ../main_ns.c:64:47
	ldr	r2, [sp, #4]
	.loc	1 64 17 is_stmt 0               @ ../main_ns.c:64:17
	ldr	r1, __arm_cp.0_4
	ldr	r3, [r1]
	.loc	1 64 30                         @ ../main_ns.c:64:30
	ldr	r0, __arm_cp.0_5
	ldr	r4, [r0]
	.loc	1 64 45                         @ ../main_ns.c:64:45
	strb	r2, [r3, r4]
	.loc	1 65 30 is_stmt 1               @ ../main_ns.c:65:30
	ldr	r2, [r0]
	adds	r2, r2, #1
	str	r2, [r0]
	.loc	1 68 17                         @ ../main_ns.c:68:17
	ldr	r1, [r1]
	.loc	1 68 30 is_stmt 0               @ ../main_ns.c:68:30
	ldr	r2, [r0]
	movs	r0, #0
	.loc	1 68 45                         @ ../main_ns.c:68:45
	strb	r0, [r1, r2]
	.loc	1 69 13 is_stmt 1               @ ../main_ns.c:69:13
	b	.LBB0_14
.Ltmp18:
.LBB0_14:                               @   in Loop: Header=BB0_4 Depth=1
	.loc	1 45 9                          @ ../main_ns.c:45:9
	b	.LBB0_4
.LBB0_15:
	.loc	1 71 5                          @ ../main_ns.c:71:5
	b	.LBB0_16
.Ltmp19:
.LBB0_16:
	.loc	1 0 5 is_stmt 0                 @ ../main_ns.c:0:5
	ldr	r0, __arm_cp.0_1
.Ltmp20:
	.loc	1 73 16 is_stmt 1               @ ../main_ns.c:73:16
	ldr	r0, [r0]
	movs	r1, #113
.Ltmp21:
	.loc	1 73 9 is_stmt 0                @ ../main_ns.c:73:9
	tst	r0, r1
	beq	.LBB0_18
	b	.LBB0_17
.LBB0_17:
	.loc	1 0 9                           @ ../main_ns.c:0:9
	ldr	r1, __arm_cp.0_1
	movs	r0, #113
.Ltmp22:
	.loc	1 75 24 is_stmt 1               @ ../main_ns.c:75:24
	str	r0, [r1]
	.loc	1 77 5                          @ ../main_ns.c:77:5
	b	.LBB0_18
.Ltmp23:
.LBB0_18:
	.loc	1 78 1 epilogue_begin           @ ../main_ns.c:78:1
	add	sp, #8
	pop	{r4, pc}
.Ltmp24:
	.p2align	2
@ %bb.19:
	.loc	1 0 1 is_stmt 0                 @ ../main_ns.c:0:1
__arm_cp.0_0:
	.long	1342640156                      @ 0x5007101c
.Lcpi_end0:
	.size	__arm_cp.0_0, .Lcpi_end0-__arm_cp.0_0
__arm_cp.0_1:
	.long	1342640152                      @ 0x50071018
.Lcpi_end1:
	.size	__arm_cp.0_1, .Lcpi_end1-__arm_cp.0_1
__arm_cp.0_2:
	.long	read_flag
.Lcpi_end2:
	.size	__arm_cp.0_2, .Lcpi_end2-__arm_cp.0_2
__arm_cp.0_3:
	.long	1342640128                      @ 0x50071000
.Lcpi_end3:
	.size	__arm_cp.0_3, .Lcpi_end3-__arm_cp.0_3
__arm_cp.0_4:
	.long	received_msg
.Lcpi_end4:
	.size	__arm_cp.0_4, .Lcpi_end4-__arm_cp.0_4
__arm_cp.0_5:
	.long	g_u32comRtail
.Lcpi_end5:
	.size	__arm_cp.0_5, .Lcpi_end5-__arm_cp.0_5
.Lfunc_end0:
	.size	UART1_IRQHandler, .Lfunc_end0-UART1_IRQHandler
	.cfi_endproc
	.cantunwind
	.fnend
                                        @ -- End function
	.section	.text.ReceiveMessage,"ax",%progbits
	.hidden	ReceiveMessage                  @ -- Begin function ReceiveMessage
	.globl	ReceiveMessage
	.p2align	2
	.type	ReceiveMessage,%function
	.code	16                              @ @ReceiveMessage
	.thumb_func
ReceiveMessage:
.Lfunc_begin1:
	.loc	1 80 0 is_stmt 1                @ ../main_ns.c:80:0
	.fnstart
	.cfi_startproc
@ %bb.0:
	.pad	#24
	sub	sp, #24
	.cfi_def_cfa_offset 24
	str	r0, [sp, #20]
	str	r1, [sp, #16]
	movs	r0, #0
.Ltmp25:
	.loc	1 81 9 prologue_end             @ ../main_ns.c:81:9
	str	r0, [sp, #12]
	.loc	1 82 5                          @ ../main_ns.c:82:5
	b	.LBB1_1
.LBB1_1:                                @ =>This Inner Loop Header: Depth=1
	.loc	1 82 12 is_stmt 0               @ ../main_ns.c:82:12
	ldr	r0, [sp, #12]
	.loc	1 82 20                         @ ../main_ns.c:82:20
	ldr	r1, [sp, #16]
	.loc	1 82 31                         @ ../main_ns.c:82:31
	subs	r1, r1, #1
	.loc	1 82 5                          @ ../main_ns.c:82:5
	cmp	r0, r1
	bge	.LBB1_7
	b	.LBB1_2
.LBB1_2:                                @   in Loop: Header=BB1_1 Depth=1
	.loc	1 0 5                           @ ../main_ns.c:0:5
	ldr	r0, __arm_cp.1_0
.Ltmp26:
	.loc	1 83 13 is_stmt 1               @ ../main_ns.c:83:13
	ldr	r0, [r0]
.Ltmp27:
	.loc	1 83 13 is_stmt 0               @ ../main_ns.c:83:13
	lsls	r0, r0, #31
	cbz	r0, .LBB1_6
	b	.LBB1_3
.LBB1_3:                                @   in Loop: Header=BB1_1 Depth=1
	.loc	1 0 13                          @ ../main_ns.c:0:13
	ldr	r0, __arm_cp.1_1
.Ltmp28:
	.loc	1 84 33 is_stmt 1               @ ../main_ns.c:84:33
	ldr	r1, [r0]
	add	r0, sp, #8
	.loc	1 84 18 is_stmt 0               @ ../main_ns.c:84:18
	strb	r1, [r0]
.Ltmp29:
	.loc	1 85 17 is_stmt 1               @ ../main_ns.c:85:17
	ldrb	r0, [r0]
.Ltmp30:
	.loc	1 85 17 is_stmt 0               @ ../main_ns.c:85:17
	cmp	r0, #36
	bne	.LBB1_5
	b	.LBB1_4
.LBB1_4:
.Ltmp31:
	.loc	1 86 17 is_stmt 1               @ ../main_ns.c:86:17
	b	.LBB1_7
.Ltmp32:
.LBB1_5:                                @   in Loop: Header=BB1_1 Depth=1
	.loc	1 88 31                         @ ../main_ns.c:88:31
	ldr	r0, [sp, #8]
	.loc	1 88 13 is_stmt 0               @ ../main_ns.c:88:13
	ldr	r1, [sp, #20]
	.loc	1 88 25                         @ ../main_ns.c:88:25
	ldr	r2, [sp, #12]
	adds	r3, r2, #1
	str	r3, [sp, #12]
	.loc	1 88 29                         @ ../main_ns.c:88:29
	strb	r0, [r1, r2]
	.loc	1 89 9 is_stmt 1                @ ../main_ns.c:89:9
	b	.LBB1_6
.Ltmp33:
.LBB1_6:                                @   in Loop: Header=BB1_1 Depth=1
	.loc	1 82 5                          @ ../main_ns.c:82:5
	b	.LBB1_1
.LBB1_7:
	.loc	1 91 5                          @ ../main_ns.c:91:5
	ldr	r1, [sp, #20]
	.loc	1 91 12 is_stmt 0               @ ../main_ns.c:91:12
	ldr	r2, [sp, #12]
	movs	r0, #0
	.loc	1 91 19                         @ ../main_ns.c:91:19
	str	r0, [sp]                        @ 4-byte Spill
	strb	r0, [r1, r2]
	.loc	1 92 12 is_stmt 1               @ ../main_ns.c:92:12
	ldr	r1, [sp, #12]
	movs	r0, #1
	.loc	1 92 18 is_stmt 0               @ ../main_ns.c:92:18
	cmp	r1, #0
	str	r0, [sp, #4]                    @ 4-byte Spill
	bgt	.LBB1_9
@ %bb.8:
	.loc	1 0 18                          @ ../main_ns.c:0:18
	ldr	r0, [sp]                        @ 4-byte Reload
	str	r0, [sp, #4]                    @ 4-byte Spill
.LBB1_9:
	.loc	1 92 18                         @ ../main_ns.c:92:18
	ldr	r0, [sp, #4]                    @ 4-byte Reload
	.loc	1 92 5 epilogue_begin           @ ../main_ns.c:92:5
	add	sp, #24
	bx	lr
.Ltmp34:
	.p2align	2
@ %bb.10:
	.loc	1 0 5                           @ ../main_ns.c:0:5
__arm_cp.1_0:
	.long	1342636060                      @ 0x5007001c
.Lcpi_end6:
	.size	__arm_cp.1_0, .Lcpi_end6-__arm_cp.1_0
__arm_cp.1_1:
	.long	1342636032                      @ 0x50070000
.Lcpi_end7:
	.size	__arm_cp.1_1, .Lcpi_end7-__arm_cp.1_1
.Lfunc_end1:
	.size	ReceiveMessage, .Lfunc_end1-ReceiveMessage
	.cfi_endproc
	.cantunwind
	.fnend
                                        @ -- End function
	.section	.text.main,"ax",%progbits
	.hidden	main                            @ -- Begin function main
	.globl	main
	.p2align	2
	.type	main,%function
	.code	16                              @ @main
	.thumb_func
main:
.Lfunc_begin2:
	.loc	1 98 0 is_stmt 1                @ ../main_ns.c:98:0
	.fnstart
	.cfi_startproc
@ %bb.0:
	.save	{r7, lr}
	push	{r7, lr}
	.cfi_def_cfa_offset 8
	.cfi_offset lr, -4
	.cfi_offset r7, -8
	.pad	#16
	sub	sp, #16
	.cfi_def_cfa_offset 24
	movs	r0, #0
	str	r0, [sp, #12]
.Ltmp35:
	.loc	1 99 5 prologue_end             @ ../main_ns.c:99:5
	bl	DEBUG_PORT_Init
	ldr	r0, __arm_cp.2_0
	str	r0, [sp, #8]                    @ 4-byte Spill
	movw	r1, #9600
	.loc	1 100 5                         @ ../main_ns.c:100:5
	bl	UART_Open
	ldr	r0, [sp, #8]                    @ 4-byte Reload
	.loc	1 101 5                         @ ../main_ns.c:101:5
	bl	UART_EnableFlowCtrl
	ldr	r0, [sp, #8]                    @ 4-byte Reload
	ldr	r2, __arm_cp.2_1
	.loc	1 105 17                        @ ../main_ns.c:105:17
	ldr	r1, [r2]
	movs	r3, #15
	lsls	r3, r3, #16
	.loc	1 105 22 is_stmt 0              @ ../main_ns.c:105:22
	bics	r1, r3
	movs	r3, #1
	lsls	r3, r3, #17
	.loc	1 105 51                        @ ../main_ns.c:105:51
	adds	r1, r1, r3
	.loc	1 104 17 is_stmt 1              @ ../main_ns.c:104:17
	str	r1, [r2]
	.loc	1 109 17                        @ ../main_ns.c:109:17
	ldr	r1, [r2]
	movs	r3, #32
	.loc	1 109 22 is_stmt 0              @ ../main_ns.c:109:22
	orrs	r1, r3
	movs	r3, #208
	.loc	1 109 48                        @ ../main_ns.c:109:48
	bics	r1, r3
	.loc	1 108 17 is_stmt 1              @ ../main_ns.c:108:17
	str	r1, [r2]
	movs	r1, #62
	.loc	1 112 5                         @ ../main_ns.c:112:5
	bl	UART_SetTimeoutCnt
	.loc	1 113 5                         @ ../main_ns.c:113:5
	bl	UART1_Interrupt_Enable
	.loc	1 114 5                         @ ../main_ns.c:114:5
	bl	BLE_Init
	.loc	1 116 5                         @ ../main_ns.c:116:5
	ldr	r0, __arm_cp.2_2
	bl	Secure_BLE_callback
	.loc	1 117 5                         @ ../main_ns.c:117:5
	ldr	r0, __arm_cp.2_3
	bl	Secure_Free
	movw	r0, #1000
	.loc	1 125 28                        @ ../main_ns.c:125:28
	bl	malloc
	.loc	1 125 18 is_stmt 0              @ ../main_ns.c:125:18
	ldr	r1, __arm_cp.2_4
	str	r0, [r1]
	.loc	1 129 5 is_stmt 1               @ ../main_ns.c:129:5
	b	.LBB2_1
.LBB2_1:                                @ =>This Inner Loop Header: Depth=1
.Ltmp36:
	.loc	1 132 24                        @ ../main_ns.c:132:24
	ldr	r0, __arm_cp.2_4
	str	r0, [sp, #4]                    @ 4-byte Spill
	ldr	r0, [r0]
	movw	r1, #1000
	.loc	1 132 9 is_stmt 0               @ ../main_ns.c:132:9
	bl	ReceiveMessage
	movs	r0, #0
	.loc	1 135 9 is_stmt 1               @ ../main_ns.c:135:9
	bl	Execution_Time_Measurement
	ldr	r0, [sp, #4]                    @ 4-byte Reload
	.loc	1 136 24                        @ ../main_ns.c:136:24
	ldr	r0, [r0]
	.loc	1 136 9 is_stmt 0               @ ../main_ns.c:136:9
	bl	Secure_receive
	movs	r0, #1
	.loc	1 137 9 is_stmt 1               @ ../main_ns.c:137:9
	bl	Execution_Time_Measurement
	ldr	r0, [sp, #4]                    @ 4-byte Reload
.Ltmp37:
	.loc	1 139 13                        @ ../main_ns.c:139:13
	ldr	r0, [r0]
.Ltmp38:
	.loc	1 139 13 is_stmt 0              @ ../main_ns.c:139:13
	cbnz	r0, .LBB2_3
	b	.LBB2_2
.LBB2_2:                                @   in Loop: Header=BB2_1 Depth=1
.Ltmp39:
	.loc	1 140 13 is_stmt 1              @ ../main_ns.c:140:13
	ldr	r0, __arm_cp.2_6
	bl	BLE_SendCommand
	movw	r0, #1000
	.loc	1 141 36                        @ ../main_ns.c:141:36
	bl	malloc
	.loc	1 141 26 is_stmt 0              @ ../main_ns.c:141:26
	ldr	r1, __arm_cp.2_4
	str	r0, [r1]
	.loc	1 142 9 is_stmt 1               @ ../main_ns.c:142:9
	b	.LBB2_4
.Ltmp40:
.LBB2_3:                                @   in Loop: Header=BB2_1 Depth=1
	.loc	1 143 13                        @ ../main_ns.c:143:13
	ldr	r0, __arm_cp.2_5
	bl	BLE_SendCommand
	b	.LBB2_4
.Ltmp41:
.LBB2_4:                                @   in Loop: Header=BB2_1 Depth=1
	.loc	1 129 5                         @ ../main_ns.c:129:5
	b	.LBB2_1
.Ltmp42:
	.p2align	2
@ %bb.5:
	.loc	1 0 5 is_stmt 0                 @ ../main_ns.c:0:5
__arm_cp.2_0:
	.long	1342640128                      @ 0x50071000
.Lcpi_end8:
	.size	__arm_cp.2_0, .Lcpi_end8-__arm_cp.2_0
__arm_cp.2_1:
	.long	1342640136                      @ 0x50071008
.Lcpi_end9:
	.size	__arm_cp.2_1, .Lcpi_end9-__arm_cp.2_1
__arm_cp.2_2:
	.long	NonSecure_BLE_send
.Lcpi_end10:
	.size	__arm_cp.2_2, .Lcpi_end10-__arm_cp.2_2
__arm_cp.2_3:
	.long	FreeMSG
.Lcpi_end11:
	.size	__arm_cp.2_3, .Lcpi_end11-__arm_cp.2_3
__arm_cp.2_4:
	.long	received_msg
.Lcpi_end12:
	.size	__arm_cp.2_4, .Lcpi_end12-__arm_cp.2_4
__arm_cp.2_5:
	.long	.L.str.1
.Lcpi_end13:
	.size	__arm_cp.2_5, .Lcpi_end13-__arm_cp.2_5
__arm_cp.2_6:
	.long	.L.str
.Lcpi_end14:
	.size	__arm_cp.2_6, .Lcpi_end14-__arm_cp.2_6
.Lfunc_end2:
	.size	main, .Lfunc_end2-main
	.cfi_endproc
	.fnend
                                        @ -- End function
	.section	.text.DEBUG_PORT_Init,"ax",%progbits
	.hidden	DEBUG_PORT_Init                 @ -- Begin function DEBUG_PORT_Init
	.globl	DEBUG_PORT_Init
	.p2align	2
	.type	DEBUG_PORT_Init,%function
	.code	16                              @ @DEBUG_PORT_Init
	.thumb_func
DEBUG_PORT_Init:
.Lfunc_begin3:
	.loc	1 148 0 is_stmt 1               @ ../main_ns.c:148:0
	.fnstart
	.cfi_startproc
@ %bb.0:
	ldr	r1, __arm_cp.3_0
	ldr	r0, __arm_cp.3_1
.Ltmp43:
	.loc	1 153 22 prologue_end           @ ../main_ns.c:153:22
	str	r0, [r1]
	ldr	r1, __arm_cp.3_2
	movs	r0, #3
	.loc	1 155 22                        @ ../main_ns.c:155:22
	str	r0, [r1]
	.loc	1 156 1                         @ ../main_ns.c:156:1
	bx	lr
.Ltmp44:
	.p2align	2
@ %bb.1:
	.loc	1 0 1 is_stmt 0                 @ ../main_ns.c:0:1
__arm_cp.3_0:
	.long	1342640164                      @ 0x50071024
.Lcpi_end15:
	.size	__arm_cp.3_0, .Lcpi_end15-__arm_cp.3_0
__arm_cp.3_1:
	.long	805306470                       @ 0x30000066
.Lcpi_end16:
	.size	__arm_cp.3_1, .Lcpi_end16-__arm_cp.3_1
__arm_cp.3_2:
	.long	1342640140                      @ 0x5007100c
.Lcpi_end17:
	.size	__arm_cp.3_2, .Lcpi_end17-__arm_cp.3_2
.Lfunc_end3:
	.size	DEBUG_PORT_Init, .Lfunc_end3-DEBUG_PORT_Init
	.cfi_endproc
	.cantunwind
	.fnend
                                        @ -- End function
	.section	.text.UART1_Interrupt_Enable,"ax",%progbits
	.hidden	UART1_Interrupt_Enable          @ -- Begin function UART1_Interrupt_Enable
	.globl	UART1_Interrupt_Enable
	.p2align	2
	.type	UART1_Interrupt_Enable,%function
	.code	16                              @ @UART1_Interrupt_Enable
	.thumb_func
UART1_Interrupt_Enable:
.Lfunc_begin4:
	.loc	1 262 0 is_stmt 1               @ ../main_ns.c:262:0
	.fnstart
	.cfi_startproc
@ %bb.0:
	.save	{r7, lr}
	push	{r7, lr}
	.cfi_def_cfa_offset 8
	.cfi_offset lr, -4
	.cfi_offset r7, -8
	ldr	r0, __arm_cp.4_0
	movs	r1, #21
.Ltmp45:
	.loc	1 264 5 prologue_end            @ ../main_ns.c:264:5
	bl	UART_EnableInt
	movs	r0, #37
	.loc	1 266 5                         @ ../main_ns.c:266:5
	bl	__NVIC_EnableIRQ
	.loc	1 267 1 epilogue_begin          @ ../main_ns.c:267:1
	pop	{r7, pc}
.Ltmp46:
	.p2align	2
@ %bb.1:
	.loc	1 0 1 is_stmt 0                 @ ../main_ns.c:0:1
__arm_cp.4_0:
	.long	1342640128                      @ 0x50071000
.Lcpi_end18:
	.size	__arm_cp.4_0, .Lcpi_end18-__arm_cp.4_0
.Lfunc_end4:
	.size	UART1_Interrupt_Enable, .Lfunc_end4-UART1_Interrupt_Enable
	.cfi_endproc
	.fnend
                                        @ -- End function
	.section	.text.BLE_Init,"ax",%progbits
	.hidden	BLE_Init                        @ -- Begin function BLE_Init
	.globl	BLE_Init
	.p2align	2
	.type	BLE_Init,%function
	.code	16                              @ @BLE_Init
	.thumb_func
BLE_Init:
.Lfunc_begin5:
	.loc	1 238 0 is_stmt 1               @ ../main_ns.c:238:0
	.fnstart
	.cfi_startproc
@ %bb.0:
	.save	{r7, lr}
	push	{r7, lr}
	.cfi_def_cfa_offset 8
	.cfi_offset lr, -4
	.cfi_offset r7, -8
	ldr	r0, __arm_cp.5_0
.Ltmp47:
	.loc	1 241 5 prologue_end            @ ../main_ns.c:241:5
	bl	CLK_SysTickDelay
	.loc	1 244 5                         @ ../main_ns.c:244:5
	ldr	r0, __arm_cp.5_1
	bl	BLE_SendCommand
	.loc	1 247 5                         @ ../main_ns.c:247:5
	ldr	r0, __arm_cp.5_2
	bl	BLE_SendCommand
	.loc	1 250 5                         @ ../main_ns.c:250:5
	ldr	r0, __arm_cp.5_3
	bl	BLE_SendCommand
	.loc	1 253 1 epilogue_begin          @ ../main_ns.c:253:1
	pop	{r7, pc}
.Ltmp48:
	.p2align	2
@ %bb.1:
	.loc	1 0 1 is_stmt 0                 @ ../main_ns.c:0:1
__arm_cp.5_0:
	.long	1000000                         @ 0xf4240
.Lcpi_end19:
	.size	__arm_cp.5_0, .Lcpi_end19-__arm_cp.5_0
__arm_cp.5_1:
	.long	.L.str.5
.Lcpi_end20:
	.size	__arm_cp.5_1, .Lcpi_end20-__arm_cp.5_1
__arm_cp.5_2:
	.long	.L.str.6
.Lcpi_end21:
	.size	__arm_cp.5_2, .Lcpi_end21-__arm_cp.5_2
__arm_cp.5_3:
	.long	.L.str.7
.Lcpi_end22:
	.size	__arm_cp.5_3, .Lcpi_end22-__arm_cp.5_3
.Lfunc_end5:
	.size	BLE_Init, .Lfunc_end5-BLE_Init
	.cfi_endproc
	.fnend
                                        @ -- End function
	.section	.text.NonSecure_BLE_send,"ax",%progbits
	.hidden	NonSecure_BLE_send              @ -- Begin function NonSecure_BLE_send
	.globl	NonSecure_BLE_send
	.p2align	1
	.type	NonSecure_BLE_send,%function
	.code	16                              @ @NonSecure_BLE_send
	.thumb_func
NonSecure_BLE_send:
.Lfunc_begin6:
	.loc	1 205 0 is_stmt 1               @ ../main_ns.c:205:0
	.fnstart
	.cfi_startproc
@ %bb.0:
	.save	{r7, lr}
	push	{r7, lr}
	.cfi_def_cfa_offset 8
	.cfi_offset lr, -4
	.cfi_offset r7, -8
	.pad	#8
	sub	sp, #8
	.cfi_def_cfa_offset 16
	mov	r1, r0
                                        @ kill: def $r0 killed $r1
	add	r0, sp, #4
	strb	r1, [r0]
.Ltmp49:
	.loc	1 206 21 prologue_end           @ ../main_ns.c:206:21
	ldrb	r0, [r0]
	.loc	1 206 5 is_stmt 0               @ ../main_ns.c:206:5
	bl	BLE_SendMessage
	movs	r0, #1
	.loc	1 207 5 epilogue_begin is_stmt 1 @ ../main_ns.c:207:5
	add	sp, #8
	pop	{r7, pc}
.Ltmp50:
.Lfunc_end6:
	.size	NonSecure_BLE_send, .Lfunc_end6-NonSecure_BLE_send
	.cfi_endproc
	.fnend
                                        @ -- End function
	.section	.text.FreeMSG,"ax",%progbits
	.hidden	FreeMSG                         @ -- Begin function FreeMSG
	.globl	FreeMSG
	.p2align	2
	.type	FreeMSG,%function
	.code	16                              @ @FreeMSG
	.thumb_func
FreeMSG:
.Lfunc_begin7:
	.loc	1 210 0                         @ ../main_ns.c:210:0
	.fnstart
	.cfi_startproc
@ %bb.0:
	.save	{r7, lr}
	push	{r7, lr}
	.cfi_def_cfa_offset 8
	.cfi_offset lr, -4
	.cfi_offset r7, -8
	.pad	#8
	sub	sp, #8
	.cfi_def_cfa_offset 16
	str	r0, [sp, #4]
.Ltmp51:
	.loc	1 211 9 prologue_end            @ ../main_ns.c:211:9
	ldr	r0, [sp, #4]
.Ltmp52:
	.loc	1 211 9 is_stmt 0               @ ../main_ns.c:211:9
	adds	r0, r0, #1
	cbnz	r0, .LBB7_2
	b	.LBB7_1
.LBB7_1:
.Ltmp53:
	.loc	1 212 9 is_stmt 1               @ ../main_ns.c:212:9
	ldr	r0, __arm_cp.7_1
	bl	BLE_SendCommand
	.loc	1 213 5                         @ ../main_ns.c:213:5
	b	.LBB7_5
.Ltmp54:
.LBB7_2:
	.loc	1 213 16 is_stmt 0              @ ../main_ns.c:213:16
	ldr	r0, [sp, #4]
.Ltmp55:
	.loc	1 213 16                        @ ../main_ns.c:213:16
	adds	r0, r0, #2
	cbnz	r0, .LBB7_4
	b	.LBB7_3
.LBB7_3:
.Ltmp56:
	.loc	1 214 9 is_stmt 1               @ ../main_ns.c:214:9
	ldr	r0, __arm_cp.7_0
	bl	BLE_SendCommand
	.loc	1 215 5                         @ ../main_ns.c:215:5
	b	.LBB7_4
.Ltmp57:
.LBB7_4:
	.loc	1 0 5 is_stmt 0                 @ ../main_ns.c:0:5
	b	.LBB7_5
.LBB7_5:
.Ltmp58:
	.loc	1 216 9 is_stmt 1               @ ../main_ns.c:216:9
	ldr	r0, __arm_cp.7_2
	ldr	r0, [r0]
.Ltmp59:
	.loc	1 216 9 is_stmt 0               @ ../main_ns.c:216:9
	cbz	r0, .LBB7_7
	b	.LBB7_6
.LBB7_6:
.Ltmp60:
	.loc	1 217 14 is_stmt 1              @ ../main_ns.c:217:14
	ldr	r0, __arm_cp.7_2
	str	r0, [sp]                        @ 4-byte Spill
	ldr	r0, [r0]
	.loc	1 217 9 is_stmt 0               @ ../main_ns.c:217:9
	bl	free
	ldr	r1, [sp]                        @ 4-byte Reload
	movs	r0, #0
	.loc	1 218 22 is_stmt 1              @ ../main_ns.c:218:22
	str	r0, [r1]
	.loc	1 219 9                         @ ../main_ns.c:219:9
	ldr	r0, __arm_cp.7_3
	bl	BLE_SendCommand
	.loc	1 220 5                         @ ../main_ns.c:220:5
	b	.LBB7_7
.Ltmp61:
.LBB7_7:
	.loc	1 0 5 is_stmt 0                 @ ../main_ns.c:0:5
	movs	r0, #1
	.loc	1 221 5 epilogue_begin is_stmt 1 @ ../main_ns.c:221:5
	add	sp, #8
	pop	{r7, pc}
.Ltmp62:
	.p2align	2
@ %bb.8:
	.loc	1 0 5 is_stmt 0                 @ ../main_ns.c:0:5
__arm_cp.7_0:
	.long	.L.str.3
.Lcpi_end23:
	.size	__arm_cp.7_0, .Lcpi_end23-__arm_cp.7_0
__arm_cp.7_1:
	.long	.L.str.2
.Lcpi_end24:
	.size	__arm_cp.7_1, .Lcpi_end24-__arm_cp.7_1
__arm_cp.7_2:
	.long	received_msg
.Lcpi_end25:
	.size	__arm_cp.7_2, .Lcpi_end25-__arm_cp.7_2
__arm_cp.7_3:
	.long	.L.str.4
.Lcpi_end26:
	.size	__arm_cp.7_3, .Lcpi_end26-__arm_cp.7_3
.Lfunc_end7:
	.size	FreeMSG, .Lfunc_end7-FreeMSG
	.cfi_endproc
	.fnend
                                        @ -- End function
	.section	.text.Execution_Time_Measurement,"ax",%progbits
	.hidden	Execution_Time_Measurement      @ -- Begin function Execution_Time_Measurement
	.globl	Execution_Time_Measurement
	.p2align	2
	.type	Execution_Time_Measurement,%function
	.code	16                              @ @Execution_Time_Measurement
	.thumb_func
Execution_Time_Measurement:
.Lfunc_begin8:
	.loc	1 269 0 is_stmt 1               @ ../main_ns.c:269:0
	.fnstart
	.cfi_startproc
@ %bb.0:
	.save	{r7, lr}
	push	{r7, lr}
	.cfi_def_cfa_offset 8
	.cfi_offset lr, -4
	.cfi_offset r7, -8
	.pad	#32
	sub	sp, #32
	.cfi_def_cfa_offset 40
	str	r0, [sp, #28]
.Ltmp63:
	.loc	1 271 9 prologue_end            @ ../main_ns.c:271:9
	ldr	r0, [sp, #28]
.Ltmp64:
	.loc	1 271 9 is_stmt 0               @ ../main_ns.c:271:9
	cbz	r0, .LBB8_2
	b	.LBB8_1
.LBB8_1:
	.loc	1 0 9                           @ ../main_ns.c:0:9
	movs	r0, #0
.Ltmp65:
	.loc	1 272 13 is_stmt 1              @ ../main_ns.c:272:13
	str	r0, [sp, #24]
	ldr	r0, __arm_cp.8_0
	.loc	1 274 15                        @ ../main_ns.c:274:15
	bl	TIMER_GetCounter
	.loc	1 274 13 is_stmt 0              @ ../main_ns.c:274:13
	str	r0, [sp, #24]
	.loc	1 276 9 is_stmt 1               @ ../main_ns.c:276:9
	ldr	r0, __arm_cp.8_4
	bl	Secure_func
	.loc	1 278 28                        @ ../main_ns.c:278:28
	ldr	r2, [sp, #24]
	.loc	1 278 9 is_stmt 0               @ ../main_ns.c:278:9
	ldr	r1, __arm_cp.8_5
	add	r0, sp, #12
	str	r0, [sp, #8]                    @ 4-byte Spill
	bl	sprintf
                                        @ kill: def $r1 killed $r0
	.loc	1 279 9 is_stmt 1               @ ../main_ns.c:279:9
	ldr	r0, [sp, #8]                    @ 4-byte Reload
	bl	Secure_func
	.loc	1 280 9                         @ ../main_ns.c:280:9
	ldr	r0, __arm_cp.8_6
	bl	Secure_func
	.loc	1 281 5                         @ ../main_ns.c:281:5
	b	.LBB8_3
.Ltmp66:
.LBB8_2:
	.loc	1 0 5 is_stmt 0                 @ ../main_ns.c:0:5
	movs	r0, #1
	lsls	r1, r0, #27
	ldr	r0, __arm_cp.8_0
	str	r0, [sp, #4]                    @ 4-byte Spill
	ldr	r2, __arm_cp.8_1
.Ltmp67:
	.loc	1 285 9 is_stmt 1               @ ../main_ns.c:285:9
	bl	TIMER_Open
                                        @ kill: def $r1 killed $r0
	.loc	1 287 9                         @ ../main_ns.c:287:9
	ldr	r0, [sp, #4]                    @ 4-byte Reload
	ldr	r1, [r0]
	movs	r2, #31
	orrs	r1, r2
	movs	r2, #224
	bics	r1, r2
	str	r1, [r0]
	ldr	r2, __arm_cp.8_2
	ldr	r1, __arm_cp.8_3
	.loc	1 289 9                         @ ../main_ns.c:289:9
	str	r1, [r2]
	.loc	1 291 9                         @ ../main_ns.c:291:9
	bl	TIMER_ResetCounter
                                        @ kill: def $r1 killed $r0
	.loc	1 293 9                         @ ../main_ns.c:293:9
	ldr	r0, [sp, #4]                    @ 4-byte Reload
	bl	TIMER_Start
	b	.LBB8_3
.Ltmp68:
.LBB8_3:
	.loc	1 297 1 epilogue_begin          @ ../main_ns.c:297:1
	add	sp, #32
	pop	{r7, pc}
.Ltmp69:
	.p2align	2
@ %bb.4:
	.loc	1 0 1 is_stmt 0                 @ ../main_ns.c:0:1
__arm_cp.8_0:
	.long	1342509056                      @ 0x50051000
.Lcpi_end27:
	.size	__arm_cp.8_0, .Lcpi_end27-__arm_cp.8_0
__arm_cp.8_1:
	.long	10000                           @ 0x2710
.Lcpi_end28:
	.size	__arm_cp.8_1, .Lcpi_end28-__arm_cp.8_1
__arm_cp.8_2:
	.long	1342509060                      @ 0x50051004
.Lcpi_end29:
	.size	__arm_cp.8_2, .Lcpi_end29-__arm_cp.8_2
__arm_cp.8_3:
	.long	16777215                        @ 0xffffff
.Lcpi_end30:
	.size	__arm_cp.8_3, .Lcpi_end30-__arm_cp.8_3
__arm_cp.8_4:
	.long	.L.str.8
.Lcpi_end31:
	.size	__arm_cp.8_4, .Lcpi_end31-__arm_cp.8_4
__arm_cp.8_5:
	.long	.L.str.9
.Lcpi_end32:
	.size	__arm_cp.8_5, .Lcpi_end32-__arm_cp.8_5
__arm_cp.8_6:
	.long	.L.str.10
.Lcpi_end33:
	.size	__arm_cp.8_6, .Lcpi_end33-__arm_cp.8_6
.Lfunc_end8:
	.size	Execution_Time_Measurement, .Lfunc_end8-Execution_Time_Measurement
	.cfi_endproc
	.fnend
                                        @ -- End function
	.section	.text.BLE_SendCommand,"ax",%progbits
	.hidden	BLE_SendCommand                 @ -- Begin function BLE_SendCommand
	.globl	BLE_SendCommand
	.p2align	2
	.type	BLE_SendCommand,%function
	.code	16                              @ @BLE_SendCommand
	.thumb_func
BLE_SendCommand:
.Lfunc_begin9:
	.loc	1 184 0 is_stmt 1               @ ../main_ns.c:184:0
	.fnstart
	.cfi_startproc
@ %bb.0:
	.save	{r7, lr}
	push	{r7, lr}
	.cfi_def_cfa_offset 8
	.cfi_offset lr, -4
	.cfi_offset r7, -8
	.pad	#8
	sub	sp, #8
	.cfi_def_cfa_offset 16
	str	r0, [sp, #4]
	movs	r0, #0
.Ltmp70:
	.loc	1 187 9 prologue_end            @ ../main_ns.c:187:9
	str	r0, [sp]
	.loc	1 188 5                         @ ../main_ns.c:188:5
	b	.LBB9_1
.LBB9_1:                                @ =>This Loop Header: Depth=1
                                        @     Child Loop BB9_3 Depth 2
	.loc	1 188 12 is_stmt 0              @ ../main_ns.c:188:12
	ldr	r0, [sp, #4]
	.loc	1 188 16                        @ ../main_ns.c:188:16
	ldr	r1, [sp]
	.loc	1 188 12                        @ ../main_ns.c:188:12
	ldrb	r0, [r0, r1]
	.loc	1 188 5                         @ ../main_ns.c:188:5
	cbz	r0, .LBB9_6
	b	.LBB9_2
.LBB9_2:                                @   in Loop: Header=BB9_1 Depth=1
.Ltmp71:
	.loc	1 189 9 is_stmt 1               @ ../main_ns.c:189:9
	ldr	r0, [sp, #4]
	ldr	r1, [sp]
	ldrb	r0, [r0, r1]
	ldr	r1, __arm_cp.9_0
	str	r0, [r1]
	.loc	1 190 9                         @ ../main_ns.c:190:9
	b	.LBB9_3
.LBB9_3:                                @   Parent Loop BB9_1 Depth=1
                                        @ =>  This Inner Loop Header: Depth=2
	.loc	1 0 9 is_stmt 0                 @ ../main_ns.c:0:9
	ldr	r0, __arm_cp.9_1
	.loc	1 190 16                        @ ../main_ns.c:190:16
	ldr	r0, [r0]
	movs	r1, #1
	lsls	r1, r1, #23
	ands	r0, r1
	lsrs	r0, r0, #23
	.loc	1 190 9                         @ ../main_ns.c:190:9
	cbz	r0, .LBB9_5
	b	.LBB9_4
.LBB9_4:                                @   in Loop: Header=BB9_3 Depth=2
	b	.LBB9_3
.LBB9_5:                                @   in Loop: Header=BB9_1 Depth=1
	.loc	1 192 10 is_stmt 1              @ ../main_ns.c:192:10
	ldr	r0, [sp]
	adds	r0, r0, #1
	str	r0, [sp]
.Ltmp72:
	.loc	1 188 5                         @ ../main_ns.c:188:5
	b	.LBB9_1
.LBB9_6:
	.loc	1 0 5 is_stmt 0                 @ ../main_ns.c:0:5
	ldr	r1, __arm_cp.9_0
	movs	r0, #13
	.loc	1 195 5 is_stmt 1               @ ../main_ns.c:195:5
	str	r0, [r1]
	.loc	1 196 5                         @ ../main_ns.c:196:5
	b	.LBB9_7
.LBB9_7:                                @ =>This Inner Loop Header: Depth=1
	.loc	1 0 5 is_stmt 0                 @ ../main_ns.c:0:5
	ldr	r0, __arm_cp.9_1
	.loc	1 196 12                        @ ../main_ns.c:196:12
	ldr	r0, [r0]
	movs	r1, #1
	lsls	r1, r1, #23
	ands	r0, r1
	lsrs	r0, r0, #23
	.loc	1 196 5                         @ ../main_ns.c:196:5
	cbz	r0, .LBB9_9
	b	.LBB9_8
.LBB9_8:                                @   in Loop: Header=BB9_7 Depth=1
	b	.LBB9_7
.LBB9_9:
	.loc	1 0 5                           @ ../main_ns.c:0:5
	ldr	r1, __arm_cp.9_0
	movs	r0, #10
	.loc	1 198 5 is_stmt 1               @ ../main_ns.c:198:5
	str	r0, [r1]
	.loc	1 199 5                         @ ../main_ns.c:199:5
	b	.LBB9_10
.LBB9_10:                               @ =>This Inner Loop Header: Depth=1
	.loc	1 0 5 is_stmt 0                 @ ../main_ns.c:0:5
	ldr	r0, __arm_cp.9_1
	.loc	1 199 12                        @ ../main_ns.c:199:12
	ldr	r0, [r0]
	movs	r1, #1
	lsls	r1, r1, #23
	ands	r0, r1
	lsrs	r0, r0, #23
	.loc	1 199 5                         @ ../main_ns.c:199:5
	cbz	r0, .LBB9_12
	b	.LBB9_11
.LBB9_11:                               @   in Loop: Header=BB9_10 Depth=1
	b	.LBB9_10
.LBB9_12:
	.loc	1 0 5                           @ ../main_ns.c:0:5
	ldr	r0, __arm_cp.9_2
	.loc	1 202 5 is_stmt 1               @ ../main_ns.c:202:5
	bl	CLK_SysTickDelay
	.loc	1 203 1 epilogue_begin          @ ../main_ns.c:203:1
	add	sp, #8
	pop	{r7, pc}
.Ltmp73:
	.p2align	2
@ %bb.13:
	.loc	1 0 1 is_stmt 0                 @ ../main_ns.c:0:1
__arm_cp.9_0:
	.long	1342640128                      @ 0x50071000
.Lcpi_end34:
	.size	__arm_cp.9_0, .Lcpi_end34-__arm_cp.9_0
__arm_cp.9_1:
	.long	1342640152                      @ 0x50071018
.Lcpi_end35:
	.size	__arm_cp.9_1, .Lcpi_end35-__arm_cp.9_1
__arm_cp.9_2:
	.long	500000                          @ 0x7a120
.Lcpi_end36:
	.size	__arm_cp.9_2, .Lcpi_end36-__arm_cp.9_2
.Lfunc_end9:
	.size	BLE_SendCommand, .Lfunc_end9-BLE_SendCommand
	.cfi_endproc
	.fnend
                                        @ -- End function
	.section	.text.App_Init,"ax",%progbits
	.hidden	App_Init                        @ -- Begin function App_Init
	.globl	App_Init
	.p2align	2
	.type	App_Init,%function
	.code	16                              @ @App_Init
	.thumb_func
App_Init:
.Lfunc_begin10:
	.loc	1 158 0 is_stmt 1               @ ../main_ns.c:158:0
	.fnstart
	.cfi_startproc
@ %bb.0:
	.save	{r7, lr}
	push	{r7, lr}
	.cfi_def_cfa_offset 8
	.cfi_offset lr, -4
	.cfi_offset r7, -8
	.pad	#16
	sub	sp, #16
	.cfi_def_cfa_offset 24
	str	r0, [sp, #12]
	ldr	r0, __arm_cp.10_0
.Ltmp74:
	.loc	1 164 41 prologue_end           @ ../main_ns.c:164:41
	ldr	r0, [r0]
	.loc	1 164 21 is_stmt 0              @ ../main_ns.c:164:21
	ldr	r0, [r0, #4]
	.loc	1 164 8                         @ ../main_ns.c:164:8
	str	r0, [sp, #8]
	.loc	1 167 20 is_stmt 1              @ ../main_ns.c:167:20
	ldr	r0, [sp, #12]
	ldr	r0, [r0]
	.loc	1 167 18 is_stmt 0              @ ../main_ns.c:167:18
	str	r0, [sp, #4]
.Ltmp75:
	.loc	1 168 10 is_stmt 1              @ ../main_ns.c:168:10
	ldr	r0, [sp, #4]
	.loc	1 168 40 is_stmt 0              @ ../main_ns.c:168:40
	lsrs	r0, r0, #28
	cmp	r0, #3
	blo	.LBB10_3
	b	.LBB10_1
.LBB10_1:
	.loc	1 168 44                        @ ../main_ns.c:168:44
	ldr	r0, [sp, #4]
.Ltmp76:
	.loc	1 168 9                         @ ../main_ns.c:168:9
	lsrs	r0, r0, #30
	cbnz	r0, .LBB10_3
	b	.LBB10_2
.LBB10_2:
.Ltmp77:
	.loc	1 171 21 is_stmt 1              @ ../main_ns.c:171:21
	ldr	r0, [sp, #12]
	ldr	r1, __arm_cp.10_0
	.loc	1 171 19 is_stmt 0              @ ../main_ns.c:171:19
	str	r0, [r1]
	.loc	1 173 9 is_stmt 1               @ ../main_ns.c:173:9
	ldr	r1, [sp, #8]
	movs	r0, #0
	blx	r1
	.loc	1 174 5                         @ ../main_ns.c:174:5
	b	.LBB10_5
.Ltmp78:
.LBB10_3:
	.loc	1 178 9                         @ ../main_ns.c:178:9
	b	.LBB10_4
.LBB10_4:                               @ =>This Inner Loop Header: Depth=1
	b	.LBB10_4
.Ltmp79:
.LBB10_5:
	.loc	1 181 1 epilogue_begin          @ ../main_ns.c:181:1
	add	sp, #16
	pop	{r7, pc}
.Ltmp80:
	.p2align	2
@ %bb.6:
	.loc	1 0 1 is_stmt 0                 @ ../main_ns.c:0:1
__arm_cp.10_0:
	.long	3758157064                      @ 0xe000ed08
.Lcpi_end37:
	.size	__arm_cp.10_0, .Lcpi_end37-__arm_cp.10_0
.Lfunc_end10:
	.size	App_Init, .Lfunc_end10-App_Init
	.cfi_endproc
	.fnend
                                        @ -- End function
	.section	.text.CLK_SysTickDelay,"ax",%progbits
	.p2align	2                               @ -- Begin function CLK_SysTickDelay
	.type	CLK_SysTickDelay,%function
	.code	16                              @ @CLK_SysTickDelay
	.thumb_func
CLK_SysTickDelay:
.Lfunc_begin11:
	.file	7 "C:\\Users\\LogoslabMiniPC\\GitHub_Box_Windows\\logoslab\\M2354\\Old_M2354_BSP_300004\\SampleCode\\TrustZone\\Borhan-E-Voting-System\\Nonsecure\\KEIL" "../../../../../Library/StdDriver/inc\\clk.h"
	.loc	7 985 0 is_stmt 1               @ ../../../../../Library/StdDriver/inc\clk.h:985:0
	.fnstart
	.cfi_startproc
@ %bb.0:
	.pad	#4
	sub	sp, #4
	.cfi_def_cfa_offset 4
	str	r0, [sp]
.Ltmp81:
	.loc	7 986 21 prologue_end           @ ../../../../../Library/StdDriver/inc\clk.h:986:21
	ldr	r1, [sp]
	.loc	7 986 26 is_stmt 0              @ ../../../../../Library/StdDriver/inc\clk.h:986:26
	ldr	r0, __arm_cp.11_0
	ldr	r0, [r0]
	.loc	7 986 24                        @ ../../../../../Library/StdDriver/inc\clk.h:986:24
	muls	r0, r1, r0
	ldr	r1, __arm_cp.11_1
	.loc	7 986 19                        @ ../../../../../Library/StdDriver/inc\clk.h:986:19
	str	r0, [r1]
	ldr	r1, __arm_cp.11_2
	movs	r0, #0
	.loc	7 987 19 is_stmt 1              @ ../../../../../Library/StdDriver/inc\clk.h:987:19
	str	r0, [r1]
	ldr	r1, __arm_cp.11_3
	movs	r0, #5
	.loc	7 988 19                        @ ../../../../../Library/StdDriver/inc\clk.h:988:19
	str	r0, [r1]
	.loc	7 991 5                         @ ../../../../../Library/StdDriver/inc\clk.h:991:5
	b	.LBB11_1
.LBB11_1:                               @ =>This Inner Loop Header: Depth=1
	.loc	7 0 5 is_stmt 0                 @ ../../../../../Library/StdDriver/inc\clk.h:0:5
	ldr	r0, __arm_cp.11_3
	.loc	7 991 21                        @ ../../../../../Library/StdDriver/inc\clk.h:991:21
	ldr	r0, [r0]
	.loc	7 991 5                         @ ../../../../../Library/StdDriver/inc\clk.h:991:5
	lsls	r0, r0, #15
	cmp	r0, #0
	bmi	.LBB11_3
	b	.LBB11_2
.LBB11_2:                               @   in Loop: Header=BB11_1 Depth=1
	b	.LBB11_1
.LBB11_3:
	.loc	7 0 5                           @ ../../../../../Library/StdDriver/inc\clk.h:0:5
	ldr	r1, __arm_cp.11_3
	movs	r0, #0
	.loc	7 996 19 is_stmt 1              @ ../../../../../Library/StdDriver/inc\clk.h:996:19
	str	r0, [r1]
	.loc	7 997 1 epilogue_begin          @ ../../../../../Library/StdDriver/inc\clk.h:997:1
	add	sp, #4
	bx	lr
.Ltmp82:
	.p2align	2
@ %bb.4:
	.loc	7 0 1 is_stmt 0                 @ ../../../../../Library/StdDriver/inc\clk.h:0:1
__arm_cp.11_0:
	.long	CyclesPerUs
.Lcpi_end38:
	.size	__arm_cp.11_0, .Lcpi_end38-__arm_cp.11_0
__arm_cp.11_1:
	.long	3758153748                      @ 0xe000e014
.Lcpi_end39:
	.size	__arm_cp.11_1, .Lcpi_end39-__arm_cp.11_1
__arm_cp.11_2:
	.long	3758153752                      @ 0xe000e018
.Lcpi_end40:
	.size	__arm_cp.11_2, .Lcpi_end40-__arm_cp.11_2
__arm_cp.11_3:
	.long	3758153744                      @ 0xe000e010
.Lcpi_end41:
	.size	__arm_cp.11_3, .Lcpi_end41-__arm_cp.11_3
.Lfunc_end11:
	.size	CLK_SysTickDelay, .Lfunc_end11-CLK_SysTickDelay
	.cfi_endproc
	.cantunwind
	.fnend
                                        @ -- End function
	.section	.text.BLE_SendMessage,"ax",%progbits
	.hidden	BLE_SendMessage                 @ -- Begin function BLE_SendMessage
	.globl	BLE_SendMessage
	.p2align	2
	.type	BLE_SendMessage,%function
	.code	16                              @ @BLE_SendMessage
	.thumb_func
BLE_SendMessage:
.Lfunc_begin12:
	.loc	1 225 0 is_stmt 1               @ ../main_ns.c:225:0
	.fnstart
	.cfi_startproc
@ %bb.0:
	.pad	#4
	sub	sp, #4
	.cfi_def_cfa_offset 4
	mov	r1, r0
                                        @ kill: def $r0 killed $r1
	mov	r0, sp
	strb	r1, [r0]
.Ltmp83:
	.loc	1 231 5 prologue_end            @ ../main_ns.c:231:5
	ldrb	r0, [r0]
	ldr	r1, __arm_cp.12_0
	str	r0, [r1]
	.loc	1 232 5                         @ ../main_ns.c:232:5
	b	.LBB12_1
.LBB12_1:                               @ =>This Inner Loop Header: Depth=1
	.loc	1 0 5 is_stmt 0                 @ ../main_ns.c:0:5
	ldr	r0, __arm_cp.12_1
	.loc	1 232 12                        @ ../main_ns.c:232:12
	ldr	r0, [r0]
	movs	r1, #1
	lsls	r1, r1, #23
	ands	r0, r1
	lsrs	r0, r0, #23
	.loc	1 232 5                         @ ../main_ns.c:232:5
	cbz	r0, .LBB12_3
	b	.LBB12_2
.LBB12_2:                               @   in Loop: Header=BB12_1 Depth=1
	b	.LBB12_1
.LBB12_3:
	.loc	1 236 1 epilogue_begin is_stmt 1 @ ../main_ns.c:236:1
	add	sp, #4
	bx	lr
.Ltmp84:
	.p2align	2
@ %bb.4:
	.loc	1 0 1 is_stmt 0                 @ ../main_ns.c:0:1
__arm_cp.12_0:
	.long	1342640128                      @ 0x50071000
.Lcpi_end42:
	.size	__arm_cp.12_0, .Lcpi_end42-__arm_cp.12_0
__arm_cp.12_1:
	.long	1342640152                      @ 0x50071018
.Lcpi_end43:
	.size	__arm_cp.12_1, .Lcpi_end43-__arm_cp.12_1
.Lfunc_end12:
	.size	BLE_SendMessage, .Lfunc_end12-BLE_SendMessage
	.cfi_endproc
	.cantunwind
	.fnend
                                        @ -- End function
	.section	.text.UART1_Interrupt_Disable,"ax",%progbits
	.hidden	UART1_Interrupt_Disable         @ -- Begin function UART1_Interrupt_Disable
	.globl	UART1_Interrupt_Disable
	.p2align	2
	.type	UART1_Interrupt_Disable,%function
	.code	16                              @ @UART1_Interrupt_Disable
	.thumb_func
UART1_Interrupt_Disable:
.Lfunc_begin13:
	.loc	1 255 0 is_stmt 1               @ ../main_ns.c:255:0
	.fnstart
	.cfi_startproc
@ %bb.0:
	.save	{r7, lr}
	push	{r7, lr}
	.cfi_def_cfa_offset 8
	.cfi_offset lr, -4
	.cfi_offset r7, -8
	movs	r0, #37
.Ltmp85:
	.loc	1 257 5 prologue_end            @ ../main_ns.c:257:5
	bl	__NVIC_DisableIRQ
	ldr	r0, __arm_cp.13_0
	movs	r1, #21
	.loc	1 258 5                         @ ../main_ns.c:258:5
	bl	UART_DisableInt
	.loc	1 260 1 epilogue_begin          @ ../main_ns.c:260:1
	pop	{r7, pc}
.Ltmp86:
	.p2align	2
@ %bb.1:
	.loc	1 0 1 is_stmt 0                 @ ../main_ns.c:0:1
__arm_cp.13_0:
	.long	1342640128                      @ 0x50071000
.Lcpi_end44:
	.size	__arm_cp.13_0, .Lcpi_end44-__arm_cp.13_0
.Lfunc_end13:
	.size	UART1_Interrupt_Disable, .Lfunc_end13-UART1_Interrupt_Disable
	.cfi_endproc
	.fnend
                                        @ -- End function
	.section	.text.__NVIC_DisableIRQ,"ax",%progbits
	.p2align	2                               @ -- Begin function __NVIC_DisableIRQ
	.type	__NVIC_DisableIRQ,%function
	.code	16                              @ @__NVIC_DisableIRQ
	.thumb_func
__NVIC_DisableIRQ:
.Lfunc_begin14:
	.loc	5 1312 0 is_stmt 1              @ ../../../../../Library/CMSIS/Include\core_armv8mbl.h:1312:0
	.fnstart
	.cfi_startproc
@ %bb.0:
	.pad	#4
	sub	sp, #4
	.cfi_def_cfa_offset 4
	str	r0, [sp]
.Ltmp87:
	.loc	5 1313 17 prologue_end          @ ../../../../../Library/CMSIS/Include\core_armv8mbl.h:1313:17
	ldr	r0, [sp]
.Ltmp88:
	.loc	5 1313 7 is_stmt 0              @ ../../../../../Library/CMSIS/Include\core_armv8mbl.h:1313:7
	cmp	r0, #0
	bmi	.LBB14_2
	b	.LBB14_1
.LBB14_1:
.Ltmp89:
	.loc	5 1315 93 is_stmt 1             @ ../../../../../Library/CMSIS/Include\core_armv8mbl.h:1315:93
	ldr	r1, [sp]
	movs	r0, #31
	.loc	5 1315 99 is_stmt 0             @ ../../../../../Library/CMSIS/Include\core_armv8mbl.h:1315:99
	mov	r2, r1
	ands	r2, r0
	movs	r0, #1
	.loc	5 1315 69                       @ ../../../../../Library/CMSIS/Include\core_armv8mbl.h:1315:69
	lsls	r0, r2
	.loc	5 1315 5                        @ ../../../../../Library/CMSIS/Include\core_armv8mbl.h:1315:5
	lsrs	r1, r1, #5
	lsls	r1, r1, #2
	ldr	r2, __arm_cp.14_0
	.loc	5 1315 52                       @ ../../../../../Library/CMSIS/Include\core_armv8mbl.h:1315:52
	str	r0, [r1, r2]
	.loc	5 1316 5 is_stmt 1              @ ../../../../../Library/CMSIS/Include\core_armv8mbl.h:1316:5
	dsb	sy
	.loc	5 1317 5                        @ ../../../../../Library/CMSIS/Include\core_armv8mbl.h:1317:5
	isb	sy
	.loc	5 1318 3                        @ ../../../../../Library/CMSIS/Include\core_armv8mbl.h:1318:3
	b	.LBB14_2
.Ltmp90:
.LBB14_2:
	.loc	5 1319 1 epilogue_begin         @ ../../../../../Library/CMSIS/Include\core_armv8mbl.h:1319:1
	add	sp, #4
	bx	lr
.Ltmp91:
	.p2align	2
@ %bb.3:
	.loc	5 0 1 is_stmt 0                 @ ../../../../../Library/CMSIS/Include\core_armv8mbl.h:0:1
__arm_cp.14_0:
	.long	3758154112                      @ 0xe000e180
.Lcpi_end45:
	.size	__arm_cp.14_0, .Lcpi_end45-__arm_cp.14_0
.Lfunc_end14:
	.size	__NVIC_DisableIRQ, .Lfunc_end14-__NVIC_DisableIRQ
	.cfi_endproc
	.cantunwind
	.fnend
                                        @ -- End function
	.section	.text.__NVIC_EnableIRQ,"ax",%progbits
	.p2align	2                               @ -- Begin function __NVIC_EnableIRQ
	.type	__NVIC_EnableIRQ,%function
	.code	16                              @ @__NVIC_EnableIRQ
	.thumb_func
__NVIC_EnableIRQ:
.Lfunc_begin15:
	.loc	5 1276 0 is_stmt 1              @ ../../../../../Library/CMSIS/Include\core_armv8mbl.h:1276:0
	.fnstart
	.cfi_startproc
@ %bb.0:
	.pad	#4
	sub	sp, #4
	.cfi_def_cfa_offset 4
	str	r0, [sp]
.Ltmp92:
	.loc	5 1277 17 prologue_end          @ ../../../../../Library/CMSIS/Include\core_armv8mbl.h:1277:17
	ldr	r0, [sp]
.Ltmp93:
	.loc	5 1277 7 is_stmt 0              @ ../../../../../Library/CMSIS/Include\core_armv8mbl.h:1277:7
	cmp	r0, #0
	bmi	.LBB15_2
	b	.LBB15_1
.LBB15_1:
.Ltmp94:
	.loc	5 1279 93 is_stmt 1             @ ../../../../../Library/CMSIS/Include\core_armv8mbl.h:1279:93
	ldr	r1, [sp]
	movs	r0, #31
	.loc	5 1279 99 is_stmt 0             @ ../../../../../Library/CMSIS/Include\core_armv8mbl.h:1279:99
	mov	r2, r1
	ands	r2, r0
	movs	r0, #1
	.loc	5 1279 69                       @ ../../../../../Library/CMSIS/Include\core_armv8mbl.h:1279:69
	lsls	r0, r2
	.loc	5 1279 5                        @ ../../../../../Library/CMSIS/Include\core_armv8mbl.h:1279:5
	lsrs	r1, r1, #5
	lsls	r1, r1, #2
	ldr	r2, __arm_cp.15_0
	.loc	5 1279 52                       @ ../../../../../Library/CMSIS/Include\core_armv8mbl.h:1279:52
	str	r0, [r1, r2]
	.loc	5 1280 3 is_stmt 1              @ ../../../../../Library/CMSIS/Include\core_armv8mbl.h:1280:3
	b	.LBB15_2
.Ltmp95:
.LBB15_2:
	.loc	5 1281 1 epilogue_begin         @ ../../../../../Library/CMSIS/Include\core_armv8mbl.h:1281:1
	add	sp, #4
	bx	lr
.Ltmp96:
	.p2align	2
@ %bb.3:
	.loc	5 0 1 is_stmt 0                 @ ../../../../../Library/CMSIS/Include\core_armv8mbl.h:0:1
__arm_cp.15_0:
	.long	3758153984                      @ 0xe000e100
.Lcpi_end46:
	.size	__arm_cp.15_0, .Lcpi_end46-__arm_cp.15_0
.Lfunc_end15:
	.size	__NVIC_EnableIRQ, .Lfunc_end15-__NVIC_EnableIRQ
	.cfi_endproc
	.cantunwind
	.fnend
                                        @ -- End function
	.section	.text.TIMER_GetCounter,"ax",%progbits
	.p2align	1                               @ -- Begin function TIMER_GetCounter
	.type	TIMER_GetCounter,%function
	.code	16                              @ @TIMER_GetCounter
	.thumb_func
TIMER_GetCounter:
.Lfunc_begin16:
	.file	8 "C:\\Users\\LogoslabMiniPC\\GitHub_Box_Windows\\logoslab\\M2354\\Old_M2354_BSP_300004\\SampleCode\\TrustZone\\Borhan-E-Voting-System\\Nonsecure\\KEIL" "../../../../../Library/StdDriver/inc\\timer.h"
	.loc	8 501 0 is_stmt 1               @ ../../../../../Library/StdDriver/inc\timer.h:501:0
	.fnstart
	.cfi_startproc
@ %bb.0:
	.pad	#4
	sub	sp, #4
	.cfi_def_cfa_offset 4
	str	r0, [sp]
.Ltmp97:
	.loc	8 502 12 prologue_end           @ ../../../../../Library/StdDriver/inc\timer.h:502:12
	ldr	r0, [sp]
	.loc	8 502 19 is_stmt 0              @ ../../../../../Library/StdDriver/inc\timer.h:502:19
	ldr	r0, [r0, #12]
	.loc	8 502 5 epilogue_begin          @ ../../../../../Library/StdDriver/inc\timer.h:502:5
	add	sp, #4
	bx	lr
.Ltmp98:
.Lfunc_end16:
	.size	TIMER_GetCounter, .Lfunc_end16-TIMER_GetCounter
	.cfi_endproc
	.cantunwind
	.fnend
                                        @ -- End function
	.section	.text.TIMER_Start,"ax",%progbits
	.p2align	1                               @ -- Begin function TIMER_Start
	.type	TIMER_Start,%function
	.code	16                              @ @TIMER_Start
	.thumb_func
TIMER_Start:
.Lfunc_begin17:
	.loc	8 202 0 is_stmt 1               @ ../../../../../Library/StdDriver/inc\timer.h:202:0
	.fnstart
	.cfi_startproc
@ %bb.0:
	.pad	#4
	sub	sp, #4
	.cfi_def_cfa_offset 4
	str	r0, [sp]
.Ltmp99:
	.loc	8 203 5 prologue_end            @ ../../../../../Library/StdDriver/inc\timer.h:203:5
	ldr	r1, [sp]
	.loc	8 203 16 is_stmt 0              @ ../../../../../Library/StdDriver/inc\timer.h:203:16
	ldr	r0, [r1]
	movs	r2, #1
	lsls	r2, r2, #30
	orrs	r0, r2
	str	r0, [r1]
	.loc	8 204 1 epilogue_begin is_stmt 1 @ ../../../../../Library/StdDriver/inc\timer.h:204:1
	add	sp, #4
	bx	lr
.Ltmp100:
.Lfunc_end17:
	.size	TIMER_Start, .Lfunc_end17-TIMER_Start
	.cfi_endproc
	.cantunwind
	.fnend
                                        @ -- End function
	.hidden	read_flag                       @ @read_flag
	.type	read_flag,%object
	.section	.data.read_flag,"aw",%progbits
	.globl	read_flag
	.p2align	2, 0x0
read_flag:
	.long	1                               @ 0x1
	.size	read_flag, 4

	.hidden	g_u32comRtail                   @ @g_u32comRtail
	.type	g_u32comRtail,%object
	.section	.bss.g_u32comRtail,"aw",%nobits
	.globl	g_u32comRtail
	.p2align	2, 0x0
g_u32comRtail:
	.long	0                               @ 0x0
	.size	g_u32comRtail, 4

	.hidden	received_msg                    @ @received_msg
	.type	received_msg,%object
	.section	.bss.received_msg,"aw",%nobits
	.globl	received_msg
	.p2align	2, 0x0
received_msg:
	.long	0
	.size	received_msg, 4

	.type	.L.str,%object                  @ @.str
	.section	.rodata.str1.1,"aMS",%progbits,1
.L.str:
	.asciz	"The message is NULL"
	.size	.L.str, 20

	.type	.L.str.1,%object                @ @.str.1
.L.str.1:
	.asciz	"Hello from M2354!"
	.size	.L.str.1, 18

	.type	.L.str.2,%object                @ @.str.2
.L.str.2:
	.asciz	"Ticket is permissionless"
	.size	.L.str.2, 25

	.type	.L.str.3,%object                @ @.str.3
.L.str.3:
	.asciz	"Something went wrong"
	.size	.L.str.3, 21

	.type	.L.str.4,%object                @ @.str.4
.L.str.4:
	.asciz	"Memory freed"
	.size	.L.str.4, 13

	.type	.L.str.5,%object                @ @.str.5
.L.str.5:
	.asciz	"AT"
	.size	.L.str.5, 3

	.type	.L.str.6,%object                @ @.str.6
.L.str.6:
	.asciz	"AT+ROLE0"
	.size	.L.str.6, 9

	.type	.L.str.7,%object                @ @.str.7
.L.str.7:
	.asciz	"AT+START"
	.size	.L.str.7, 9

	.type	.L.str.8,%object                @ @.str.8
.L.str.8:
	.asciz	"\nElapsed time : "
	.size	.L.str.8, 17

	.type	.L.str.9,%object                @ @.str.9
.L.str.9:
	.asciz	"%d"
	.size	.L.str.9, 3

	.type	.L.str.10,%object               @ @.str.10
.L.str.10:
	.asciz	" ms\n$"
	.size	.L.str.10, 6

	.type	__ARM_use_no_argv,%object       @ @__ARM_use_no_argv
	.section	.ARM.use_no_argv,"awR",%progbits,unique,1
	.globl	__ARM_use_no_argv
	.p2align	2, 0x0
__ARM_use_no_argv:
	.long	1                               @ 0x1
	.size	__ARM_use_no_argv, 4

	.section	.debug_abbrev,"",%progbits
	.byte	1                               @ Abbreviation Code
	.byte	17                              @ DW_TAG_compile_unit
	.byte	1                               @ DW_CHILDREN_yes
	.byte	37                              @ DW_AT_producer
	.byte	14                              @ DW_FORM_strp
	.byte	19                              @ DW_AT_language
	.byte	5                               @ DW_FORM_data2
	.byte	3                               @ DW_AT_name
	.byte	14                              @ DW_FORM_strp
	.byte	16                              @ DW_AT_stmt_list
	.byte	23                              @ DW_FORM_sec_offset
	.byte	27                              @ DW_AT_comp_dir
	.byte	14                              @ DW_FORM_strp
	.byte	17                              @ DW_AT_low_pc
	.byte	1                               @ DW_FORM_addr
	.byte	85                              @ DW_AT_ranges
	.byte	23                              @ DW_FORM_sec_offset
	.byte	0                               @ EOM(1)
	.byte	0                               @ EOM(2)
	.byte	2                               @ Abbreviation Code
	.byte	52                              @ DW_TAG_variable
	.byte	0                               @ DW_CHILDREN_no
	.byte	3                               @ DW_AT_name
	.byte	14                              @ DW_FORM_strp
	.byte	73                              @ DW_AT_type
	.byte	19                              @ DW_FORM_ref4
	.byte	63                              @ DW_AT_external
	.byte	25                              @ DW_FORM_flag_present
	.byte	58                              @ DW_AT_decl_file
	.byte	11                              @ DW_FORM_data1
	.byte	59                              @ DW_AT_decl_line
	.byte	11                              @ DW_FORM_data1
	.byte	2                               @ DW_AT_location
	.byte	24                              @ DW_FORM_exprloc
	.byte	0                               @ EOM(1)
	.byte	0                               @ EOM(2)
	.byte	3                               @ Abbreviation Code
	.byte	53                              @ DW_TAG_volatile_type
	.byte	0                               @ DW_CHILDREN_no
	.byte	73                              @ DW_AT_type
	.byte	19                              @ DW_FORM_ref4
	.byte	0                               @ EOM(1)
	.byte	0                               @ EOM(2)
	.byte	4                               @ Abbreviation Code
	.byte	36                              @ DW_TAG_base_type
	.byte	0                               @ DW_CHILDREN_no
	.byte	3                               @ DW_AT_name
	.byte	14                              @ DW_FORM_strp
	.byte	62                              @ DW_AT_encoding
	.byte	11                              @ DW_FORM_data1
	.byte	11                              @ DW_AT_byte_size
	.byte	11                              @ DW_FORM_data1
	.byte	0                               @ EOM(1)
	.byte	0                               @ EOM(2)
	.byte	5                               @ Abbreviation Code
	.byte	22                              @ DW_TAG_typedef
	.byte	0                               @ DW_CHILDREN_no
	.byte	73                              @ DW_AT_type
	.byte	19                              @ DW_FORM_ref4
	.byte	3                               @ DW_AT_name
	.byte	14                              @ DW_FORM_strp
	.byte	58                              @ DW_AT_decl_file
	.byte	11                              @ DW_FORM_data1
	.byte	59                              @ DW_AT_decl_line
	.byte	11                              @ DW_FORM_data1
	.byte	0                               @ EOM(1)
	.byte	0                               @ EOM(2)
	.byte	6                               @ Abbreviation Code
	.byte	52                              @ DW_TAG_variable
	.byte	0                               @ DW_CHILDREN_no
	.byte	73                              @ DW_AT_type
	.byte	19                              @ DW_FORM_ref4
	.byte	58                              @ DW_AT_decl_file
	.byte	11                              @ DW_FORM_data1
	.byte	59                              @ DW_AT_decl_line
	.byte	11                              @ DW_FORM_data1
	.byte	2                               @ DW_AT_location
	.byte	24                              @ DW_FORM_exprloc
	.byte	0                               @ EOM(1)
	.byte	0                               @ EOM(2)
	.byte	7                               @ Abbreviation Code
	.byte	1                               @ DW_TAG_array_type
	.byte	1                               @ DW_CHILDREN_yes
	.byte	73                              @ DW_AT_type
	.byte	19                              @ DW_FORM_ref4
	.byte	0                               @ EOM(1)
	.byte	0                               @ EOM(2)
	.byte	8                               @ Abbreviation Code
	.byte	33                              @ DW_TAG_subrange_type
	.byte	0                               @ DW_CHILDREN_no
	.byte	73                              @ DW_AT_type
	.byte	19                              @ DW_FORM_ref4
	.byte	55                              @ DW_AT_count
	.byte	11                              @ DW_FORM_data1
	.byte	0                               @ EOM(1)
	.byte	0                               @ EOM(2)
	.byte	9                               @ Abbreviation Code
	.byte	36                              @ DW_TAG_base_type
	.byte	0                               @ DW_CHILDREN_no
	.byte	3                               @ DW_AT_name
	.byte	14                              @ DW_FORM_strp
	.byte	11                              @ DW_AT_byte_size
	.byte	11                              @ DW_FORM_data1
	.byte	62                              @ DW_AT_encoding
	.byte	11                              @ DW_FORM_data1
	.byte	0                               @ EOM(1)
	.byte	0                               @ EOM(2)
	.byte	10                              @ Abbreviation Code
	.byte	52                              @ DW_TAG_variable
	.byte	0                               @ DW_CHILDREN_no
	.byte	73                              @ DW_AT_type
	.byte	19                              @ DW_FORM_ref4
	.byte	58                              @ DW_AT_decl_file
	.byte	11                              @ DW_FORM_data1
	.byte	59                              @ DW_AT_decl_line
	.byte	5                               @ DW_FORM_data2
	.byte	2                               @ DW_AT_location
	.byte	24                              @ DW_FORM_exprloc
	.byte	0                               @ EOM(1)
	.byte	0                               @ EOM(2)
	.byte	11                              @ Abbreviation Code
	.byte	15                              @ DW_TAG_pointer_type
	.byte	0                               @ DW_CHILDREN_no
	.byte	73                              @ DW_AT_type
	.byte	19                              @ DW_FORM_ref4
	.byte	0                               @ EOM(1)
	.byte	0                               @ EOM(2)
	.byte	12                              @ Abbreviation Code
	.byte	4                               @ DW_TAG_enumeration_type
	.byte	1                               @ DW_CHILDREN_yes
	.byte	73                              @ DW_AT_type
	.byte	19                              @ DW_FORM_ref4
	.byte	3                               @ DW_AT_name
	.byte	14                              @ DW_FORM_strp
	.byte	11                              @ DW_AT_byte_size
	.byte	11                              @ DW_FORM_data1
	.byte	58                              @ DW_AT_decl_file
	.byte	11                              @ DW_FORM_data1
	.byte	59                              @ DW_AT_decl_line
	.byte	11                              @ DW_FORM_data1
	.byte	0                               @ EOM(1)
	.byte	0                               @ EOM(2)
	.byte	13                              @ Abbreviation Code
	.byte	40                              @ DW_TAG_enumerator
	.byte	0                               @ DW_CHILDREN_no
	.byte	3                               @ DW_AT_name
	.byte	14                              @ DW_FORM_strp
	.byte	28                              @ DW_AT_const_value
	.byte	13                              @ DW_FORM_sdata
	.byte	0                               @ EOM(1)
	.byte	0                               @ EOM(2)
	.byte	14                              @ Abbreviation Code
	.byte	22                              @ DW_TAG_typedef
	.byte	0                               @ DW_CHILDREN_no
	.byte	73                              @ DW_AT_type
	.byte	19                              @ DW_FORM_ref4
	.byte	3                               @ DW_AT_name
	.byte	14                              @ DW_FORM_strp
	.byte	58                              @ DW_AT_decl_file
	.byte	11                              @ DW_FORM_data1
	.byte	59                              @ DW_AT_decl_line
	.byte	5                               @ DW_FORM_data2
	.byte	0                               @ EOM(1)
	.byte	0                               @ EOM(2)
	.byte	15                              @ Abbreviation Code
	.byte	19                              @ DW_TAG_structure_type
	.byte	1                               @ DW_CHILDREN_yes
	.byte	11                              @ DW_AT_byte_size
	.byte	11                              @ DW_FORM_data1
	.byte	58                              @ DW_AT_decl_file
	.byte	11                              @ DW_FORM_data1
	.byte	59                              @ DW_AT_decl_line
	.byte	11                              @ DW_FORM_data1
	.byte	0                               @ EOM(1)
	.byte	0                               @ EOM(2)
	.byte	16                              @ Abbreviation Code
	.byte	13                              @ DW_TAG_member
	.byte	0                               @ DW_CHILDREN_no
	.byte	3                               @ DW_AT_name
	.byte	14                              @ DW_FORM_strp
	.byte	73                              @ DW_AT_type
	.byte	19                              @ DW_FORM_ref4
	.byte	58                              @ DW_AT_decl_file
	.byte	11                              @ DW_FORM_data1
	.byte	59                              @ DW_AT_decl_line
	.byte	5                               @ DW_FORM_data2
	.byte	56                              @ DW_AT_data_member_location
	.byte	11                              @ DW_FORM_data1
	.byte	0                               @ EOM(1)
	.byte	0                               @ EOM(2)
	.byte	17                              @ Abbreviation Code
	.byte	21                              @ DW_TAG_subroutine_type
	.byte	1                               @ DW_CHILDREN_yes
	.byte	73                              @ DW_AT_type
	.byte	19                              @ DW_FORM_ref4
	.byte	39                              @ DW_AT_prototyped
	.byte	25                              @ DW_FORM_flag_present
	.byte	0                               @ EOM(1)
	.byte	0                               @ EOM(2)
	.byte	18                              @ Abbreviation Code
	.byte	5                               @ DW_TAG_formal_parameter
	.byte	0                               @ DW_CHILDREN_no
	.byte	73                              @ DW_AT_type
	.byte	19                              @ DW_FORM_ref4
	.byte	0                               @ EOM(1)
	.byte	0                               @ EOM(2)
	.byte	19                              @ Abbreviation Code
	.byte	19                              @ DW_TAG_structure_type
	.byte	1                               @ DW_CHILDREN_yes
	.byte	11                              @ DW_AT_byte_size
	.byte	11                              @ DW_FORM_data1
	.byte	58                              @ DW_AT_decl_file
	.byte	11                              @ DW_FORM_data1
	.byte	59                              @ DW_AT_decl_line
	.byte	5                               @ DW_FORM_data2
	.byte	0                               @ EOM(1)
	.byte	0                               @ EOM(2)
	.byte	20                              @ Abbreviation Code
	.byte	38                              @ DW_TAG_const_type
	.byte	0                               @ DW_CHILDREN_no
	.byte	73                              @ DW_AT_type
	.byte	19                              @ DW_FORM_ref4
	.byte	0                               @ EOM(1)
	.byte	0                               @ EOM(2)
	.byte	21                              @ Abbreviation Code
	.byte	19                              @ DW_TAG_structure_type
	.byte	1                               @ DW_CHILDREN_yes
	.byte	11                              @ DW_AT_byte_size
	.byte	5                               @ DW_FORM_data2
	.byte	58                              @ DW_AT_decl_file
	.byte	11                              @ DW_FORM_data1
	.byte	59                              @ DW_AT_decl_line
	.byte	5                               @ DW_FORM_data2
	.byte	0                               @ EOM(1)
	.byte	0                               @ EOM(2)
	.byte	22                              @ Abbreviation Code
	.byte	13                              @ DW_TAG_member
	.byte	0                               @ DW_CHILDREN_no
	.byte	3                               @ DW_AT_name
	.byte	14                              @ DW_FORM_strp
	.byte	73                              @ DW_AT_type
	.byte	19                              @ DW_FORM_ref4
	.byte	58                              @ DW_AT_decl_file
	.byte	11                              @ DW_FORM_data1
	.byte	59                              @ DW_AT_decl_line
	.byte	5                               @ DW_FORM_data2
	.byte	56                              @ DW_AT_data_member_location
	.byte	5                               @ DW_FORM_data2
	.byte	0                               @ EOM(1)
	.byte	0                               @ EOM(2)
	.byte	23                              @ Abbreviation Code
	.byte	46                              @ DW_TAG_subprogram
	.byte	1                               @ DW_CHILDREN_yes
	.byte	17                              @ DW_AT_low_pc
	.byte	1                               @ DW_FORM_addr
	.byte	18                              @ DW_AT_high_pc
	.byte	6                               @ DW_FORM_data4
	.byte	64                              @ DW_AT_frame_base
	.byte	24                              @ DW_FORM_exprloc
	.byte	3                               @ DW_AT_name
	.byte	14                              @ DW_FORM_strp
	.byte	58                              @ DW_AT_decl_file
	.byte	11                              @ DW_FORM_data1
	.byte	59                              @ DW_AT_decl_line
	.byte	11                              @ DW_FORM_data1
	.byte	39                              @ DW_AT_prototyped
	.byte	25                              @ DW_FORM_flag_present
	.byte	63                              @ DW_AT_external
	.byte	25                              @ DW_FORM_flag_present
	.byte	0                               @ EOM(1)
	.byte	0                               @ EOM(2)
	.byte	24                              @ Abbreviation Code
	.byte	52                              @ DW_TAG_variable
	.byte	0                               @ DW_CHILDREN_no
	.byte	2                               @ DW_AT_location
	.byte	24                              @ DW_FORM_exprloc
	.byte	3                               @ DW_AT_name
	.byte	14                              @ DW_FORM_strp
	.byte	58                              @ DW_AT_decl_file
	.byte	11                              @ DW_FORM_data1
	.byte	59                              @ DW_AT_decl_line
	.byte	11                              @ DW_FORM_data1
	.byte	73                              @ DW_AT_type
	.byte	19                              @ DW_FORM_ref4
	.byte	0                               @ EOM(1)
	.byte	0                               @ EOM(2)
	.byte	25                              @ Abbreviation Code
	.byte	46                              @ DW_TAG_subprogram
	.byte	1                               @ DW_CHILDREN_yes
	.byte	17                              @ DW_AT_low_pc
	.byte	1                               @ DW_FORM_addr
	.byte	18                              @ DW_AT_high_pc
	.byte	6                               @ DW_FORM_data4
	.byte	64                              @ DW_AT_frame_base
	.byte	24                              @ DW_FORM_exprloc
	.byte	3                               @ DW_AT_name
	.byte	14                              @ DW_FORM_strp
	.byte	58                              @ DW_AT_decl_file
	.byte	11                              @ DW_FORM_data1
	.byte	59                              @ DW_AT_decl_line
	.byte	11                              @ DW_FORM_data1
	.byte	39                              @ DW_AT_prototyped
	.byte	25                              @ DW_FORM_flag_present
	.byte	73                              @ DW_AT_type
	.byte	19                              @ DW_FORM_ref4
	.byte	63                              @ DW_AT_external
	.byte	25                              @ DW_FORM_flag_present
	.byte	0                               @ EOM(1)
	.byte	0                               @ EOM(2)
	.byte	26                              @ Abbreviation Code
	.byte	5                               @ DW_TAG_formal_parameter
	.byte	0                               @ DW_CHILDREN_no
	.byte	2                               @ DW_AT_location
	.byte	24                              @ DW_FORM_exprloc
	.byte	3                               @ DW_AT_name
	.byte	14                              @ DW_FORM_strp
	.byte	58                              @ DW_AT_decl_file
	.byte	11                              @ DW_FORM_data1
	.byte	59                              @ DW_AT_decl_line
	.byte	11                              @ DW_FORM_data1
	.byte	73                              @ DW_AT_type
	.byte	19                              @ DW_FORM_ref4
	.byte	0                               @ EOM(1)
	.byte	0                               @ EOM(2)
	.byte	27                              @ Abbreviation Code
	.byte	11                              @ DW_TAG_lexical_block
	.byte	1                               @ DW_CHILDREN_yes
	.byte	17                              @ DW_AT_low_pc
	.byte	1                               @ DW_FORM_addr
	.byte	18                              @ DW_AT_high_pc
	.byte	6                               @ DW_FORM_data4
	.byte	0                               @ EOM(1)
	.byte	0                               @ EOM(2)
	.byte	28                              @ Abbreviation Code
	.byte	46                              @ DW_TAG_subprogram
	.byte	0                               @ DW_CHILDREN_no
	.byte	17                              @ DW_AT_low_pc
	.byte	1                               @ DW_FORM_addr
	.byte	18                              @ DW_AT_high_pc
	.byte	6                               @ DW_FORM_data4
	.byte	64                              @ DW_AT_frame_base
	.byte	24                              @ DW_FORM_exprloc
	.byte	3                               @ DW_AT_name
	.byte	14                              @ DW_FORM_strp
	.byte	58                              @ DW_AT_decl_file
	.byte	11                              @ DW_FORM_data1
	.byte	59                              @ DW_AT_decl_line
	.byte	11                              @ DW_FORM_data1
	.byte	39                              @ DW_AT_prototyped
	.byte	25                              @ DW_FORM_flag_present
	.byte	73                              @ DW_AT_type
	.byte	19                              @ DW_FORM_ref4
	.byte	63                              @ DW_AT_external
	.byte	25                              @ DW_FORM_flag_present
	.byte	0                               @ EOM(1)
	.byte	0                               @ EOM(2)
	.byte	29                              @ Abbreviation Code
	.byte	46                              @ DW_TAG_subprogram
	.byte	0                               @ DW_CHILDREN_no
	.byte	17                              @ DW_AT_low_pc
	.byte	1                               @ DW_FORM_addr
	.byte	18                              @ DW_AT_high_pc
	.byte	6                               @ DW_FORM_data4
	.byte	64                              @ DW_AT_frame_base
	.byte	24                              @ DW_FORM_exprloc
	.byte	3                               @ DW_AT_name
	.byte	14                              @ DW_FORM_strp
	.byte	58                              @ DW_AT_decl_file
	.byte	11                              @ DW_FORM_data1
	.byte	59                              @ DW_AT_decl_line
	.byte	11                              @ DW_FORM_data1
	.byte	39                              @ DW_AT_prototyped
	.byte	25                              @ DW_FORM_flag_present
	.byte	63                              @ DW_AT_external
	.byte	25                              @ DW_FORM_flag_present
	.byte	0                               @ EOM(1)
	.byte	0                               @ EOM(2)
	.byte	30                              @ Abbreviation Code
	.byte	46                              @ DW_TAG_subprogram
	.byte	0                               @ DW_CHILDREN_no
	.byte	17                              @ DW_AT_low_pc
	.byte	1                               @ DW_FORM_addr
	.byte	18                              @ DW_AT_high_pc
	.byte	6                               @ DW_FORM_data4
	.byte	64                              @ DW_AT_frame_base
	.byte	24                              @ DW_FORM_exprloc
	.byte	3                               @ DW_AT_name
	.byte	14                              @ DW_FORM_strp
	.byte	58                              @ DW_AT_decl_file
	.byte	11                              @ DW_FORM_data1
	.byte	59                              @ DW_AT_decl_line
	.byte	5                               @ DW_FORM_data2
	.byte	39                              @ DW_AT_prototyped
	.byte	25                              @ DW_FORM_flag_present
	.byte	63                              @ DW_AT_external
	.byte	25                              @ DW_FORM_flag_present
	.byte	0                               @ EOM(1)
	.byte	0                               @ EOM(2)
	.byte	31                              @ Abbreviation Code
	.byte	46                              @ DW_TAG_subprogram
	.byte	1                               @ DW_CHILDREN_yes
	.byte	17                              @ DW_AT_low_pc
	.byte	1                               @ DW_FORM_addr
	.byte	18                              @ DW_AT_high_pc
	.byte	6                               @ DW_FORM_data4
	.byte	64                              @ DW_AT_frame_base
	.byte	24                              @ DW_FORM_exprloc
	.byte	3                               @ DW_AT_name
	.byte	14                              @ DW_FORM_strp
	.byte	58                              @ DW_AT_decl_file
	.byte	11                              @ DW_FORM_data1
	.byte	59                              @ DW_AT_decl_line
	.byte	5                               @ DW_FORM_data2
	.byte	39                              @ DW_AT_prototyped
	.byte	25                              @ DW_FORM_flag_present
	.byte	63                              @ DW_AT_external
	.byte	25                              @ DW_FORM_flag_present
	.byte	0                               @ EOM(1)
	.byte	0                               @ EOM(2)
	.byte	32                              @ Abbreviation Code
	.byte	5                               @ DW_TAG_formal_parameter
	.byte	0                               @ DW_CHILDREN_no
	.byte	2                               @ DW_AT_location
	.byte	24                              @ DW_FORM_exprloc
	.byte	3                               @ DW_AT_name
	.byte	14                              @ DW_FORM_strp
	.byte	58                              @ DW_AT_decl_file
	.byte	11                              @ DW_FORM_data1
	.byte	59                              @ DW_AT_decl_line
	.byte	5                               @ DW_FORM_data2
	.byte	73                              @ DW_AT_type
	.byte	19                              @ DW_FORM_ref4
	.byte	0                               @ EOM(1)
	.byte	0                               @ EOM(2)
	.byte	33                              @ Abbreviation Code
	.byte	52                              @ DW_TAG_variable
	.byte	0                               @ DW_CHILDREN_no
	.byte	2                               @ DW_AT_location
	.byte	24                              @ DW_FORM_exprloc
	.byte	3                               @ DW_AT_name
	.byte	14                              @ DW_FORM_strp
	.byte	58                              @ DW_AT_decl_file
	.byte	11                              @ DW_FORM_data1
	.byte	59                              @ DW_AT_decl_line
	.byte	5                               @ DW_FORM_data2
	.byte	73                              @ DW_AT_type
	.byte	19                              @ DW_FORM_ref4
	.byte	0                               @ EOM(1)
	.byte	0                               @ EOM(2)
	.byte	34                              @ Abbreviation Code
	.byte	46                              @ DW_TAG_subprogram
	.byte	1                               @ DW_CHILDREN_yes
	.byte	17                              @ DW_AT_low_pc
	.byte	1                               @ DW_FORM_addr
	.byte	18                              @ DW_AT_high_pc
	.byte	6                               @ DW_FORM_data4
	.byte	64                              @ DW_AT_frame_base
	.byte	24                              @ DW_FORM_exprloc
	.byte	3                               @ DW_AT_name
	.byte	14                              @ DW_FORM_strp
	.byte	58                              @ DW_AT_decl_file
	.byte	11                              @ DW_FORM_data1
	.byte	59                              @ DW_AT_decl_line
	.byte	5                               @ DW_FORM_data2
	.byte	39                              @ DW_AT_prototyped
	.byte	25                              @ DW_FORM_flag_present
	.byte	0                               @ EOM(1)
	.byte	0                               @ EOM(2)
	.byte	35                              @ Abbreviation Code
	.byte	46                              @ DW_TAG_subprogram
	.byte	1                               @ DW_CHILDREN_yes
	.byte	17                              @ DW_AT_low_pc
	.byte	1                               @ DW_FORM_addr
	.byte	18                              @ DW_AT_high_pc
	.byte	6                               @ DW_FORM_data4
	.byte	64                              @ DW_AT_frame_base
	.byte	24                              @ DW_FORM_exprloc
	.byte	3                               @ DW_AT_name
	.byte	14                              @ DW_FORM_strp
	.byte	58                              @ DW_AT_decl_file
	.byte	11                              @ DW_FORM_data1
	.byte	59                              @ DW_AT_decl_line
	.byte	5                               @ DW_FORM_data2
	.byte	39                              @ DW_AT_prototyped
	.byte	25                              @ DW_FORM_flag_present
	.byte	73                              @ DW_AT_type
	.byte	19                              @ DW_FORM_ref4
	.byte	0                               @ EOM(1)
	.byte	0                               @ EOM(2)
	.byte	36                              @ Abbreviation Code
	.byte	46                              @ DW_TAG_subprogram
	.byte	1                               @ DW_CHILDREN_yes
	.byte	17                              @ DW_AT_low_pc
	.byte	1                               @ DW_FORM_addr
	.byte	18                              @ DW_AT_high_pc
	.byte	6                               @ DW_FORM_data4
	.byte	64                              @ DW_AT_frame_base
	.byte	24                              @ DW_FORM_exprloc
	.byte	3                               @ DW_AT_name
	.byte	14                              @ DW_FORM_strp
	.byte	58                              @ DW_AT_decl_file
	.byte	11                              @ DW_FORM_data1
	.byte	59                              @ DW_AT_decl_line
	.byte	11                              @ DW_FORM_data1
	.byte	39                              @ DW_AT_prototyped
	.byte	25                              @ DW_FORM_flag_present
	.byte	0                               @ EOM(1)
	.byte	0                               @ EOM(2)
	.byte	0                               @ EOM(3)
	.section	.debug_info,"",%progbits
.Lcu_begin0:
	.long	.Ldebug_info_end0-.Ldebug_info_start0 @ Length of Unit
.Ldebug_info_start0:
	.short	4                               @ DWARF version number
	.long	.debug_abbrev                   @ Offset Into Abbrev. Section
	.byte	4                               @ Address Size (in bytes)
	.byte	1                               @ Abbrev [1] 0xb:0xbc1 DW_TAG_compile_unit
	.long	.Linfo_string0                  @ DW_AT_producer
	.short	29                              @ DW_AT_language
	.long	.Linfo_string1                  @ DW_AT_name
	.long	.Lline_table_start0             @ DW_AT_stmt_list
	.long	.Linfo_string2                  @ DW_AT_comp_dir
	.long	0                               @ DW_AT_low_pc
	.long	.Ldebug_ranges0                 @ DW_AT_ranges
	.byte	2                               @ Abbrev [2] 0x26:0x11 DW_TAG_variable
	.long	.Linfo_string3                  @ DW_AT_name
	.long	55                              @ DW_AT_type
                                        @ DW_AT_external
	.byte	1                               @ DW_AT_decl_file
	.byte	12                              @ DW_AT_decl_line
	.byte	5                               @ DW_AT_location
	.byte	3
	.long	read_flag
	.byte	3                               @ Abbrev [3] 0x37:0x5 DW_TAG_volatile_type
	.long	60                              @ DW_AT_type
	.byte	4                               @ Abbrev [4] 0x3c:0x7 DW_TAG_base_type
	.long	.Linfo_string4                  @ DW_AT_name
	.byte	5                               @ DW_AT_encoding
	.byte	4                               @ DW_AT_byte_size
	.byte	2                               @ Abbrev [2] 0x43:0x11 DW_TAG_variable
	.long	.Linfo_string5                  @ DW_AT_name
	.long	84                              @ DW_AT_type
                                        @ DW_AT_external
	.byte	1                               @ DW_AT_decl_file
	.byte	15                              @ DW_AT_decl_line
	.byte	5                               @ DW_AT_location
	.byte	3
	.long	g_u32comRtail
	.byte	3                               @ Abbrev [3] 0x54:0x5 DW_TAG_volatile_type
	.long	89                              @ DW_AT_type
	.byte	5                               @ Abbrev [5] 0x59:0xb DW_TAG_typedef
	.long	100                             @ DW_AT_type
	.long	.Linfo_string7                  @ DW_AT_name
	.byte	2                               @ DW_AT_decl_file
	.byte	64                              @ DW_AT_decl_line
	.byte	4                               @ Abbrev [4] 0x64:0x7 DW_TAG_base_type
	.long	.Linfo_string6                  @ DW_AT_name
	.byte	7                               @ DW_AT_encoding
	.byte	4                               @ DW_AT_byte_size
	.byte	6                               @ Abbrev [6] 0x6b:0xd DW_TAG_variable
	.long	120                             @ DW_AT_type
	.byte	1                               @ DW_AT_decl_file
	.byte	140                             @ DW_AT_decl_line
	.byte	5                               @ DW_AT_location
	.byte	3
	.long	.L.str
	.byte	7                               @ Abbrev [7] 0x78:0xc DW_TAG_array_type
	.long	132                             @ DW_AT_type
	.byte	8                               @ Abbrev [8] 0x7d:0x6 DW_TAG_subrange_type
	.long	139                             @ DW_AT_type
	.byte	20                              @ DW_AT_count
	.byte	0                               @ End Of Children Mark
	.byte	4                               @ Abbrev [4] 0x84:0x7 DW_TAG_base_type
	.long	.Linfo_string8                  @ DW_AT_name
	.byte	8                               @ DW_AT_encoding
	.byte	1                               @ DW_AT_byte_size
	.byte	9                               @ Abbrev [9] 0x8b:0x7 DW_TAG_base_type
	.long	.Linfo_string9                  @ DW_AT_name
	.byte	8                               @ DW_AT_byte_size
	.byte	7                               @ DW_AT_encoding
	.byte	6                               @ Abbrev [6] 0x92:0xd DW_TAG_variable
	.long	159                             @ DW_AT_type
	.byte	1                               @ DW_AT_decl_file
	.byte	143                             @ DW_AT_decl_line
	.byte	5                               @ DW_AT_location
	.byte	3
	.long	.L.str.1
	.byte	7                               @ Abbrev [7] 0x9f:0xc DW_TAG_array_type
	.long	132                             @ DW_AT_type
	.byte	8                               @ Abbrev [8] 0xa4:0x6 DW_TAG_subrange_type
	.long	139                             @ DW_AT_type
	.byte	18                              @ DW_AT_count
	.byte	0                               @ End Of Children Mark
	.byte	6                               @ Abbrev [6] 0xab:0xd DW_TAG_variable
	.long	184                             @ DW_AT_type
	.byte	1                               @ DW_AT_decl_file
	.byte	212                             @ DW_AT_decl_line
	.byte	5                               @ DW_AT_location
	.byte	3
	.long	.L.str.2
	.byte	7                               @ Abbrev [7] 0xb8:0xc DW_TAG_array_type
	.long	132                             @ DW_AT_type
	.byte	8                               @ Abbrev [8] 0xbd:0x6 DW_TAG_subrange_type
	.long	139                             @ DW_AT_type
	.byte	25                              @ DW_AT_count
	.byte	0                               @ End Of Children Mark
	.byte	6                               @ Abbrev [6] 0xc4:0xd DW_TAG_variable
	.long	209                             @ DW_AT_type
	.byte	1                               @ DW_AT_decl_file
	.byte	214                             @ DW_AT_decl_line
	.byte	5                               @ DW_AT_location
	.byte	3
	.long	.L.str.3
	.byte	7                               @ Abbrev [7] 0xd1:0xc DW_TAG_array_type
	.long	132                             @ DW_AT_type
	.byte	8                               @ Abbrev [8] 0xd6:0x6 DW_TAG_subrange_type
	.long	139                             @ DW_AT_type
	.byte	21                              @ DW_AT_count
	.byte	0                               @ End Of Children Mark
	.byte	6                               @ Abbrev [6] 0xdd:0xd DW_TAG_variable
	.long	234                             @ DW_AT_type
	.byte	1                               @ DW_AT_decl_file
	.byte	219                             @ DW_AT_decl_line
	.byte	5                               @ DW_AT_location
	.byte	3
	.long	.L.str.4
	.byte	7                               @ Abbrev [7] 0xea:0xc DW_TAG_array_type
	.long	132                             @ DW_AT_type
	.byte	8                               @ Abbrev [8] 0xef:0x6 DW_TAG_subrange_type
	.long	139                             @ DW_AT_type
	.byte	13                              @ DW_AT_count
	.byte	0                               @ End Of Children Mark
	.byte	6                               @ Abbrev [6] 0xf6:0xd DW_TAG_variable
	.long	259                             @ DW_AT_type
	.byte	1                               @ DW_AT_decl_file
	.byte	244                             @ DW_AT_decl_line
	.byte	5                               @ DW_AT_location
	.byte	3
	.long	.L.str.5
	.byte	7                               @ Abbrev [7] 0x103:0xc DW_TAG_array_type
	.long	132                             @ DW_AT_type
	.byte	8                               @ Abbrev [8] 0x108:0x6 DW_TAG_subrange_type
	.long	139                             @ DW_AT_type
	.byte	3                               @ DW_AT_count
	.byte	0                               @ End Of Children Mark
	.byte	6                               @ Abbrev [6] 0x10f:0xd DW_TAG_variable
	.long	284                             @ DW_AT_type
	.byte	1                               @ DW_AT_decl_file
	.byte	247                             @ DW_AT_decl_line
	.byte	5                               @ DW_AT_location
	.byte	3
	.long	.L.str.6
	.byte	7                               @ Abbrev [7] 0x11c:0xc DW_TAG_array_type
	.long	132                             @ DW_AT_type
	.byte	8                               @ Abbrev [8] 0x121:0x6 DW_TAG_subrange_type
	.long	139                             @ DW_AT_type
	.byte	9                               @ DW_AT_count
	.byte	0                               @ End Of Children Mark
	.byte	6                               @ Abbrev [6] 0x128:0xd DW_TAG_variable
	.long	284                             @ DW_AT_type
	.byte	1                               @ DW_AT_decl_file
	.byte	250                             @ DW_AT_decl_line
	.byte	5                               @ DW_AT_location
	.byte	3
	.long	.L.str.7
	.byte	10                              @ Abbrev [10] 0x135:0xe DW_TAG_variable
	.long	323                             @ DW_AT_type
	.byte	1                               @ DW_AT_decl_file
	.short	276                             @ DW_AT_decl_line
	.byte	5                               @ DW_AT_location
	.byte	3
	.long	.L.str.8
	.byte	7                               @ Abbrev [7] 0x143:0xc DW_TAG_array_type
	.long	132                             @ DW_AT_type
	.byte	8                               @ Abbrev [8] 0x148:0x6 DW_TAG_subrange_type
	.long	139                             @ DW_AT_type
	.byte	17                              @ DW_AT_count
	.byte	0                               @ End Of Children Mark
	.byte	10                              @ Abbrev [10] 0x14f:0xe DW_TAG_variable
	.long	259                             @ DW_AT_type
	.byte	1                               @ DW_AT_decl_file
	.short	278                             @ DW_AT_decl_line
	.byte	5                               @ DW_AT_location
	.byte	3
	.long	.L.str.9
	.byte	10                              @ Abbrev [10] 0x15d:0xe DW_TAG_variable
	.long	363                             @ DW_AT_type
	.byte	1                               @ DW_AT_decl_file
	.short	280                             @ DW_AT_decl_line
	.byte	5                               @ DW_AT_location
	.byte	3
	.long	.L.str.10
	.byte	7                               @ Abbrev [7] 0x16b:0xc DW_TAG_array_type
	.long	132                             @ DW_AT_type
	.byte	8                               @ Abbrev [8] 0x170:0x6 DW_TAG_subrange_type
	.long	139                             @ DW_AT_type
	.byte	6                               @ DW_AT_count
	.byte	0                               @ End Of Children Mark
	.byte	2                               @ Abbrev [2] 0x177:0x11 DW_TAG_variable
	.long	.Linfo_string10                 @ DW_AT_name
	.long	392                             @ DW_AT_type
                                        @ DW_AT_external
	.byte	1                               @ DW_AT_decl_file
	.byte	11                              @ DW_AT_decl_line
	.byte	5                               @ DW_AT_location
	.byte	3
	.long	received_msg
	.byte	11                              @ Abbrev [11] 0x188:0x5 DW_TAG_pointer_type
	.long	132                             @ DW_AT_type
	.byte	12                              @ Abbrev [12] 0x18d:0x258 DW_TAG_enumeration_type
	.long	60                              @ DW_AT_type
	.long	.Linfo_string104                @ DW_AT_name
	.byte	4                               @ DW_AT_byte_size
	.byte	3                               @ DW_AT_decl_file
	.byte	131                             @ DW_AT_decl_line
	.byte	13                              @ Abbrev [13] 0x199:0x6 DW_TAG_enumerator
	.long	.Linfo_string11                 @ DW_AT_name
	.byte	114                             @ DW_AT_const_value
	.byte	13                              @ Abbrev [13] 0x19f:0x6 DW_TAG_enumerator
	.long	.Linfo_string12                 @ DW_AT_name
	.byte	115                             @ DW_AT_const_value
	.byte	13                              @ Abbrev [13] 0x1a5:0x6 DW_TAG_enumerator
	.long	.Linfo_string13                 @ DW_AT_name
	.byte	123                             @ DW_AT_const_value
	.byte	13                              @ Abbrev [13] 0x1ab:0x6 DW_TAG_enumerator
	.long	.Linfo_string14                 @ DW_AT_name
	.byte	126                             @ DW_AT_const_value
	.byte	13                              @ Abbrev [13] 0x1b1:0x6 DW_TAG_enumerator
	.long	.Linfo_string15                 @ DW_AT_name
	.byte	127                             @ DW_AT_const_value
	.byte	13                              @ Abbrev [13] 0x1b7:0x6 DW_TAG_enumerator
	.long	.Linfo_string16                 @ DW_AT_name
	.byte	0                               @ DW_AT_const_value
	.byte	13                              @ Abbrev [13] 0x1bd:0x6 DW_TAG_enumerator
	.long	.Linfo_string17                 @ DW_AT_name
	.byte	1                               @ DW_AT_const_value
	.byte	13                              @ Abbrev [13] 0x1c3:0x6 DW_TAG_enumerator
	.long	.Linfo_string18                 @ DW_AT_name
	.byte	2                               @ DW_AT_const_value
	.byte	13                              @ Abbrev [13] 0x1c9:0x6 DW_TAG_enumerator
	.long	.Linfo_string19                 @ DW_AT_name
	.byte	3                               @ DW_AT_const_value
	.byte	13                              @ Abbrev [13] 0x1cf:0x6 DW_TAG_enumerator
	.long	.Linfo_string20                 @ DW_AT_name
	.byte	4                               @ DW_AT_const_value
	.byte	13                              @ Abbrev [13] 0x1d5:0x6 DW_TAG_enumerator
	.long	.Linfo_string21                 @ DW_AT_name
	.byte	5                               @ DW_AT_const_value
	.byte	13                              @ Abbrev [13] 0x1db:0x6 DW_TAG_enumerator
	.long	.Linfo_string22                 @ DW_AT_name
	.byte	6                               @ DW_AT_const_value
	.byte	13                              @ Abbrev [13] 0x1e1:0x6 DW_TAG_enumerator
	.long	.Linfo_string23                 @ DW_AT_name
	.byte	7                               @ DW_AT_const_value
	.byte	13                              @ Abbrev [13] 0x1e7:0x6 DW_TAG_enumerator
	.long	.Linfo_string24                 @ DW_AT_name
	.byte	8                               @ DW_AT_const_value
	.byte	13                              @ Abbrev [13] 0x1ed:0x6 DW_TAG_enumerator
	.long	.Linfo_string25                 @ DW_AT_name
	.byte	9                               @ DW_AT_const_value
	.byte	13                              @ Abbrev [13] 0x1f3:0x6 DW_TAG_enumerator
	.long	.Linfo_string26                 @ DW_AT_name
	.byte	10                              @ DW_AT_const_value
	.byte	13                              @ Abbrev [13] 0x1f9:0x6 DW_TAG_enumerator
	.long	.Linfo_string27                 @ DW_AT_name
	.byte	11                              @ DW_AT_const_value
	.byte	13                              @ Abbrev [13] 0x1ff:0x6 DW_TAG_enumerator
	.long	.Linfo_string28                 @ DW_AT_name
	.byte	12                              @ DW_AT_const_value
	.byte	13                              @ Abbrev [13] 0x205:0x6 DW_TAG_enumerator
	.long	.Linfo_string29                 @ DW_AT_name
	.byte	13                              @ DW_AT_const_value
	.byte	13                              @ Abbrev [13] 0x20b:0x6 DW_TAG_enumerator
	.long	.Linfo_string30                 @ DW_AT_name
	.byte	14                              @ DW_AT_const_value
	.byte	13                              @ Abbrev [13] 0x211:0x6 DW_TAG_enumerator
	.long	.Linfo_string31                 @ DW_AT_name
	.byte	15                              @ DW_AT_const_value
	.byte	13                              @ Abbrev [13] 0x217:0x6 DW_TAG_enumerator
	.long	.Linfo_string32                 @ DW_AT_name
	.byte	16                              @ DW_AT_const_value
	.byte	13                              @ Abbrev [13] 0x21d:0x6 DW_TAG_enumerator
	.long	.Linfo_string33                 @ DW_AT_name
	.byte	17                              @ DW_AT_const_value
	.byte	13                              @ Abbrev [13] 0x223:0x6 DW_TAG_enumerator
	.long	.Linfo_string34                 @ DW_AT_name
	.byte	18                              @ DW_AT_const_value
	.byte	13                              @ Abbrev [13] 0x229:0x6 DW_TAG_enumerator
	.long	.Linfo_string35                 @ DW_AT_name
	.byte	19                              @ DW_AT_const_value
	.byte	13                              @ Abbrev [13] 0x22f:0x6 DW_TAG_enumerator
	.long	.Linfo_string36                 @ DW_AT_name
	.byte	20                              @ DW_AT_const_value
	.byte	13                              @ Abbrev [13] 0x235:0x6 DW_TAG_enumerator
	.long	.Linfo_string37                 @ DW_AT_name
	.byte	21                              @ DW_AT_const_value
	.byte	13                              @ Abbrev [13] 0x23b:0x6 DW_TAG_enumerator
	.long	.Linfo_string38                 @ DW_AT_name
	.byte	22                              @ DW_AT_const_value
	.byte	13                              @ Abbrev [13] 0x241:0x6 DW_TAG_enumerator
	.long	.Linfo_string39                 @ DW_AT_name
	.byte	23                              @ DW_AT_const_value
	.byte	13                              @ Abbrev [13] 0x247:0x6 DW_TAG_enumerator
	.long	.Linfo_string40                 @ DW_AT_name
	.byte	24                              @ DW_AT_const_value
	.byte	13                              @ Abbrev [13] 0x24d:0x6 DW_TAG_enumerator
	.long	.Linfo_string41                 @ DW_AT_name
	.byte	25                              @ DW_AT_const_value
	.byte	13                              @ Abbrev [13] 0x253:0x6 DW_TAG_enumerator
	.long	.Linfo_string42                 @ DW_AT_name
	.byte	26                              @ DW_AT_const_value
	.byte	13                              @ Abbrev [13] 0x259:0x6 DW_TAG_enumerator
	.long	.Linfo_string43                 @ DW_AT_name
	.byte	27                              @ DW_AT_const_value
	.byte	13                              @ Abbrev [13] 0x25f:0x6 DW_TAG_enumerator
	.long	.Linfo_string44                 @ DW_AT_name
	.byte	28                              @ DW_AT_const_value
	.byte	13                              @ Abbrev [13] 0x265:0x6 DW_TAG_enumerator
	.long	.Linfo_string45                 @ DW_AT_name
	.byte	29                              @ DW_AT_const_value
	.byte	13                              @ Abbrev [13] 0x26b:0x6 DW_TAG_enumerator
	.long	.Linfo_string46                 @ DW_AT_name
	.byte	30                              @ DW_AT_const_value
	.byte	13                              @ Abbrev [13] 0x271:0x6 DW_TAG_enumerator
	.long	.Linfo_string47                 @ DW_AT_name
	.byte	31                              @ DW_AT_const_value
	.byte	13                              @ Abbrev [13] 0x277:0x6 DW_TAG_enumerator
	.long	.Linfo_string48                 @ DW_AT_name
	.byte	32                              @ DW_AT_const_value
	.byte	13                              @ Abbrev [13] 0x27d:0x6 DW_TAG_enumerator
	.long	.Linfo_string49                 @ DW_AT_name
	.byte	33                              @ DW_AT_const_value
	.byte	13                              @ Abbrev [13] 0x283:0x6 DW_TAG_enumerator
	.long	.Linfo_string50                 @ DW_AT_name
	.byte	34                              @ DW_AT_const_value
	.byte	13                              @ Abbrev [13] 0x289:0x6 DW_TAG_enumerator
	.long	.Linfo_string51                 @ DW_AT_name
	.byte	35                              @ DW_AT_const_value
	.byte	13                              @ Abbrev [13] 0x28f:0x6 DW_TAG_enumerator
	.long	.Linfo_string52                 @ DW_AT_name
	.byte	36                              @ DW_AT_const_value
	.byte	13                              @ Abbrev [13] 0x295:0x6 DW_TAG_enumerator
	.long	.Linfo_string53                 @ DW_AT_name
	.byte	37                              @ DW_AT_const_value
	.byte	13                              @ Abbrev [13] 0x29b:0x6 DW_TAG_enumerator
	.long	.Linfo_string54                 @ DW_AT_name
	.byte	38                              @ DW_AT_const_value
	.byte	13                              @ Abbrev [13] 0x2a1:0x6 DW_TAG_enumerator
	.long	.Linfo_string55                 @ DW_AT_name
	.byte	39                              @ DW_AT_const_value
	.byte	13                              @ Abbrev [13] 0x2a7:0x6 DW_TAG_enumerator
	.long	.Linfo_string56                 @ DW_AT_name
	.byte	40                              @ DW_AT_const_value
	.byte	13                              @ Abbrev [13] 0x2ad:0x6 DW_TAG_enumerator
	.long	.Linfo_string57                 @ DW_AT_name
	.byte	41                              @ DW_AT_const_value
	.byte	13                              @ Abbrev [13] 0x2b3:0x6 DW_TAG_enumerator
	.long	.Linfo_string58                 @ DW_AT_name
	.byte	42                              @ DW_AT_const_value
	.byte	13                              @ Abbrev [13] 0x2b9:0x6 DW_TAG_enumerator
	.long	.Linfo_string59                 @ DW_AT_name
	.byte	43                              @ DW_AT_const_value
	.byte	13                              @ Abbrev [13] 0x2bf:0x6 DW_TAG_enumerator
	.long	.Linfo_string60                 @ DW_AT_name
	.byte	44                              @ DW_AT_const_value
	.byte	13                              @ Abbrev [13] 0x2c5:0x6 DW_TAG_enumerator
	.long	.Linfo_string61                 @ DW_AT_name
	.byte	46                              @ DW_AT_const_value
	.byte	13                              @ Abbrev [13] 0x2cb:0x6 DW_TAG_enumerator
	.long	.Linfo_string62                 @ DW_AT_name
	.byte	47                              @ DW_AT_const_value
	.byte	13                              @ Abbrev [13] 0x2d1:0x6 DW_TAG_enumerator
	.long	.Linfo_string63                 @ DW_AT_name
	.byte	48                              @ DW_AT_const_value
	.byte	13                              @ Abbrev [13] 0x2d7:0x6 DW_TAG_enumerator
	.long	.Linfo_string64                 @ DW_AT_name
	.byte	49                              @ DW_AT_const_value
	.byte	13                              @ Abbrev [13] 0x2dd:0x6 DW_TAG_enumerator
	.long	.Linfo_string65                 @ DW_AT_name
	.byte	51                              @ DW_AT_const_value
	.byte	13                              @ Abbrev [13] 0x2e3:0x6 DW_TAG_enumerator
	.long	.Linfo_string66                 @ DW_AT_name
	.byte	52                              @ DW_AT_const_value
	.byte	13                              @ Abbrev [13] 0x2e9:0x6 DW_TAG_enumerator
	.long	.Linfo_string67                 @ DW_AT_name
	.byte	53                              @ DW_AT_const_value
	.byte	13                              @ Abbrev [13] 0x2ef:0x6 DW_TAG_enumerator
	.long	.Linfo_string68                 @ DW_AT_name
	.byte	54                              @ DW_AT_const_value
	.byte	13                              @ Abbrev [13] 0x2f5:0x6 DW_TAG_enumerator
	.long	.Linfo_string69                 @ DW_AT_name
	.byte	55                              @ DW_AT_const_value
	.byte	13                              @ Abbrev [13] 0x2fb:0x6 DW_TAG_enumerator
	.long	.Linfo_string70                 @ DW_AT_name
	.byte	56                              @ DW_AT_const_value
	.byte	13                              @ Abbrev [13] 0x301:0x6 DW_TAG_enumerator
	.long	.Linfo_string71                 @ DW_AT_name
	.byte	58                              @ DW_AT_const_value
	.byte	13                              @ Abbrev [13] 0x307:0x6 DW_TAG_enumerator
	.long	.Linfo_string72                 @ DW_AT_name
	.byte	59                              @ DW_AT_const_value
	.byte	13                              @ Abbrev [13] 0x30d:0x6 DW_TAG_enumerator
	.long	.Linfo_string73                 @ DW_AT_name
	.byte	60                              @ DW_AT_const_value
	.byte	13                              @ Abbrev [13] 0x313:0x6 DW_TAG_enumerator
	.long	.Linfo_string74                 @ DW_AT_name
	.byte	62                              @ DW_AT_const_value
	.byte	13                              @ Abbrev [13] 0x319:0x7 DW_TAG_enumerator
	.long	.Linfo_string75                 @ DW_AT_name
	.asciz	"\300"                          @ DW_AT_const_value
	.byte	13                              @ Abbrev [13] 0x320:0x7 DW_TAG_enumerator
	.long	.Linfo_string76                 @ DW_AT_name
	.asciz	"\304"                          @ DW_AT_const_value
	.byte	13                              @ Abbrev [13] 0x327:0x7 DW_TAG_enumerator
	.long	.Linfo_string77                 @ DW_AT_name
	.asciz	"\307"                          @ DW_AT_const_value
	.byte	13                              @ Abbrev [13] 0x32e:0x7 DW_TAG_enumerator
	.long	.Linfo_string78                 @ DW_AT_name
	.asciz	"\310"                          @ DW_AT_const_value
	.byte	13                              @ Abbrev [13] 0x335:0x7 DW_TAG_enumerator
	.long	.Linfo_string79                 @ DW_AT_name
	.asciz	"\311"                          @ DW_AT_const_value
	.byte	13                              @ Abbrev [13] 0x33c:0x7 DW_TAG_enumerator
	.long	.Linfo_string80                 @ DW_AT_name
	.asciz	"\312"                          @ DW_AT_const_value
	.byte	13                              @ Abbrev [13] 0x343:0x7 DW_TAG_enumerator
	.long	.Linfo_string81                 @ DW_AT_name
	.asciz	"\313"                          @ DW_AT_const_value
	.byte	13                              @ Abbrev [13] 0x34a:0x7 DW_TAG_enumerator
	.long	.Linfo_string82                 @ DW_AT_name
	.asciz	"\314"                          @ DW_AT_const_value
	.byte	13                              @ Abbrev [13] 0x351:0x7 DW_TAG_enumerator
	.long	.Linfo_string83                 @ DW_AT_name
	.asciz	"\315"                          @ DW_AT_const_value
	.byte	13                              @ Abbrev [13] 0x358:0x7 DW_TAG_enumerator
	.long	.Linfo_string84                 @ DW_AT_name
	.asciz	"\316"                          @ DW_AT_const_value
	.byte	13                              @ Abbrev [13] 0x35f:0x7 DW_TAG_enumerator
	.long	.Linfo_string85                 @ DW_AT_name
	.asciz	"\317"                          @ DW_AT_const_value
	.byte	13                              @ Abbrev [13] 0x366:0x7 DW_TAG_enumerator
	.long	.Linfo_string86                 @ DW_AT_name
	.asciz	"\322"                          @ DW_AT_const_value
	.byte	13                              @ Abbrev [13] 0x36d:0x7 DW_TAG_enumerator
	.long	.Linfo_string87                 @ DW_AT_name
	.asciz	"\324"                          @ DW_AT_const_value
	.byte	13                              @ Abbrev [13] 0x374:0x7 DW_TAG_enumerator
	.long	.Linfo_string88                 @ DW_AT_name
	.asciz	"\325"                          @ DW_AT_const_value
	.byte	13                              @ Abbrev [13] 0x37b:0x7 DW_TAG_enumerator
	.long	.Linfo_string89                 @ DW_AT_name
	.asciz	"\326"                          @ DW_AT_const_value
	.byte	13                              @ Abbrev [13] 0x382:0x7 DW_TAG_enumerator
	.long	.Linfo_string90                 @ DW_AT_name
	.asciz	"\327"                          @ DW_AT_const_value
	.byte	13                              @ Abbrev [13] 0x389:0x7 DW_TAG_enumerator
	.long	.Linfo_string91                 @ DW_AT_name
	.asciz	"\330"                          @ DW_AT_const_value
	.byte	13                              @ Abbrev [13] 0x390:0x7 DW_TAG_enumerator
	.long	.Linfo_string92                 @ DW_AT_name
	.asciz	"\331"                          @ DW_AT_const_value
	.byte	13                              @ Abbrev [13] 0x397:0x7 DW_TAG_enumerator
	.long	.Linfo_string93                 @ DW_AT_name
	.asciz	"\342"                          @ DW_AT_const_value
	.byte	13                              @ Abbrev [13] 0x39e:0x7 DW_TAG_enumerator
	.long	.Linfo_string94                 @ DW_AT_name
	.asciz	"\343"                          @ DW_AT_const_value
	.byte	13                              @ Abbrev [13] 0x3a5:0x7 DW_TAG_enumerator
	.long	.Linfo_string95                 @ DW_AT_name
	.asciz	"\344"                          @ DW_AT_const_value
	.byte	13                              @ Abbrev [13] 0x3ac:0x7 DW_TAG_enumerator
	.long	.Linfo_string96                 @ DW_AT_name
	.asciz	"\345"                          @ DW_AT_const_value
	.byte	13                              @ Abbrev [13] 0x3b3:0x7 DW_TAG_enumerator
	.long	.Linfo_string97                 @ DW_AT_name
	.asciz	"\355"                          @ DW_AT_const_value
	.byte	13                              @ Abbrev [13] 0x3ba:0x7 DW_TAG_enumerator
	.long	.Linfo_string98                 @ DW_AT_name
	.asciz	"\356"                          @ DW_AT_const_value
	.byte	13                              @ Abbrev [13] 0x3c1:0x7 DW_TAG_enumerator
	.long	.Linfo_string99                 @ DW_AT_name
	.asciz	"\357"                          @ DW_AT_const_value
	.byte	13                              @ Abbrev [13] 0x3c8:0x7 DW_TAG_enumerator
	.long	.Linfo_string100                @ DW_AT_name
	.asciz	"\360"                          @ DW_AT_const_value
	.byte	13                              @ Abbrev [13] 0x3cf:0x7 DW_TAG_enumerator
	.long	.Linfo_string101                @ DW_AT_name
	.asciz	"\361"                          @ DW_AT_const_value
	.byte	13                              @ Abbrev [13] 0x3d6:0x7 DW_TAG_enumerator
	.long	.Linfo_string102                @ DW_AT_name
	.asciz	"\362"                          @ DW_AT_const_value
	.byte	13                              @ Abbrev [13] 0x3dd:0x7 DW_TAG_enumerator
	.long	.Linfo_string103                @ DW_AT_name
	.asciz	"\363"                          @ DW_AT_const_value
	.byte	0                               @ End Of Children Mark
	.byte	11                              @ Abbrev [11] 0x3e5:0x5 DW_TAG_pointer_type
	.long	1002                            @ DW_AT_type
	.byte	14                              @ Abbrev [14] 0x3ea:0xc DW_TAG_typedef
	.long	1014                            @ DW_AT_type
	.long	.Linfo_string124                @ DW_AT_name
	.byte	4                               @ DW_AT_decl_file
	.short	852                             @ DW_AT_decl_line
	.byte	15                              @ Abbrev [15] 0x3f6:0xfc DW_TAG_structure_type
	.byte	76                              @ DW_AT_byte_size
	.byte	4                               @ DW_AT_decl_file
	.byte	26                              @ DW_AT_decl_line
	.byte	16                              @ Abbrev [16] 0x3fa:0xd DW_TAG_member
	.long	.Linfo_string105                @ DW_AT_name
	.long	84                              @ DW_AT_type
	.byte	4                               @ DW_AT_decl_file
	.short	831                             @ DW_AT_decl_line
	.byte	0                               @ DW_AT_data_member_location
	.byte	16                              @ Abbrev [16] 0x407:0xd DW_TAG_member
	.long	.Linfo_string106                @ DW_AT_name
	.long	84                              @ DW_AT_type
	.byte	4                               @ DW_AT_decl_file
	.short	832                             @ DW_AT_decl_line
	.byte	4                               @ DW_AT_data_member_location
	.byte	16                              @ Abbrev [16] 0x414:0xd DW_TAG_member
	.long	.Linfo_string107                @ DW_AT_name
	.long	84                              @ DW_AT_type
	.byte	4                               @ DW_AT_decl_file
	.short	833                             @ DW_AT_decl_line
	.byte	8                               @ DW_AT_data_member_location
	.byte	16                              @ Abbrev [16] 0x421:0xd DW_TAG_member
	.long	.Linfo_string108                @ DW_AT_name
	.long	84                              @ DW_AT_type
	.byte	4                               @ DW_AT_decl_file
	.short	834                             @ DW_AT_decl_line
	.byte	12                              @ DW_AT_data_member_location
	.byte	16                              @ Abbrev [16] 0x42e:0xd DW_TAG_member
	.long	.Linfo_string109                @ DW_AT_name
	.long	84                              @ DW_AT_type
	.byte	4                               @ DW_AT_decl_file
	.short	835                             @ DW_AT_decl_line
	.byte	16                              @ DW_AT_data_member_location
	.byte	16                              @ Abbrev [16] 0x43b:0xd DW_TAG_member
	.long	.Linfo_string110                @ DW_AT_name
	.long	84                              @ DW_AT_type
	.byte	4                               @ DW_AT_decl_file
	.short	836                             @ DW_AT_decl_line
	.byte	20                              @ DW_AT_data_member_location
	.byte	16                              @ Abbrev [16] 0x448:0xd DW_TAG_member
	.long	.Linfo_string111                @ DW_AT_name
	.long	84                              @ DW_AT_type
	.byte	4                               @ DW_AT_decl_file
	.short	837                             @ DW_AT_decl_line
	.byte	24                              @ DW_AT_data_member_location
	.byte	16                              @ Abbrev [16] 0x455:0xd DW_TAG_member
	.long	.Linfo_string112                @ DW_AT_name
	.long	84                              @ DW_AT_type
	.byte	4                               @ DW_AT_decl_file
	.short	838                             @ DW_AT_decl_line
	.byte	28                              @ DW_AT_data_member_location
	.byte	16                              @ Abbrev [16] 0x462:0xd DW_TAG_member
	.long	.Linfo_string113                @ DW_AT_name
	.long	84                              @ DW_AT_type
	.byte	4                               @ DW_AT_decl_file
	.short	839                             @ DW_AT_decl_line
	.byte	32                              @ DW_AT_data_member_location
	.byte	16                              @ Abbrev [16] 0x46f:0xd DW_TAG_member
	.long	.Linfo_string114                @ DW_AT_name
	.long	84                              @ DW_AT_type
	.byte	4                               @ DW_AT_decl_file
	.short	840                             @ DW_AT_decl_line
	.byte	36                              @ DW_AT_data_member_location
	.byte	16                              @ Abbrev [16] 0x47c:0xd DW_TAG_member
	.long	.Linfo_string115                @ DW_AT_name
	.long	84                              @ DW_AT_type
	.byte	4                               @ DW_AT_decl_file
	.short	841                             @ DW_AT_decl_line
	.byte	40                              @ DW_AT_data_member_location
	.byte	16                              @ Abbrev [16] 0x489:0xd DW_TAG_member
	.long	.Linfo_string116                @ DW_AT_name
	.long	84                              @ DW_AT_type
	.byte	4                               @ DW_AT_decl_file
	.short	842                             @ DW_AT_decl_line
	.byte	44                              @ DW_AT_data_member_location
	.byte	16                              @ Abbrev [16] 0x496:0xd DW_TAG_member
	.long	.Linfo_string117                @ DW_AT_name
	.long	84                              @ DW_AT_type
	.byte	4                               @ DW_AT_decl_file
	.short	843                             @ DW_AT_decl_line
	.byte	48                              @ DW_AT_data_member_location
	.byte	16                              @ Abbrev [16] 0x4a3:0xd DW_TAG_member
	.long	.Linfo_string118                @ DW_AT_name
	.long	84                              @ DW_AT_type
	.byte	4                               @ DW_AT_decl_file
	.short	844                             @ DW_AT_decl_line
	.byte	52                              @ DW_AT_data_member_location
	.byte	16                              @ Abbrev [16] 0x4b0:0xd DW_TAG_member
	.long	.Linfo_string119                @ DW_AT_name
	.long	84                              @ DW_AT_type
	.byte	4                               @ DW_AT_decl_file
	.short	845                             @ DW_AT_decl_line
	.byte	56                              @ DW_AT_data_member_location
	.byte	16                              @ Abbrev [16] 0x4bd:0xd DW_TAG_member
	.long	.Linfo_string120                @ DW_AT_name
	.long	84                              @ DW_AT_type
	.byte	4                               @ DW_AT_decl_file
	.short	846                             @ DW_AT_decl_line
	.byte	60                              @ DW_AT_data_member_location
	.byte	16                              @ Abbrev [16] 0x4ca:0xd DW_TAG_member
	.long	.Linfo_string121                @ DW_AT_name
	.long	84                              @ DW_AT_type
	.byte	4                               @ DW_AT_decl_file
	.short	847                             @ DW_AT_decl_line
	.byte	64                              @ DW_AT_data_member_location
	.byte	16                              @ Abbrev [16] 0x4d7:0xd DW_TAG_member
	.long	.Linfo_string122                @ DW_AT_name
	.long	84                              @ DW_AT_type
	.byte	4                               @ DW_AT_decl_file
	.short	848                             @ DW_AT_decl_line
	.byte	68                              @ DW_AT_data_member_location
	.byte	16                              @ Abbrev [16] 0x4e4:0xd DW_TAG_member
	.long	.Linfo_string123                @ DW_AT_name
	.long	84                              @ DW_AT_type
	.byte	4                               @ DW_AT_decl_file
	.short	849                             @ DW_AT_decl_line
	.byte	72                              @ DW_AT_data_member_location
	.byte	0                               @ End Of Children Mark
	.byte	5                               @ Abbrev [5] 0x4f2:0xb DW_TAG_typedef
	.long	1277                            @ DW_AT_type
	.long	.Linfo_string126                @ DW_AT_name
	.byte	2                               @ DW_AT_decl_file
	.byte	62                              @ DW_AT_decl_line
	.byte	4                               @ Abbrev [4] 0x4fd:0x7 DW_TAG_base_type
	.long	.Linfo_string125                @ DW_AT_name
	.byte	8                               @ DW_AT_encoding
	.byte	1                               @ DW_AT_byte_size
	.byte	5                               @ Abbrev [5] 0x504:0xb DW_TAG_typedef
	.long	1295                            @ DW_AT_type
	.long	.Linfo_string128                @ DW_AT_name
	.byte	1                               @ DW_AT_decl_file
	.byte	18                              @ DW_AT_decl_line
	.byte	11                              @ Abbrev [11] 0x50f:0x5 DW_TAG_pointer_type
	.long	1300                            @ DW_AT_type
	.byte	17                              @ Abbrev [17] 0x514:0xb DW_TAG_subroutine_type
	.long	1311                            @ DW_AT_type
                                        @ DW_AT_prototyped
	.byte	18                              @ Abbrev [18] 0x519:0x5 DW_TAG_formal_parameter
	.long	89                              @ DW_AT_type
	.byte	0                               @ End Of Children Mark
	.byte	5                               @ Abbrev [5] 0x51f:0xb DW_TAG_typedef
	.long	60                              @ DW_AT_type
	.long	.Linfo_string127                @ DW_AT_name
	.byte	2                               @ DW_AT_decl_file
	.byte	58                              @ DW_AT_decl_line
	.byte	11                              @ Abbrev [11] 0x52a:0x5 DW_TAG_pointer_type
	.long	89                              @ DW_AT_type
	.byte	11                              @ Abbrev [11] 0x52f:0x5 DW_TAG_pointer_type
	.long	1332                            @ DW_AT_type
	.byte	14                              @ Abbrev [14] 0x534:0xc DW_TAG_typedef
	.long	1344                            @ DW_AT_type
	.long	.Linfo_string138                @ DW_AT_name
	.byte	5                               @ DW_AT_decl_file
	.short	396                             @ DW_AT_decl_line
	.byte	19                              @ Abbrev [19] 0x540:0x7b DW_TAG_structure_type
	.byte	40                              @ DW_AT_byte_size
	.byte	5                               @ DW_AT_decl_file
	.short	381                             @ DW_AT_decl_line
	.byte	16                              @ Abbrev [16] 0x545:0xd DW_TAG_member
	.long	.Linfo_string129                @ DW_AT_name
	.long	1467                            @ DW_AT_type
	.byte	5                               @ DW_AT_decl_file
	.short	383                             @ DW_AT_decl_line
	.byte	0                               @ DW_AT_data_member_location
	.byte	16                              @ Abbrev [16] 0x552:0xd DW_TAG_member
	.long	.Linfo_string130                @ DW_AT_name
	.long	84                              @ DW_AT_type
	.byte	5                               @ DW_AT_decl_file
	.short	384                             @ DW_AT_decl_line
	.byte	4                               @ DW_AT_data_member_location
	.byte	16                              @ Abbrev [16] 0x55f:0xd DW_TAG_member
	.long	.Linfo_string131                @ DW_AT_name
	.long	84                              @ DW_AT_type
	.byte	5                               @ DW_AT_decl_file
	.short	386                             @ DW_AT_decl_line
	.byte	8                               @ DW_AT_data_member_location
	.byte	16                              @ Abbrev [16] 0x56c:0xd DW_TAG_member
	.long	.Linfo_string132                @ DW_AT_name
	.long	84                              @ DW_AT_type
	.byte	5                               @ DW_AT_decl_file
	.short	390                             @ DW_AT_decl_line
	.byte	12                              @ DW_AT_data_member_location
	.byte	16                              @ Abbrev [16] 0x579:0xd DW_TAG_member
	.long	.Linfo_string133                @ DW_AT_name
	.long	84                              @ DW_AT_type
	.byte	5                               @ DW_AT_decl_file
	.short	391                             @ DW_AT_decl_line
	.byte	16                              @ DW_AT_data_member_location
	.byte	16                              @ Abbrev [16] 0x586:0xd DW_TAG_member
	.long	.Linfo_string134                @ DW_AT_name
	.long	84                              @ DW_AT_type
	.byte	5                               @ DW_AT_decl_file
	.short	392                             @ DW_AT_decl_line
	.byte	20                              @ DW_AT_data_member_location
	.byte	16                              @ Abbrev [16] 0x593:0xd DW_TAG_member
	.long	.Linfo_string135                @ DW_AT_name
	.long	89                              @ DW_AT_type
	.byte	5                               @ DW_AT_decl_file
	.short	393                             @ DW_AT_decl_line
	.byte	24                              @ DW_AT_data_member_location
	.byte	16                              @ Abbrev [16] 0x5a0:0xd DW_TAG_member
	.long	.Linfo_string136                @ DW_AT_name
	.long	1472                            @ DW_AT_type
	.byte	5                               @ DW_AT_decl_file
	.short	394                             @ DW_AT_decl_line
	.byte	28                              @ DW_AT_data_member_location
	.byte	16                              @ Abbrev [16] 0x5ad:0xd DW_TAG_member
	.long	.Linfo_string137                @ DW_AT_name
	.long	84                              @ DW_AT_type
	.byte	5                               @ DW_AT_decl_file
	.short	395                             @ DW_AT_decl_line
	.byte	36                              @ DW_AT_data_member_location
	.byte	0                               @ End Of Children Mark
	.byte	20                              @ Abbrev [20] 0x5bb:0x5 DW_TAG_const_type
	.long	84                              @ DW_AT_type
	.byte	7                               @ Abbrev [7] 0x5c0:0xc DW_TAG_array_type
	.long	84                              @ DW_AT_type
	.byte	8                               @ Abbrev [8] 0x5c5:0x6 DW_TAG_subrange_type
	.long	139                             @ DW_AT_type
	.byte	2                               @ DW_AT_count
	.byte	0                               @ End Of Children Mark
	.byte	11                              @ Abbrev [11] 0x5cc:0x5 DW_TAG_pointer_type
	.long	1489                            @ DW_AT_type
	.byte	5                               @ Abbrev [5] 0x5d1:0xb DW_TAG_typedef
	.long	1500                            @ DW_AT_type
	.long	.Linfo_string139                @ DW_AT_name
	.byte	3                               @ DW_AT_decl_file
	.byte	32                              @ DW_AT_decl_line
	.byte	3                               @ Abbrev [3] 0x5dc:0x5 DW_TAG_volatile_type
	.long	100                             @ DW_AT_type
	.byte	11                              @ Abbrev [11] 0x5e1:0x5 DW_TAG_pointer_type
	.long	1510                            @ DW_AT_type
	.byte	14                              @ Abbrev [14] 0x5e6:0xc DW_TAG_typedef
	.long	1522                            @ DW_AT_type
	.long	.Linfo_string174                @ DW_AT_name
	.byte	6                               @ DW_AT_decl_file
	.short	811                             @ DW_AT_decl_line
	.byte	15                              @ Abbrev [15] 0x5f2:0x1d9 DW_TAG_structure_type
	.byte	168                             @ DW_AT_byte_size
	.byte	6                               @ DW_AT_decl_file
	.byte	25                              @ DW_AT_decl_line
	.byte	16                              @ Abbrev [16] 0x5f6:0xd DW_TAG_member
	.long	.Linfo_string140                @ DW_AT_name
	.long	84                              @ DW_AT_type
	.byte	6                               @ DW_AT_decl_file
	.short	774                             @ DW_AT_decl_line
	.byte	0                               @ DW_AT_data_member_location
	.byte	16                              @ Abbrev [16] 0x603:0xd DW_TAG_member
	.long	.Linfo_string141                @ DW_AT_name
	.long	84                              @ DW_AT_type
	.byte	6                               @ DW_AT_decl_file
	.short	775                             @ DW_AT_decl_line
	.byte	4                               @ DW_AT_data_member_location
	.byte	16                              @ Abbrev [16] 0x610:0xd DW_TAG_member
	.long	.Linfo_string112                @ DW_AT_name
	.long	84                              @ DW_AT_type
	.byte	6                               @ DW_AT_decl_file
	.short	776                             @ DW_AT_decl_line
	.byte	8                               @ DW_AT_data_member_location
	.byte	16                              @ Abbrev [16] 0x61d:0xd DW_TAG_member
	.long	.Linfo_string142                @ DW_AT_name
	.long	84                              @ DW_AT_type
	.byte	6                               @ DW_AT_decl_file
	.short	777                             @ DW_AT_decl_line
	.byte	12                              @ DW_AT_data_member_location
	.byte	16                              @ Abbrev [16] 0x62a:0xd DW_TAG_member
	.long	.Linfo_string143                @ DW_AT_name
	.long	1467                            @ DW_AT_type
	.byte	6                               @ DW_AT_decl_file
	.short	778                             @ DW_AT_decl_line
	.byte	16                              @ DW_AT_data_member_location
	.byte	16                              @ Abbrev [16] 0x637:0xd DW_TAG_member
	.long	.Linfo_string144                @ DW_AT_name
	.long	84                              @ DW_AT_type
	.byte	6                               @ DW_AT_decl_file
	.short	779                             @ DW_AT_decl_line
	.byte	20                              @ DW_AT_data_member_location
	.byte	16                              @ Abbrev [16] 0x644:0xd DW_TAG_member
	.long	.Linfo_string145                @ DW_AT_name
	.long	84                              @ DW_AT_type
	.byte	6                               @ DW_AT_decl_file
	.short	780                             @ DW_AT_decl_line
	.byte	24                              @ DW_AT_data_member_location
	.byte	16                              @ Abbrev [16] 0x651:0xd DW_TAG_member
	.long	.Linfo_string146                @ DW_AT_name
	.long	84                              @ DW_AT_type
	.byte	6                               @ DW_AT_decl_file
	.short	781                             @ DW_AT_decl_line
	.byte	28                              @ DW_AT_data_member_location
	.byte	16                              @ Abbrev [16] 0x65e:0xd DW_TAG_member
	.long	.Linfo_string116                @ DW_AT_name
	.long	84                              @ DW_AT_type
	.byte	6                               @ DW_AT_decl_file
	.short	782                             @ DW_AT_decl_line
	.byte	32                              @ DW_AT_data_member_location
	.byte	16                              @ Abbrev [16] 0x66b:0xd DW_TAG_member
	.long	.Linfo_string147                @ DW_AT_name
	.long	1995                            @ DW_AT_type
	.byte	6                               @ DW_AT_decl_file
	.short	783                             @ DW_AT_decl_line
	.byte	36                              @ DW_AT_data_member_location
	.byte	16                              @ Abbrev [16] 0x678:0xd DW_TAG_member
	.long	.Linfo_string148                @ DW_AT_name
	.long	84                              @ DW_AT_type
	.byte	6                               @ DW_AT_decl_file
	.short	784                             @ DW_AT_decl_line
	.byte	64                              @ DW_AT_data_member_location
	.byte	16                              @ Abbrev [16] 0x685:0xd DW_TAG_member
	.long	.Linfo_string149                @ DW_AT_name
	.long	84                              @ DW_AT_type
	.byte	6                               @ DW_AT_decl_file
	.short	785                             @ DW_AT_decl_line
	.byte	68                              @ DW_AT_data_member_location
	.byte	16                              @ Abbrev [16] 0x692:0xd DW_TAG_member
	.long	.Linfo_string150                @ DW_AT_name
	.long	84                              @ DW_AT_type
	.byte	6                               @ DW_AT_decl_file
	.short	786                             @ DW_AT_decl_line
	.byte	72                              @ DW_AT_data_member_location
	.byte	16                              @ Abbrev [16] 0x69f:0xd DW_TAG_member
	.long	.Linfo_string151                @ DW_AT_name
	.long	84                              @ DW_AT_type
	.byte	6                               @ DW_AT_decl_file
	.short	787                             @ DW_AT_decl_line
	.byte	76                              @ DW_AT_data_member_location
	.byte	16                              @ Abbrev [16] 0x6ac:0xd DW_TAG_member
	.long	.Linfo_string152                @ DW_AT_name
	.long	84                              @ DW_AT_type
	.byte	6                               @ DW_AT_decl_file
	.short	788                             @ DW_AT_decl_line
	.byte	80                              @ DW_AT_data_member_location
	.byte	16                              @ Abbrev [16] 0x6b9:0xd DW_TAG_member
	.long	.Linfo_string153                @ DW_AT_name
	.long	84                              @ DW_AT_type
	.byte	6                               @ DW_AT_decl_file
	.short	789                             @ DW_AT_decl_line
	.byte	84                              @ DW_AT_data_member_location
	.byte	16                              @ Abbrev [16] 0x6c6:0xd DW_TAG_member
	.long	.Linfo_string154                @ DW_AT_name
	.long	84                              @ DW_AT_type
	.byte	6                               @ DW_AT_decl_file
	.short	790                             @ DW_AT_decl_line
	.byte	88                              @ DW_AT_data_member_location
	.byte	16                              @ Abbrev [16] 0x6d3:0xd DW_TAG_member
	.long	.Linfo_string155                @ DW_AT_name
	.long	1467                            @ DW_AT_type
	.byte	6                               @ DW_AT_decl_file
	.short	791                             @ DW_AT_decl_line
	.byte	92                              @ DW_AT_data_member_location
	.byte	16                              @ Abbrev [16] 0x6e0:0xd DW_TAG_member
	.long	.Linfo_string156                @ DW_AT_name
	.long	84                              @ DW_AT_type
	.byte	6                               @ DW_AT_decl_file
	.short	792                             @ DW_AT_decl_line
	.byte	96                              @ DW_AT_data_member_location
	.byte	16                              @ Abbrev [16] 0x6ed:0xd DW_TAG_member
	.long	.Linfo_string157                @ DW_AT_name
	.long	84                              @ DW_AT_type
	.byte	6                               @ DW_AT_decl_file
	.short	793                             @ DW_AT_decl_line
	.byte	100                             @ DW_AT_data_member_location
	.byte	16                              @ Abbrev [16] 0x6fa:0xd DW_TAG_member
	.long	.Linfo_string158                @ DW_AT_name
	.long	84                              @ DW_AT_type
	.byte	6                               @ DW_AT_decl_file
	.short	794                             @ DW_AT_decl_line
	.byte	104                             @ DW_AT_data_member_location
	.byte	16                              @ Abbrev [16] 0x707:0xd DW_TAG_member
	.long	.Linfo_string159                @ DW_AT_name
	.long	84                              @ DW_AT_type
	.byte	6                               @ DW_AT_decl_file
	.short	795                             @ DW_AT_decl_line
	.byte	108                             @ DW_AT_data_member_location
	.byte	16                              @ Abbrev [16] 0x714:0xd DW_TAG_member
	.long	.Linfo_string160                @ DW_AT_name
	.long	84                              @ DW_AT_type
	.byte	6                               @ DW_AT_decl_file
	.short	796                             @ DW_AT_decl_line
	.byte	112                             @ DW_AT_data_member_location
	.byte	16                              @ Abbrev [16] 0x721:0xd DW_TAG_member
	.long	.Linfo_string161                @ DW_AT_name
	.long	84                              @ DW_AT_type
	.byte	6                               @ DW_AT_decl_file
	.short	797                             @ DW_AT_decl_line
	.byte	116                             @ DW_AT_data_member_location
	.byte	16                              @ Abbrev [16] 0x72e:0xd DW_TAG_member
	.long	.Linfo_string162                @ DW_AT_name
	.long	84                              @ DW_AT_type
	.byte	6                               @ DW_AT_decl_file
	.short	798                             @ DW_AT_decl_line
	.byte	120                             @ DW_AT_data_member_location
	.byte	16                              @ Abbrev [16] 0x73b:0xd DW_TAG_member
	.long	.Linfo_string163                @ DW_AT_name
	.long	84                              @ DW_AT_type
	.byte	6                               @ DW_AT_decl_file
	.short	799                             @ DW_AT_decl_line
	.byte	124                             @ DW_AT_data_member_location
	.byte	16                              @ Abbrev [16] 0x748:0xd DW_TAG_member
	.long	.Linfo_string164                @ DW_AT_name
	.long	84                              @ DW_AT_type
	.byte	6                               @ DW_AT_decl_file
	.short	800                             @ DW_AT_decl_line
	.byte	128                             @ DW_AT_data_member_location
	.byte	16                              @ Abbrev [16] 0x755:0xd DW_TAG_member
	.long	.Linfo_string165                @ DW_AT_name
	.long	84                              @ DW_AT_type
	.byte	6                               @ DW_AT_decl_file
	.short	801                             @ DW_AT_decl_line
	.byte	132                             @ DW_AT_data_member_location
	.byte	16                              @ Abbrev [16] 0x762:0xd DW_TAG_member
	.long	.Linfo_string166                @ DW_AT_name
	.long	84                              @ DW_AT_type
	.byte	6                               @ DW_AT_decl_file
	.short	802                             @ DW_AT_decl_line
	.byte	136                             @ DW_AT_data_member_location
	.byte	16                              @ Abbrev [16] 0x76f:0xd DW_TAG_member
	.long	.Linfo_string167                @ DW_AT_name
	.long	84                              @ DW_AT_type
	.byte	6                               @ DW_AT_decl_file
	.short	803                             @ DW_AT_decl_line
	.byte	140                             @ DW_AT_data_member_location
	.byte	16                              @ Abbrev [16] 0x77c:0xd DW_TAG_member
	.long	.Linfo_string168                @ DW_AT_name
	.long	84                              @ DW_AT_type
	.byte	6                               @ DW_AT_decl_file
	.short	804                             @ DW_AT_decl_line
	.byte	144                             @ DW_AT_data_member_location
	.byte	16                              @ Abbrev [16] 0x789:0xd DW_TAG_member
	.long	.Linfo_string169                @ DW_AT_name
	.long	84                              @ DW_AT_type
	.byte	6                               @ DW_AT_decl_file
	.short	805                             @ DW_AT_decl_line
	.byte	148                             @ DW_AT_data_member_location
	.byte	16                              @ Abbrev [16] 0x796:0xd DW_TAG_member
	.long	.Linfo_string170                @ DW_AT_name
	.long	84                              @ DW_AT_type
	.byte	6                               @ DW_AT_decl_file
	.short	806                             @ DW_AT_decl_line
	.byte	152                             @ DW_AT_data_member_location
	.byte	16                              @ Abbrev [16] 0x7a3:0xd DW_TAG_member
	.long	.Linfo_string171                @ DW_AT_name
	.long	84                              @ DW_AT_type
	.byte	6                               @ DW_AT_decl_file
	.short	807                             @ DW_AT_decl_line
	.byte	156                             @ DW_AT_data_member_location
	.byte	16                              @ Abbrev [16] 0x7b0:0xd DW_TAG_member
	.long	.Linfo_string172                @ DW_AT_name
	.long	1467                            @ DW_AT_type
	.byte	6                               @ DW_AT_decl_file
	.short	808                             @ DW_AT_decl_line
	.byte	160                             @ DW_AT_data_member_location
	.byte	16                              @ Abbrev [16] 0x7bd:0xd DW_TAG_member
	.long	.Linfo_string173                @ DW_AT_name
	.long	1467                            @ DW_AT_type
	.byte	6                               @ DW_AT_decl_file
	.short	809                             @ DW_AT_decl_line
	.byte	164                             @ DW_AT_data_member_location
	.byte	0                               @ End Of Children Mark
	.byte	7                               @ Abbrev [7] 0x7cb:0xc DW_TAG_array_type
	.long	1467                            @ DW_AT_type
	.byte	8                               @ Abbrev [8] 0x7d0:0x6 DW_TAG_subrange_type
	.long	139                             @ DW_AT_type
	.byte	7                               @ DW_AT_count
	.byte	0                               @ End Of Children Mark
	.byte	11                              @ Abbrev [11] 0x7d7:0x5 DW_TAG_pointer_type
	.long	2012                            @ DW_AT_type
	.byte	14                              @ Abbrev [14] 0x7dc:0xc DW_TAG_typedef
	.long	2024                            @ DW_AT_type
	.long	.Linfo_string179                @ DW_AT_name
	.byte	5                               @ DW_AT_decl_file
	.short	561                             @ DW_AT_decl_line
	.byte	19                              @ Abbrev [19] 0x7e8:0x3a DW_TAG_structure_type
	.byte	16                              @ DW_AT_byte_size
	.byte	5                               @ DW_AT_decl_file
	.short	555                             @ DW_AT_decl_line
	.byte	16                              @ Abbrev [16] 0x7ed:0xd DW_TAG_member
	.long	.Linfo_string175                @ DW_AT_name
	.long	84                              @ DW_AT_type
	.byte	5                               @ DW_AT_decl_file
	.short	557                             @ DW_AT_decl_line
	.byte	0                               @ DW_AT_data_member_location
	.byte	16                              @ Abbrev [16] 0x7fa:0xd DW_TAG_member
	.long	.Linfo_string176                @ DW_AT_name
	.long	84                              @ DW_AT_type
	.byte	5                               @ DW_AT_decl_file
	.short	558                             @ DW_AT_decl_line
	.byte	4                               @ DW_AT_data_member_location
	.byte	16                              @ Abbrev [16] 0x807:0xd DW_TAG_member
	.long	.Linfo_string177                @ DW_AT_name
	.long	84                              @ DW_AT_type
	.byte	5                               @ DW_AT_decl_file
	.short	559                             @ DW_AT_decl_line
	.byte	8                               @ DW_AT_data_member_location
	.byte	16                              @ Abbrev [16] 0x814:0xd DW_TAG_member
	.long	.Linfo_string178                @ DW_AT_name
	.long	1467                            @ DW_AT_type
	.byte	5                               @ DW_AT_decl_file
	.short	560                             @ DW_AT_decl_line
	.byte	12                              @ DW_AT_data_member_location
	.byte	0                               @ End Of Children Mark
	.byte	11                              @ Abbrev [11] 0x822:0x5 DW_TAG_pointer_type
	.long	2087                            @ DW_AT_type
	.byte	14                              @ Abbrev [14] 0x827:0xc DW_TAG_typedef
	.long	2099                            @ DW_AT_type
	.long	.Linfo_string193                @ DW_AT_name
	.byte	5                               @ DW_AT_decl_file
	.short	366                             @ DW_AT_decl_line
	.byte	21                              @ Abbrev [21] 0x833:0xb9 DW_TAG_structure_type
	.short	1264                            @ DW_AT_byte_size
	.byte	5                               @ DW_AT_decl_file
	.short	351                             @ DW_AT_decl_line
	.byte	16                              @ Abbrev [16] 0x839:0xd DW_TAG_member
	.long	.Linfo_string180                @ DW_AT_name
	.long	2284                            @ DW_AT_type
	.byte	5                               @ DW_AT_decl_file
	.short	353                             @ DW_AT_decl_line
	.byte	0                               @ DW_AT_data_member_location
	.byte	16                              @ Abbrev [16] 0x846:0xd DW_TAG_member
	.long	.Linfo_string181                @ DW_AT_name
	.long	2296                            @ DW_AT_type
	.byte	5                               @ DW_AT_decl_file
	.short	354                             @ DW_AT_decl_line
	.byte	64                              @ DW_AT_data_member_location
	.byte	16                              @ Abbrev [16] 0x853:0xd DW_TAG_member
	.long	.Linfo_string182                @ DW_AT_name
	.long	2284                            @ DW_AT_type
	.byte	5                               @ DW_AT_decl_file
	.short	355                             @ DW_AT_decl_line
	.byte	128                             @ DW_AT_data_member_location
	.byte	16                              @ Abbrev [16] 0x860:0xd DW_TAG_member
	.long	.Linfo_string183                @ DW_AT_name
	.long	2296                            @ DW_AT_type
	.byte	5                               @ DW_AT_decl_file
	.short	356                             @ DW_AT_decl_line
	.byte	192                             @ DW_AT_data_member_location
	.byte	22                              @ Abbrev [22] 0x86d:0xe DW_TAG_member
	.long	.Linfo_string184                @ DW_AT_name
	.long	2284                            @ DW_AT_type
	.byte	5                               @ DW_AT_decl_file
	.short	357                             @ DW_AT_decl_line
	.short	256                             @ DW_AT_data_member_location
	.byte	22                              @ Abbrev [22] 0x87b:0xe DW_TAG_member
	.long	.Linfo_string185                @ DW_AT_name
	.long	2296                            @ DW_AT_type
	.byte	5                               @ DW_AT_decl_file
	.short	358                             @ DW_AT_decl_line
	.short	320                             @ DW_AT_data_member_location
	.byte	22                              @ Abbrev [22] 0x889:0xe DW_TAG_member
	.long	.Linfo_string186                @ DW_AT_name
	.long	2284                            @ DW_AT_type
	.byte	5                               @ DW_AT_decl_file
	.short	359                             @ DW_AT_decl_line
	.short	384                             @ DW_AT_data_member_location
	.byte	22                              @ Abbrev [22] 0x897:0xe DW_TAG_member
	.long	.Linfo_string187                @ DW_AT_name
	.long	2296                            @ DW_AT_type
	.byte	5                               @ DW_AT_decl_file
	.short	360                             @ DW_AT_decl_line
	.short	448                             @ DW_AT_data_member_location
	.byte	22                              @ Abbrev [22] 0x8a5:0xe DW_TAG_member
	.long	.Linfo_string188                @ DW_AT_name
	.long	2284                            @ DW_AT_type
	.byte	5                               @ DW_AT_decl_file
	.short	361                             @ DW_AT_decl_line
	.short	512                             @ DW_AT_data_member_location
	.byte	22                              @ Abbrev [22] 0x8b3:0xe DW_TAG_member
	.long	.Linfo_string189                @ DW_AT_name
	.long	2296                            @ DW_AT_type
	.byte	5                               @ DW_AT_decl_file
	.short	362                             @ DW_AT_decl_line
	.short	576                             @ DW_AT_data_member_location
	.byte	22                              @ Abbrev [22] 0x8c1:0xe DW_TAG_member
	.long	.Linfo_string190                @ DW_AT_name
	.long	2284                            @ DW_AT_type
	.byte	5                               @ DW_AT_decl_file
	.short	363                             @ DW_AT_decl_line
	.short	640                             @ DW_AT_data_member_location
	.byte	22                              @ Abbrev [22] 0x8cf:0xe DW_TAG_member
	.long	.Linfo_string191                @ DW_AT_name
	.long	2296                            @ DW_AT_type
	.byte	5                               @ DW_AT_decl_file
	.short	364                             @ DW_AT_decl_line
	.short	704                             @ DW_AT_data_member_location
	.byte	22                              @ Abbrev [22] 0x8dd:0xe DW_TAG_member
	.long	.Linfo_string192                @ DW_AT_name
	.long	2308                            @ DW_AT_type
	.byte	5                               @ DW_AT_decl_file
	.short	365                             @ DW_AT_decl_line
	.short	768                             @ DW_AT_data_member_location
	.byte	0                               @ End Of Children Mark
	.byte	7                               @ Abbrev [7] 0x8ec:0xc DW_TAG_array_type
	.long	84                              @ DW_AT_type
	.byte	8                               @ Abbrev [8] 0x8f1:0x6 DW_TAG_subrange_type
	.long	139                             @ DW_AT_type
	.byte	16                              @ DW_AT_count
	.byte	0                               @ End Of Children Mark
	.byte	7                               @ Abbrev [7] 0x8f8:0xc DW_TAG_array_type
	.long	89                              @ DW_AT_type
	.byte	8                               @ Abbrev [8] 0x8fd:0x6 DW_TAG_subrange_type
	.long	139                             @ DW_AT_type
	.byte	16                              @ DW_AT_count
	.byte	0                               @ End Of Children Mark
	.byte	7                               @ Abbrev [7] 0x904:0xc DW_TAG_array_type
	.long	84                              @ DW_AT_type
	.byte	8                               @ Abbrev [8] 0x909:0x6 DW_TAG_subrange_type
	.long	139                             @ DW_AT_type
	.byte	124                             @ DW_AT_count
	.byte	0                               @ End Of Children Mark
	.byte	23                              @ Abbrev [23] 0x910:0x20 DW_TAG_subprogram
	.long	.Lfunc_begin0                   @ DW_AT_low_pc
	.long	.Lfunc_end0-.Lfunc_begin0       @ DW_AT_high_pc
	.byte	1                               @ DW_AT_frame_base
	.byte	93
	.long	.Linfo_string194                @ DW_AT_name
	.byte	1                               @ DW_AT_decl_file
	.byte	37                              @ DW_AT_decl_line
                                        @ DW_AT_prototyped
                                        @ DW_AT_external
	.byte	24                              @ Abbrev [24] 0x921:0xe DW_TAG_variable
	.byte	2                               @ DW_AT_location
	.byte	145
	.byte	4
	.long	.Linfo_string212                @ DW_AT_name
	.byte	1                               @ DW_AT_decl_file
	.byte	40                              @ DW_AT_decl_line
	.long	1266                            @ DW_AT_type
	.byte	0                               @ End Of Children Mark
	.byte	25                              @ Abbrev [25] 0x930:0x58 DW_TAG_subprogram
	.long	.Lfunc_begin1                   @ DW_AT_low_pc
	.long	.Lfunc_end1-.Lfunc_begin1       @ DW_AT_high_pc
	.byte	1                               @ DW_AT_frame_base
	.byte	93
	.long	.Linfo_string195                @ DW_AT_name
	.byte	1                               @ DW_AT_decl_file
	.byte	80                              @ DW_AT_decl_line
                                        @ DW_AT_prototyped
	.long	60                              @ DW_AT_type
                                        @ DW_AT_external
	.byte	26                              @ Abbrev [26] 0x945:0xe DW_TAG_formal_parameter
	.byte	2                               @ DW_AT_location
	.byte	145
	.byte	20
	.long	.Linfo_string213                @ DW_AT_name
	.byte	1                               @ DW_AT_decl_file
	.byte	80                              @ DW_AT_decl_line
	.long	392                             @ DW_AT_type
	.byte	26                              @ Abbrev [26] 0x953:0xe DW_TAG_formal_parameter
	.byte	2                               @ DW_AT_location
	.byte	145
	.byte	16
	.long	.Linfo_string214                @ DW_AT_name
	.byte	1                               @ DW_AT_decl_file
	.byte	80                              @ DW_AT_decl_line
	.long	60                              @ DW_AT_type
	.byte	24                              @ Abbrev [24] 0x961:0xe DW_TAG_variable
	.byte	2                               @ DW_AT_location
	.byte	145
	.byte	12
	.long	.Linfo_string215                @ DW_AT_name
	.byte	1                               @ DW_AT_decl_file
	.byte	81                              @ DW_AT_decl_line
	.long	60                              @ DW_AT_type
	.byte	27                              @ Abbrev [27] 0x96f:0x18 DW_TAG_lexical_block
	.long	.Ltmp28                         @ DW_AT_low_pc
	.long	.Ltmp33-.Ltmp28                 @ DW_AT_high_pc
	.byte	24                              @ Abbrev [24] 0x978:0xe DW_TAG_variable
	.byte	2                               @ DW_AT_location
	.byte	145
	.byte	8
	.long	.Linfo_string216                @ DW_AT_name
	.byte	1                               @ DW_AT_decl_file
	.byte	84                              @ DW_AT_decl_line
	.long	132                             @ DW_AT_type
	.byte	0                               @ End Of Children Mark
	.byte	0                               @ End Of Children Mark
	.byte	28                              @ Abbrev [28] 0x988:0x15 DW_TAG_subprogram
	.long	.Lfunc_begin2                   @ DW_AT_low_pc
	.long	.Lfunc_end2-.Lfunc_begin2       @ DW_AT_high_pc
	.byte	1                               @ DW_AT_frame_base
	.byte	93
	.long	.Linfo_string196                @ DW_AT_name
	.byte	1                               @ DW_AT_decl_file
	.byte	98                              @ DW_AT_decl_line
                                        @ DW_AT_prototyped
	.long	60                              @ DW_AT_type
                                        @ DW_AT_external
	.byte	29                              @ Abbrev [29] 0x99d:0x11 DW_TAG_subprogram
	.long	.Lfunc_begin3                   @ DW_AT_low_pc
	.long	.Lfunc_end3-.Lfunc_begin3       @ DW_AT_high_pc
	.byte	1                               @ DW_AT_frame_base
	.byte	93
	.long	.Linfo_string197                @ DW_AT_name
	.byte	1                               @ DW_AT_decl_file
	.byte	148                             @ DW_AT_decl_line
                                        @ DW_AT_prototyped
                                        @ DW_AT_external
	.byte	30                              @ Abbrev [30] 0x9ae:0x12 DW_TAG_subprogram
	.long	.Lfunc_begin4                   @ DW_AT_low_pc
	.long	.Lfunc_end4-.Lfunc_begin4       @ DW_AT_high_pc
	.byte	1                               @ DW_AT_frame_base
	.byte	93
	.long	.Linfo_string198                @ DW_AT_name
	.byte	1                               @ DW_AT_decl_file
	.short	262                             @ DW_AT_decl_line
                                        @ DW_AT_prototyped
                                        @ DW_AT_external
	.byte	29                              @ Abbrev [29] 0x9c0:0x11 DW_TAG_subprogram
	.long	.Lfunc_begin5                   @ DW_AT_low_pc
	.long	.Lfunc_end5-.Lfunc_begin5       @ DW_AT_high_pc
	.byte	1                               @ DW_AT_frame_base
	.byte	93
	.long	.Linfo_string199                @ DW_AT_name
	.byte	1                               @ DW_AT_decl_file
	.byte	238                             @ DW_AT_decl_line
                                        @ DW_AT_prototyped
                                        @ DW_AT_external
	.byte	25                              @ Abbrev [25] 0x9d1:0x24 DW_TAG_subprogram
	.long	.Lfunc_begin6                   @ DW_AT_low_pc
	.long	.Lfunc_end6-.Lfunc_begin6       @ DW_AT_high_pc
	.byte	1                               @ DW_AT_frame_base
	.byte	93
	.long	.Linfo_string200                @ DW_AT_name
	.byte	1                               @ DW_AT_decl_file
	.byte	205                             @ DW_AT_decl_line
                                        @ DW_AT_prototyped
	.long	1311                            @ DW_AT_type
                                        @ DW_AT_external
	.byte	26                              @ Abbrev [26] 0x9e6:0xe DW_TAG_formal_parameter
	.byte	2                               @ DW_AT_location
	.byte	145
	.byte	4
	.long	.Linfo_string217                @ DW_AT_name
	.byte	1                               @ DW_AT_decl_file
	.byte	205                             @ DW_AT_decl_line
	.long	132                             @ DW_AT_type
	.byte	0                               @ End Of Children Mark
	.byte	25                              @ Abbrev [25] 0x9f5:0x24 DW_TAG_subprogram
	.long	.Lfunc_begin7                   @ DW_AT_low_pc
	.long	.Lfunc_end7-.Lfunc_begin7       @ DW_AT_high_pc
	.byte	1                               @ DW_AT_frame_base
	.byte	93
	.long	.Linfo_string201                @ DW_AT_name
	.byte	1                               @ DW_AT_decl_file
	.byte	210                             @ DW_AT_decl_line
                                        @ DW_AT_prototyped
	.long	1311                            @ DW_AT_type
                                        @ DW_AT_external
	.byte	26                              @ Abbrev [26] 0xa0a:0xe DW_TAG_formal_parameter
	.byte	2                               @ DW_AT_location
	.byte	145
	.byte	4
	.long	.Linfo_string218                @ DW_AT_name
	.byte	1                               @ DW_AT_decl_file
	.byte	210                             @ DW_AT_decl_line
	.long	60                              @ DW_AT_type
	.byte	0                               @ End Of Children Mark
	.byte	31                              @ Abbrev [31] 0xa19:0x4a DW_TAG_subprogram
	.long	.Lfunc_begin8                   @ DW_AT_low_pc
	.long	.Lfunc_end8-.Lfunc_begin8       @ DW_AT_high_pc
	.byte	1                               @ DW_AT_frame_base
	.byte	93
	.long	.Linfo_string202                @ DW_AT_name
	.byte	1                               @ DW_AT_decl_file
	.short	269                             @ DW_AT_decl_line
                                        @ DW_AT_prototyped
                                        @ DW_AT_external
	.byte	32                              @ Abbrev [32] 0xa2b:0xf DW_TAG_formal_parameter
	.byte	2                               @ DW_AT_location
	.byte	145
	.byte	28
	.long	.Linfo_string219                @ DW_AT_name
	.byte	1                               @ DW_AT_decl_file
	.short	269                             @ DW_AT_decl_line
	.long	60                              @ DW_AT_type
	.byte	27                              @ Abbrev [27] 0xa3a:0x28 DW_TAG_lexical_block
	.long	.Ltmp65                         @ DW_AT_low_pc
	.long	.Ltmp66-.Ltmp65                 @ DW_AT_high_pc
	.byte	33                              @ Abbrev [33] 0xa43:0xf DW_TAG_variable
	.byte	2                               @ DW_AT_location
	.byte	145
	.byte	24
	.long	.Linfo_string220                @ DW_AT_name
	.byte	1                               @ DW_AT_decl_file
	.short	272                             @ DW_AT_decl_line
	.long	60                              @ DW_AT_type
	.byte	33                              @ Abbrev [33] 0xa52:0xf DW_TAG_variable
	.byte	2                               @ DW_AT_location
	.byte	145
	.byte	12
	.long	.Linfo_string221                @ DW_AT_name
	.byte	1                               @ DW_AT_decl_file
	.short	277                             @ DW_AT_decl_line
	.long	2986                            @ DW_AT_type
	.byte	0                               @ End Of Children Mark
	.byte	0                               @ End Of Children Mark
	.byte	23                              @ Abbrev [23] 0xa63:0x2e DW_TAG_subprogram
	.long	.Lfunc_begin9                   @ DW_AT_low_pc
	.long	.Lfunc_end9-.Lfunc_begin9       @ DW_AT_high_pc
	.byte	1                               @ DW_AT_frame_base
	.byte	93
	.long	.Linfo_string203                @ DW_AT_name
	.byte	1                               @ DW_AT_decl_file
	.byte	184                             @ DW_AT_decl_line
                                        @ DW_AT_prototyped
                                        @ DW_AT_external
	.byte	26                              @ Abbrev [26] 0xa74:0xe DW_TAG_formal_parameter
	.byte	2                               @ DW_AT_location
	.byte	145
	.byte	4
	.long	.Linfo_string222                @ DW_AT_name
	.byte	1                               @ DW_AT_decl_file
	.byte	184                             @ DW_AT_decl_line
	.long	2998                            @ DW_AT_type
	.byte	24                              @ Abbrev [24] 0xa82:0xe DW_TAG_variable
	.byte	2                               @ DW_AT_location
	.byte	145
	.byte	0
	.long	.Linfo_string223                @ DW_AT_name
	.byte	1                               @ DW_AT_decl_file
	.byte	187                             @ DW_AT_decl_line
	.long	60                              @ DW_AT_type
	.byte	0                               @ End Of Children Mark
	.byte	23                              @ Abbrev [23] 0xa91:0x3c DW_TAG_subprogram
	.long	.Lfunc_begin10                  @ DW_AT_low_pc
	.long	.Lfunc_end10-.Lfunc_begin10     @ DW_AT_high_pc
	.byte	1                               @ DW_AT_frame_base
	.byte	93
	.long	.Linfo_string204                @ DW_AT_name
	.byte	1                               @ DW_AT_decl_file
	.byte	158                             @ DW_AT_decl_line
                                        @ DW_AT_prototyped
                                        @ DW_AT_external
	.byte	26                              @ Abbrev [26] 0xaa2:0xe DW_TAG_formal_parameter
	.byte	2                               @ DW_AT_location
	.byte	145
	.byte	12
	.long	.Linfo_string224                @ DW_AT_name
	.byte	1                               @ DW_AT_decl_file
	.byte	158                             @ DW_AT_decl_line
	.long	89                              @ DW_AT_type
	.byte	24                              @ Abbrev [24] 0xab0:0xe DW_TAG_variable
	.byte	2                               @ DW_AT_location
	.byte	145
	.byte	8
	.long	.Linfo_string225                @ DW_AT_name
	.byte	1                               @ DW_AT_decl_file
	.byte	159                             @ DW_AT_decl_line
	.long	1284                            @ DW_AT_type
	.byte	24                              @ Abbrev [24] 0xabe:0xe DW_TAG_variable
	.byte	2                               @ DW_AT_location
	.byte	145
	.byte	4
	.long	.Linfo_string226                @ DW_AT_name
	.byte	1                               @ DW_AT_decl_file
	.byte	160                             @ DW_AT_decl_line
	.long	89                              @ DW_AT_type
	.byte	0                               @ End Of Children Mark
	.byte	34                              @ Abbrev [34] 0xacd:0x22 DW_TAG_subprogram
	.long	.Lfunc_begin11                  @ DW_AT_low_pc
	.long	.Lfunc_end11-.Lfunc_begin11     @ DW_AT_high_pc
	.byte	1                               @ DW_AT_frame_base
	.byte	93
	.long	.Linfo_string205                @ DW_AT_name
	.byte	7                               @ DW_AT_decl_file
	.short	984                             @ DW_AT_decl_line
                                        @ DW_AT_prototyped
	.byte	32                              @ Abbrev [32] 0xadf:0xf DW_TAG_formal_parameter
	.byte	2                               @ DW_AT_location
	.byte	145
	.byte	0
	.long	.Linfo_string227                @ DW_AT_name
	.byte	7                               @ DW_AT_decl_file
	.short	984                             @ DW_AT_decl_line
	.long	89                              @ DW_AT_type
	.byte	0                               @ End Of Children Mark
	.byte	23                              @ Abbrev [23] 0xaef:0x20 DW_TAG_subprogram
	.long	.Lfunc_begin12                  @ DW_AT_low_pc
	.long	.Lfunc_end12-.Lfunc_begin12     @ DW_AT_high_pc
	.byte	1                               @ DW_AT_frame_base
	.byte	93
	.long	.Linfo_string206                @ DW_AT_name
	.byte	1                               @ DW_AT_decl_file
	.byte	225                             @ DW_AT_decl_line
                                        @ DW_AT_prototyped
                                        @ DW_AT_external
	.byte	26                              @ Abbrev [26] 0xb00:0xe DW_TAG_formal_parameter
	.byte	2                               @ DW_AT_location
	.byte	145
	.byte	0
	.long	.Linfo_string217                @ DW_AT_name
	.byte	1                               @ DW_AT_decl_file
	.byte	225                             @ DW_AT_decl_line
	.long	132                             @ DW_AT_type
	.byte	0                               @ End Of Children Mark
	.byte	29                              @ Abbrev [29] 0xb0f:0x11 DW_TAG_subprogram
	.long	.Lfunc_begin13                  @ DW_AT_low_pc
	.long	.Lfunc_end13-.Lfunc_begin13     @ DW_AT_high_pc
	.byte	1                               @ DW_AT_frame_base
	.byte	93
	.long	.Linfo_string207                @ DW_AT_name
	.byte	1                               @ DW_AT_decl_file
	.byte	255                             @ DW_AT_decl_line
                                        @ DW_AT_prototyped
                                        @ DW_AT_external
	.byte	34                              @ Abbrev [34] 0xb20:0x22 DW_TAG_subprogram
	.long	.Lfunc_begin14                  @ DW_AT_low_pc
	.long	.Lfunc_end14-.Lfunc_begin14     @ DW_AT_high_pc
	.byte	1                               @ DW_AT_frame_base
	.byte	93
	.long	.Linfo_string208                @ DW_AT_name
	.byte	5                               @ DW_AT_decl_file
	.short	1311                            @ DW_AT_decl_line
                                        @ DW_AT_prototyped
	.byte	32                              @ Abbrev [32] 0xb32:0xf DW_TAG_formal_parameter
	.byte	2                               @ DW_AT_location
	.byte	145
	.byte	0
	.long	.Linfo_string104                @ DW_AT_name
	.byte	5                               @ DW_AT_decl_file
	.short	1311                            @ DW_AT_decl_line
	.long	3008                            @ DW_AT_type
	.byte	0                               @ End Of Children Mark
	.byte	34                              @ Abbrev [34] 0xb42:0x22 DW_TAG_subprogram
	.long	.Lfunc_begin15                  @ DW_AT_low_pc
	.long	.Lfunc_end15-.Lfunc_begin15     @ DW_AT_high_pc
	.byte	1                               @ DW_AT_frame_base
	.byte	93
	.long	.Linfo_string209                @ DW_AT_name
	.byte	5                               @ DW_AT_decl_file
	.short	1275                            @ DW_AT_decl_line
                                        @ DW_AT_prototyped
	.byte	32                              @ Abbrev [32] 0xb54:0xf DW_TAG_formal_parameter
	.byte	2                               @ DW_AT_location
	.byte	145
	.byte	0
	.long	.Linfo_string104                @ DW_AT_name
	.byte	5                               @ DW_AT_decl_file
	.short	1275                            @ DW_AT_decl_line
	.long	3008                            @ DW_AT_type
	.byte	0                               @ End Of Children Mark
	.byte	35                              @ Abbrev [35] 0xb64:0x26 DW_TAG_subprogram
	.long	.Lfunc_begin16                  @ DW_AT_low_pc
	.long	.Lfunc_end16-.Lfunc_begin16     @ DW_AT_high_pc
	.byte	1                               @ DW_AT_frame_base
	.byte	93
	.long	.Linfo_string210                @ DW_AT_name
	.byte	8                               @ DW_AT_decl_file
	.short	500                             @ DW_AT_decl_line
                                        @ DW_AT_prototyped
	.long	89                              @ DW_AT_type
	.byte	32                              @ Abbrev [32] 0xb7a:0xf DW_TAG_formal_parameter
	.byte	2                               @ DW_AT_location
	.byte	145
	.byte	0
	.long	.Linfo_string229                @ DW_AT_name
	.byte	8                               @ DW_AT_decl_file
	.short	500                             @ DW_AT_decl_line
	.long	1505                            @ DW_AT_type
	.byte	0                               @ End Of Children Mark
	.byte	36                              @ Abbrev [36] 0xb8a:0x20 DW_TAG_subprogram
	.long	.Lfunc_begin17                  @ DW_AT_low_pc
	.long	.Lfunc_end17-.Lfunc_begin17     @ DW_AT_high_pc
	.byte	1                               @ DW_AT_frame_base
	.byte	93
	.long	.Linfo_string211                @ DW_AT_name
	.byte	8                               @ DW_AT_decl_file
	.byte	201                             @ DW_AT_decl_line
                                        @ DW_AT_prototyped
	.byte	26                              @ Abbrev [26] 0xb9b:0xe DW_TAG_formal_parameter
	.byte	2                               @ DW_AT_location
	.byte	145
	.byte	0
	.long	.Linfo_string229                @ DW_AT_name
	.byte	8                               @ DW_AT_decl_file
	.byte	201                             @ DW_AT_decl_line
	.long	1505                            @ DW_AT_type
	.byte	0                               @ End Of Children Mark
	.byte	7                               @ Abbrev [7] 0xbaa:0xc DW_TAG_array_type
	.long	132                             @ DW_AT_type
	.byte	8                               @ Abbrev [8] 0xbaf:0x6 DW_TAG_subrange_type
	.long	139                             @ DW_AT_type
	.byte	10                              @ DW_AT_count
	.byte	0                               @ End Of Children Mark
	.byte	11                              @ Abbrev [11] 0xbb6:0x5 DW_TAG_pointer_type
	.long	3003                            @ DW_AT_type
	.byte	20                              @ Abbrev [20] 0xbbb:0x5 DW_TAG_const_type
	.long	132                             @ DW_AT_type
	.byte	5                               @ Abbrev [5] 0xbc0:0xb DW_TAG_typedef
	.long	397                             @ DW_AT_type
	.long	.Linfo_string228                @ DW_AT_name
	.byte	3                               @ DW_AT_decl_file
	.byte	232                             @ DW_AT_decl_line
	.byte	0                               @ End Of Children Mark
.Ldebug_info_end0:
	.section	.debug_ranges,"",%progbits
.Ldebug_ranges0:
	.long	.Lfunc_begin0
	.long	.Lfunc_end0
	.long	.Lfunc_begin1
	.long	.Lfunc_end1
	.long	.Lfunc_begin2
	.long	.Lfunc_end2
	.long	.Lfunc_begin3
	.long	.Lfunc_end3
	.long	.Lfunc_begin4
	.long	.Lfunc_end4
	.long	.Lfunc_begin5
	.long	.Lfunc_end5
	.long	.Lfunc_begin6
	.long	.Lfunc_end6
	.long	.Lfunc_begin7
	.long	.Lfunc_end7
	.long	.Lfunc_begin8
	.long	.Lfunc_end8
	.long	.Lfunc_begin9
	.long	.Lfunc_end9
	.long	.Lfunc_begin10
	.long	.Lfunc_end10
	.long	.Lfunc_begin11
	.long	.Lfunc_end11
	.long	.Lfunc_begin12
	.long	.Lfunc_end12
	.long	.Lfunc_begin13
	.long	.Lfunc_end13
	.long	.Lfunc_begin14
	.long	.Lfunc_end14
	.long	.Lfunc_begin15
	.long	.Lfunc_end15
	.long	.Lfunc_begin16
	.long	.Lfunc_end16
	.long	.Lfunc_begin17
	.long	.Lfunc_end17
	.long	0
	.long	0
	.section	.debug_str,"MS",%progbits,1
.Linfo_string0:
	.asciz	"Component: Arm Compiler for Embedded 6.22 Tool: armclang [5ee92100]" @ string offset=0
.Linfo_string1:
	.asciz	"..\\main_ns.c"                 @ string offset=68
.Linfo_string2:
	.asciz	"C:\\Users\\LogoslabMiniPC\\GitHub_Box_Windows\\logoslab\\M2354\\Old_M2354_BSP_300004\\SampleCode\\TrustZone\\Borhan-E-Voting-System\\Nonsecure\\KEIL" @ string offset=81
.Linfo_string3:
	.asciz	"read_flag"                     @ string offset=219
.Linfo_string4:
	.asciz	"int"                           @ string offset=229
.Linfo_string5:
	.asciz	"g_u32comRtail"                 @ string offset=233
.Linfo_string6:
	.asciz	"unsigned int"                  @ string offset=247
.Linfo_string7:
	.asciz	"uint32_t"                      @ string offset=260
.Linfo_string8:
	.asciz	"char"                          @ string offset=269
.Linfo_string9:
	.asciz	"__ARRAY_SIZE_TYPE__"           @ string offset=274
.Linfo_string10:
	.asciz	"received_msg"                  @ string offset=294
.Linfo_string11:
	.asciz	"NonMaskableInt_IRQn"           @ string offset=307
.Linfo_string12:
	.asciz	"HardFault_IRQn"                @ string offset=327
.Linfo_string13:
	.asciz	"SVCall_IRQn"                   @ string offset=342
.Linfo_string14:
	.asciz	"PendSV_IRQn"                   @ string offset=354
.Linfo_string15:
	.asciz	"SysTick_IRQn"                  @ string offset=366
.Linfo_string16:
	.asciz	"BOD_IRQn"                      @ string offset=379
.Linfo_string17:
	.asciz	"IRC_IRQn"                      @ string offset=388
.Linfo_string18:
	.asciz	"PWRWU_IRQn"                    @ string offset=397
.Linfo_string19:
	.asciz	"RAMPE_IRQn"                    @ string offset=408
.Linfo_string20:
	.asciz	"CKFAIL_IRQn"                   @ string offset=419
.Linfo_string21:
	.asciz	"ISP_IRQn"                      @ string offset=431
.Linfo_string22:
	.asciz	"RTC_IRQn"                      @ string offset=440
.Linfo_string23:
	.asciz	"RTC_TAMPER_IRQn"               @ string offset=449
.Linfo_string24:
	.asciz	"WDT_IRQn"                      @ string offset=465
.Linfo_string25:
	.asciz	"WWDT_IRQn"                     @ string offset=474
.Linfo_string26:
	.asciz	"EINT0_IRQn"                    @ string offset=484
.Linfo_string27:
	.asciz	"EINT1_IRQn"                    @ string offset=495
.Linfo_string28:
	.asciz	"EINT2_IRQn"                    @ string offset=506
.Linfo_string29:
	.asciz	"EINT3_IRQn"                    @ string offset=517
.Linfo_string30:
	.asciz	"EINT4_IRQn"                    @ string offset=528
.Linfo_string31:
	.asciz	"EINT5_IRQn"                    @ string offset=539
.Linfo_string32:
	.asciz	"GPA_IRQn"                      @ string offset=550
.Linfo_string33:
	.asciz	"GPB_IRQn"                      @ string offset=559
.Linfo_string34:
	.asciz	"GPC_IRQn"                      @ string offset=568
.Linfo_string35:
	.asciz	"GPD_IRQn"                      @ string offset=577
.Linfo_string36:
	.asciz	"GPE_IRQn"                      @ string offset=586
.Linfo_string37:
	.asciz	"GPF_IRQn"                      @ string offset=595
.Linfo_string38:
	.asciz	"QSPI0_IRQn"                    @ string offset=604
.Linfo_string39:
	.asciz	"SPI0_IRQn"                     @ string offset=615
.Linfo_string40:
	.asciz	"BRAKE0_IRQn"                   @ string offset=625
.Linfo_string41:
	.asciz	"EPWM0_P0_IRQn"                 @ string offset=637
.Linfo_string42:
	.asciz	"EPWM0_P1_IRQn"                 @ string offset=651
.Linfo_string43:
	.asciz	"EPWM0_P2_IRQn"                 @ string offset=665
.Linfo_string44:
	.asciz	"BRAKE1_IRQn"                   @ string offset=679
.Linfo_string45:
	.asciz	"EPWM1_P0_IRQn"                 @ string offset=691
.Linfo_string46:
	.asciz	"EPWM1_P1_IRQn"                 @ string offset=705
.Linfo_string47:
	.asciz	"EPWM1_P2_IRQn"                 @ string offset=719
.Linfo_string48:
	.asciz	"TMR0_IRQn"                     @ string offset=733
.Linfo_string49:
	.asciz	"TMR1_IRQn"                     @ string offset=743
.Linfo_string50:
	.asciz	"TMR2_IRQn"                     @ string offset=753
.Linfo_string51:
	.asciz	"TMR3_IRQn"                     @ string offset=763
.Linfo_string52:
	.asciz	"UART0_IRQn"                    @ string offset=773
.Linfo_string53:
	.asciz	"UART1_IRQn"                    @ string offset=784
.Linfo_string54:
	.asciz	"I2C0_IRQn"                     @ string offset=795
.Linfo_string55:
	.asciz	"I2C1_IRQn"                     @ string offset=805
.Linfo_string56:
	.asciz	"PDMA0_IRQn"                    @ string offset=815
.Linfo_string57:
	.asciz	"DAC_IRQn"                      @ string offset=826
.Linfo_string58:
	.asciz	"EADC0_IRQn"                    @ string offset=835
.Linfo_string59:
	.asciz	"EADC1_IRQn"                    @ string offset=846
.Linfo_string60:
	.asciz	"ACMP01_IRQn"                   @ string offset=857
.Linfo_string61:
	.asciz	"EADC2_IRQn"                    @ string offset=869
.Linfo_string62:
	.asciz	"EADC3_IRQn"                    @ string offset=880
.Linfo_string63:
	.asciz	"UART2_IRQn"                    @ string offset=891
.Linfo_string64:
	.asciz	"UART3_IRQn"                    @ string offset=902
.Linfo_string65:
	.asciz	"SPI1_IRQn"                     @ string offset=913
.Linfo_string66:
	.asciz	"SPI2_IRQn"                     @ string offset=923
.Linfo_string67:
	.asciz	"USBD_IRQn"                     @ string offset=933
.Linfo_string68:
	.asciz	"USBH_IRQn"                     @ string offset=943
.Linfo_string69:
	.asciz	"USBOTG_IRQn"                   @ string offset=953
.Linfo_string70:
	.asciz	"CAN0_IRQn"                     @ string offset=965
.Linfo_string71:
	.asciz	"SC0_IRQn"                      @ string offset=975
.Linfo_string72:
	.asciz	"SC1_IRQn"                      @ string offset=984
.Linfo_string73:
	.asciz	"SC2_IRQn"                      @ string offset=993
.Linfo_string74:
	.asciz	"SPI3_IRQn"                     @ string offset=1002
.Linfo_string75:
	.asciz	"SDH0_IRQn"                     @ string offset=1012
.Linfo_string76:
	.asciz	"I2S0_IRQn"                     @ string offset=1022
.Linfo_string77:
	.asciz	"CRPT_IRQn"                     @ string offset=1032
.Linfo_string78:
	.asciz	"GPG_IRQn"                      @ string offset=1042
.Linfo_string79:
	.asciz	"EINT6_IRQn"                    @ string offset=1051
.Linfo_string80:
	.asciz	"UART4_IRQn"                    @ string offset=1062
.Linfo_string81:
	.asciz	"UART5_IRQn"                    @ string offset=1073
.Linfo_string82:
	.asciz	"USCI0_IRQn"                    @ string offset=1084
.Linfo_string83:
	.asciz	"USCI1_IRQn"                    @ string offset=1095
.Linfo_string84:
	.asciz	"BPWM0_IRQn"                    @ string offset=1106
.Linfo_string85:
	.asciz	"BPWM1_IRQn"                    @ string offset=1117
.Linfo_string86:
	.asciz	"I2C2_IRQn"                     @ string offset=1128
.Linfo_string87:
	.asciz	"QEI0_IRQn"                     @ string offset=1138
.Linfo_string88:
	.asciz	"QEI1_IRQn"                     @ string offset=1148
.Linfo_string89:
	.asciz	"ECAP0_IRQn"                    @ string offset=1158
.Linfo_string90:
	.asciz	"ECAP1_IRQn"                    @ string offset=1169
.Linfo_string91:
	.asciz	"GPH_IRQn"                      @ string offset=1180
.Linfo_string92:
	.asciz	"EINT7_IRQn"                    @ string offset=1189
.Linfo_string93:
	.asciz	"PDMA1_IRQn"                    @ string offset=1200
.Linfo_string94:
	.asciz	"SCU_IRQn"                      @ string offset=1211
.Linfo_string95:
	.asciz	"LCD_IRQn"                      @ string offset=1220
.Linfo_string96:
	.asciz	"TRNG_IRQn"                     @ string offset=1229
.Linfo_string97:
	.asciz	"KS_IRQn"                       @ string offset=1239
.Linfo_string98:
	.asciz	"TAMPER_IRQn"                   @ string offset=1247
.Linfo_string99:
	.asciz	"EWDT_IRQn"                     @ string offset=1259
.Linfo_string100:
	.asciz	"EWWDT_IRQn"                    @ string offset=1269
.Linfo_string101:
	.asciz	"NS_ISP_IRQn"                   @ string offset=1280
.Linfo_string102:
	.asciz	"TMR4_IRQn"                     @ string offset=1292
.Linfo_string103:
	.asciz	"TMR5_IRQn"                     @ string offset=1302
.Linfo_string104:
	.asciz	"IRQn"                          @ string offset=1312
.Linfo_string105:
	.asciz	"DAT"                           @ string offset=1317
.Linfo_string106:
	.asciz	"INTEN"                         @ string offset=1321
.Linfo_string107:
	.asciz	"FIFO"                          @ string offset=1327
.Linfo_string108:
	.asciz	"LINE"                          @ string offset=1332
.Linfo_string109:
	.asciz	"MODEM"                         @ string offset=1337
.Linfo_string110:
	.asciz	"MODEMSTS"                      @ string offset=1343
.Linfo_string111:
	.asciz	"FIFOSTS"                       @ string offset=1352
.Linfo_string112:
	.asciz	"INTSTS"                        @ string offset=1360
.Linfo_string113:
	.asciz	"TOUT"                          @ string offset=1367
.Linfo_string114:
	.asciz	"BAUD"                          @ string offset=1372
.Linfo_string115:
	.asciz	"IRDA"                          @ string offset=1377
.Linfo_string116:
	.asciz	"ALTCTL"                        @ string offset=1382
.Linfo_string117:
	.asciz	"FUNCSEL"                       @ string offset=1389
.Linfo_string118:
	.asciz	"LINCTL"                        @ string offset=1397
.Linfo_string119:
	.asciz	"LINSTS"                        @ string offset=1404
.Linfo_string120:
	.asciz	"BRCOMP"                        @ string offset=1411
.Linfo_string121:
	.asciz	"WKCTL"                         @ string offset=1418
.Linfo_string122:
	.asciz	"WKSTS"                         @ string offset=1424
.Linfo_string123:
	.asciz	"DWKCOMP"                       @ string offset=1430
.Linfo_string124:
	.asciz	"UART_T"                        @ string offset=1438
.Linfo_string125:
	.asciz	"unsigned char"                 @ string offset=1445
.Linfo_string126:
	.asciz	"uint8_t"                       @ string offset=1459
.Linfo_string127:
	.asciz	"int32_t"                       @ string offset=1467
.Linfo_string128:
	.asciz	"funcptr"                       @ string offset=1475
.Linfo_string129:
	.asciz	"CPUID"                         @ string offset=1483
.Linfo_string130:
	.asciz	"ICSR"                          @ string offset=1489
.Linfo_string131:
	.asciz	"VTOR"                          @ string offset=1494
.Linfo_string132:
	.asciz	"AIRCR"                         @ string offset=1499
.Linfo_string133:
	.asciz	"SCR"                           @ string offset=1505
.Linfo_string134:
	.asciz	"CCR"                           @ string offset=1509
.Linfo_string135:
	.asciz	"RESERVED1"                     @ string offset=1513
.Linfo_string136:
	.asciz	"SHPR"                          @ string offset=1523
.Linfo_string137:
	.asciz	"SHCSR"                         @ string offset=1528
.Linfo_string138:
	.asciz	"SCB_Type"                      @ string offset=1534
.Linfo_string139:
	.asciz	"vu32"                          @ string offset=1543
.Linfo_string140:
	.asciz	"CTL"                           @ string offset=1548
.Linfo_string141:
	.asciz	"CMP"                           @ string offset=1552
.Linfo_string142:
	.asciz	"CNT"                           @ string offset=1556
.Linfo_string143:
	.asciz	"CAP"                           @ string offset=1560
.Linfo_string144:
	.asciz	"EXTCTL"                        @ string offset=1564
.Linfo_string145:
	.asciz	"EINTSTS"                       @ string offset=1571
.Linfo_string146:
	.asciz	"TRGCTL"                        @ string offset=1579
.Linfo_string147:
	.asciz	"RESERVE0"                      @ string offset=1586
.Linfo_string148:
	.asciz	"PWMCTL"                        @ string offset=1595
.Linfo_string149:
	.asciz	"PWMCLKSRC"                     @ string offset=1602
.Linfo_string150:
	.asciz	"PWMCLKPSC"                     @ string offset=1612
.Linfo_string151:
	.asciz	"PWMCNTCLR"                     @ string offset=1622
.Linfo_string152:
	.asciz	"PWMPERIOD"                     @ string offset=1632
.Linfo_string153:
	.asciz	"PWMCMPDAT"                     @ string offset=1642
.Linfo_string154:
	.asciz	"PWMDTCTL"                      @ string offset=1652
.Linfo_string155:
	.asciz	"PWMCNT"                        @ string offset=1661
.Linfo_string156:
	.asciz	"PWMMSKEN"                      @ string offset=1668
.Linfo_string157:
	.asciz	"PWMMSK"                        @ string offset=1677
.Linfo_string158:
	.asciz	"PWMBNF"                        @ string offset=1684
.Linfo_string159:
	.asciz	"PWMFAILBRK"                    @ string offset=1691
.Linfo_string160:
	.asciz	"PWMBRKCTL"                     @ string offset=1702
.Linfo_string161:
	.asciz	"PWMPOLCTL"                     @ string offset=1712
.Linfo_string162:
	.asciz	"PWMPOEN"                       @ string offset=1722
.Linfo_string163:
	.asciz	"PWMSWBRK"                      @ string offset=1730
.Linfo_string164:
	.asciz	"PWMINTEN0"                     @ string offset=1739
.Linfo_string165:
	.asciz	"PWMINTEN1"                     @ string offset=1749
.Linfo_string166:
	.asciz	"PWMINTSTS0"                    @ string offset=1759
.Linfo_string167:
	.asciz	"PWMINTSTS1"                    @ string offset=1770
.Linfo_string168:
	.asciz	"PWMTRGCTL"                     @ string offset=1781
.Linfo_string169:
	.asciz	"PWMSCTL"                       @ string offset=1791
.Linfo_string170:
	.asciz	"PWMSTRG"                       @ string offset=1799
.Linfo_string171:
	.asciz	"PWMSTATUS"                     @ string offset=1807
.Linfo_string172:
	.asciz	"PWMPBUF"                       @ string offset=1817
.Linfo_string173:
	.asciz	"PWMCMPBUF"                     @ string offset=1825
.Linfo_string174:
	.asciz	"TIMER_T"                       @ string offset=1835
.Linfo_string175:
	.asciz	"CTRL"                          @ string offset=1843
.Linfo_string176:
	.asciz	"LOAD"                          @ string offset=1848
.Linfo_string177:
	.asciz	"VAL"                           @ string offset=1853
.Linfo_string178:
	.asciz	"CALIB"                         @ string offset=1857
.Linfo_string179:
	.asciz	"SysTick_Type"                  @ string offset=1863
.Linfo_string180:
	.asciz	"ISER"                          @ string offset=1876
.Linfo_string181:
	.asciz	"RESERVED0"                     @ string offset=1881
.Linfo_string182:
	.asciz	"ICER"                          @ string offset=1891
.Linfo_string183:
	.asciz	"RSERVED1"                      @ string offset=1896
.Linfo_string184:
	.asciz	"ISPR"                          @ string offset=1905
.Linfo_string185:
	.asciz	"RESERVED2"                     @ string offset=1910
.Linfo_string186:
	.asciz	"ICPR"                          @ string offset=1920
.Linfo_string187:
	.asciz	"RESERVED3"                     @ string offset=1925
.Linfo_string188:
	.asciz	"IABR"                          @ string offset=1935
.Linfo_string189:
	.asciz	"RESERVED4"                     @ string offset=1940
.Linfo_string190:
	.asciz	"ITNS"                          @ string offset=1950
.Linfo_string191:
	.asciz	"RESERVED5"                     @ string offset=1955
.Linfo_string192:
	.asciz	"IPR"                           @ string offset=1965
.Linfo_string193:
	.asciz	"NVIC_Type"                     @ string offset=1969
.Linfo_string194:
	.asciz	"UART1_IRQHandler"              @ string offset=1979
.Linfo_string195:
	.asciz	"ReceiveMessage"                @ string offset=1996
.Linfo_string196:
	.asciz	"main"                          @ string offset=2011
.Linfo_string197:
	.asciz	"DEBUG_PORT_Init"               @ string offset=2016
.Linfo_string198:
	.asciz	"UART1_Interrupt_Enable"        @ string offset=2032
.Linfo_string199:
	.asciz	"BLE_Init"                      @ string offset=2055
.Linfo_string200:
	.asciz	"NonSecure_BLE_send"            @ string offset=2064
.Linfo_string201:
	.asciz	"FreeMSG"                       @ string offset=2083
.Linfo_string202:
	.asciz	"Execution_Time_Measurement"    @ string offset=2091
.Linfo_string203:
	.asciz	"BLE_SendCommand"               @ string offset=2118
.Linfo_string204:
	.asciz	"App_Init"                      @ string offset=2134
.Linfo_string205:
	.asciz	"CLK_SysTickDelay"              @ string offset=2143
.Linfo_string206:
	.asciz	"BLE_SendMessage"               @ string offset=2160
.Linfo_string207:
	.asciz	"UART1_Interrupt_Disable"       @ string offset=2176
.Linfo_string208:
	.asciz	"__NVIC_DisableIRQ"             @ string offset=2200
.Linfo_string209:
	.asciz	"__NVIC_EnableIRQ"              @ string offset=2218
.Linfo_string210:
	.asciz	"TIMER_GetCounter"              @ string offset=2235
.Linfo_string211:
	.asciz	"TIMER_Start"                   @ string offset=2252
.Linfo_string212:
	.asciz	"u8InChar"                      @ string offset=2264
.Linfo_string213:
	.asciz	"buffer"                        @ string offset=2273
.Linfo_string214:
	.asciz	"bufferSize"                    @ string offset=2280
.Linfo_string215:
	.asciz	"index"                         @ string offset=2291
.Linfo_string216:
	.asciz	"receivedChar"                  @ string offset=2297
.Linfo_string217:
	.asciz	"msg"                           @ string offset=2310
.Linfo_string218:
	.asciz	"ticket"                        @ string offset=2314
.Linfo_string219:
	.asciz	"ss"                            @ string offset=2321
.Linfo_string220:
	.asciz	"cnt"                           @ string offset=2324
.Linfo_string221:
	.asciz	"str"                           @ string offset=2328
.Linfo_string222:
	.asciz	"cmd"                           @ string offset=2332
.Linfo_string223:
	.asciz	"i"                             @ string offset=2336
.Linfo_string224:
	.asciz	"u32BootBase"                   @ string offset=2338
.Linfo_string225:
	.asciz	"fp"                            @ string offset=2350
.Linfo_string226:
	.asciz	"u32StackBase"                  @ string offset=2353
.Linfo_string227:
	.asciz	"us"                            @ string offset=2366
.Linfo_string228:
	.asciz	"IRQn_Type"                     @ string offset=2369
.Linfo_string229:
	.asciz	"timer"                         @ string offset=2379
	.ident	"Component: Arm Compiler for Embedded 6.22 Tool: armclang [5ee92100]"
	.section	".note.GNU-stack","",%progbits
	.eabi_attribute	30, 6	@ Tag_ABI_optimization_goals
	.ARM_attribute	6, 1	@ Tag_AV_cpp_exceptions
	.ARM_attribute	16, 1	@ Tag_AV_eba
	.section	.debug_line,"",%progbits
.Lline_table_start0:
