	.text
	.syntax unified
	.eabi_attribute	67, "2.09"	@ Tag_conformance
	.cpu	cortex-m23
	.eabi_attribute	6, 16	@ Tag_CPU_arch
	.eabi_attribute	7, 77	@ Tag_CPU_arch_profile
	.eabi_attribute	8, 0	@ Tag_ARM_ISA_use
	.eabi_attribute	9, 3	@ Tag_THUMB_ISA_use
	.eabi_attribute	34, 0	@ Tag_CPU_unaligned_access
	.eabi_attribute	17, 1	@ Tag_ABI_PCS_GOT_use
	.eabi_attribute	20, 2	@ Tag_ABI_FP_denormal
	.eabi_attribute	21, 0	@ Tag_ABI_FP_exceptions
	.eabi_attribute	23, 1	@ Tag_ABI_FP_number_model
	.eabi_attribute	24, 1	@ Tag_ABI_align_needed
	.eabi_attribute	25, 1	@ Tag_ABI_align_preserved
	.eabi_attribute	38, 1	@ Tag_ABI_FP_16bit_format
	.eabi_attribute	18, 4	@ Tag_ABI_PCS_wchar_t
	.eabi_attribute	26, 2	@ Tag_ABI_enum_size
	.eabi_attribute	14, 0	@ Tag_ABI_PCS_R9_use
	.file	"timer.c"
	.file	1 "C:\\Users\\LogoslabMiniPC" "AppData\\Local\\Keil_v5\\ARM\\ARMCLANG\\bin\\..\\include\\stdint.h"
	.file	2 "C:\\Users\\LogoslabMiniPC\\GitHub_Box_Windows\\logoslab\\M2354\\Old_M2354_BSP_300004\\SampleCode\\TrustZone\\Borhan-E-Voting-System\\Nonsecure\\KEIL" "../../../../../Library/Device/Nuvoton/M2354/Include\\timer_reg.h"
	.section	.text.TIMER_Open,"ax",%progbits
	.hidden	TIMER_Open                      @ -- Begin function TIMER_Open
	.globl	TIMER_Open
	.p2align	1
	.type	TIMER_Open,%function
	.code	16                              @ @TIMER_Open
	.thumb_func
TIMER_Open:
.Lfunc_begin0:
	.file	3 "C:\\Users\\LogoslabMiniPC\\GitHub_Box_Windows\\logoslab\\M2354\\Old_M2354_BSP_300004\\SampleCode\\TrustZone\\Borhan-E-Voting-System\\Nonsecure\\KEIL" "../../../../../Library/StdDriver/src/timer.c"
	.loc	3 43 0                          @ ../../../../../Library/StdDriver/src/timer.c:43:0
	.fnstart
	.cfi_sections .debug_frame
	.cfi_startproc
@ %bb.0:
	.save	{r7, lr}
	push	{r7, lr}
	.cfi_def_cfa_offset 8
	.cfi_offset lr, -4
	.cfi_offset r7, -8
	.pad	#24
	sub	sp, #24
	.cfi_def_cfa_offset 32
	str	r0, [sp, #20]
	str	r1, [sp, #16]
	str	r2, [sp, #12]
.Ltmp0:
	.loc	3 44 48 prologue_end            @ ../../../../../Library/StdDriver/src/timer.c:44:48
	ldr	r0, [sp, #20]
	.loc	3 44 27 is_stmt 0               @ ../../../../../Library/StdDriver/src/timer.c:44:27
	bl	TIMER_GetModuleClock
	.loc	3 44 14                         @ ../../../../../Library/StdDriver/src/timer.c:44:14
	str	r0, [sp, #8]
	movs	r0, #0
	.loc	3 45 14 is_stmt 1               @ ../../../../../Library/StdDriver/src/timer.c:45:14
	str	r0, [sp, #4]
	.loc	3 45 29 is_stmt 0               @ ../../../../../Library/StdDriver/src/timer.c:45:29
	str	r0, [sp]
.Ltmp1:
	.loc	3 48 8 is_stmt 1                @ ../../../../../Library/StdDriver/src/timer.c:48:8
	ldr	r0, [sp, #12]
	.loc	3 48 19 is_stmt 0               @ ../../../../../Library/StdDriver/src/timer.c:48:19
	ldr	r1, [sp, #8]
	.loc	3 48 30                         @ ../../../../../Library/StdDriver/src/timer.c:48:30
	lsrs	r1, r1, #1
.Ltmp2:
	.loc	3 48 8                          @ ../../../../../Library/StdDriver/src/timer.c:48:8
	cmp	r0, r1
	bls	.LBB0_2
	b	.LBB0_1
.LBB0_1:
	.loc	3 0 8                           @ ../../../../../Library/StdDriver/src/timer.c:0:8
	movs	r0, #2
.Ltmp3:
	.loc	3 50 17 is_stmt 1               @ ../../../../../Library/StdDriver/src/timer.c:50:17
	str	r0, [sp, #4]
	.loc	3 51 5                          @ ../../../../../Library/StdDriver/src/timer.c:51:5
	b	.LBB0_5
.Ltmp4:
.LBB0_2:
	.loc	3 54 19                         @ ../../../../../Library/StdDriver/src/timer.c:54:19
	ldr	r0, [sp, #8]
	.loc	3 54 32 is_stmt 0               @ ../../../../../Library/StdDriver/src/timer.c:54:32
	ldr	r1, [sp, #12]
	.loc	3 54 30                         @ ../../../../../Library/StdDriver/src/timer.c:54:30
	udiv	r0, r0, r1
	.loc	3 54 17                         @ ../../../../../Library/StdDriver/src/timer.c:54:17
	str	r0, [sp, #4]
	add	r0, sp, #4
	.loc	3 55 24 is_stmt 1               @ ../../../../../Library/StdDriver/src/timer.c:55:24
	ldrb	r0, [r0, #3]
	.loc	3 55 21 is_stmt 0               @ ../../../../../Library/StdDriver/src/timer.c:55:21
	str	r0, [sp]
.Ltmp5:
	.loc	3 56 12 is_stmt 1               @ ../../../../../Library/StdDriver/src/timer.c:56:12
	ldr	r0, [sp]
.Ltmp6:
	.loc	3 56 12 is_stmt 0               @ ../../../../../Library/StdDriver/src/timer.c:56:12
	cbz	r0, .LBB0_4
	b	.LBB0_3
.LBB0_3:
.Ltmp7:
	.loc	3 57 23 is_stmt 1               @ ../../../../../Library/StdDriver/src/timer.c:57:23
	ldr	r0, [sp, #4]
	.loc	3 57 34 is_stmt 0               @ ../../../../../Library/StdDriver/src/timer.c:57:34
	ldr	r1, [sp]
	.loc	3 57 46                         @ ../../../../../Library/StdDriver/src/timer.c:57:46
	adds	r1, r1, #1
	.loc	3 57 31                         @ ../../../../../Library/StdDriver/src/timer.c:57:31
	udiv	r0, r0, r1
	.loc	3 57 21                         @ ../../../../../Library/StdDriver/src/timer.c:57:21
	str	r0, [sp, #4]
	.loc	3 57 13                         @ ../../../../../Library/StdDriver/src/timer.c:57:13
	b	.LBB0_4
.Ltmp8:
.LBB0_4:
	.loc	3 0 13                          @ ../../../../../Library/StdDriver/src/timer.c:0:13
	b	.LBB0_5
.LBB0_5:
	.loc	3 60 18 is_stmt 1               @ ../../../../../Library/StdDriver/src/timer.c:60:18
	ldr	r0, [sp, #16]
	.loc	3 60 28 is_stmt 0               @ ../../../../../Library/StdDriver/src/timer.c:60:28
	ldr	r1, [sp]
	.loc	3 60 26                         @ ../../../../../Library/StdDriver/src/timer.c:60:26
	orrs	r0, r1
	.loc	3 60 5                          @ ../../../../../Library/StdDriver/src/timer.c:60:5
	ldr	r1, [sp, #20]
	.loc	3 60 16                         @ ../../../../../Library/StdDriver/src/timer.c:60:16
	str	r0, [r1]
	.loc	3 61 18 is_stmt 1               @ ../../../../../Library/StdDriver/src/timer.c:61:18
	ldr	r0, [sp, #4]
	.loc	3 61 5 is_stmt 0                @ ../../../../../Library/StdDriver/src/timer.c:61:5
	ldr	r1, [sp, #20]
	.loc	3 61 16                         @ ../../../../../Library/StdDriver/src/timer.c:61:16
	str	r0, [r1, #4]
	.loc	3 63 13 is_stmt 1               @ ../../../../../Library/StdDriver/src/timer.c:63:13
	ldr	r0, [sp, #8]
	.loc	3 63 27 is_stmt 0               @ ../../../../../Library/StdDriver/src/timer.c:63:27
	ldr	r2, [sp, #4]
	.loc	3 63 38                         @ ../../../../../Library/StdDriver/src/timer.c:63:38
	ldr	r1, [sp]
	.loc	3 63 50                         @ ../../../../../Library/StdDriver/src/timer.c:63:50
	adds	r1, r1, #1
	.loc	3 63 35                         @ ../../../../../Library/StdDriver/src/timer.c:63:35
	muls	r1, r2, r1
	.loc	3 63 24                         @ ../../../../../Library/StdDriver/src/timer.c:63:24
	udiv	r0, r0, r1
	.loc	3 63 5 epilogue_begin           @ ../../../../../Library/StdDriver/src/timer.c:63:5
	add	sp, #24
	pop	{r7, pc}
.Ltmp9:
.Lfunc_end0:
	.size	TIMER_Open, .Lfunc_end0-TIMER_Open
	.cfi_endproc
	.fnend
                                        @ -- End function
	.section	.text.TIMER_GetModuleClock,"ax",%progbits
	.hidden	TIMER_GetModuleClock            @ -- Begin function TIMER_GetModuleClock
	.globl	TIMER_GetModuleClock
	.p2align	2
	.type	TIMER_GetModuleClock,%function
	.code	16                              @ @TIMER_GetModuleClock
	.thumb_func
TIMER_GetModuleClock:
.Lfunc_begin1:
	.loc	3 263 0 is_stmt 1               @ ../../../../../Library/StdDriver/src/timer.c:263:0
	.fnstart
	.cfi_startproc
@ %bb.0:
	.save	{r4, r5, r7, lr}
	push	{r4, r5, r7, lr}
	.cfi_def_cfa_offset 16
	.cfi_offset lr, -4
	.cfi_offset r7, -8
	.cfi_offset r5, -12
	.cfi_offset r4, -16
	.pad	#48
	sub	sp, #48
	.cfi_def_cfa_offset 64
	str	r0, [sp, #40]
	ldr	r0, __arm_cp.1_0
.Ltmp10:
	.loc	3 264 22 prologue_end           @ ../../../../../Library/StdDriver/src/timer.c:264:22
	str	r0, [sp, #32]
	.loc	3 265 20                        @ ../../../../../Library/StdDriver/src/timer.c:265:20
	ldr	r1, __arm_cp.1_1
	mov	r0, sp
	ldm	r1!, {r2, r3, r4, r5}
	stm	r0!, {r2, r3, r4, r5}
	ldm	r1!, {r2, r3, r4, r5}
	stm	r0!, {r2, r3, r4, r5}
.Ltmp11:
	.loc	3 267 8                         @ ../../../../../Library/StdDriver/src/timer.c:267:8
	ldr	r0, [sp, #40]
	ldr	r1, __arm_cp.1_2
.Ltmp12:
	.loc	3 267 8 is_stmt 0               @ ../../../../../Library/StdDriver/src/timer.c:267:8
	cmp	r0, r1
	bne	.LBB1_2
	b	.LBB1_1
.LBB1_1:
	.loc	3 0 8                           @ ../../../../../Library/StdDriver/src/timer.c:0:8
	ldr	r0, __arm_cp.1_15
.Ltmp13:
	.loc	3 269 18 is_stmt 1              @ ../../../../../Library/StdDriver/src/timer.c:269:18
	bl	CLK_GetModuleClockSource
	.loc	3 269 16 is_stmt 0              @ ../../../../../Library/StdDriver/src/timer.c:269:16
	str	r0, [sp, #36]
	.loc	3 270 5 is_stmt 1               @ ../../../../../Library/StdDriver/src/timer.c:270:5
	b	.LBB1_22
.Ltmp14:
.LBB1_2:
	.loc	3 271 13                        @ ../../../../../Library/StdDriver/src/timer.c:271:13
	ldr	r0, [sp, #40]
	ldr	r1, __arm_cp.1_3
.Ltmp15:
	.loc	3 271 13 is_stmt 0              @ ../../../../../Library/StdDriver/src/timer.c:271:13
	cmp	r0, r1
	bne	.LBB1_4
	b	.LBB1_3
.LBB1_3:
	.loc	3 0 13                          @ ../../../../../Library/StdDriver/src/timer.c:0:13
	ldr	r0, __arm_cp.1_14
.Ltmp16:
	.loc	3 273 18 is_stmt 1              @ ../../../../../Library/StdDriver/src/timer.c:273:18
	bl	CLK_GetModuleClockSource
	.loc	3 273 16 is_stmt 0              @ ../../../../../Library/StdDriver/src/timer.c:273:16
	str	r0, [sp, #36]
	.loc	3 274 5 is_stmt 1               @ ../../../../../Library/StdDriver/src/timer.c:274:5
	b	.LBB1_21
.Ltmp17:
.LBB1_4:
	.loc	3 275 14                        @ ../../../../../Library/StdDriver/src/timer.c:275:14
	ldr	r0, [sp, #40]
	ldr	r1, __arm_cp.1_4
	.loc	3 275 31 is_stmt 0              @ ../../../../../Library/StdDriver/src/timer.c:275:31
	cmp	r0, r1
	beq	.LBB1_6
	b	.LBB1_5
.LBB1_5:
	.loc	3 275 35                        @ ../../../../../Library/StdDriver/src/timer.c:275:35
	ldr	r0, [sp, #40]
	ldr	r1, __arm_cp.1_4
.Ltmp18:
	.loc	3 275 13                        @ ../../../../../Library/StdDriver/src/timer.c:275:13
	cmp	r0, r1
	bne	.LBB1_7
	b	.LBB1_6
.LBB1_6:
	.loc	3 0 13                          @ ../../../../../Library/StdDriver/src/timer.c:0:13
	ldr	r0, __arm_cp.1_13
.Ltmp19:
	.loc	3 277 18 is_stmt 1              @ ../../../../../Library/StdDriver/src/timer.c:277:18
	bl	CLK_GetModuleClockSource
	.loc	3 277 16 is_stmt 0              @ ../../../../../Library/StdDriver/src/timer.c:277:16
	str	r0, [sp, #36]
	.loc	3 278 5 is_stmt 1               @ ../../../../../Library/StdDriver/src/timer.c:278:5
	b	.LBB1_20
.Ltmp20:
.LBB1_7:
	.loc	3 279 14                        @ ../../../../../Library/StdDriver/src/timer.c:279:14
	ldr	r0, [sp, #40]
	ldr	r1, __arm_cp.1_5
	.loc	3 279 31 is_stmt 0              @ ../../../../../Library/StdDriver/src/timer.c:279:31
	cmp	r0, r1
	beq	.LBB1_9
	b	.LBB1_8
.LBB1_8:
	.loc	3 279 35                        @ ../../../../../Library/StdDriver/src/timer.c:279:35
	ldr	r0, [sp, #40]
	ldr	r1, __arm_cp.1_5
.Ltmp21:
	.loc	3 279 13                        @ ../../../../../Library/StdDriver/src/timer.c:279:13
	cmp	r0, r1
	bne	.LBB1_10
	b	.LBB1_9
.LBB1_9:
	.loc	3 0 13                          @ ../../../../../Library/StdDriver/src/timer.c:0:13
	ldr	r0, __arm_cp.1_12
.Ltmp22:
	.loc	3 281 18 is_stmt 1              @ ../../../../../Library/StdDriver/src/timer.c:281:18
	bl	CLK_GetModuleClockSource
	.loc	3 281 16 is_stmt 0              @ ../../../../../Library/StdDriver/src/timer.c:281:16
	str	r0, [sp, #36]
	.loc	3 282 5 is_stmt 1               @ ../../../../../Library/StdDriver/src/timer.c:282:5
	b	.LBB1_19
.Ltmp23:
.LBB1_10:
	.loc	3 283 14                        @ ../../../../../Library/StdDriver/src/timer.c:283:14
	ldr	r0, [sp, #40]
	ldr	r1, __arm_cp.1_6
	.loc	3 283 31 is_stmt 0              @ ../../../../../Library/StdDriver/src/timer.c:283:31
	cmp	r0, r1
	beq	.LBB1_12
	b	.LBB1_11
.LBB1_11:
	.loc	3 283 35                        @ ../../../../../Library/StdDriver/src/timer.c:283:35
	ldr	r0, [sp, #40]
	ldr	r1, __arm_cp.1_7
.Ltmp24:
	.loc	3 283 13                        @ ../../../../../Library/StdDriver/src/timer.c:283:13
	cmp	r0, r1
	bne	.LBB1_13
	b	.LBB1_12
.LBB1_12:
	.loc	3 0 13                          @ ../../../../../Library/StdDriver/src/timer.c:0:13
	ldr	r0, __arm_cp.1_11
.Ltmp25:
	.loc	3 285 18 is_stmt 1              @ ../../../../../Library/StdDriver/src/timer.c:285:18
	bl	CLK_GetModuleClockSource
	.loc	3 285 16 is_stmt 0              @ ../../../../../Library/StdDriver/src/timer.c:285:16
	str	r0, [sp, #36]
	.loc	3 286 5 is_stmt 1               @ ../../../../../Library/StdDriver/src/timer.c:286:5
	b	.LBB1_18
.Ltmp26:
.LBB1_13:
	.loc	3 287 14                        @ ../../../../../Library/StdDriver/src/timer.c:287:14
	ldr	r0, [sp, #40]
	ldr	r1, __arm_cp.1_8
	.loc	3 287 31 is_stmt 0              @ ../../../../../Library/StdDriver/src/timer.c:287:31
	cmp	r0, r1
	beq	.LBB1_15
	b	.LBB1_14
.LBB1_14:
	.loc	3 287 35                        @ ../../../../../Library/StdDriver/src/timer.c:287:35
	ldr	r0, [sp, #40]
	ldr	r1, __arm_cp.1_9
.Ltmp27:
	.loc	3 287 13                        @ ../../../../../Library/StdDriver/src/timer.c:287:13
	cmp	r0, r1
	bne	.LBB1_16
	b	.LBB1_15
.LBB1_15:
	.loc	3 0 13                          @ ../../../../../Library/StdDriver/src/timer.c:0:13
	ldr	r0, __arm_cp.1_10
.Ltmp28:
	.loc	3 289 18 is_stmt 1              @ ../../../../../Library/StdDriver/src/timer.c:289:18
	bl	CLK_GetModuleClockSource
	.loc	3 289 16 is_stmt 0              @ ../../../../../Library/StdDriver/src/timer.c:289:16
	str	r0, [sp, #36]
	.loc	3 290 5 is_stmt 1               @ ../../../../../Library/StdDriver/src/timer.c:290:5
	b	.LBB1_17
.Ltmp29:
.LBB1_16:
	.loc	3 0 5 is_stmt 0                 @ ../../../../../Library/StdDriver/src/timer.c:0:5
	movs	r0, #0
.Ltmp30:
	.loc	3 293 9 is_stmt 1               @ ../../../../../Library/StdDriver/src/timer.c:293:9
	str	r0, [sp, #44]
	b	.LBB1_34
.Ltmp31:
.LBB1_17:
	.loc	3 0 9 is_stmt 0                 @ ../../../../../Library/StdDriver/src/timer.c:0:9
	b	.LBB1_18
.LBB1_18:
	b	.LBB1_19
.LBB1_19:
	b	.LBB1_20
.LBB1_20:
	b	.LBB1_21
.LBB1_21:
	b	.LBB1_22
.LBB1_22:
.Ltmp32:
	.loc	3 296 8 is_stmt 1               @ ../../../../../Library/StdDriver/src/timer.c:296:8
	ldr	r0, [sp, #36]
.Ltmp33:
	.loc	3 296 8 is_stmt 0               @ ../../../../../Library/StdDriver/src/timer.c:296:8
	cmp	r0, #2
	bne	.LBB1_32
	b	.LBB1_23
.LBB1_23:
.Ltmp34:
	.loc	3 298 13 is_stmt 1              @ ../../../../../Library/StdDriver/src/timer.c:298:13
	ldr	r0, [sp, #40]
	ldr	r1, __arm_cp.1_2
	.loc	3 298 30 is_stmt 0              @ ../../../../../Library/StdDriver/src/timer.c:298:30
	cmp	r0, r1
	beq	.LBB1_29
	b	.LBB1_24
.LBB1_24:
	.loc	3 298 34                        @ ../../../../../Library/StdDriver/src/timer.c:298:34
	ldr	r0, [sp, #40]
	ldr	r1, __arm_cp.1_3
	.loc	3 298 51                        @ ../../../../../Library/StdDriver/src/timer.c:298:51
	cmp	r0, r1
	beq	.LBB1_29
	b	.LBB1_25
.LBB1_25:
	.loc	3 299 18 is_stmt 1              @ ../../../../../Library/StdDriver/src/timer.c:299:18
	ldr	r0, [sp, #40]
	ldr	r1, __arm_cp.1_6
	.loc	3 299 35 is_stmt 0              @ ../../../../../Library/StdDriver/src/timer.c:299:35
	cmp	r0, r1
	beq	.LBB1_29
	b	.LBB1_26
.LBB1_26:
	.loc	3 299 39                        @ ../../../../../Library/StdDriver/src/timer.c:299:39
	ldr	r0, [sp, #40]
	ldr	r1, __arm_cp.1_7
	.loc	3 299 59                        @ ../../../../../Library/StdDriver/src/timer.c:299:59
	cmp	r0, r1
	beq	.LBB1_29
	b	.LBB1_27
.LBB1_27:
	.loc	3 299 63                        @ ../../../../../Library/StdDriver/src/timer.c:299:63
	ldr	r0, [sp, #40]
	ldr	r1, __arm_cp.1_8
	.loc	3 299 80                        @ ../../../../../Library/StdDriver/src/timer.c:299:80
	cmp	r0, r1
	beq	.LBB1_29
	b	.LBB1_28
.LBB1_28:
	.loc	3 299 84                        @ ../../../../../Library/StdDriver/src/timer.c:299:84
	ldr	r0, [sp, #40]
	ldr	r1, __arm_cp.1_9
.Ltmp35:
	.loc	3 298 12 is_stmt 1              @ ../../../../../Library/StdDriver/src/timer.c:298:12
	cmp	r0, r1
	bne	.LBB1_30
	b	.LBB1_29
.LBB1_29:
.Ltmp36:
	.loc	3 301 26                        @ ../../../../../Library/StdDriver/src/timer.c:301:26
	bl	CLK_GetPCLK0Freq
	.loc	3 301 24 is_stmt 0              @ ../../../../../Library/StdDriver/src/timer.c:301:24
	str	r0, [sp, #32]
	.loc	3 302 9 is_stmt 1               @ ../../../../../Library/StdDriver/src/timer.c:302:9
	b	.LBB1_31
.Ltmp37:
.LBB1_30:
	.loc	3 305 26                        @ ../../../../../Library/StdDriver/src/timer.c:305:26
	bl	CLK_GetPCLK1Freq
	.loc	3 305 24 is_stmt 0              @ ../../../../../Library/StdDriver/src/timer.c:305:24
	str	r0, [sp, #32]
	b	.LBB1_31
.Ltmp38:
.LBB1_31:
	.loc	3 307 5 is_stmt 1               @ ../../../../../Library/StdDriver/src/timer.c:307:5
	b	.LBB1_33
.Ltmp39:
.LBB1_32:
	.loc	3 310 30                        @ ../../../../../Library/StdDriver/src/timer.c:310:30
	ldr	r0, [sp, #36]
	.loc	3 310 22 is_stmt 0              @ ../../../../../Library/StdDriver/src/timer.c:310:22
	lsls	r1, r0, #2
	mov	r0, sp
	ldr	r0, [r0, r1]
	.loc	3 310 20                        @ ../../../../../Library/StdDriver/src/timer.c:310:20
	str	r0, [sp, #32]
	b	.LBB1_33
.Ltmp40:
.LBB1_33:
	.loc	3 313 12 is_stmt 1              @ ../../../../../Library/StdDriver/src/timer.c:313:12
	ldr	r0, [sp, #32]
	.loc	3 313 5 is_stmt 0               @ ../../../../../Library/StdDriver/src/timer.c:313:5
	str	r0, [sp, #44]
	b	.LBB1_34
.LBB1_34:
	.loc	3 314 1 is_stmt 1               @ ../../../../../Library/StdDriver/src/timer.c:314:1
	ldr	r0, [sp, #44]
	.loc	3 314 1 epilogue_begin is_stmt 0 @ ../../../../../Library/StdDriver/src/timer.c:314:1
	add	sp, #48
	pop	{r4, r5, r7, pc}
.Ltmp41:
	.p2align	2
@ %bb.35:
	.loc	3 0 1                           @ ../../../../../Library/StdDriver/src/timer.c:0:1
__arm_cp.1_0:
	.long	12000000                        @ 0xb71b00
.Lcpi_end0:
	.size	__arm_cp.1_0, .Lcpi_end0-__arm_cp.1_0
__arm_cp.1_1:
	.long	.L__const.TIMER_GetModuleClock.au32Clk
.Lcpi_end1:
	.size	__arm_cp.1_1, .Lcpi_end1-__arm_cp.1_1
__arm_cp.1_2:
	.long	1074069504                      @ 0x40050000
.Lcpi_end2:
	.size	__arm_cp.1_2, .Lcpi_end2-__arm_cp.1_2
__arm_cp.1_3:
	.long	1074069760                      @ 0x40050100
.Lcpi_end3:
	.size	__arm_cp.1_3, .Lcpi_end3-__arm_cp.1_3
__arm_cp.1_4:
	.long	1342509056                      @ 0x50051000
.Lcpi_end4:
	.size	__arm_cp.1_4, .Lcpi_end4-__arm_cp.1_4
__arm_cp.1_5:
	.long	1342509312                      @ 0x50051100
.Lcpi_end5:
	.size	__arm_cp.1_5, .Lcpi_end5-__arm_cp.1_5
__arm_cp.1_6:
	.long	1074077696                      @ 0x40052000
.Lcpi_end6:
	.size	__arm_cp.1_6, .Lcpi_end6-__arm_cp.1_6
__arm_cp.1_7:
	.long	1342513152                      @ 0x50052000
.Lcpi_end7:
	.size	__arm_cp.1_7, .Lcpi_end7-__arm_cp.1_7
__arm_cp.1_8:
	.long	1074077952                      @ 0x40052100
.Lcpi_end8:
	.size	__arm_cp.1_8, .Lcpi_end8-__arm_cp.1_8
__arm_cp.1_9:
	.long	1342513408                      @ 0x50052100
.Lcpi_end9:
	.size	__arm_cp.1_9, .Lcpi_end9-__arm_cp.1_9
__arm_cp.1_10:
	.long	3200253957                      @ 0xbec00005
.Lcpi_end10:
	.size	__arm_cp.1_10, .Lcpi_end10-__arm_cp.1_10
__arm_cp.1_11:
	.long	3196059652                      @ 0xbe800004
.Lcpi_end11:
	.size	__arm_cp.1_11, .Lcpi_end11-__arm_cp.1_11
__arm_cp.1_12:
	.long	1598029829                      @ 0x5f400005
.Lcpi_end12:
	.size	__arm_cp.1_12, .Lcpi_end12-__arm_cp.1_12
__arm_cp.1_13:
	.long	1593835524                      @ 0x5f000004
.Lcpi_end13:
	.size	__arm_cp.1_13, .Lcpi_end13-__arm_cp.1_13
__arm_cp.1_14:
	.long	1589641219                      @ 0x5ec00003
.Lcpi_end14:
	.size	__arm_cp.1_14, .Lcpi_end14-__arm_cp.1_14
__arm_cp.1_15:
	.long	1585446914                      @ 0x5e800002
.Lcpi_end15:
	.size	__arm_cp.1_15, .Lcpi_end15-__arm_cp.1_15
.Lfunc_end1:
	.size	TIMER_GetModuleClock, .Lfunc_end1-TIMER_GetModuleClock
	.cfi_endproc
	.fnend
                                        @ -- End function
	.section	.text.TIMER_Close,"ax",%progbits
	.hidden	TIMER_Close                     @ -- Begin function TIMER_Close
	.globl	TIMER_Close
	.p2align	1
	.type	TIMER_Close,%function
	.code	16                              @ @TIMER_Close
	.thumb_func
TIMER_Close:
.Lfunc_begin2:
	.loc	3 76 0 is_stmt 1                @ ../../../../../Library/StdDriver/src/timer.c:76:0
	.fnstart
	.cfi_startproc
@ %bb.0:
	.pad	#4
	sub	sp, #4
	.cfi_def_cfa_offset 4
	str	r0, [sp]
.Ltmp42:
	.loc	3 77 5 prologue_end             @ ../../../../../Library/StdDriver/src/timer.c:77:5
	ldr	r1, [sp]
	movs	r0, #0
	.loc	3 77 16 is_stmt 0               @ ../../../../../Library/StdDriver/src/timer.c:77:16
	str	r0, [r1]
	.loc	3 78 5 is_stmt 1                @ ../../../../../Library/StdDriver/src/timer.c:78:5
	ldr	r1, [sp]
	.loc	3 78 19 is_stmt 0               @ ../../../../../Library/StdDriver/src/timer.c:78:19
	str	r0, [r1, #20]
	.loc	3 79 1 epilogue_begin is_stmt 1 @ ../../../../../Library/StdDriver/src/timer.c:79:1
	add	sp, #4
	bx	lr
.Ltmp43:
.Lfunc_end2:
	.size	TIMER_Close, .Lfunc_end2-TIMER_Close
	.cfi_endproc
	.cantunwind
	.fnend
                                        @ -- End function
	.section	.text.TIMER_Delay,"ax",%progbits
	.hidden	TIMER_Delay                     @ -- Begin function TIMER_Delay
	.globl	TIMER_Delay
	.p2align	2
	.type	TIMER_Delay,%function
	.code	16                              @ @TIMER_Delay
	.thumb_func
TIMER_Delay:
.Lfunc_begin3:
	.loc	3 95 0                          @ ../../../../../Library/StdDriver/src/timer.c:95:0
	.fnstart
	.cfi_startproc
@ %bb.0:
	.save	{r7, lr}
	push	{r7, lr}
	.cfi_def_cfa_offset 8
	.cfi_offset lr, -4
	.cfi_offset r7, -8
	.pad	#48
	sub	sp, #48
	.cfi_def_cfa_offset 56
	str	r0, [sp, #40]
	str	r1, [sp, #36]
.Ltmp44:
	.loc	3 96 48 prologue_end            @ ../../../../../Library/StdDriver/src/timer.c:96:48
	ldr	r0, [sp, #40]
	.loc	3 96 27 is_stmt 0               @ ../../../../../Library/StdDriver/src/timer.c:96:27
	bl	TIMER_GetModuleClock
	.loc	3 96 14                         @ ../../../../../Library/StdDriver/src/timer.c:96:14
	str	r0, [sp, #32]
	movs	r0, #0
	.loc	3 97 14 is_stmt 1               @ ../../../../../Library/StdDriver/src/timer.c:97:14
	str	r0, [sp, #28]
	.loc	3 98 48                         @ ../../../../../Library/StdDriver/src/timer.c:98:48
	str	r0, [sp, #8]
	.loc	3 101 5                         @ ../../../../../Library/StdDriver/src/timer.c:101:5
	ldr	r1, [sp, #40]
	.loc	3 101 16 is_stmt 0              @ ../../../../../Library/StdDriver/src/timer.c:101:16
	str	r0, [r1]
	.loc	3 102 5 is_stmt 1               @ ../../../../../Library/StdDriver/src/timer.c:102:5
	ldr	r1, [sp, #40]
	.loc	3 102 19 is_stmt 0              @ ../../../../../Library/StdDriver/src/timer.c:102:19
	str	r0, [r1, #20]
.Ltmp45:
	.loc	3 104 8 is_stmt 1               @ ../../../../../Library/StdDriver/src/timer.c:104:8
	ldr	r0, [sp, #32]
	ldr	r1, __arm_cp.3_0
.Ltmp46:
	.loc	3 104 8 is_stmt 0               @ ../../../../../Library/StdDriver/src/timer.c:104:8
	cmp	r0, r1
	bhi	.LBB3_6
	b	.LBB3_1
.LBB3_1:
.Ltmp47:
	.loc	3 106 12 is_stmt 1              @ ../../../../../Library/StdDriver/src/timer.c:106:12
	ldr	r0, [sp, #36]
.Ltmp48:
	.loc	3 106 12 is_stmt 0              @ ../../../../../Library/StdDriver/src/timer.c:106:12
	lsrs	r0, r0, #3
	cmp	r0, #124
	bhi	.LBB3_3
	b	.LBB3_2
.LBB3_2:
	.loc	3 0 12                          @ ../../../../../Library/StdDriver/src/timer.c:0:12
	movw	r0, #1000
.Ltmp49:
	.loc	3 108 21 is_stmt 1              @ ../../../../../Library/StdDriver/src/timer.c:108:21
	str	r0, [sp, #36]
	.loc	3 109 9                         @ ../../../../../Library/StdDriver/src/timer.c:109:9
	b	.LBB3_3
.Ltmp50:
.LBB3_3:
	.loc	3 110 12                        @ ../../../../../Library/StdDriver/src/timer.c:110:12
	ldr	r0, [sp, #36]
	ldr	r1, __arm_cp.3_1
.Ltmp51:
	.loc	3 110 12 is_stmt 0              @ ../../../../../Library/StdDriver/src/timer.c:110:12
	cmp	r0, r1
	blo	.LBB3_5
	b	.LBB3_4
.LBB3_4:
	.loc	3 0 12                          @ ../../../../../Library/StdDriver/src/timer.c:0:12
	ldr	r0, __arm_cp.3_0
.Ltmp52:
	.loc	3 112 21 is_stmt 1              @ ../../../../../Library/StdDriver/src/timer.c:112:21
	str	r0, [sp, #36]
	.loc	3 113 9                         @ ../../../../../Library/StdDriver/src/timer.c:113:9
	b	.LBB3_5
.Ltmp53:
.LBB3_5:
	.loc	3 114 5                         @ ../../../../../Library/StdDriver/src/timer.c:114:5
	b	.LBB3_11
.Ltmp54:
.LBB3_6:
	.loc	3 117 12                        @ ../../../../../Library/StdDriver/src/timer.c:117:12
	ldr	r0, [sp, #36]
.Ltmp55:
	.loc	3 117 12 is_stmt 0              @ ../../../../../Library/StdDriver/src/timer.c:117:12
	cmp	r0, #99
	bhi	.LBB3_8
	b	.LBB3_7
.LBB3_7:
	.loc	3 0 12                          @ ../../../../../Library/StdDriver/src/timer.c:0:12
	movs	r0, #100
.Ltmp56:
	.loc	3 119 21 is_stmt 1              @ ../../../../../Library/StdDriver/src/timer.c:119:21
	str	r0, [sp, #36]
	.loc	3 120 9                         @ ../../../../../Library/StdDriver/src/timer.c:120:9
	b	.LBB3_8
.Ltmp57:
.LBB3_8:
	.loc	3 121 12                        @ ../../../../../Library/StdDriver/src/timer.c:121:12
	ldr	r0, [sp, #36]
	ldr	r1, __arm_cp.3_1
.Ltmp58:
	.loc	3 121 12 is_stmt 0              @ ../../../../../Library/StdDriver/src/timer.c:121:12
	cmp	r0, r1
	blo	.LBB3_10
	b	.LBB3_9
.LBB3_9:
	.loc	3 0 12                          @ ../../../../../Library/StdDriver/src/timer.c:0:12
	ldr	r0, __arm_cp.3_0
.Ltmp59:
	.loc	3 123 21 is_stmt 1              @ ../../../../../Library/StdDriver/src/timer.c:123:21
	str	r0, [sp, #36]
	.loc	3 124 9                         @ ../../../../../Library/StdDriver/src/timer.c:124:9
	b	.LBB3_10
.Ltmp60:
.LBB3_10:
	.loc	3 0 9 is_stmt 0                 @ ../../../../../Library/StdDriver/src/timer.c:0:9
	b	.LBB3_11
.LBB3_11:
.Ltmp61:
	.loc	3 127 8 is_stmt 1               @ ../../../../../Library/StdDriver/src/timer.c:127:8
	ldr	r0, [sp, #32]
	ldr	r1, __arm_cp.3_0
.Ltmp62:
	.loc	3 127 8 is_stmt 0               @ ../../../../../Library/StdDriver/src/timer.c:127:8
	cmp	r0, r1
	bhi	.LBB3_13
	b	.LBB3_12
.LBB3_12:
	.loc	3 0 8                           @ ../../../../../Library/StdDriver/src/timer.c:0:8
	movs	r0, #0
.Ltmp63:
	.loc	3 129 21 is_stmt 1              @ ../../../../../Library/StdDriver/src/timer.c:129:21
	str	r0, [sp, #28]
	.loc	3 130 41                        @ ../../../../../Library/StdDriver/src/timer.c:130:41
	ldr	r1, [sp, #32]
	ldr	r0, __arm_cp.3_2
	.loc	3 130 39 is_stmt 0              @ ../../../../../Library/StdDriver/src/timer.c:130:39
	udiv	r0, r0, r1
	.loc	3 130 24                        @ ../../../../../Library/StdDriver/src/timer.c:130:24
	str	r0, [sp, #12]
	.loc	3 131 20 is_stmt 1              @ ../../../../../Library/StdDriver/src/timer.c:131:20
	ldr	r1, [sp, #36]
	movw	r0, #1000
	.loc	3 131 28 is_stmt 0              @ ../../../../../Library/StdDriver/src/timer.c:131:28
	muls	r0, r1, r0
	.loc	3 131 40                        @ ../../../../../Library/StdDriver/src/timer.c:131:40
	ldr	r1, [sp, #12]
	.loc	3 131 38                        @ ../../../../../Library/StdDriver/src/timer.c:131:38
	udiv	r0, r0, r1
	.loc	3 131 17                        @ ../../../../../Library/StdDriver/src/timer.c:131:17
	str	r0, [sp, #20]
	.loc	3 132 5 is_stmt 1               @ ../../../../../Library/StdDriver/src/timer.c:132:5
	b	.LBB3_16
.Ltmp64:
.LBB3_13:
	.loc	3 135 19                        @ ../../../../../Library/StdDriver/src/timer.c:135:19
	ldr	r1, [sp, #36]
	.loc	3 135 30 is_stmt 0              @ ../../../../../Library/StdDriver/src/timer.c:135:30
	ldr	r0, [sp, #32]
	ldr	r2, __arm_cp.3_0
	.loc	3 135 41                        @ ../../../../../Library/StdDriver/src/timer.c:135:41
	udiv	r0, r0, r2
	.loc	3 135 27                        @ ../../../../../Library/StdDriver/src/timer.c:135:27
	muls	r0, r1, r0
	.loc	3 135 17                        @ ../../../../../Library/StdDriver/src/timer.c:135:17
	str	r0, [sp, #20]
	add	r0, sp, #20
	.loc	3 136 24 is_stmt 1              @ ../../../../../Library/StdDriver/src/timer.c:136:24
	ldrb	r0, [r0, #3]
	.loc	3 136 21 is_stmt 0              @ ../../../../../Library/StdDriver/src/timer.c:136:21
	str	r0, [sp, #28]
.Ltmp65:
	.loc	3 137 12 is_stmt 1              @ ../../../../../Library/StdDriver/src/timer.c:137:12
	ldr	r0, [sp, #28]
.Ltmp66:
	.loc	3 137 12 is_stmt 0              @ ../../../../../Library/StdDriver/src/timer.c:137:12
	cbz	r0, .LBB3_15
	b	.LBB3_14
.LBB3_14:
.Ltmp67:
	.loc	3 138 23 is_stmt 1              @ ../../../../../Library/StdDriver/src/timer.c:138:23
	ldr	r0, [sp, #20]
	.loc	3 138 34 is_stmt 0              @ ../../../../../Library/StdDriver/src/timer.c:138:34
	ldr	r1, [sp, #28]
	.loc	3 138 46                        @ ../../../../../Library/StdDriver/src/timer.c:138:46
	adds	r1, r1, #1
	.loc	3 138 31                        @ ../../../../../Library/StdDriver/src/timer.c:138:31
	udiv	r0, r0, r1
	.loc	3 138 21                        @ ../../../../../Library/StdDriver/src/timer.c:138:21
	str	r0, [sp, #20]
	.loc	3 138 13                        @ ../../../../../Library/StdDriver/src/timer.c:138:13
	b	.LBB3_15
.Ltmp68:
.LBB3_15:
	.loc	3 0 13                          @ ../../../../../Library/StdDriver/src/timer.c:0:13
	b	.LBB3_16
.LBB3_16:
	.loc	3 141 18 is_stmt 1              @ ../../../../../Library/StdDriver/src/timer.c:141:18
	ldr	r0, [sp, #20]
	.loc	3 141 5 is_stmt 0               @ ../../../../../Library/StdDriver/src/timer.c:141:5
	ldr	r1, [sp, #40]
	.loc	3 141 16                        @ ../../../../../Library/StdDriver/src/timer.c:141:16
	str	r0, [r1, #4]
	.loc	3 142 61 is_stmt 1              @ ../../../../../Library/StdDriver/src/timer.c:142:61
	ldr	r0, [sp, #28]
	movs	r1, #1
	lsls	r1, r1, #30
	.loc	3 142 59 is_stmt 0              @ ../../../../../Library/StdDriver/src/timer.c:142:59
	orrs	r0, r1
	.loc	3 142 5                         @ ../../../../../Library/StdDriver/src/timer.c:142:5
	ldr	r1, [sp, #40]
	.loc	3 142 16                        @ ../../../../../Library/StdDriver/src/timer.c:142:16
	str	r0, [r1]
.Ltmp69:
	.loc	3 148 21 is_stmt 1              @ ../../../../../Library/StdDriver/src/timer.c:148:21
	ldr	r0, __arm_cp.3_3
	ldr	r0, [r0]
	.loc	3 148 39 is_stmt 0              @ ../../../../../Library/StdDriver/src/timer.c:148:39
	ldr	r1, [sp, #32]
	.loc	3 148 37                        @ ../../../../../Library/StdDriver/src/timer.c:148:37
	udiv	r0, r0, r1
	.loc	3 148 51                        @ ../../../../../Library/StdDriver/src/timer.c:148:51
	adds	r0, r0, #1
	.loc	3 148 18                        @ ../../../../../Library/StdDriver/src/timer.c:148:18
	str	r0, [sp, #24]
	.loc	3 148 9                         @ ../../../../../Library/StdDriver/src/timer.c:148:9
	b	.LBB3_17
.LBB3_17:                               @ =>This Inner Loop Header: Depth=1
.Ltmp70:
	.loc	3 148 58                        @ ../../../../../Library/StdDriver/src/timer.c:148:58
	ldr	r0, [sp, #24]
.Ltmp71:
	.loc	3 148 5                         @ ../../../../../Library/StdDriver/src/timer.c:148:5
	cbz	r0, .LBB3_20
	b	.LBB3_18
.LBB3_18:                               @   in Loop: Header=BB3_17 Depth=1
.Ltmp72:
	.loc	3 150 9 is_stmt 1               @ ../../../../../Library/StdDriver/src/timer.c:150:9
	nop
	.loc	3 151 5                         @ ../../../../../Library/StdDriver/src/timer.c:151:5
	b	.LBB3_19
.Ltmp73:
.LBB3_19:                               @   in Loop: Header=BB3_17 Depth=1
	.loc	3 148 82                        @ ../../../../../Library/StdDriver/src/timer.c:148:82
	ldr	r0, [sp, #24]
	subs	r0, r0, #1
	str	r0, [sp, #24]
	.loc	3 148 5 is_stmt 0               @ ../../../../../Library/StdDriver/src/timer.c:148:5
	b	.LBB3_17
.Ltmp74:
.LBB3_20:
	.loc	3 156 17 is_stmt 1              @ ../../../../../Library/StdDriver/src/timer.c:156:17
	ldr	r0, __arm_cp.3_3
	ldr	r0, [r0]
	.loc	3 156 56 is_stmt 0              @ ../../../../../Library/StdDriver/src/timer.c:156:56
	str	r0, [sp, #4]                    @ 4-byte Spill
	ldr	r0, [sp, #40]
	.loc	3 156 35                        @ ../../../../../Library/StdDriver/src/timer.c:156:35
	bl	TIMER_GetModuleClock
	mov	r1, r0
	.loc	3 156 33                        @ ../../../../../Library/StdDriver/src/timer.c:156:33
	ldr	r0, [sp, #4]                    @ 4-byte Reload
	udiv	r1, r0, r1
	.loc	3 156 67                        @ ../../../../../Library/StdDriver/src/timer.c:156:67
	ldr	r0, [sp, #28]
	.loc	3 156 79                        @ ../../../../../Library/StdDriver/src/timer.c:156:79
	adds	r0, r0, #1
	.loc	3 156 64                        @ ../../../../../Library/StdDriver/src/timer.c:156:64
	muls	r0, r1, r0
	.loc	3 156 14                        @ ../../../../../Library/StdDriver/src/timer.c:156:14
	str	r0, [sp, #24]
	.loc	3 157 15 is_stmt 1              @ ../../../../../Library/StdDriver/src/timer.c:157:15
	ldr	r0, [sp, #40]
	.loc	3 157 22 is_stmt 0              @ ../../../../../Library/StdDriver/src/timer.c:157:22
	ldr	r0, [r0, #12]
	.loc	3 157 13                        @ ../../../../../Library/StdDriver/src/timer.c:157:13
	str	r0, [sp, #16]
	.loc	3 158 5 is_stmt 1               @ ../../../../../Library/StdDriver/src/timer.c:158:5
	b	.LBB3_21
.LBB3_21:                               @ =>This Inner Loop Header: Depth=1
	.loc	3 158 12 is_stmt 0              @ ../../../../../Library/StdDriver/src/timer.c:158:12
	ldr	r0, [sp, #40]
	.loc	3 158 19                        @ ../../../../../Library/StdDriver/src/timer.c:158:19
	ldr	r0, [r0]
	.loc	3 158 5                         @ ../../../../../Library/StdDriver/src/timer.c:158:5
	lsls	r0, r0, #6
	cmp	r0, #0
	bpl	.LBB3_28
	b	.LBB3_22
.LBB3_22:                               @   in Loop: Header=BB3_21 Depth=1
.Ltmp75:
	.loc	3 161 12 is_stmt 1              @ ../../../../../Library/StdDriver/src/timer.c:161:12
	ldr	r0, [sp, #16]
	.loc	3 161 23 is_stmt 0              @ ../../../../../Library/StdDriver/src/timer.c:161:23
	ldr	r1, [sp, #40]
	.loc	3 161 30                        @ ../../../../../Library/StdDriver/src/timer.c:161:30
	ldr	r1, [r1, #12]
.Ltmp76:
	.loc	3 161 12                        @ ../../../../../Library/StdDriver/src/timer.c:161:12
	cmp	r0, r1
	bne	.LBB3_26
	b	.LBB3_23
.LBB3_23:                               @   in Loop: Header=BB3_21 Depth=1
.Ltmp77:
	.loc	3 163 17 is_stmt 1              @ ../../../../../Library/StdDriver/src/timer.c:163:17
	ldr	r0, [sp, #8]
	adds	r1, r0, #1
	str	r1, [sp, #8]
	.loc	3 163 22 is_stmt 0              @ ../../../../../Library/StdDriver/src/timer.c:163:22
	ldr	r1, [sp, #24]
.Ltmp78:
	.loc	3 163 16                        @ ../../../../../Library/StdDriver/src/timer.c:163:16
	cmp	r0, r1
	bls	.LBB3_25
	b	.LBB3_24
.LBB3_24:
	.loc	3 0 16                          @ ../../../../../Library/StdDriver/src/timer.c:0:16
	movs	r0, #1
	mvns	r0, r0
.Ltmp79:
	.loc	3 165 17 is_stmt 1              @ ../../../../../Library/StdDriver/src/timer.c:165:17
	str	r0, [sp, #44]
	b	.LBB3_29
.Ltmp80:
.LBB3_25:                               @   in Loop: Header=BB3_21 Depth=1
	.loc	3 167 9                         @ ../../../../../Library/StdDriver/src/timer.c:167:9
	b	.LBB3_27
.Ltmp81:
.LBB3_26:                               @   in Loop: Header=BB3_21 Depth=1
	.loc	3 0 9 is_stmt 0                 @ ../../../../../Library/StdDriver/src/timer.c:0:9
	movs	r0, #0
.Ltmp82:
	.loc	3 170 15 is_stmt 1              @ ../../../../../Library/StdDriver/src/timer.c:170:15
	str	r0, [sp, #8]
	.loc	3 171 23                        @ ../../../../../Library/StdDriver/src/timer.c:171:23
	ldr	r0, [sp, #40]
	.loc	3 171 30 is_stmt 0              @ ../../../../../Library/StdDriver/src/timer.c:171:30
	ldr	r0, [r0, #12]
	.loc	3 171 21                        @ ../../../../../Library/StdDriver/src/timer.c:171:21
	str	r0, [sp, #16]
	b	.LBB3_27
.Ltmp83:
.LBB3_27:                               @   in Loop: Header=BB3_21 Depth=1
	.loc	3 158 5 is_stmt 1               @ ../../../../../Library/StdDriver/src/timer.c:158:5
	b	.LBB3_21
.LBB3_28:
	.loc	3 0 5 is_stmt 0                 @ ../../../../../Library/StdDriver/src/timer.c:0:5
	movs	r0, #0
	.loc	3 174 5 is_stmt 1               @ ../../../../../Library/StdDriver/src/timer.c:174:5
	str	r0, [sp, #44]
	b	.LBB3_29
.LBB3_29:
	.loc	3 175 1                         @ ../../../../../Library/StdDriver/src/timer.c:175:1
	ldr	r0, [sp, #44]
	.loc	3 175 1 epilogue_begin is_stmt 0 @ ../../../../../Library/StdDriver/src/timer.c:175:1
	add	sp, #48
	pop	{r7, pc}
.Ltmp84:
	.p2align	2
@ %bb.30:
	.loc	3 0 1                           @ ../../../../../Library/StdDriver/src/timer.c:0:1
__arm_cp.3_0:
	.long	1000000                         @ 0xf4240
.Lcpi_end16:
	.size	__arm_cp.3_0, .Lcpi_end16-__arm_cp.3_0
__arm_cp.3_1:
	.long	1000001                         @ 0xf4241
.Lcpi_end17:
	.size	__arm_cp.3_1, .Lcpi_end17-__arm_cp.3_1
__arm_cp.3_2:
	.long	1000000000                      @ 0x3b9aca00
.Lcpi_end18:
	.size	__arm_cp.3_2, .Lcpi_end18-__arm_cp.3_2
__arm_cp.3_3:
	.long	SystemCoreClock
.Lcpi_end19:
	.size	__arm_cp.3_3, .Lcpi_end19-__arm_cp.3_3
.Lfunc_end3:
	.size	TIMER_Delay, .Lfunc_end3-TIMER_Delay
	.cfi_endproc
	.fnend
                                        @ -- End function
	.section	.text.TIMER_EnableCapture,"ax",%progbits
	.hidden	TIMER_EnableCapture             @ -- Begin function TIMER_EnableCapture
	.globl	TIMER_EnableCapture
	.p2align	2
	.type	TIMER_EnableCapture,%function
	.code	16                              @ @TIMER_EnableCapture
	.thumb_func
TIMER_EnableCapture:
.Lfunc_begin4:
	.loc	3 199 0 is_stmt 1               @ ../../../../../Library/StdDriver/src/timer.c:199:0
	.fnstart
	.cfi_startproc
@ %bb.0:
	.pad	#12
	sub	sp, #12
	.cfi_def_cfa_offset 12
	str	r0, [sp, #8]
	str	r1, [sp, #4]
	str	r2, [sp]
.Ltmp85:
	.loc	3 200 22 prologue_end           @ ../../../../../Library/StdDriver/src/timer.c:200:22
	ldr	r0, [sp, #8]
	.loc	3 200 29 is_stmt 0              @ ../../../../../Library/StdDriver/src/timer.c:200:29
	ldr	r0, [r0, #20]
	ldr	r1, __arm_cp.4_0
	.loc	3 200 36                        @ ../../../../../Library/StdDriver/src/timer.c:200:36
	ands	r0, r1
	.loc	3 201 21 is_stmt 1              @ ../../../../../Library/StdDriver/src/timer.c:201:21
	ldr	r1, [sp, #4]
	.loc	3 200 95                        @ ../../../../../Library/StdDriver/src/timer.c:200:95
	orrs	r0, r1
	.loc	3 201 34                        @ ../../../../../Library/StdDriver/src/timer.c:201:34
	ldr	r1, [sp]
	.loc	3 201 32 is_stmt 0              @ ../../../../../Library/StdDriver/src/timer.c:201:32
	orrs	r0, r1
	movs	r1, #8
	.loc	3 201 42                        @ ../../../../../Library/StdDriver/src/timer.c:201:42
	orrs	r0, r1
	.loc	3 200 5 is_stmt 1               @ ../../../../../Library/StdDriver/src/timer.c:200:5
	ldr	r1, [sp, #8]
	.loc	3 200 19 is_stmt 0              @ ../../../../../Library/StdDriver/src/timer.c:200:19
	str	r0, [r1, #20]
	.loc	3 202 1 epilogue_begin is_stmt 1 @ ../../../../../Library/StdDriver/src/timer.c:202:1
	add	sp, #12
	bx	lr
.Ltmp86:
	.p2align	2
@ %bb.1:
	.loc	3 0 1 is_stmt 0                 @ ../../../../../Library/StdDriver/src/timer.c:0:1
__arm_cp.4_0:
	.long	4294938599                      @ 0xffff8fe7
.Lcpi_end20:
	.size	__arm_cp.4_0, .Lcpi_end20-__arm_cp.4_0
.Lfunc_end4:
	.size	TIMER_EnableCapture, .Lfunc_end4-TIMER_EnableCapture
	.cfi_endproc
	.cantunwind
	.fnend
                                        @ -- End function
	.section	.text.TIMER_DisableCapture,"ax",%progbits
	.hidden	TIMER_DisableCapture            @ -- Begin function TIMER_DisableCapture
	.globl	TIMER_DisableCapture
	.p2align	1
	.type	TIMER_DisableCapture,%function
	.code	16                              @ @TIMER_DisableCapture
	.thumb_func
TIMER_DisableCapture:
.Lfunc_begin5:
	.loc	3 214 0 is_stmt 1               @ ../../../../../Library/StdDriver/src/timer.c:214:0
	.fnstart
	.cfi_startproc
@ %bb.0:
	.pad	#4
	sub	sp, #4
	.cfi_def_cfa_offset 4
	str	r0, [sp]
.Ltmp87:
	.loc	3 215 5 prologue_end            @ ../../../../../Library/StdDriver/src/timer.c:215:5
	ldr	r1, [sp]
	.loc	3 215 19 is_stmt 0              @ ../../../../../Library/StdDriver/src/timer.c:215:19
	ldr	r0, [r1, #20]
	movs	r2, #8
	bics	r0, r2
	str	r0, [r1, #20]
	.loc	3 216 1 epilogue_begin is_stmt 1 @ ../../../../../Library/StdDriver/src/timer.c:216:1
	add	sp, #4
	bx	lr
.Ltmp88:
.Lfunc_end5:
	.size	TIMER_DisableCapture, .Lfunc_end5-TIMER_DisableCapture
	.cfi_endproc
	.cantunwind
	.fnend
                                        @ -- End function
	.section	.text.TIMER_EnableEventCounter,"ax",%progbits
	.hidden	TIMER_EnableEventCounter        @ -- Begin function TIMER_EnableEventCounter
	.globl	TIMER_EnableEventCounter
	.p2align	1
	.type	TIMER_EnableEventCounter,%function
	.code	16                              @ @TIMER_EnableEventCounter
	.thumb_func
TIMER_EnableEventCounter:
.Lfunc_begin6:
	.loc	3 233 0                         @ ../../../../../Library/StdDriver/src/timer.c:233:0
	.fnstart
	.cfi_startproc
@ %bb.0:
	.pad	#8
	sub	sp, #8
	.cfi_def_cfa_offset 8
	str	r0, [sp, #4]
	str	r1, [sp]
.Ltmp89:
	.loc	3 234 22 prologue_end           @ ../../../../../Library/StdDriver/src/timer.c:234:22
	ldr	r0, [sp, #4]
	.loc	3 234 29 is_stmt 0              @ ../../../../../Library/StdDriver/src/timer.c:234:29
	ldr	r0, [r0, #20]
	movs	r2, #1
	.loc	3 234 36                        @ ../../../../../Library/StdDriver/src/timer.c:234:36
	bics	r0, r2
	.loc	3 234 68                        @ ../../../../../Library/StdDriver/src/timer.c:234:68
	ldr	r1, [sp]
	.loc	3 234 66                        @ ../../../../../Library/StdDriver/src/timer.c:234:66
	orrs	r0, r1
	.loc	3 234 5                         @ ../../../../../Library/StdDriver/src/timer.c:234:5
	ldr	r1, [sp, #4]
	.loc	3 234 19                        @ ../../../../../Library/StdDriver/src/timer.c:234:19
	str	r0, [r1, #20]
	.loc	3 235 5 is_stmt 1               @ ../../../../../Library/StdDriver/src/timer.c:235:5
	ldr	r1, [sp, #4]
	.loc	3 235 16 is_stmt 0              @ ../../../../../Library/StdDriver/src/timer.c:235:16
	ldr	r0, [r1]
	lsls	r2, r2, #24
	orrs	r0, r2
	str	r0, [r1]
	.loc	3 236 1 epilogue_begin is_stmt 1 @ ../../../../../Library/StdDriver/src/timer.c:236:1
	add	sp, #8
	bx	lr
.Ltmp90:
.Lfunc_end6:
	.size	TIMER_EnableEventCounter, .Lfunc_end6-TIMER_EnableEventCounter
	.cfi_endproc
	.cantunwind
	.fnend
                                        @ -- End function
	.section	.text.TIMER_DisableEventCounter,"ax",%progbits
	.hidden	TIMER_DisableEventCounter       @ -- Begin function TIMER_DisableEventCounter
	.globl	TIMER_DisableEventCounter
	.p2align	1
	.type	TIMER_DisableEventCounter,%function
	.code	16                              @ @TIMER_DisableEventCounter
	.thumb_func
TIMER_DisableEventCounter:
.Lfunc_begin7:
	.loc	3 248 0                         @ ../../../../../Library/StdDriver/src/timer.c:248:0
	.fnstart
	.cfi_startproc
@ %bb.0:
	.pad	#4
	sub	sp, #4
	.cfi_def_cfa_offset 4
	str	r0, [sp]
.Ltmp91:
	.loc	3 249 5 prologue_end            @ ../../../../../Library/StdDriver/src/timer.c:249:5
	ldr	r1, [sp]
	.loc	3 249 16 is_stmt 0              @ ../../../../../Library/StdDriver/src/timer.c:249:16
	ldr	r0, [r1]
	movs	r2, #1
	lsls	r2, r2, #24
	bics	r0, r2
	str	r0, [r1]
	.loc	3 250 1 epilogue_begin is_stmt 1 @ ../../../../../Library/StdDriver/src/timer.c:250:1
	add	sp, #4
	bx	lr
.Ltmp92:
.Lfunc_end7:
	.size	TIMER_DisableEventCounter, .Lfunc_end7-TIMER_DisableEventCounter
	.cfi_endproc
	.cantunwind
	.fnend
                                        @ -- End function
	.section	.text.TIMER_EnableFreqCounter,"ax",%progbits
	.hidden	TIMER_EnableFreqCounter         @ -- Begin function TIMER_EnableFreqCounter
	.globl	TIMER_EnableFreqCounter
	.p2align	2
	.type	TIMER_EnableFreqCounter,%function
	.code	16                              @ @TIMER_EnableFreqCounter
	.thumb_func
TIMER_EnableFreqCounter:
.Lfunc_begin8:
	.loc	3 336 0                         @ ../../../../../Library/StdDriver/src/timer.c:336:0
	.fnstart
	.cfi_startproc
@ %bb.0:
	.pad	#20
	sub	sp, #20
	.cfi_def_cfa_offset 20
	str	r0, [sp, #16]
	str	r1, [sp, #12]
	str	r2, [sp, #8]
	str	r3, [sp, #4]
.Ltmp93:
	.loc	3 342 8 prologue_end            @ ../../../../../Library/StdDriver/src/timer.c:342:8
	ldr	r0, [sp, #16]
	ldr	r1, __arm_cp.8_0
.Ltmp94:
	.loc	3 342 8 is_stmt 0               @ ../../../../../Library/StdDriver/src/timer.c:342:8
	cmp	r0, r1
	bne	.LBB8_2
	b	.LBB8_1
.LBB8_1:
	.loc	3 0 8                           @ ../../../../../Library/StdDriver/src/timer.c:0:8
	ldr	r0, __arm_cp.8_7
.Ltmp95:
	.loc	3 344 11 is_stmt 1              @ ../../../../../Library/StdDriver/src/timer.c:344:11
	str	r0, [sp]
	.loc	3 345 5                         @ ../../../../../Library/StdDriver/src/timer.c:345:5
	b	.LBB8_15
.Ltmp96:
.LBB8_2:
	.loc	3 346 13                        @ ../../../../../Library/StdDriver/src/timer.c:346:13
	ldr	r0, [sp, #16]
	ldr	r1, __arm_cp.8_1
.Ltmp97:
	.loc	3 346 13 is_stmt 0              @ ../../../../../Library/StdDriver/src/timer.c:346:13
	cmp	r0, r1
	bne	.LBB8_4
	b	.LBB8_3
.LBB8_3:
	.loc	3 0 13                          @ ../../../../../Library/StdDriver/src/timer.c:0:13
	ldr	r0, __arm_cp.8_6
.Ltmp98:
	.loc	3 348 11 is_stmt 1              @ ../../../../../Library/StdDriver/src/timer.c:348:11
	str	r0, [sp]
	.loc	3 349 5                         @ ../../../../../Library/StdDriver/src/timer.c:349:5
	b	.LBB8_14
.Ltmp99:
.LBB8_4:
	.loc	3 350 13                        @ ../../../../../Library/StdDriver/src/timer.c:350:13
	ldr	r0, [sp, #16]
	ldr	r1, __arm_cp.8_1
.Ltmp100:
	.loc	3 350 13 is_stmt 0              @ ../../../../../Library/StdDriver/src/timer.c:350:13
	cmp	r0, r1
	bne	.LBB8_6
	b	.LBB8_5
.LBB8_5:
	.loc	3 0 13                          @ ../../../../../Library/StdDriver/src/timer.c:0:13
	ldr	r0, __arm_cp.8_6
.Ltmp101:
	.loc	3 352 11 is_stmt 1              @ ../../../../../Library/StdDriver/src/timer.c:352:11
	str	r0, [sp]
	.loc	3 353 5                         @ ../../../../../Library/StdDriver/src/timer.c:353:5
	b	.LBB8_13
.Ltmp102:
.LBB8_6:
	.loc	3 354 13                        @ ../../../../../Library/StdDriver/src/timer.c:354:13
	ldr	r0, [sp, #16]
	ldr	r1, __arm_cp.8_2
.Ltmp103:
	.loc	3 354 13 is_stmt 0              @ ../../../../../Library/StdDriver/src/timer.c:354:13
	cmp	r0, r1
	bne	.LBB8_8
	b	.LBB8_7
.LBB8_7:
	.loc	3 0 13                          @ ../../../../../Library/StdDriver/src/timer.c:0:13
	ldr	r0, __arm_cp.8_5
.Ltmp104:
	.loc	3 356 11 is_stmt 1              @ ../../../../../Library/StdDriver/src/timer.c:356:11
	str	r0, [sp]
	.loc	3 357 5                         @ ../../../../../Library/StdDriver/src/timer.c:357:5
	b	.LBB8_12
.Ltmp105:
.LBB8_8:
	.loc	3 358 13                        @ ../../../../../Library/StdDriver/src/timer.c:358:13
	ldr	r0, [sp, #16]
	ldr	r1, __arm_cp.8_3
.Ltmp106:
	.loc	3 358 13 is_stmt 0              @ ../../../../../Library/StdDriver/src/timer.c:358:13
	cmp	r0, r1
	bne	.LBB8_10
	b	.LBB8_9
.LBB8_9:
	.loc	3 0 13                          @ ../../../../../Library/StdDriver/src/timer.c:0:13
	ldr	r0, __arm_cp.8_4
.Ltmp107:
	.loc	3 360 11 is_stmt 1              @ ../../../../../Library/StdDriver/src/timer.c:360:11
	str	r0, [sp]
	.loc	3 361 5                         @ ../../../../../Library/StdDriver/src/timer.c:361:5
	b	.LBB8_11
.Ltmp108:
.LBB8_10:
	.loc	3 0 5 is_stmt 0                 @ ../../../../../Library/StdDriver/src/timer.c:0:5
	movs	r0, #0
.Ltmp109:
	.loc	3 364 11 is_stmt 1              @ ../../../../../Library/StdDriver/src/timer.c:364:11
	str	r0, [sp]
	b	.LBB8_11
.Ltmp110:
.LBB8_11:
	.loc	3 0 11 is_stmt 0                @ ../../../../../Library/StdDriver/src/timer.c:0:11
	b	.LBB8_12
.LBB8_12:
	b	.LBB8_13
.LBB8_13:
	b	.LBB8_14
.LBB8_14:
	b	.LBB8_15
.LBB8_15:
.Ltmp111:
	.loc	3 367 8 is_stmt 1               @ ../../../../../Library/StdDriver/src/timer.c:367:8
	ldr	r0, [sp]
.Ltmp112:
	.loc	3 367 8 is_stmt 0               @ ../../../../../Library/StdDriver/src/timer.c:367:8
	cbz	r0, .LBB8_17
	b	.LBB8_16
.LBB8_16:
.Ltmp113:
	.loc	3 369 9 is_stmt 1               @ ../../../../../Library/StdDriver/src/timer.c:369:9
	ldr	r1, [sp]
	ldr	r0, __arm_cp.8_8
	.loc	3 369 16 is_stmt 0              @ ../../../../../Library/StdDriver/src/timer.c:369:16
	str	r0, [r1, #4]
	.loc	3 370 21 is_stmt 1              @ ../../../../../Library/StdDriver/src/timer.c:370:21
	ldr	r0, [sp, #4]
	subs	r1, r0, #1
	sbcs	r0, r1
	lsls	r0, r0, #5
	.loc	3 370 9 is_stmt 0               @ ../../../../../Library/StdDriver/src/timer.c:370:9
	ldr	r1, [sp]
	.loc	3 370 19                        @ ../../../../../Library/StdDriver/src/timer.c:370:19
	str	r0, [r1, #20]
	.loc	3 371 9 is_stmt 1               @ ../../../../../Library/StdDriver/src/timer.c:371:9
	ldr	r1, [sp, #16]
	ldr	r0, __arm_cp.8_9
	.loc	3 371 20 is_stmt 0              @ ../../../../../Library/StdDriver/src/timer.c:371:20
	str	r0, [r1]
	.loc	3 372 5 is_stmt 1               @ ../../../../../Library/StdDriver/src/timer.c:372:5
	b	.LBB8_17
.Ltmp114:
.LBB8_17:
	.loc	3 373 1 epilogue_begin          @ ../../../../../Library/StdDriver/src/timer.c:373:1
	add	sp, #20
	bx	lr
.Ltmp115:
	.p2align	2
@ %bb.18:
	.loc	3 0 1 is_stmt 0                 @ ../../../../../Library/StdDriver/src/timer.c:0:1
__arm_cp.8_0:
	.long	1074069504                      @ 0x40050000
.Lcpi_end21:
	.size	__arm_cp.8_0, .Lcpi_end21-__arm_cp.8_0
__arm_cp.8_1:
	.long	1342509056                      @ 0x50051000
.Lcpi_end22:
	.size	__arm_cp.8_1, .Lcpi_end22-__arm_cp.8_1
__arm_cp.8_2:
	.long	1074077696                      @ 0x40052000
.Lcpi_end23:
	.size	__arm_cp.8_2, .Lcpi_end23-__arm_cp.8_2
__arm_cp.8_3:
	.long	1342513152                      @ 0x50052000
.Lcpi_end24:
	.size	__arm_cp.8_3, .Lcpi_end24-__arm_cp.8_3
__arm_cp.8_4:
	.long	1342513408                      @ 0x50052100
.Lcpi_end25:
	.size	__arm_cp.8_4, .Lcpi_end25-__arm_cp.8_4
__arm_cp.8_5:
	.long	1074077952                      @ 0x40052100
.Lcpi_end26:
	.size	__arm_cp.8_5, .Lcpi_end26-__arm_cp.8_5
__arm_cp.8_6:
	.long	1342509312                      @ 0x50051100
.Lcpi_end27:
	.size	__arm_cp.8_6, .Lcpi_end27-__arm_cp.8_6
__arm_cp.8_7:
	.long	1074069760                      @ 0x40050100
.Lcpi_end28:
	.size	__arm_cp.8_7, .Lcpi_end28-__arm_cp.8_7
__arm_cp.8_8:
	.long	16777215                        @ 0xffffff
.Lcpi_end29:
	.size	__arm_cp.8_8, .Lcpi_end29-__arm_cp.8_8
__arm_cp.8_9:
	.long	1074266112                      @ 0x40080000
.Lcpi_end30:
	.size	__arm_cp.8_9, .Lcpi_end30-__arm_cp.8_9
.Lfunc_end8:
	.size	TIMER_EnableFreqCounter, .Lfunc_end8-TIMER_EnableFreqCounter
	.cfi_endproc
	.cantunwind
	.fnend
                                        @ -- End function
	.section	.text.TIMER_DisableFreqCounter,"ax",%progbits
	.hidden	TIMER_DisableFreqCounter        @ -- Begin function TIMER_DisableFreqCounter
	.globl	TIMER_DisableFreqCounter
	.p2align	1
	.type	TIMER_DisableFreqCounter,%function
	.code	16                              @ @TIMER_DisableFreqCounter
	.thumb_func
TIMER_DisableFreqCounter:
.Lfunc_begin9:
	.loc	3 385 0 is_stmt 1               @ ../../../../../Library/StdDriver/src/timer.c:385:0
	.fnstart
	.cfi_startproc
@ %bb.0:
	.pad	#4
	sub	sp, #4
	.cfi_def_cfa_offset 4
	str	r0, [sp]
.Ltmp116:
	.loc	3 386 5 prologue_end            @ ../../../../../Library/StdDriver/src/timer.c:386:5
	ldr	r1, [sp]
	.loc	3 386 16 is_stmt 0              @ ../../../../../Library/StdDriver/src/timer.c:386:16
	ldr	r0, [r1]
	movs	r2, #1
	lsls	r2, r2, #19
	bics	r0, r2
	str	r0, [r1]
	.loc	3 387 1 epilogue_begin is_stmt 1 @ ../../../../../Library/StdDriver/src/timer.c:387:1
	add	sp, #4
	bx	lr
.Ltmp117:
.Lfunc_end9:
	.size	TIMER_DisableFreqCounter, .Lfunc_end9-TIMER_DisableFreqCounter
	.cfi_endproc
	.cantunwind
	.fnend
                                        @ -- End function
	.section	.text.TIMER_SetTriggerSource,"ax",%progbits
	.hidden	TIMER_SetTriggerSource          @ -- Begin function TIMER_SetTriggerSource
	.globl	TIMER_SetTriggerSource
	.p2align	1
	.type	TIMER_SetTriggerSource,%function
	.code	16                              @ @TIMER_SetTriggerSource
	.thumb_func
TIMER_SetTriggerSource:
.Lfunc_begin10:
	.loc	3 402 0                         @ ../../../../../Library/StdDriver/src/timer.c:402:0
	.fnstart
	.cfi_startproc
@ %bb.0:
	.pad	#8
	sub	sp, #8
	.cfi_def_cfa_offset 8
	str	r0, [sp, #4]
	str	r1, [sp]
.Ltmp118:
	.loc	3 403 22 prologue_end           @ ../../../../../Library/StdDriver/src/timer.c:403:22
	ldr	r0, [sp, #4]
	.loc	3 403 29 is_stmt 0              @ ../../../../../Library/StdDriver/src/timer.c:403:29
	ldr	r0, [r0, #28]
	movs	r1, #1
	.loc	3 403 36                        @ ../../../../../Library/StdDriver/src/timer.c:403:36
	bics	r0, r1
	.loc	3 403 67                        @ ../../../../../Library/StdDriver/src/timer.c:403:67
	ldr	r1, [sp]
	.loc	3 403 65                        @ ../../../../../Library/StdDriver/src/timer.c:403:65
	orrs	r0, r1
	.loc	3 403 5                         @ ../../../../../Library/StdDriver/src/timer.c:403:5
	ldr	r1, [sp, #4]
	.loc	3 403 19                        @ ../../../../../Library/StdDriver/src/timer.c:403:19
	str	r0, [r1, #28]
	.loc	3 404 1 epilogue_begin is_stmt 1 @ ../../../../../Library/StdDriver/src/timer.c:404:1
	add	sp, #8
	bx	lr
.Ltmp119:
.Lfunc_end10:
	.size	TIMER_SetTriggerSource, .Lfunc_end10-TIMER_SetTriggerSource
	.cfi_endproc
	.cantunwind
	.fnend
                                        @ -- End function
	.section	.text.TIMER_SetTriggerTarget,"ax",%progbits
	.hidden	TIMER_SetTriggerTarget          @ -- Begin function TIMER_SetTriggerTarget
	.globl	TIMER_SetTriggerTarget
	.p2align	1
	.type	TIMER_SetTriggerTarget,%function
	.code	16                              @ @TIMER_SetTriggerTarget
	.thumb_func
TIMER_SetTriggerTarget:
.Lfunc_begin11:
	.loc	3 422 0                         @ ../../../../../Library/StdDriver/src/timer.c:422:0
	.fnstart
	.cfi_startproc
@ %bb.0:
	.pad	#8
	sub	sp, #8
	.cfi_def_cfa_offset 8
	str	r0, [sp, #4]
	str	r1, [sp]
.Ltmp120:
	.loc	3 423 22 prologue_end           @ ../../../../../Library/StdDriver/src/timer.c:423:22
	ldr	r0, [sp, #4]
	.loc	3 423 29 is_stmt 0              @ ../../../../../Library/StdDriver/src/timer.c:423:29
	ldr	r0, [r0, #28]
	movs	r1, #30
	.loc	3 423 36                        @ ../../../../../Library/StdDriver/src/timer.c:423:36
	bics	r0, r1
	.loc	3 423 148                       @ ../../../../../Library/StdDriver/src/timer.c:423:148
	ldr	r1, [sp]
	.loc	3 423 146                       @ ../../../../../Library/StdDriver/src/timer.c:423:146
	orrs	r0, r1
	.loc	3 423 5                         @ ../../../../../Library/StdDriver/src/timer.c:423:5
	ldr	r1, [sp, #4]
	.loc	3 423 19                        @ ../../../../../Library/StdDriver/src/timer.c:423:19
	str	r0, [r1, #28]
	.loc	3 424 1 epilogue_begin is_stmt 1 @ ../../../../../Library/StdDriver/src/timer.c:424:1
	add	sp, #8
	bx	lr
.Ltmp121:
.Lfunc_end11:
	.size	TIMER_SetTriggerTarget, .Lfunc_end11-TIMER_SetTriggerTarget
	.cfi_endproc
	.cantunwind
	.fnend
                                        @ -- End function
	.section	.text.TIMER_ResetCounter,"ax",%progbits
	.hidden	TIMER_ResetCounter              @ -- Begin function TIMER_ResetCounter
	.globl	TIMER_ResetCounter
	.p2align	2
	.type	TIMER_ResetCounter,%function
	.code	16                              @ @TIMER_ResetCounter
	.thumb_func
TIMER_ResetCounter:
.Lfunc_begin12:
	.loc	3 437 0                         @ ../../../../../Library/StdDriver/src/timer.c:437:0
	.fnstart
	.cfi_startproc
@ %bb.0:
	.save	{r7, lr}
	push	{r7, lr}
	.cfi_def_cfa_offset 8
	.cfi_offset lr, -4
	.cfi_offset r7, -8
	.pad	#24
	sub	sp, #24
	.cfi_def_cfa_offset 32
	str	r0, [sp, #20]
.Ltmp122:
	.loc	3 440 5 prologue_end            @ ../../../../../Library/StdDriver/src/timer.c:440:5
	ldr	r1, [sp, #20]
	movs	r0, #0
	.loc	3 440 16 is_stmt 0              @ ../../../../../Library/StdDriver/src/timer.c:440:16
	str	r0, [r1, #12]
	.loc	3 442 17 is_stmt 1              @ ../../../../../Library/StdDriver/src/timer.c:442:17
	ldr	r0, __arm_cp.12_0
	ldr	r0, [r0]
	.loc	3 442 56 is_stmt 0              @ ../../../../../Library/StdDriver/src/timer.c:442:56
	str	r0, [sp, #12]                   @ 4-byte Spill
	ldr	r0, [sp, #20]
	.loc	3 442 35                        @ ../../../../../Library/StdDriver/src/timer.c:442:35
	bl	TIMER_GetModuleClock
	mov	r1, r0
	.loc	3 442 33                        @ ../../../../../Library/StdDriver/src/timer.c:442:33
	ldr	r0, [sp, #12]                   @ 4-byte Reload
	udiv	r1, r0, r1
	movs	r0, #3
	.loc	3 442 64                        @ ../../../../../Library/StdDriver/src/timer.c:442:64
	muls	r0, r1, r0
	.loc	3 442 14                        @ ../../../../../Library/StdDriver/src/timer.c:442:14
	str	r0, [sp, #16]
	.loc	3 443 5 is_stmt 1               @ ../../../../../Library/StdDriver/src/timer.c:443:5
	b	.LBB12_1
.LBB12_1:                               @ =>This Inner Loop Header: Depth=1
	.loc	3 443 13 is_stmt 0              @ ../../../../../Library/StdDriver/src/timer.c:443:13
	ldr	r0, [sp, #20]
	.loc	3 443 20                        @ ../../../../../Library/StdDriver/src/timer.c:443:20
	ldr	r1, [r0, #12]
	movs	r0, #0
	.loc	3 443 71                        @ ../../../../../Library/StdDriver/src/timer.c:443:71
	lsrs	r1, r1, #31
	cmp	r1, #1
	str	r0, [sp, #8]                    @ 4-byte Spill
	bne	.LBB12_3
	b	.LBB12_2
.LBB12_2:                               @   in Loop: Header=BB12_1 Depth=1
	.loc	3 443 75                        @ ../../../../../Library/StdDriver/src/timer.c:443:75
	ldr	r0, [sp, #16]
	subs	r0, r0, #1
	str	r0, [sp, #16]
	.loc	3 443 71                        @ ../../../../../Library/StdDriver/src/timer.c:443:71
	subs	r1, r0, #1
	sbcs	r0, r1
	str	r0, [sp, #8]                    @ 4-byte Spill
	b	.LBB12_3
.LBB12_3:                               @   in Loop: Header=BB12_1 Depth=1
	.loc	3 0 0                           @ ../../../../../Library/StdDriver/src/timer.c:0:0
	ldr	r0, [sp, #8]                    @ 4-byte Reload
	.loc	3 443 5                         @ ../../../../../Library/StdDriver/src/timer.c:443:5
	lsls	r0, r0, #31
	cbz	r0, .LBB12_5
	b	.LBB12_4
.LBB12_4:                               @   in Loop: Header=BB12_1 Depth=1
.Ltmp123:
	.loc	3 445 9 is_stmt 1               @ ../../../../../Library/StdDriver/src/timer.c:445:9
	nop
.Ltmp124:
	.loc	3 443 5                         @ ../../../../../Library/StdDriver/src/timer.c:443:5
	b	.LBB12_1
.LBB12_5:
	.loc	3 447 12                        @ ../../../../../Library/StdDriver/src/timer.c:447:12
	ldr	r1, [sp, #16]
	movs	r0, #1
	mvns	r0, r0
	str	r0, [sp]                        @ 4-byte Spill
	movs	r0, #0
	str	r0, [sp, #4]                    @ 4-byte Spill
	cbnz	r1, .LBB12_7
@ %bb.6:
	.loc	3 0 12 is_stmt 0                @ ../../../../../Library/StdDriver/src/timer.c:0:12
	ldr	r0, [sp]                        @ 4-byte Reload
	str	r0, [sp, #4]                    @ 4-byte Spill
.LBB12_7:
	.loc	3 447 12                        @ ../../../../../Library/StdDriver/src/timer.c:447:12
	ldr	r0, [sp, #4]                    @ 4-byte Reload
	.loc	3 447 5 epilogue_begin          @ ../../../../../Library/StdDriver/src/timer.c:447:5
	add	sp, #24
	pop	{r7, pc}
.Ltmp125:
	.p2align	2
@ %bb.8:
	.loc	3 0 5                           @ ../../../../../Library/StdDriver/src/timer.c:0:5
__arm_cp.12_0:
	.long	SystemCoreClock
.Lcpi_end31:
	.size	__arm_cp.12_0, .Lcpi_end31-__arm_cp.12_0
.Lfunc_end12:
	.size	TIMER_ResetCounter, .Lfunc_end12-TIMER_ResetCounter
	.cfi_endproc
	.fnend
                                        @ -- End function
	.type	.L__const.TIMER_GetModuleClock.au32Clk,%object @ @__const.TIMER_GetModuleClock.au32Clk
	.section	.rodata.cst32,"aM",%progbits,32
	.p2align	2, 0x0
.L__const.TIMER_GetModuleClock.au32Clk:
	.long	12000000                        @ 0xb71b00
	.long	32768                           @ 0x8000
	.long	0                               @ 0x0
	.long	0                               @ 0x0
	.long	4000000                         @ 0x3d0900
	.long	32000                           @ 0x7d00
	.long	0                               @ 0x0
	.long	12000000                        @ 0xb71b00
	.size	.L__const.TIMER_GetModuleClock.au32Clk, 32

	.section	.debug_abbrev,"",%progbits
	.byte	1                               @ Abbreviation Code
	.byte	17                              @ DW_TAG_compile_unit
	.byte	1                               @ DW_CHILDREN_yes
	.byte	37                              @ DW_AT_producer
	.byte	14                              @ DW_FORM_strp
	.byte	19                              @ DW_AT_language
	.byte	5                               @ DW_FORM_data2
	.byte	3                               @ DW_AT_name
	.byte	14                              @ DW_FORM_strp
	.byte	16                              @ DW_AT_stmt_list
	.byte	23                              @ DW_FORM_sec_offset
	.byte	27                              @ DW_AT_comp_dir
	.byte	14                              @ DW_FORM_strp
	.byte	17                              @ DW_AT_low_pc
	.byte	1                               @ DW_FORM_addr
	.byte	85                              @ DW_AT_ranges
	.byte	23                              @ DW_FORM_sec_offset
	.byte	0                               @ EOM(1)
	.byte	0                               @ EOM(2)
	.byte	2                               @ Abbreviation Code
	.byte	15                              @ DW_TAG_pointer_type
	.byte	0                               @ DW_CHILDREN_no
	.byte	73                              @ DW_AT_type
	.byte	19                              @ DW_FORM_ref4
	.byte	0                               @ EOM(1)
	.byte	0                               @ EOM(2)
	.byte	3                               @ Abbreviation Code
	.byte	22                              @ DW_TAG_typedef
	.byte	0                               @ DW_CHILDREN_no
	.byte	73                              @ DW_AT_type
	.byte	19                              @ DW_FORM_ref4
	.byte	3                               @ DW_AT_name
	.byte	14                              @ DW_FORM_strp
	.byte	58                              @ DW_AT_decl_file
	.byte	11                              @ DW_FORM_data1
	.byte	59                              @ DW_AT_decl_line
	.byte	5                               @ DW_FORM_data2
	.byte	0                               @ EOM(1)
	.byte	0                               @ EOM(2)
	.byte	4                               @ Abbreviation Code
	.byte	19                              @ DW_TAG_structure_type
	.byte	1                               @ DW_CHILDREN_yes
	.byte	11                              @ DW_AT_byte_size
	.byte	11                              @ DW_FORM_data1
	.byte	58                              @ DW_AT_decl_file
	.byte	11                              @ DW_FORM_data1
	.byte	59                              @ DW_AT_decl_line
	.byte	11                              @ DW_FORM_data1
	.byte	0                               @ EOM(1)
	.byte	0                               @ EOM(2)
	.byte	5                               @ Abbreviation Code
	.byte	13                              @ DW_TAG_member
	.byte	0                               @ DW_CHILDREN_no
	.byte	3                               @ DW_AT_name
	.byte	14                              @ DW_FORM_strp
	.byte	73                              @ DW_AT_type
	.byte	19                              @ DW_FORM_ref4
	.byte	58                              @ DW_AT_decl_file
	.byte	11                              @ DW_FORM_data1
	.byte	59                              @ DW_AT_decl_line
	.byte	5                               @ DW_FORM_data2
	.byte	56                              @ DW_AT_data_member_location
	.byte	11                              @ DW_FORM_data1
	.byte	0                               @ EOM(1)
	.byte	0                               @ EOM(2)
	.byte	6                               @ Abbreviation Code
	.byte	53                              @ DW_TAG_volatile_type
	.byte	0                               @ DW_CHILDREN_no
	.byte	73                              @ DW_AT_type
	.byte	19                              @ DW_FORM_ref4
	.byte	0                               @ EOM(1)
	.byte	0                               @ EOM(2)
	.byte	7                               @ Abbreviation Code
	.byte	22                              @ DW_TAG_typedef
	.byte	0                               @ DW_CHILDREN_no
	.byte	73                              @ DW_AT_type
	.byte	19                              @ DW_FORM_ref4
	.byte	3                               @ DW_AT_name
	.byte	14                              @ DW_FORM_strp
	.byte	58                              @ DW_AT_decl_file
	.byte	11                              @ DW_FORM_data1
	.byte	59                              @ DW_AT_decl_line
	.byte	11                              @ DW_FORM_data1
	.byte	0                               @ EOM(1)
	.byte	0                               @ EOM(2)
	.byte	8                               @ Abbreviation Code
	.byte	36                              @ DW_TAG_base_type
	.byte	0                               @ DW_CHILDREN_no
	.byte	3                               @ DW_AT_name
	.byte	14                              @ DW_FORM_strp
	.byte	62                              @ DW_AT_encoding
	.byte	11                              @ DW_FORM_data1
	.byte	11                              @ DW_AT_byte_size
	.byte	11                              @ DW_FORM_data1
	.byte	0                               @ EOM(1)
	.byte	0                               @ EOM(2)
	.byte	9                               @ Abbreviation Code
	.byte	38                              @ DW_TAG_const_type
	.byte	0                               @ DW_CHILDREN_no
	.byte	73                              @ DW_AT_type
	.byte	19                              @ DW_FORM_ref4
	.byte	0                               @ EOM(1)
	.byte	0                               @ EOM(2)
	.byte	10                              @ Abbreviation Code
	.byte	1                               @ DW_TAG_array_type
	.byte	1                               @ DW_CHILDREN_yes
	.byte	73                              @ DW_AT_type
	.byte	19                              @ DW_FORM_ref4
	.byte	0                               @ EOM(1)
	.byte	0                               @ EOM(2)
	.byte	11                              @ Abbreviation Code
	.byte	33                              @ DW_TAG_subrange_type
	.byte	0                               @ DW_CHILDREN_no
	.byte	73                              @ DW_AT_type
	.byte	19                              @ DW_FORM_ref4
	.byte	55                              @ DW_AT_count
	.byte	11                              @ DW_FORM_data1
	.byte	0                               @ EOM(1)
	.byte	0                               @ EOM(2)
	.byte	12                              @ Abbreviation Code
	.byte	36                              @ DW_TAG_base_type
	.byte	0                               @ DW_CHILDREN_no
	.byte	3                               @ DW_AT_name
	.byte	14                              @ DW_FORM_strp
	.byte	11                              @ DW_AT_byte_size
	.byte	11                              @ DW_FORM_data1
	.byte	62                              @ DW_AT_encoding
	.byte	11                              @ DW_FORM_data1
	.byte	0                               @ EOM(1)
	.byte	0                               @ EOM(2)
	.byte	13                              @ Abbreviation Code
	.byte	46                              @ DW_TAG_subprogram
	.byte	1                               @ DW_CHILDREN_yes
	.byte	17                              @ DW_AT_low_pc
	.byte	1                               @ DW_FORM_addr
	.byte	18                              @ DW_AT_high_pc
	.byte	6                               @ DW_FORM_data4
	.byte	64                              @ DW_AT_frame_base
	.byte	24                              @ DW_FORM_exprloc
	.byte	3                               @ DW_AT_name
	.byte	14                              @ DW_FORM_strp
	.byte	58                              @ DW_AT_decl_file
	.byte	11                              @ DW_FORM_data1
	.byte	59                              @ DW_AT_decl_line
	.byte	11                              @ DW_FORM_data1
	.byte	39                              @ DW_AT_prototyped
	.byte	25                              @ DW_FORM_flag_present
	.byte	73                              @ DW_AT_type
	.byte	19                              @ DW_FORM_ref4
	.byte	63                              @ DW_AT_external
	.byte	25                              @ DW_FORM_flag_present
	.byte	0                               @ EOM(1)
	.byte	0                               @ EOM(2)
	.byte	14                              @ Abbreviation Code
	.byte	5                               @ DW_TAG_formal_parameter
	.byte	0                               @ DW_CHILDREN_no
	.byte	2                               @ DW_AT_location
	.byte	24                              @ DW_FORM_exprloc
	.byte	3                               @ DW_AT_name
	.byte	14                              @ DW_FORM_strp
	.byte	58                              @ DW_AT_decl_file
	.byte	11                              @ DW_FORM_data1
	.byte	59                              @ DW_AT_decl_line
	.byte	11                              @ DW_FORM_data1
	.byte	73                              @ DW_AT_type
	.byte	19                              @ DW_FORM_ref4
	.byte	0                               @ EOM(1)
	.byte	0                               @ EOM(2)
	.byte	15                              @ Abbreviation Code
	.byte	52                              @ DW_TAG_variable
	.byte	0                               @ DW_CHILDREN_no
	.byte	2                               @ DW_AT_location
	.byte	24                              @ DW_FORM_exprloc
	.byte	3                               @ DW_AT_name
	.byte	14                              @ DW_FORM_strp
	.byte	58                              @ DW_AT_decl_file
	.byte	11                              @ DW_FORM_data1
	.byte	59                              @ DW_AT_decl_line
	.byte	11                              @ DW_FORM_data1
	.byte	73                              @ DW_AT_type
	.byte	19                              @ DW_FORM_ref4
	.byte	0                               @ EOM(1)
	.byte	0                               @ EOM(2)
	.byte	16                              @ Abbreviation Code
	.byte	46                              @ DW_TAG_subprogram
	.byte	1                               @ DW_CHILDREN_yes
	.byte	17                              @ DW_AT_low_pc
	.byte	1                               @ DW_FORM_addr
	.byte	18                              @ DW_AT_high_pc
	.byte	6                               @ DW_FORM_data4
	.byte	64                              @ DW_AT_frame_base
	.byte	24                              @ DW_FORM_exprloc
	.byte	3                               @ DW_AT_name
	.byte	14                              @ DW_FORM_strp
	.byte	58                              @ DW_AT_decl_file
	.byte	11                              @ DW_FORM_data1
	.byte	59                              @ DW_AT_decl_line
	.byte	5                               @ DW_FORM_data2
	.byte	39                              @ DW_AT_prototyped
	.byte	25                              @ DW_FORM_flag_present
	.byte	73                              @ DW_AT_type
	.byte	19                              @ DW_FORM_ref4
	.byte	63                              @ DW_AT_external
	.byte	25                              @ DW_FORM_flag_present
	.byte	0                               @ EOM(1)
	.byte	0                               @ EOM(2)
	.byte	17                              @ Abbreviation Code
	.byte	5                               @ DW_TAG_formal_parameter
	.byte	0                               @ DW_CHILDREN_no
	.byte	2                               @ DW_AT_location
	.byte	24                              @ DW_FORM_exprloc
	.byte	3                               @ DW_AT_name
	.byte	14                              @ DW_FORM_strp
	.byte	58                              @ DW_AT_decl_file
	.byte	11                              @ DW_FORM_data1
	.byte	59                              @ DW_AT_decl_line
	.byte	5                               @ DW_FORM_data2
	.byte	73                              @ DW_AT_type
	.byte	19                              @ DW_FORM_ref4
	.byte	0                               @ EOM(1)
	.byte	0                               @ EOM(2)
	.byte	18                              @ Abbreviation Code
	.byte	52                              @ DW_TAG_variable
	.byte	0                               @ DW_CHILDREN_no
	.byte	2                               @ DW_AT_location
	.byte	24                              @ DW_FORM_exprloc
	.byte	3                               @ DW_AT_name
	.byte	14                              @ DW_FORM_strp
	.byte	58                              @ DW_AT_decl_file
	.byte	11                              @ DW_FORM_data1
	.byte	59                              @ DW_AT_decl_line
	.byte	5                               @ DW_FORM_data2
	.byte	73                              @ DW_AT_type
	.byte	19                              @ DW_FORM_ref4
	.byte	0                               @ EOM(1)
	.byte	0                               @ EOM(2)
	.byte	19                              @ Abbreviation Code
	.byte	46                              @ DW_TAG_subprogram
	.byte	1                               @ DW_CHILDREN_yes
	.byte	17                              @ DW_AT_low_pc
	.byte	1                               @ DW_FORM_addr
	.byte	18                              @ DW_AT_high_pc
	.byte	6                               @ DW_FORM_data4
	.byte	64                              @ DW_AT_frame_base
	.byte	24                              @ DW_FORM_exprloc
	.byte	3                               @ DW_AT_name
	.byte	14                              @ DW_FORM_strp
	.byte	58                              @ DW_AT_decl_file
	.byte	11                              @ DW_FORM_data1
	.byte	59                              @ DW_AT_decl_line
	.byte	11                              @ DW_FORM_data1
	.byte	39                              @ DW_AT_prototyped
	.byte	25                              @ DW_FORM_flag_present
	.byte	63                              @ DW_AT_external
	.byte	25                              @ DW_FORM_flag_present
	.byte	0                               @ EOM(1)
	.byte	0                               @ EOM(2)
	.byte	20                              @ Abbreviation Code
	.byte	46                              @ DW_TAG_subprogram
	.byte	1                               @ DW_CHILDREN_yes
	.byte	17                              @ DW_AT_low_pc
	.byte	1                               @ DW_FORM_addr
	.byte	18                              @ DW_AT_high_pc
	.byte	6                               @ DW_FORM_data4
	.byte	64                              @ DW_AT_frame_base
	.byte	24                              @ DW_FORM_exprloc
	.byte	3                               @ DW_AT_name
	.byte	14                              @ DW_FORM_strp
	.byte	58                              @ DW_AT_decl_file
	.byte	11                              @ DW_FORM_data1
	.byte	59                              @ DW_AT_decl_line
	.byte	5                               @ DW_FORM_data2
	.byte	39                              @ DW_AT_prototyped
	.byte	25                              @ DW_FORM_flag_present
	.byte	63                              @ DW_AT_external
	.byte	25                              @ DW_FORM_flag_present
	.byte	0                               @ EOM(1)
	.byte	0                               @ EOM(2)
	.byte	0                               @ EOM(3)
	.section	.debug_info,"",%progbits
.Lcu_begin0:
	.long	.Ldebug_info_end0-.Ldebug_info_start0 @ Length of Unit
.Ldebug_info_start0:
	.short	4                               @ DWARF version number
	.long	.debug_abbrev                   @ Offset Into Abbrev. Section
	.byte	4                               @ Address Size (in bytes)
	.byte	1                               @ Abbrev [1] 0xb:0x58a DW_TAG_compile_unit
	.long	.Linfo_string0                  @ DW_AT_producer
	.short	29                              @ DW_AT_language
	.long	.Linfo_string1                  @ DW_AT_name
	.long	.Lline_table_start0             @ DW_AT_stmt_list
	.long	.Linfo_string2                  @ DW_AT_comp_dir
	.long	0                               @ DW_AT_low_pc
	.long	.Ldebug_ranges0                 @ DW_AT_ranges
	.byte	2                               @ Abbrev [2] 0x26:0x5 DW_TAG_pointer_type
	.long	43                              @ DW_AT_type
	.byte	3                               @ Abbrev [3] 0x2b:0xc DW_TAG_typedef
	.long	55                              @ DW_AT_type
	.long	.Linfo_string42                 @ DW_AT_name
	.byte	2                               @ DW_AT_decl_file
	.short	811                             @ DW_AT_decl_line
	.byte	4                               @ Abbrev [4] 0x37:0x1d9 DW_TAG_structure_type
	.byte	168                             @ DW_AT_byte_size
	.byte	2                               @ DW_AT_decl_file
	.byte	25                              @ DW_AT_decl_line
	.byte	5                               @ Abbrev [5] 0x3b:0xd DW_TAG_member
	.long	.Linfo_string3                  @ DW_AT_name
	.long	528                             @ DW_AT_type
	.byte	2                               @ DW_AT_decl_file
	.short	774                             @ DW_AT_decl_line
	.byte	0                               @ DW_AT_data_member_location
	.byte	5                               @ Abbrev [5] 0x48:0xd DW_TAG_member
	.long	.Linfo_string6                  @ DW_AT_name
	.long	528                             @ DW_AT_type
	.byte	2                               @ DW_AT_decl_file
	.short	775                             @ DW_AT_decl_line
	.byte	4                               @ DW_AT_data_member_location
	.byte	5                               @ Abbrev [5] 0x55:0xd DW_TAG_member
	.long	.Linfo_string7                  @ DW_AT_name
	.long	528                             @ DW_AT_type
	.byte	2                               @ DW_AT_decl_file
	.short	776                             @ DW_AT_decl_line
	.byte	8                               @ DW_AT_data_member_location
	.byte	5                               @ Abbrev [5] 0x62:0xd DW_TAG_member
	.long	.Linfo_string8                  @ DW_AT_name
	.long	528                             @ DW_AT_type
	.byte	2                               @ DW_AT_decl_file
	.short	777                             @ DW_AT_decl_line
	.byte	12                              @ DW_AT_data_member_location
	.byte	5                               @ Abbrev [5] 0x6f:0xd DW_TAG_member
	.long	.Linfo_string9                  @ DW_AT_name
	.long	551                             @ DW_AT_type
	.byte	2                               @ DW_AT_decl_file
	.short	778                             @ DW_AT_decl_line
	.byte	16                              @ DW_AT_data_member_location
	.byte	5                               @ Abbrev [5] 0x7c:0xd DW_TAG_member
	.long	.Linfo_string10                 @ DW_AT_name
	.long	528                             @ DW_AT_type
	.byte	2                               @ DW_AT_decl_file
	.short	779                             @ DW_AT_decl_line
	.byte	20                              @ DW_AT_data_member_location
	.byte	5                               @ Abbrev [5] 0x89:0xd DW_TAG_member
	.long	.Linfo_string11                 @ DW_AT_name
	.long	528                             @ DW_AT_type
	.byte	2                               @ DW_AT_decl_file
	.short	780                             @ DW_AT_decl_line
	.byte	24                              @ DW_AT_data_member_location
	.byte	5                               @ Abbrev [5] 0x96:0xd DW_TAG_member
	.long	.Linfo_string12                 @ DW_AT_name
	.long	528                             @ DW_AT_type
	.byte	2                               @ DW_AT_decl_file
	.short	781                             @ DW_AT_decl_line
	.byte	28                              @ DW_AT_data_member_location
	.byte	5                               @ Abbrev [5] 0xa3:0xd DW_TAG_member
	.long	.Linfo_string13                 @ DW_AT_name
	.long	528                             @ DW_AT_type
	.byte	2                               @ DW_AT_decl_file
	.short	782                             @ DW_AT_decl_line
	.byte	32                              @ DW_AT_data_member_location
	.byte	5                               @ Abbrev [5] 0xb0:0xd DW_TAG_member
	.long	.Linfo_string14                 @ DW_AT_name
	.long	556                             @ DW_AT_type
	.byte	2                               @ DW_AT_decl_file
	.short	783                             @ DW_AT_decl_line
	.byte	36                              @ DW_AT_data_member_location
	.byte	5                               @ Abbrev [5] 0xbd:0xd DW_TAG_member
	.long	.Linfo_string16                 @ DW_AT_name
	.long	528                             @ DW_AT_type
	.byte	2                               @ DW_AT_decl_file
	.short	784                             @ DW_AT_decl_line
	.byte	64                              @ DW_AT_data_member_location
	.byte	5                               @ Abbrev [5] 0xca:0xd DW_TAG_member
	.long	.Linfo_string17                 @ DW_AT_name
	.long	528                             @ DW_AT_type
	.byte	2                               @ DW_AT_decl_file
	.short	785                             @ DW_AT_decl_line
	.byte	68                              @ DW_AT_data_member_location
	.byte	5                               @ Abbrev [5] 0xd7:0xd DW_TAG_member
	.long	.Linfo_string18                 @ DW_AT_name
	.long	528                             @ DW_AT_type
	.byte	2                               @ DW_AT_decl_file
	.short	786                             @ DW_AT_decl_line
	.byte	72                              @ DW_AT_data_member_location
	.byte	5                               @ Abbrev [5] 0xe4:0xd DW_TAG_member
	.long	.Linfo_string19                 @ DW_AT_name
	.long	528                             @ DW_AT_type
	.byte	2                               @ DW_AT_decl_file
	.short	787                             @ DW_AT_decl_line
	.byte	76                              @ DW_AT_data_member_location
	.byte	5                               @ Abbrev [5] 0xf1:0xd DW_TAG_member
	.long	.Linfo_string20                 @ DW_AT_name
	.long	528                             @ DW_AT_type
	.byte	2                               @ DW_AT_decl_file
	.short	788                             @ DW_AT_decl_line
	.byte	80                              @ DW_AT_data_member_location
	.byte	5                               @ Abbrev [5] 0xfe:0xd DW_TAG_member
	.long	.Linfo_string21                 @ DW_AT_name
	.long	528                             @ DW_AT_type
	.byte	2                               @ DW_AT_decl_file
	.short	789                             @ DW_AT_decl_line
	.byte	84                              @ DW_AT_data_member_location
	.byte	5                               @ Abbrev [5] 0x10b:0xd DW_TAG_member
	.long	.Linfo_string22                 @ DW_AT_name
	.long	528                             @ DW_AT_type
	.byte	2                               @ DW_AT_decl_file
	.short	790                             @ DW_AT_decl_line
	.byte	88                              @ DW_AT_data_member_location
	.byte	5                               @ Abbrev [5] 0x118:0xd DW_TAG_member
	.long	.Linfo_string23                 @ DW_AT_name
	.long	551                             @ DW_AT_type
	.byte	2                               @ DW_AT_decl_file
	.short	791                             @ DW_AT_decl_line
	.byte	92                              @ DW_AT_data_member_location
	.byte	5                               @ Abbrev [5] 0x125:0xd DW_TAG_member
	.long	.Linfo_string24                 @ DW_AT_name
	.long	528                             @ DW_AT_type
	.byte	2                               @ DW_AT_decl_file
	.short	792                             @ DW_AT_decl_line
	.byte	96                              @ DW_AT_data_member_location
	.byte	5                               @ Abbrev [5] 0x132:0xd DW_TAG_member
	.long	.Linfo_string25                 @ DW_AT_name
	.long	528                             @ DW_AT_type
	.byte	2                               @ DW_AT_decl_file
	.short	793                             @ DW_AT_decl_line
	.byte	100                             @ DW_AT_data_member_location
	.byte	5                               @ Abbrev [5] 0x13f:0xd DW_TAG_member
	.long	.Linfo_string26                 @ DW_AT_name
	.long	528                             @ DW_AT_type
	.byte	2                               @ DW_AT_decl_file
	.short	794                             @ DW_AT_decl_line
	.byte	104                             @ DW_AT_data_member_location
	.byte	5                               @ Abbrev [5] 0x14c:0xd DW_TAG_member
	.long	.Linfo_string27                 @ DW_AT_name
	.long	528                             @ DW_AT_type
	.byte	2                               @ DW_AT_decl_file
	.short	795                             @ DW_AT_decl_line
	.byte	108                             @ DW_AT_data_member_location
	.byte	5                               @ Abbrev [5] 0x159:0xd DW_TAG_member
	.long	.Linfo_string28                 @ DW_AT_name
	.long	528                             @ DW_AT_type
	.byte	2                               @ DW_AT_decl_file
	.short	796                             @ DW_AT_decl_line
	.byte	112                             @ DW_AT_data_member_location
	.byte	5                               @ Abbrev [5] 0x166:0xd DW_TAG_member
	.long	.Linfo_string29                 @ DW_AT_name
	.long	528                             @ DW_AT_type
	.byte	2                               @ DW_AT_decl_file
	.short	797                             @ DW_AT_decl_line
	.byte	116                             @ DW_AT_data_member_location
	.byte	5                               @ Abbrev [5] 0x173:0xd DW_TAG_member
	.long	.Linfo_string30                 @ DW_AT_name
	.long	528                             @ DW_AT_type
	.byte	2                               @ DW_AT_decl_file
	.short	798                             @ DW_AT_decl_line
	.byte	120                             @ DW_AT_data_member_location
	.byte	5                               @ Abbrev [5] 0x180:0xd DW_TAG_member
	.long	.Linfo_string31                 @ DW_AT_name
	.long	528                             @ DW_AT_type
	.byte	2                               @ DW_AT_decl_file
	.short	799                             @ DW_AT_decl_line
	.byte	124                             @ DW_AT_data_member_location
	.byte	5                               @ Abbrev [5] 0x18d:0xd DW_TAG_member
	.long	.Linfo_string32                 @ DW_AT_name
	.long	528                             @ DW_AT_type
	.byte	2                               @ DW_AT_decl_file
	.short	800                             @ DW_AT_decl_line
	.byte	128                             @ DW_AT_data_member_location
	.byte	5                               @ Abbrev [5] 0x19a:0xd DW_TAG_member
	.long	.Linfo_string33                 @ DW_AT_name
	.long	528                             @ DW_AT_type
	.byte	2                               @ DW_AT_decl_file
	.short	801                             @ DW_AT_decl_line
	.byte	132                             @ DW_AT_data_member_location
	.byte	5                               @ Abbrev [5] 0x1a7:0xd DW_TAG_member
	.long	.Linfo_string34                 @ DW_AT_name
	.long	528                             @ DW_AT_type
	.byte	2                               @ DW_AT_decl_file
	.short	802                             @ DW_AT_decl_line
	.byte	136                             @ DW_AT_data_member_location
	.byte	5                               @ Abbrev [5] 0x1b4:0xd DW_TAG_member
	.long	.Linfo_string35                 @ DW_AT_name
	.long	528                             @ DW_AT_type
	.byte	2                               @ DW_AT_decl_file
	.short	803                             @ DW_AT_decl_line
	.byte	140                             @ DW_AT_data_member_location
	.byte	5                               @ Abbrev [5] 0x1c1:0xd DW_TAG_member
	.long	.Linfo_string36                 @ DW_AT_name
	.long	528                             @ DW_AT_type
	.byte	2                               @ DW_AT_decl_file
	.short	804                             @ DW_AT_decl_line
	.byte	144                             @ DW_AT_data_member_location
	.byte	5                               @ Abbrev [5] 0x1ce:0xd DW_TAG_member
	.long	.Linfo_string37                 @ DW_AT_name
	.long	528                             @ DW_AT_type
	.byte	2                               @ DW_AT_decl_file
	.short	805                             @ DW_AT_decl_line
	.byte	148                             @ DW_AT_data_member_location
	.byte	5                               @ Abbrev [5] 0x1db:0xd DW_TAG_member
	.long	.Linfo_string38                 @ DW_AT_name
	.long	528                             @ DW_AT_type
	.byte	2                               @ DW_AT_decl_file
	.short	806                             @ DW_AT_decl_line
	.byte	152                             @ DW_AT_data_member_location
	.byte	5                               @ Abbrev [5] 0x1e8:0xd DW_TAG_member
	.long	.Linfo_string39                 @ DW_AT_name
	.long	528                             @ DW_AT_type
	.byte	2                               @ DW_AT_decl_file
	.short	807                             @ DW_AT_decl_line
	.byte	156                             @ DW_AT_data_member_location
	.byte	5                               @ Abbrev [5] 0x1f5:0xd DW_TAG_member
	.long	.Linfo_string40                 @ DW_AT_name
	.long	551                             @ DW_AT_type
	.byte	2                               @ DW_AT_decl_file
	.short	808                             @ DW_AT_decl_line
	.byte	160                             @ DW_AT_data_member_location
	.byte	5                               @ Abbrev [5] 0x202:0xd DW_TAG_member
	.long	.Linfo_string41                 @ DW_AT_name
	.long	551                             @ DW_AT_type
	.byte	2                               @ DW_AT_decl_file
	.short	809                             @ DW_AT_decl_line
	.byte	164                             @ DW_AT_data_member_location
	.byte	0                               @ End Of Children Mark
	.byte	6                               @ Abbrev [6] 0x210:0x5 DW_TAG_volatile_type
	.long	533                             @ DW_AT_type
	.byte	7                               @ Abbrev [7] 0x215:0xb DW_TAG_typedef
	.long	544                             @ DW_AT_type
	.long	.Linfo_string5                  @ DW_AT_name
	.byte	1                               @ DW_AT_decl_file
	.byte	64                              @ DW_AT_decl_line
	.byte	8                               @ Abbrev [8] 0x220:0x7 DW_TAG_base_type
	.long	.Linfo_string4                  @ DW_AT_name
	.byte	7                               @ DW_AT_encoding
	.byte	4                               @ DW_AT_byte_size
	.byte	9                               @ Abbrev [9] 0x227:0x5 DW_TAG_const_type
	.long	528                             @ DW_AT_type
	.byte	10                              @ Abbrev [10] 0x22c:0xc DW_TAG_array_type
	.long	551                             @ DW_AT_type
	.byte	11                              @ Abbrev [11] 0x231:0x6 DW_TAG_subrange_type
	.long	568                             @ DW_AT_type
	.byte	7                               @ DW_AT_count
	.byte	0                               @ End Of Children Mark
	.byte	12                              @ Abbrev [12] 0x238:0x7 DW_TAG_base_type
	.long	.Linfo_string15                 @ DW_AT_name
	.byte	8                               @ DW_AT_byte_size
	.byte	7                               @ DW_AT_encoding
	.byte	13                              @ Abbrev [13] 0x23f:0x6a DW_TAG_subprogram
	.long	.Lfunc_begin0                   @ DW_AT_low_pc
	.long	.Lfunc_end0-.Lfunc_begin0       @ DW_AT_high_pc
	.byte	1                               @ DW_AT_frame_base
	.byte	93
	.long	.Linfo_string43                 @ DW_AT_name
	.byte	3                               @ DW_AT_decl_file
	.byte	42                              @ DW_AT_decl_line
                                        @ DW_AT_prototyped
	.long	533                             @ DW_AT_type
                                        @ DW_AT_external
	.byte	14                              @ Abbrev [14] 0x254:0xe DW_TAG_formal_parameter
	.byte	2                               @ DW_AT_location
	.byte	145
	.byte	20
	.long	.Linfo_string58                 @ DW_AT_name
	.byte	3                               @ DW_AT_decl_file
	.byte	42                              @ DW_AT_decl_line
	.long	38                              @ DW_AT_type
	.byte	14                              @ Abbrev [14] 0x262:0xe DW_TAG_formal_parameter
	.byte	2                               @ DW_AT_location
	.byte	145
	.byte	16
	.long	.Linfo_string59                 @ DW_AT_name
	.byte	3                               @ DW_AT_decl_file
	.byte	42                              @ DW_AT_decl_line
	.long	533                             @ DW_AT_type
	.byte	14                              @ Abbrev [14] 0x270:0xe DW_TAG_formal_parameter
	.byte	2                               @ DW_AT_location
	.byte	145
	.byte	12
	.long	.Linfo_string60                 @ DW_AT_name
	.byte	3                               @ DW_AT_decl_file
	.byte	42                              @ DW_AT_decl_line
	.long	533                             @ DW_AT_type
	.byte	15                              @ Abbrev [15] 0x27e:0xe DW_TAG_variable
	.byte	2                               @ DW_AT_location
	.byte	145
	.byte	8
	.long	.Linfo_string61                 @ DW_AT_name
	.byte	3                               @ DW_AT_decl_file
	.byte	44                              @ DW_AT_decl_line
	.long	533                             @ DW_AT_type
	.byte	15                              @ Abbrev [15] 0x28c:0xe DW_TAG_variable
	.byte	2                               @ DW_AT_location
	.byte	145
	.byte	4
	.long	.Linfo_string62                 @ DW_AT_name
	.byte	3                               @ DW_AT_decl_file
	.byte	45                              @ DW_AT_decl_line
	.long	533                             @ DW_AT_type
	.byte	15                              @ Abbrev [15] 0x29a:0xe DW_TAG_variable
	.byte	2                               @ DW_AT_location
	.byte	145
	.byte	0
	.long	.Linfo_string63                 @ DW_AT_name
	.byte	3                               @ DW_AT_decl_file
	.byte	45                              @ DW_AT_decl_line
	.long	533                             @ DW_AT_type
	.byte	0                               @ End Of Children Mark
	.byte	16                              @ Abbrev [16] 0x2a9:0x53 DW_TAG_subprogram
	.long	.Lfunc_begin1                   @ DW_AT_low_pc
	.long	.Lfunc_end1-.Lfunc_begin1       @ DW_AT_high_pc
	.byte	1                               @ DW_AT_frame_base
	.byte	93
	.long	.Linfo_string44                 @ DW_AT_name
	.byte	3                               @ DW_AT_decl_file
	.short	262                             @ DW_AT_decl_line
                                        @ DW_AT_prototyped
	.long	533                             @ DW_AT_type
                                        @ DW_AT_external
	.byte	17                              @ Abbrev [17] 0x2bf:0xf DW_TAG_formal_parameter
	.byte	2                               @ DW_AT_location
	.byte	145
	.byte	40
	.long	.Linfo_string58                 @ DW_AT_name
	.byte	3                               @ DW_AT_decl_file
	.short	262                             @ DW_AT_decl_line
	.long	38                              @ DW_AT_type
	.byte	18                              @ Abbrev [18] 0x2ce:0xf DW_TAG_variable
	.byte	2                               @ DW_AT_location
	.byte	145
	.byte	36
	.long	.Linfo_string64                 @ DW_AT_name
	.byte	3                               @ DW_AT_decl_file
	.short	264                             @ DW_AT_decl_line
	.long	533                             @ DW_AT_type
	.byte	18                              @ Abbrev [18] 0x2dd:0xf DW_TAG_variable
	.byte	2                               @ DW_AT_location
	.byte	145
	.byte	32
	.long	.Linfo_string61                 @ DW_AT_name
	.byte	3                               @ DW_AT_decl_file
	.short	264                             @ DW_AT_decl_line
	.long	533                             @ DW_AT_type
	.byte	18                              @ Abbrev [18] 0x2ec:0xf DW_TAG_variable
	.byte	2                               @ DW_AT_location
	.byte	145
	.byte	0
	.long	.Linfo_string65                 @ DW_AT_name
	.byte	3                               @ DW_AT_decl_file
	.short	265                             @ DW_AT_decl_line
	.long	1411                            @ DW_AT_type
	.byte	0                               @ End Of Children Mark
	.byte	19                              @ Abbrev [19] 0x2fc:0x20 DW_TAG_subprogram
	.long	.Lfunc_begin2                   @ DW_AT_low_pc
	.long	.Lfunc_end2-.Lfunc_begin2       @ DW_AT_high_pc
	.byte	1                               @ DW_AT_frame_base
	.byte	93
	.long	.Linfo_string45                 @ DW_AT_name
	.byte	3                               @ DW_AT_decl_file
	.byte	75                              @ DW_AT_decl_line
                                        @ DW_AT_prototyped
                                        @ DW_AT_external
	.byte	14                              @ Abbrev [14] 0x30d:0xe DW_TAG_formal_parameter
	.byte	2                               @ DW_AT_location
	.byte	145
	.byte	0
	.long	.Linfo_string58                 @ DW_AT_name
	.byte	3                               @ DW_AT_decl_file
	.byte	75                              @ DW_AT_decl_line
	.long	38                              @ DW_AT_type
	.byte	0                               @ End Of Children Mark
	.byte	13                              @ Abbrev [13] 0x31c:0x94 DW_TAG_subprogram
	.long	.Lfunc_begin3                   @ DW_AT_low_pc
	.long	.Lfunc_end3-.Lfunc_begin3       @ DW_AT_high_pc
	.byte	1                               @ DW_AT_frame_base
	.byte	93
	.long	.Linfo_string46                 @ DW_AT_name
	.byte	3                               @ DW_AT_decl_file
	.byte	94                              @ DW_AT_decl_line
                                        @ DW_AT_prototyped
	.long	1393                            @ DW_AT_type
                                        @ DW_AT_external
	.byte	14                              @ Abbrev [14] 0x331:0xe DW_TAG_formal_parameter
	.byte	2                               @ DW_AT_location
	.byte	145
	.byte	40
	.long	.Linfo_string58                 @ DW_AT_name
	.byte	3                               @ DW_AT_decl_file
	.byte	94                              @ DW_AT_decl_line
	.long	38                              @ DW_AT_type
	.byte	14                              @ Abbrev [14] 0x33f:0xe DW_TAG_formal_parameter
	.byte	2                               @ DW_AT_location
	.byte	145
	.byte	36
	.long	.Linfo_string66                 @ DW_AT_name
	.byte	3                               @ DW_AT_decl_file
	.byte	94                              @ DW_AT_decl_line
	.long	533                             @ DW_AT_type
	.byte	15                              @ Abbrev [15] 0x34d:0xe DW_TAG_variable
	.byte	2                               @ DW_AT_location
	.byte	145
	.byte	32
	.long	.Linfo_string61                 @ DW_AT_name
	.byte	3                               @ DW_AT_decl_file
	.byte	96                              @ DW_AT_decl_line
	.long	533                             @ DW_AT_type
	.byte	15                              @ Abbrev [15] 0x35b:0xe DW_TAG_variable
	.byte	2                               @ DW_AT_location
	.byte	145
	.byte	28
	.long	.Linfo_string63                 @ DW_AT_name
	.byte	3                               @ DW_AT_decl_file
	.byte	97                              @ DW_AT_decl_line
	.long	533                             @ DW_AT_type
	.byte	15                              @ Abbrev [15] 0x369:0xe DW_TAG_variable
	.byte	2                               @ DW_AT_location
	.byte	145
	.byte	24
	.long	.Linfo_string67                 @ DW_AT_name
	.byte	3                               @ DW_AT_decl_file
	.byte	97                              @ DW_AT_decl_line
	.long	533                             @ DW_AT_type
	.byte	15                              @ Abbrev [15] 0x377:0xe DW_TAG_variable
	.byte	2                               @ DW_AT_location
	.byte	145
	.byte	20
	.long	.Linfo_string62                 @ DW_AT_name
	.byte	3                               @ DW_AT_decl_file
	.byte	98                              @ DW_AT_decl_line
	.long	533                             @ DW_AT_type
	.byte	15                              @ Abbrev [15] 0x385:0xe DW_TAG_variable
	.byte	2                               @ DW_AT_location
	.byte	145
	.byte	16
	.long	.Linfo_string68                 @ DW_AT_name
	.byte	3                               @ DW_AT_decl_file
	.byte	98                              @ DW_AT_decl_line
	.long	533                             @ DW_AT_type
	.byte	15                              @ Abbrev [15] 0x393:0xe DW_TAG_variable
	.byte	2                               @ DW_AT_location
	.byte	145
	.byte	12
	.long	.Linfo_string69                 @ DW_AT_name
	.byte	3                               @ DW_AT_decl_file
	.byte	98                              @ DW_AT_decl_line
	.long	533                             @ DW_AT_type
	.byte	15                              @ Abbrev [15] 0x3a1:0xe DW_TAG_variable
	.byte	2                               @ DW_AT_location
	.byte	145
	.byte	8
	.long	.Linfo_string70                 @ DW_AT_name
	.byte	3                               @ DW_AT_decl_file
	.byte	98                              @ DW_AT_decl_line
	.long	533                             @ DW_AT_type
	.byte	0                               @ End Of Children Mark
	.byte	19                              @ Abbrev [19] 0x3b0:0x3c DW_TAG_subprogram
	.long	.Lfunc_begin4                   @ DW_AT_low_pc
	.long	.Lfunc_end4-.Lfunc_begin4       @ DW_AT_high_pc
	.byte	1                               @ DW_AT_frame_base
	.byte	93
	.long	.Linfo_string49                 @ DW_AT_name
	.byte	3                               @ DW_AT_decl_file
	.byte	198                             @ DW_AT_decl_line
                                        @ DW_AT_prototyped
                                        @ DW_AT_external
	.byte	14                              @ Abbrev [14] 0x3c1:0xe DW_TAG_formal_parameter
	.byte	2                               @ DW_AT_location
	.byte	145
	.byte	8
	.long	.Linfo_string58                 @ DW_AT_name
	.byte	3                               @ DW_AT_decl_file
	.byte	198                             @ DW_AT_decl_line
	.long	38                              @ DW_AT_type
	.byte	14                              @ Abbrev [14] 0x3cf:0xe DW_TAG_formal_parameter
	.byte	2                               @ DW_AT_location
	.byte	145
	.byte	4
	.long	.Linfo_string71                 @ DW_AT_name
	.byte	3                               @ DW_AT_decl_file
	.byte	198                             @ DW_AT_decl_line
	.long	533                             @ DW_AT_type
	.byte	14                              @ Abbrev [14] 0x3dd:0xe DW_TAG_formal_parameter
	.byte	2                               @ DW_AT_location
	.byte	145
	.byte	0
	.long	.Linfo_string72                 @ DW_AT_name
	.byte	3                               @ DW_AT_decl_file
	.byte	198                             @ DW_AT_decl_line
	.long	533                             @ DW_AT_type
	.byte	0                               @ End Of Children Mark
	.byte	19                              @ Abbrev [19] 0x3ec:0x20 DW_TAG_subprogram
	.long	.Lfunc_begin5                   @ DW_AT_low_pc
	.long	.Lfunc_end5-.Lfunc_begin5       @ DW_AT_high_pc
	.byte	1                               @ DW_AT_frame_base
	.byte	93
	.long	.Linfo_string50                 @ DW_AT_name
	.byte	3                               @ DW_AT_decl_file
	.byte	213                             @ DW_AT_decl_line
                                        @ DW_AT_prototyped
                                        @ DW_AT_external
	.byte	14                              @ Abbrev [14] 0x3fd:0xe DW_TAG_formal_parameter
	.byte	2                               @ DW_AT_location
	.byte	145
	.byte	0
	.long	.Linfo_string58                 @ DW_AT_name
	.byte	3                               @ DW_AT_decl_file
	.byte	213                             @ DW_AT_decl_line
	.long	38                              @ DW_AT_type
	.byte	0                               @ End Of Children Mark
	.byte	19                              @ Abbrev [19] 0x40c:0x2e DW_TAG_subprogram
	.long	.Lfunc_begin6                   @ DW_AT_low_pc
	.long	.Lfunc_end6-.Lfunc_begin6       @ DW_AT_high_pc
	.byte	1                               @ DW_AT_frame_base
	.byte	93
	.long	.Linfo_string51                 @ DW_AT_name
	.byte	3                               @ DW_AT_decl_file
	.byte	232                             @ DW_AT_decl_line
                                        @ DW_AT_prototyped
                                        @ DW_AT_external
	.byte	14                              @ Abbrev [14] 0x41d:0xe DW_TAG_formal_parameter
	.byte	2                               @ DW_AT_location
	.byte	145
	.byte	4
	.long	.Linfo_string58                 @ DW_AT_name
	.byte	3                               @ DW_AT_decl_file
	.byte	232                             @ DW_AT_decl_line
	.long	38                              @ DW_AT_type
	.byte	14                              @ Abbrev [14] 0x42b:0xe DW_TAG_formal_parameter
	.byte	2                               @ DW_AT_location
	.byte	145
	.byte	0
	.long	.Linfo_string72                 @ DW_AT_name
	.byte	3                               @ DW_AT_decl_file
	.byte	232                             @ DW_AT_decl_line
	.long	533                             @ DW_AT_type
	.byte	0                               @ End Of Children Mark
	.byte	19                              @ Abbrev [19] 0x43a:0x20 DW_TAG_subprogram
	.long	.Lfunc_begin7                   @ DW_AT_low_pc
	.long	.Lfunc_end7-.Lfunc_begin7       @ DW_AT_high_pc
	.byte	1                               @ DW_AT_frame_base
	.byte	93
	.long	.Linfo_string52                 @ DW_AT_name
	.byte	3                               @ DW_AT_decl_file
	.byte	247                             @ DW_AT_decl_line
                                        @ DW_AT_prototyped
                                        @ DW_AT_external
	.byte	14                              @ Abbrev [14] 0x44b:0xe DW_TAG_formal_parameter
	.byte	2                               @ DW_AT_location
	.byte	145
	.byte	0
	.long	.Linfo_string58                 @ DW_AT_name
	.byte	3                               @ DW_AT_decl_file
	.byte	247                             @ DW_AT_decl_line
	.long	38                              @ DW_AT_type
	.byte	0                               @ End Of Children Mark
	.byte	20                              @ Abbrev [20] 0x45a:0x5e DW_TAG_subprogram
	.long	.Lfunc_begin8                   @ DW_AT_low_pc
	.long	.Lfunc_end8-.Lfunc_begin8       @ DW_AT_high_pc
	.byte	1                               @ DW_AT_frame_base
	.byte	93
	.long	.Linfo_string53                 @ DW_AT_name
	.byte	3                               @ DW_AT_decl_file
	.short	332                             @ DW_AT_decl_line
                                        @ DW_AT_prototyped
                                        @ DW_AT_external
	.byte	17                              @ Abbrev [17] 0x46c:0xf DW_TAG_formal_parameter
	.byte	2                               @ DW_AT_location
	.byte	145
	.byte	16
	.long	.Linfo_string58                 @ DW_AT_name
	.byte	3                               @ DW_AT_decl_file
	.short	332                             @ DW_AT_decl_line
	.long	38                              @ DW_AT_type
	.byte	17                              @ Abbrev [17] 0x47b:0xf DW_TAG_formal_parameter
	.byte	2                               @ DW_AT_location
	.byte	145
	.byte	12
	.long	.Linfo_string73                 @ DW_AT_name
	.byte	3                               @ DW_AT_decl_file
	.short	333                             @ DW_AT_decl_line
	.long	533                             @ DW_AT_type
	.byte	17                              @ Abbrev [17] 0x48a:0xf DW_TAG_formal_parameter
	.byte	2                               @ DW_AT_location
	.byte	145
	.byte	8
	.long	.Linfo_string74                 @ DW_AT_name
	.byte	3                               @ DW_AT_decl_file
	.short	334                             @ DW_AT_decl_line
	.long	533                             @ DW_AT_type
	.byte	17                              @ Abbrev [17] 0x499:0xf DW_TAG_formal_parameter
	.byte	2                               @ DW_AT_location
	.byte	145
	.byte	4
	.long	.Linfo_string75                 @ DW_AT_name
	.byte	3                               @ DW_AT_decl_file
	.short	335                             @ DW_AT_decl_line
	.long	533                             @ DW_AT_type
	.byte	18                              @ Abbrev [18] 0x4a8:0xf DW_TAG_variable
	.byte	2                               @ DW_AT_location
	.byte	145
	.byte	0
	.long	.Linfo_string76                 @ DW_AT_name
	.byte	3                               @ DW_AT_decl_file
	.short	337                             @ DW_AT_decl_line
	.long	38                              @ DW_AT_type
	.byte	0                               @ End Of Children Mark
	.byte	20                              @ Abbrev [20] 0x4b8:0x22 DW_TAG_subprogram
	.long	.Lfunc_begin9                   @ DW_AT_low_pc
	.long	.Lfunc_end9-.Lfunc_begin9       @ DW_AT_high_pc
	.byte	1                               @ DW_AT_frame_base
	.byte	93
	.long	.Linfo_string54                 @ DW_AT_name
	.byte	3                               @ DW_AT_decl_file
	.short	384                             @ DW_AT_decl_line
                                        @ DW_AT_prototyped
                                        @ DW_AT_external
	.byte	17                              @ Abbrev [17] 0x4ca:0xf DW_TAG_formal_parameter
	.byte	2                               @ DW_AT_location
	.byte	145
	.byte	0
	.long	.Linfo_string58                 @ DW_AT_name
	.byte	3                               @ DW_AT_decl_file
	.short	384                             @ DW_AT_decl_line
	.long	38                              @ DW_AT_type
	.byte	0                               @ End Of Children Mark
	.byte	20                              @ Abbrev [20] 0x4da:0x31 DW_TAG_subprogram
	.long	.Lfunc_begin10                  @ DW_AT_low_pc
	.long	.Lfunc_end10-.Lfunc_begin10     @ DW_AT_high_pc
	.byte	1                               @ DW_AT_frame_base
	.byte	93
	.long	.Linfo_string55                 @ DW_AT_name
	.byte	3                               @ DW_AT_decl_file
	.short	401                             @ DW_AT_decl_line
                                        @ DW_AT_prototyped
                                        @ DW_AT_external
	.byte	17                              @ Abbrev [17] 0x4ec:0xf DW_TAG_formal_parameter
	.byte	2                               @ DW_AT_location
	.byte	145
	.byte	4
	.long	.Linfo_string58                 @ DW_AT_name
	.byte	3                               @ DW_AT_decl_file
	.short	401                             @ DW_AT_decl_line
	.long	38                              @ DW_AT_type
	.byte	17                              @ Abbrev [17] 0x4fb:0xf DW_TAG_formal_parameter
	.byte	2                               @ DW_AT_location
	.byte	145
	.byte	0
	.long	.Linfo_string64                 @ DW_AT_name
	.byte	3                               @ DW_AT_decl_file
	.short	401                             @ DW_AT_decl_line
	.long	533                             @ DW_AT_type
	.byte	0                               @ End Of Children Mark
	.byte	20                              @ Abbrev [20] 0x50b:0x31 DW_TAG_subprogram
	.long	.Lfunc_begin11                  @ DW_AT_low_pc
	.long	.Lfunc_end11-.Lfunc_begin11     @ DW_AT_high_pc
	.byte	1                               @ DW_AT_frame_base
	.byte	93
	.long	.Linfo_string56                 @ DW_AT_name
	.byte	3                               @ DW_AT_decl_file
	.short	421                             @ DW_AT_decl_line
                                        @ DW_AT_prototyped
                                        @ DW_AT_external
	.byte	17                              @ Abbrev [17] 0x51d:0xf DW_TAG_formal_parameter
	.byte	2                               @ DW_AT_location
	.byte	145
	.byte	4
	.long	.Linfo_string58                 @ DW_AT_name
	.byte	3                               @ DW_AT_decl_file
	.short	421                             @ DW_AT_decl_line
	.long	38                              @ DW_AT_type
	.byte	17                              @ Abbrev [17] 0x52c:0xf DW_TAG_formal_parameter
	.byte	2                               @ DW_AT_location
	.byte	145
	.byte	0
	.long	.Linfo_string77                 @ DW_AT_name
	.byte	3                               @ DW_AT_decl_file
	.short	421                             @ DW_AT_decl_line
	.long	533                             @ DW_AT_type
	.byte	0                               @ End Of Children Mark
	.byte	16                              @ Abbrev [16] 0x53c:0x35 DW_TAG_subprogram
	.long	.Lfunc_begin12                  @ DW_AT_low_pc
	.long	.Lfunc_end12-.Lfunc_begin12     @ DW_AT_high_pc
	.byte	1                               @ DW_AT_frame_base
	.byte	93
	.long	.Linfo_string57                 @ DW_AT_name
	.byte	3                               @ DW_AT_decl_file
	.short	436                             @ DW_AT_decl_line
                                        @ DW_AT_prototyped
	.long	1393                            @ DW_AT_type
                                        @ DW_AT_external
	.byte	17                              @ Abbrev [17] 0x552:0xf DW_TAG_formal_parameter
	.byte	2                               @ DW_AT_location
	.byte	145
	.byte	20
	.long	.Linfo_string58                 @ DW_AT_name
	.byte	3                               @ DW_AT_decl_file
	.short	436                             @ DW_AT_decl_line
	.long	38                              @ DW_AT_type
	.byte	18                              @ Abbrev [18] 0x561:0xf DW_TAG_variable
	.byte	2                               @ DW_AT_location
	.byte	145
	.byte	16
	.long	.Linfo_string67                 @ DW_AT_name
	.byte	3                               @ DW_AT_decl_file
	.short	438                             @ DW_AT_decl_line
	.long	533                             @ DW_AT_type
	.byte	0                               @ End Of Children Mark
	.byte	7                               @ Abbrev [7] 0x571:0xb DW_TAG_typedef
	.long	1404                            @ DW_AT_type
	.long	.Linfo_string48                 @ DW_AT_name
	.byte	1                               @ DW_AT_decl_file
	.byte	58                              @ DW_AT_decl_line
	.byte	8                               @ Abbrev [8] 0x57c:0x7 DW_TAG_base_type
	.long	.Linfo_string47                 @ DW_AT_name
	.byte	5                               @ DW_AT_encoding
	.byte	4                               @ DW_AT_byte_size
	.byte	10                              @ Abbrev [10] 0x583:0xc DW_TAG_array_type
	.long	1423                            @ DW_AT_type
	.byte	11                              @ Abbrev [11] 0x588:0x6 DW_TAG_subrange_type
	.long	568                             @ DW_AT_type
	.byte	8                               @ DW_AT_count
	.byte	0                               @ End Of Children Mark
	.byte	9                               @ Abbrev [9] 0x58f:0x5 DW_TAG_const_type
	.long	533                             @ DW_AT_type
	.byte	0                               @ End Of Children Mark
.Ldebug_info_end0:
	.section	.debug_ranges,"",%progbits
.Ldebug_ranges0:
	.long	.Lfunc_begin0
	.long	.Lfunc_end0
	.long	.Lfunc_begin1
	.long	.Lfunc_end1
	.long	.Lfunc_begin2
	.long	.Lfunc_end2
	.long	.Lfunc_begin3
	.long	.Lfunc_end3
	.long	.Lfunc_begin4
	.long	.Lfunc_end4
	.long	.Lfunc_begin5
	.long	.Lfunc_end5
	.long	.Lfunc_begin6
	.long	.Lfunc_end6
	.long	.Lfunc_begin7
	.long	.Lfunc_end7
	.long	.Lfunc_begin8
	.long	.Lfunc_end8
	.long	.Lfunc_begin9
	.long	.Lfunc_end9
	.long	.Lfunc_begin10
	.long	.Lfunc_end10
	.long	.Lfunc_begin11
	.long	.Lfunc_end11
	.long	.Lfunc_begin12
	.long	.Lfunc_end12
	.long	0
	.long	0
	.section	.debug_str,"MS",%progbits,1
.Linfo_string0:
	.asciz	"Component: Arm Compiler for Embedded 6.22 Tool: armclang [5ee92100]" @ string offset=0
.Linfo_string1:
	.asciz	"../../../../../Library/StdDriver/src\\timer.c" @ string offset=68
.Linfo_string2:
	.asciz	"C:\\Users\\LogoslabMiniPC\\GitHub_Box_Windows\\logoslab\\M2354\\Old_M2354_BSP_300004\\SampleCode\\TrustZone\\Borhan-E-Voting-System\\Nonsecure\\KEIL" @ string offset=113
.Linfo_string3:
	.asciz	"CTL"                           @ string offset=251
.Linfo_string4:
	.asciz	"unsigned int"                  @ string offset=255
.Linfo_string5:
	.asciz	"uint32_t"                      @ string offset=268
.Linfo_string6:
	.asciz	"CMP"                           @ string offset=277
.Linfo_string7:
	.asciz	"INTSTS"                        @ string offset=281
.Linfo_string8:
	.asciz	"CNT"                           @ string offset=288
.Linfo_string9:
	.asciz	"CAP"                           @ string offset=292
.Linfo_string10:
	.asciz	"EXTCTL"                        @ string offset=296
.Linfo_string11:
	.asciz	"EINTSTS"                       @ string offset=303
.Linfo_string12:
	.asciz	"TRGCTL"                        @ string offset=311
.Linfo_string13:
	.asciz	"ALTCTL"                        @ string offset=318
.Linfo_string14:
	.asciz	"RESERVE0"                      @ string offset=325
.Linfo_string15:
	.asciz	"__ARRAY_SIZE_TYPE__"           @ string offset=334
.Linfo_string16:
	.asciz	"PWMCTL"                        @ string offset=354
.Linfo_string17:
	.asciz	"PWMCLKSRC"                     @ string offset=361
.Linfo_string18:
	.asciz	"PWMCLKPSC"                     @ string offset=371
.Linfo_string19:
	.asciz	"PWMCNTCLR"                     @ string offset=381
.Linfo_string20:
	.asciz	"PWMPERIOD"                     @ string offset=391
.Linfo_string21:
	.asciz	"PWMCMPDAT"                     @ string offset=401
.Linfo_string22:
	.asciz	"PWMDTCTL"                      @ string offset=411
.Linfo_string23:
	.asciz	"PWMCNT"                        @ string offset=420
.Linfo_string24:
	.asciz	"PWMMSKEN"                      @ string offset=427
.Linfo_string25:
	.asciz	"PWMMSK"                        @ string offset=436
.Linfo_string26:
	.asciz	"PWMBNF"                        @ string offset=443
.Linfo_string27:
	.asciz	"PWMFAILBRK"                    @ string offset=450
.Linfo_string28:
	.asciz	"PWMBRKCTL"                     @ string offset=461
.Linfo_string29:
	.asciz	"PWMPOLCTL"                     @ string offset=471
.Linfo_string30:
	.asciz	"PWMPOEN"                       @ string offset=481
.Linfo_string31:
	.asciz	"PWMSWBRK"                      @ string offset=489
.Linfo_string32:
	.asciz	"PWMINTEN0"                     @ string offset=498
.Linfo_string33:
	.asciz	"PWMINTEN1"                     @ string offset=508
.Linfo_string34:
	.asciz	"PWMINTSTS0"                    @ string offset=518
.Linfo_string35:
	.asciz	"PWMINTSTS1"                    @ string offset=529
.Linfo_string36:
	.asciz	"PWMTRGCTL"                     @ string offset=540
.Linfo_string37:
	.asciz	"PWMSCTL"                       @ string offset=550
.Linfo_string38:
	.asciz	"PWMSTRG"                       @ string offset=558
.Linfo_string39:
	.asciz	"PWMSTATUS"                     @ string offset=566
.Linfo_string40:
	.asciz	"PWMPBUF"                       @ string offset=576
.Linfo_string41:
	.asciz	"PWMCMPBUF"                     @ string offset=584
.Linfo_string42:
	.asciz	"TIMER_T"                       @ string offset=594
.Linfo_string43:
	.asciz	"TIMER_Open"                    @ string offset=602
.Linfo_string44:
	.asciz	"TIMER_GetModuleClock"          @ string offset=613
.Linfo_string45:
	.asciz	"TIMER_Close"                   @ string offset=634
.Linfo_string46:
	.asciz	"TIMER_Delay"                   @ string offset=646
.Linfo_string47:
	.asciz	"int"                           @ string offset=658
.Linfo_string48:
	.asciz	"int32_t"                       @ string offset=662
.Linfo_string49:
	.asciz	"TIMER_EnableCapture"           @ string offset=670
.Linfo_string50:
	.asciz	"TIMER_DisableCapture"          @ string offset=690
.Linfo_string51:
	.asciz	"TIMER_EnableEventCounter"      @ string offset=711
.Linfo_string52:
	.asciz	"TIMER_DisableEventCounter"     @ string offset=736
.Linfo_string53:
	.asciz	"TIMER_EnableFreqCounter"       @ string offset=762
.Linfo_string54:
	.asciz	"TIMER_DisableFreqCounter"      @ string offset=786
.Linfo_string55:
	.asciz	"TIMER_SetTriggerSource"        @ string offset=811
.Linfo_string56:
	.asciz	"TIMER_SetTriggerTarget"        @ string offset=834
.Linfo_string57:
	.asciz	"TIMER_ResetCounter"            @ string offset=857
.Linfo_string58:
	.asciz	"timer"                         @ string offset=876
.Linfo_string59:
	.asciz	"u32Mode"                       @ string offset=882
.Linfo_string60:
	.asciz	"u32Freq"                       @ string offset=890
.Linfo_string61:
	.asciz	"u32ClkFreq"                    @ string offset=898
.Linfo_string62:
	.asciz	"u32Cmpr"                       @ string offset=909
.Linfo_string63:
	.asciz	"u32Prescale"                   @ string offset=917
.Linfo_string64:
	.asciz	"u32Src"                        @ string offset=929
.Linfo_string65:
	.asciz	"au32Clk"                       @ string offset=936
.Linfo_string66:
	.asciz	"u32Usec"                       @ string offset=944
.Linfo_string67:
	.asciz	"u32Delay"                      @ string offset=952
.Linfo_string68:
	.asciz	"u32Cntr"                       @ string offset=961
.Linfo_string69:
	.asciz	"u32NsecPerTick"                @ string offset=969
.Linfo_string70:
	.asciz	"i"                             @ string offset=984
.Linfo_string71:
	.asciz	"u32CapMode"                    @ string offset=986
.Linfo_string72:
	.asciz	"u32Edge"                       @ string offset=997
.Linfo_string73:
	.asciz	"u32DropCount"                  @ string offset=1005
.Linfo_string74:
	.asciz	"u32Timeout"                    @ string offset=1018
.Linfo_string75:
	.asciz	"u32EnableInt"                  @ string offset=1029
.Linfo_string76:
	.asciz	"t"                             @ string offset=1042
.Linfo_string77:
	.asciz	"u32Mask"                       @ string offset=1044
	.ident	"Component: Arm Compiler for Embedded 6.22 Tool: armclang [5ee92100]"
	.section	".note.GNU-stack","",%progbits
	.eabi_attribute	30, 6	@ Tag_ABI_optimization_goals
	.ARM_attribute	6, 1	@ Tag_AV_cpp_exceptions
	.ARM_attribute	16, 1	@ Tag_AV_eba
	.section	.debug_line,"",%progbits
.Lline_table_start0:
